{"type":"FeatureCollection", "features": [
{"type":"Feature","geometry":{"type":"Polygon","coordinates":[[[135.8608,35.283],[135.8586,35.2811],[135.8585,35.2784],[135.8556,35.2766],[135.8545,35.2753],[135.8551,35.2722],[135.8525,35.269],[135.8475,35.2667],[135.8447,35.2613],[135.846,35.2584],[135.8461,35.2571],[135.8435,35.2555],[135.8424,35.2532],[135.844,35.2517],[135.8427,35.2495],[135.8402,35.2479],[135.8399,35.2439],[135.8371,35.2414],[135.8348,35.2413],[135.8352,35.2396],[135.8366,35.2391],[135.8375,35.2375],[135.8379,35.2353],[135.837,35.2315],[135.8377,35.2289],[135.8374,35.226],[135.8346,35.224],[135.8309,35.2228],[135.8293,35.2205],[135.8307,35.2182],[135.8298,35.2161],[135.8308,35.2149],[135.8325,35.2143],[135.8311,35.2104],[135.8336,35.209],[135.8355,35.2067],[135.836,35.2033],[135.8352,35.2022],[135.837,35.1998],[135.8374,35.196],[135.8388,35.194],[135.8398,35.1914],[135.8419,35.1898],[135.8423,35.1876],[135.8408,35.1859],[135.841,35.184],[135.8402,35.1822],[135.8406,35.1801],[135.8431,35.1789],[135.8432,35.1766],[135.8424,35.1739],[135.8438,35.1723],[135.8441,35.1689],[135.8457,35.1667],[135.8454,35.1654],[135.8465,35.1642],[135.8468,35.1624],[135.8503,35.1603],[135.8545,35.16],[135.8562,35.1594],[135.8569,35.1568],[135.8568,35.1536],[135.8546,35.1527],[135.8527,35.1487],[135.8526,35.1462],[135.8506,35.1445],[135.8487,35.1419],[135.8497,35.1405],[135.8495,35.139],[135.8506,35.1381],[135.8498,35.1369],[135.8502,35.1352],[135.8523,35.1343],[135.8519,35.1313],[135.8496,35.1269],[135.8493,35.1248],[135.8502,35.1233],[135.8495,35.122],[135.8498,35.1205],[135.8481,35.1189],[135.8474,35.1143],[135.845,35.1143],[135.8447,35.1124],[135.8433,35.1099],[135.8436,35.1069],[135.8429,35.1025],[135.8398,35.1003],[135.8379,35.0974],[135.8375,35.0945],[135.835,35.0913],[135.8375,35.0897],[135.8389,35.0881],[135.8398,35.0861],[135.8383,35.0823],[135.8383,35.0791],[135.8366,35.0789],[135.8363,35.0775],[135.8342,35.0761],[135.8341,35.075],[135.8319,35.0715],[135.8344,35.0678],[135.8347,35.065],[135.8358,35.0623],[135.8359,35.059],[135.8349,35.0556],[135.8334,35.0542],[135.8333,35.053],[135.8316,35.0526],[135.827,35.0539],[135.8211,35.0494],[135.8191,35.0492],[135.8159,35.0474],[135.8148,35.0448],[135.8162,35.0436],[135.8154,35.0422],[135.8172,35.0399],[135.8192,35.0388],[135.8217,35.0361],[135.8246,35.0356],[135.8256,35.032],[135.8275,35.0307],[135.8281,35.0284],[135.8264,35.0236],[135.8274,35.0221],[135.83,35.0214],[135.8345,35.0221],[135.8352,35.0184],[135.8347,35.0174],[135.8359,35.0144],[135.8355,35.0123],[135.8317,35.0117],[135.8249,35.0124],[135.8244,35.0131],[135.8221,35.0135],[135.8202,35.013],[135.8225,35.0119],[135.8241,35.0088],[135.8268,35.0084],[135.8305,35.0098],[135.8327,35.0094],[135.8341,35.0045],[135.8356,35.0031],[135.8366,35.0012],[135.8355,34.9993],[135.8326,34.9991],[135.8306,34.9961],[135.829,34.9948],[135.8294,34.9936],[135.8275,34.9911],[135.8348,34.9908],[135.8402,34.99],[135.8423,34.9899],[135.8493,34.9917],[135.8501,34.99],[135.8491,34.9872],[135.8491,34.9848],[135.8509,34.9841],[135.855,34.9847],[135.8567,34.9825],[135.8568,34.98],[135.8541,34.9766],[135.8548,34.975],[135.8529,34.9733],[135.8523,34.9713],[135.8556,34.9699],[135.8564,34.9685],[135.8561,34.9671],[135.8589,34.9649],[135.86,34.9631],[135.8612,34.9629],[135.8634,34.9601],[135.8635,34.9584],[135.8649,34.9572],[135.8683,34.9565],[135.8693,34.9568],[135.8709,34.9554],[135.8734,34.9553],[135.8754,34.9537],[135.8757,34.9506],[135.8784,34.9474],[135.8788,34.9469],[135.8767,34.9446],[135.876,34.9432],[135.8771,34.9412],[135.8767,34.9403],[135.8785,34.9379],[135.8784,34.9369],[135.8799,34.9345],[135.8775,34.9327],[135.8759,34.9307],[135.8749,34.9304],[135.8729,34.9282],[135.8726,34.9269],[135.8707,34.926],[135.8719,34.9239],[135.8704,34.9228],[135.8702,34.9213],[135.8691,34.9202],[135.8694,34.9163],[135.8712,34.9151],[135.8715,34.9119],[135.8712,34.9099],[135.8697,34.9078],[135.8674,34.907],[135.8631,34.9037],[135.8633,34.9025],[135.8658,34.8995],[135.8673,34.8969],[135.8675,34.8933],[135.8666,34.8921],[135.869,34.8911],[135.8724,34.8887],[135.8744,34.8889],[135.8759,34.8863],[135.878,34.8866],[135.8785,34.8854],[135.8814,34.8837],[135.8842,34.8845],[135.8869,34.8832],[135.8887,34.8813],[135.8884,34.8797],[135.8855,34.8782],[135.885,34.8756],[135.8887,34.8755],[135.8959,34.8731],[135.8973,34.8713],[135.8997,34.8714],[135.9042,34.8738],[135.9073,34.874],[135.9067,34.8753],[135.9095,34.8769],[135.9099,34.8804],[135.9115,34.8816],[135.9127,34.8835],[135.9154,34.8834],[135.9188,34.8848],[135.9236,34.8838],[135.924,34.8849],[135.9278,34.8869],[135.9287,34.8881],[135.9308,34.8886],[135.9329,34.8878],[135.9347,34.8892],[135.936,34.8916],[135.9389,34.8931],[135.9403,34.8924],[135.9396,34.8885],[135.9404,34.888],[135.9412,34.8847],[135.9401,34.8803],[135.9432,34.8782],[135.9472,34.8777],[135.9496,34.8796],[135.9534,34.8787],[135.9554,34.8806],[135.9586,34.8808],[135.9618,34.88],[135.9643,34.88],[135.9664,34.8831],[135.9669,34.8856],[135.9675,34.8912],[135.9718,34.8937],[135.9747,34.8917],[135.9748,34.8885],[135.9806,34.8898],[135.9835,34.8891],[135.9875,34.8898],[135.9889,34.8924],[135.9873,34.8938],[135.9875,34.8964],[135.9869,34.8976],[135.9891,34.8998],[135.9917,34.9009],[135.9929,34.9054],[135.9927,34.9087],[135.9934,34.9095],[135.996,34.9086],[135.9994,34.9093],[135.9998,34.911],[136.0017,34.9121],[136.0028,34.9144],[136.0079,34.9181],[136.0098,34.92],[136.0116,34.9202],[136.0134,34.9185],[136.0155,34.9175],[136.0183,34.9178],[136.0195,34.9167],[136.0213,34.9176],[136.0234,34.9215],[136.0266,34.9223],[136.0289,34.9222],[136.0317,34.9228],[136.0331,34.9222],[136.0355,34.9239],[136.0384,34.9215],[136.0404,34.9222],[136.0418,34.9235],[136.0427,34.9264],[136.0424,34.9305],[136.0404,34.9314],[136.0397,34.9329],[136.0377,34.9334],[136.0352,34.9365],[136.0331,34.9382],[136.0351,34.9401],[136.0396,34.9423],[136.0411,34.9453],[136.0401,34.9474],[136.0402,34.9497],[136.0413,34.9511],[136.0418,34.9545],[136.0408,34.9556],[136.0416,34.9585],[136.0431,34.9603],[136.0414,34.9612],[136.0408,34.9598],[136.0406,34.9572],[136.0398,34.9555],[136.0412,34.9531],[136.0395,34.9497],[136.0403,34.945],[136.0377,34.943],[136.0347,34.9433],[136.0336,34.9414],[136.03,34.9397],[136.0279,34.9399],[136.0261,34.9417],[136.0211,34.943],[136.0199,34.9439],[136.0169,34.9438],[136.0145,34.9479],[136.0114,34.9511],[136.0101,34.9546],[136.0065,34.9556],[136.0036,34.9568],[136.0023,34.9581],[136.001,34.9609],[136.0058,34.9612],[136.0076,34.9626],[136.0093,34.9631],[136.0127,34.9623],[136.014,34.9626],[136.0139,34.9659],[136.0116,34.97],[136.0107,34.9703],[136.0113,34.9724],[136.0103,34.9755],[136.0079,34.9785],[136.0041,34.9801],[136.0023,34.9787],[135.9988,34.9769],[135.9967,34.9779],[135.995,34.9779],[135.993,34.979],[135.9939,34.9804],[135.9894,34.98],[135.9873,34.9781],[135.9837,34.9785],[135.9815,34.9798],[135.9779,34.9801],[135.9775,34.9817],[135.9792,34.9834],[135.9762,34.9849],[135.9737,34.985],[135.9724,34.9844],[135.967,34.9831],[135.9672,34.982],[135.9658,34.9802],[135.9663,34.9793],[135.9654,34.9758],[135.963,34.9764],[135.9602,34.9747],[135.9605,34.973],[135.9583,34.9725],[135.9549,34.9738],[135.9534,34.9717],[135.9501,34.9722],[135.9491,34.9753],[135.9465,34.981],[135.9439,34.984],[135.9431,34.9864],[135.9397,34.9885],[135.9415,34.9908],[135.9398,34.9924],[135.9349,34.9943],[135.9335,34.9952],[135.9303,34.9964],[135.9291,34.996],[135.93,34.9942],[135.9268,34.9951],[135.9251,34.9948],[135.9189,34.9963],[135.9172,34.9963],[135.9088,34.9954],[135.9029,34.9924],[135.9006,34.9974],[135.9013,35.0024],[135.8982,35.0125],[135.8937,35.0224],[135.8912,35.0235],[135.8879,35.0324],[135.888,35.0353],[135.8922,35.0446],[135.8981,35.0527],[135.9063,35.0631],[135.9074,35.0641],[135.9115,35.0697],[135.9147,35.0794],[135.9232,35.0881],[135.9314,35.1095],[135.9356,35.1155],[135.9352,35.1212],[135.9384,35.1262],[135.9403,35.1375],[135.9593,35.1472],[135.9726,35.181],[135.9824,35.1866],[135.9958,35.1902],[136.0108,35.2249],[136.0163,35.2313],[135.9937,35.2644],[135.9911,35.2671],[135.988,35.267],[135.9858,35.2699],[135.9835,35.2723],[135.9803,35.2719],[135.9768,35.2723],[135.9753,35.2735],[135.9718,35.2746],[135.9681,35.275],[135.9653,35.2747],[135.9618,35.2764],[135.9565,35.2776],[135.955,35.2756],[135.9528,35.2754],[135.9487,35.2742],[135.9442,35.2671],[135.9406,35.2672],[135.9387,35.2646],[135.9381,35.2619],[135.937,35.2605],[135.9322,35.261],[135.9299,35.2589],[135.9279,35.2583],[135.9253,35.2597],[135.9213,35.2598],[135.919,35.2606],[135.9171,35.264],[135.9156,35.2646],[135.9125,35.2647],[135.9103,35.2641],[135.9092,35.265],[135.9082,35.2675],[135.9045,35.271],[135.9061,35.2751],[135.9046,35.2762],[135.9031,35.276],[135.8998,35.2776],[135.8971,35.2782],[135.8952,35.28],[135.8927,35.2804],[135.8875,35.2836],[135.8841,35.284],[135.883,35.2846],[135.8808,35.2838],[135.8788,35.2839],[135.8757,35.2831],[135.8742,35.2817],[135.8697,35.282],[135.866,35.2802],[135.8623,35.2816],[135.8608,35.283]]]},"properties":{"prefectureCode":"25","prefectureName":"滋賀県","municipalityName":"大津市","municipalityCode":"25201"}},
{"type":"Feature","geometry":{"type":"Polygon","coordinates":[[[136.0852,35.2518],[136.1121,35.2164],[136.1161,35.2145],[136.1213,35.2128],[136.123,35.2126],[136.1296,35.2131],[136.1336,35.2126],[136.136,35.2114],[136.1397,35.2072],[136.1426,35.2065],[136.1486,35.2066],[136.1542,35.2055],[136.1612,35.2058],[136.1637,35.2056],[136.167,35.2044],[136.1689,35.2033],[136.1713,35.2011],[136.1757,35.1965],[136.1809,35.1935],[136.1916,35.1902],[136.1928,35.1913],[136.1917,35.1925],[136.1936,35.1949],[136.1929,35.1975],[136.1952,35.1986],[136.2004,35.1949],[136.2024,35.1957],[136.2053,35.1991],[136.2128,35.1951],[136.2161,35.1936],[136.216,35.195],[136.2135,35.1971],[136.2169,35.2011],[136.2169,35.2029],[136.2198,35.2064],[136.2225,35.2051],[136.2231,35.2059],[136.2212,35.207],[136.2239,35.2122],[136.2217,35.2133],[136.2258,35.2186],[136.2268,35.2177],[136.2291,35.2176],[136.23,35.2164],[136.2372,35.2123],[136.2376,35.2128],[136.2413,35.2177],[136.2446,35.2155],[136.2467,35.2178],[136.2486,35.2182],[136.2507,35.2171],[136.253,35.2203],[136.2506,35.2241],[136.2503,35.226],[136.2521,35.2273],[136.2544,35.2255],[136.2546,35.228],[136.2561,35.2299],[136.2577,35.2284],[136.2588,35.2296],[136.2615,35.2305],[136.2673,35.2275],[136.2666,35.2266],[136.2687,35.2256],[136.27,35.2265],[136.2722,35.226],[136.275,35.2295],[136.2713,35.2315],[136.2699,35.2326],[136.2721,35.2356],[136.2714,35.236],[136.2746,35.2403],[136.2768,35.2395],[136.2794,35.2424],[136.2817,35.2404],[136.2853,35.2404],[136.2881,35.2415],[136.289,35.244],[136.2922,35.246],[136.2945,35.2466],[136.2969,35.2491],[136.2972,35.2508],[136.2968,35.2532],[136.3006,35.2572],[136.3041,35.2556],[136.3045,35.2569],[136.3076,35.2576],[136.3119,35.2613],[136.3137,35.2624],[136.3138,35.2636],[136.3166,35.2656],[136.3201,35.2661],[136.3211,35.2677],[136.3253,35.2673],[136.3295,35.2653],[136.3353,35.2651],[136.3364,35.264],[136.3387,35.264],[136.3414,35.2657],[136.3432,35.2674],[136.3454,35.2686],[136.348,35.2692],[136.3504,35.2681],[136.3516,35.2696],[136.3515,35.2741],[136.3499,35.2754],[136.3498,35.2773],[136.3486,35.2792],[136.3483,35.2814],[136.3462,35.2863],[136.3431,35.287],[136.3402,35.2896],[136.3359,35.29],[136.3337,35.2912],[136.3314,35.2918],[136.3303,35.2953],[136.329,35.2958],[136.3288,35.2978],[136.3268,35.297],[136.3261,35.2957],[136.3285,35.2916],[136.3264,35.2906],[136.325,35.2881],[136.3256,35.2839],[136.3232,35.2799],[136.3189,35.2809],[136.3187,35.2849],[136.3173,35.286],[136.3174,35.2888],[136.3137,35.293],[136.3115,35.2934],[136.3095,35.2944],[136.3054,35.2941],[136.3026,35.2958],[136.3008,35.299],[136.3013,35.3017],[136.2982,35.2991],[136.2948,35.3007],[136.2944,35.2995],[136.2915,35.2994],[136.2882,35.3016],[136.2865,35.2992],[136.2862,35.2971],[136.2797,35.2971],[136.2795,35.2963],[136.2699,35.2968],[136.2688,35.2959],[136.2686,35.2942],[136.265,35.2951],[136.2623,35.294],[136.2606,35.2945],[136.2587,35.2983],[136.2585,35.2995],[136.257,35.3004],[136.2441,35.2956],[136.216,35.3037],[136.2133,35.3323],[136.2098,35.3387],[136.1485,35.356],[136.1458,35.3499],[136.1487,35.3167],[136.1528,35.2687],[136.1222,35.2559],[136.1182,35.2556],[136.0837,35.2589],[136.0852,35.2518]]]},"properties":{"prefectureCode":"25","prefectureName":"滋賀県","municipalityName":"彦根市","municipalityCode":"25202"}},
{"type":"Feature","geometry":{"type":"Polygon","coordinates":[[[136.2098,35.3387],[136.2257,35.3479],[136.243,35.3497],[136.2504,35.3527],[136.2775,35.3508],[136.2797,35.351],[136.2895,35.3533],[136.2964,35.3546],[136.2981,35.3503],[136.3058,35.3522],[136.3069,35.3488],[136.3102,35.3465],[136.3101,35.3444],[136.3111,35.3426],[136.3126,35.3426],[136.3167,35.3441],[136.3176,35.3459],[136.321,35.3461],[136.3218,35.3454],[136.325,35.3471],[136.326,35.3516],[136.3255,35.3541],[136.3265,35.3592],[136.3283,35.3607],[136.3293,35.365],[136.331,35.3657],[136.3326,35.3673],[136.3341,35.3677],[136.3336,35.3699],[136.3339,35.372],[136.3375,35.3792],[136.336,35.3847],[136.3352,35.3858],[136.3357,35.3911],[136.3342,35.3926],[136.3336,35.3964],[136.3323,35.3972],[136.3321,35.3997],[136.333,35.4019],[136.3331,35.4038],[136.337,35.4054],[136.3377,35.4043],[136.3409,35.4026],[136.3459,35.4019],[136.3508,35.4003],[136.354,35.4002],[136.3567,35.4007],[136.3597,35.4047],[136.3596,35.4082],[136.362,35.4113],[136.3616,35.4135],[136.3628,35.4152],[136.3626,35.4166],[136.3602,35.4196],[136.3603,35.4213],[136.3577,35.4232],[136.3571,35.4245],[136.3572,35.4272],[136.3563,35.4293],[136.357,35.4298],[136.3587,35.4342],[136.3565,35.437],[136.355,35.4404],[136.3497,35.4469],[136.3508,35.4483],[136.3504,35.4512],[136.3482,35.4546],[136.3461,35.4549],[136.3454,35.456],[136.3455,35.4582],[136.3432,35.4594],[136.3426,35.4614],[136.3441,35.464],[136.3395,35.4655],[136.3393,35.4668],[136.3331,35.4687],[136.3329,35.4709],[136.3345,35.4726],[136.3363,35.4736],[136.3384,35.4769],[136.3369,35.4797],[136.3348,35.4825],[136.335,35.4846],[136.3361,35.4852],[136.3371,35.4877],[136.3367,35.4904],[136.3374,35.4921],[136.3366,35.4937],[136.3374,35.4964],[136.3403,35.498],[136.34,35.4992],[136.3413,35.5016],[136.3428,35.5032],[136.3424,35.5056],[136.3437,35.5097],[136.3428,35.5121],[136.3431,35.516],[136.3462,35.5178],[136.3463,35.5204],[136.3477,35.5235],[136.3468,35.5264],[136.3472,35.5282],[136.3461,35.5287],[136.3464,35.5322],[136.3456,35.5333],[136.3459,35.5361],[136.3432,35.5376],[136.3409,35.5373],[136.3395,35.5404],[136.3413,35.5429],[136.34,35.5438],[136.3388,35.5486],[136.3373,35.5503],[136.3336,35.5501],[136.3298,35.551],[136.3255,35.5488],[136.326,35.5472],[136.3255,35.5457],[136.3221,35.5443],[136.3175,35.5474],[136.3165,35.5497],[136.3174,35.5525],[136.3163,35.5559],[136.3183,35.5623],[136.3189,35.5656],[136.3228,35.57],[136.3219,35.572],[136.3232,35.5746],[136.3227,35.5779],[136.3232,35.579],[136.3221,35.5812],[136.3228,35.5831],[136.3242,35.5836],[136.3242,35.5851],[136.3223,35.5877],[136.3221,35.5892],[136.3227,35.5932],[136.3215,35.5938],[136.3217,35.5983],[136.3191,35.6038],[136.3179,35.6047],[136.315,35.6057],[136.3176,35.6077],[136.3205,35.6107],[136.3216,35.6132],[136.3237,35.6165],[136.3217,35.6187],[136.3204,35.6193],[136.3186,35.6213],[136.3165,35.6215],[136.3156,35.6234],[136.3118,35.6228],[136.3101,35.6233],[136.3065,35.6223],[136.3036,35.6203],[136.2982,35.6175],[136.2963,35.6181],[136.2945,35.6179],[136.2886,35.6206],[136.2872,35.6243],[136.2874,35.6279],[136.2862,35.6294],[136.2838,35.6313],[136.2825,35.6345],[136.2792,35.6367],[136.279,35.6384],[136.2798,35.6398],[136.2817,35.6403],[136.2828,35.6417],[136.2831,35.6437],[136.2816,35.6475],[136.2766,35.6515],[136.2763,35.6538],[136.2771,35.6556],[136.2798,35.6583],[136.2805,35.6613],[136.2778,35.6634],[136.2743,35.6653],[136.2718,35.6655],[136.2694,35.6687],[136.264,35.6711],[136.2601,35.6718],[136.2575,35.6713],[136.2545,35.6738],[136.2519,35.6749],[136.2504,35.6762],[136.2467,35.6753],[136.2446,35.6738],[136.243,35.6756],[136.2406,35.6769],[136.2358,35.6809],[136.2344,35.6825],[136.2311,35.6827],[136.2277,35.6805],[136.2259,35.6805],[136.2235,35.6815],[136.2224,35.6831],[136.2203,35.6834],[136.2195,35.6844],[136.2163,35.6844],[136.2118,35.6824],[136.2105,35.6845],[136.2105,35.6858],[136.208,35.6877],[136.2042,35.6868],[136.2023,35.6875],[136.2015,35.6895],[136.1985,35.6896],[136.1968,35.6921],[136.1955,35.6968],[136.1931,35.7008],[136.1919,35.7007],[136.1913,35.7024],[136.1894,35.7023],[136.1853,35.7037],[136.1834,35.7036],[136.1817,35.7019],[136.1784,35.7018],[136.1771,35.7028],[136.1746,35.7037],[136.1716,35.7017],[136.1701,35.7015],[136.1684,35.7028],[136.1668,35.7022],[136.166,35.6994],[136.166,35.6973],[136.1648,35.6963],[136.1618,35.6964],[136.1614,35.6977],[136.1585,35.699],[136.1568,35.7004],[136.1544,35.699],[136.1514,35.6984],[136.1498,35.6954],[136.1503,35.694],[136.1503,35.6911],[136.1492,35.69],[136.1481,35.6873],[136.146,35.6865],[136.1453,35.6847],[136.1435,35.683],[136.1423,35.679],[136.1396,35.678],[136.1398,35.677],[136.138,35.6751],[136.1379,35.6733],[136.1366,35.6727],[136.1345,35.6698],[136.135,35.6675],[136.1375,35.6651],[136.1393,35.6649],[136.1406,35.6638],[136.1437,35.6638],[136.1478,35.6625],[136.1504,35.6589],[136.1513,35.6556],[136.1501,35.6545],[136.1513,35.653],[136.1509,35.6516],[136.1525,35.6507],[136.1514,35.6497],[136.1515,35.6483],[136.1531,35.6461],[136.1543,35.6461],[136.1542,35.6436],[136.1554,35.6418],[136.1573,35.6413],[136.1586,35.6376],[136.1583,35.6357],[136.1598,35.635],[136.1595,35.6309],[136.1587,35.63],[136.1602,35.6273],[136.1599,35.6252],[136.1626,35.6239],[136.1643,35.6212],[136.1643,35.62],[136.1669,35.6186],[136.1687,35.6142],[136.1704,35.6124],[136.1708,35.6087],[136.1744,35.6036],[136.1744,35.6024],[136.1761,35.599],[136.1775,35.595],[136.1759,35.5937],[136.1751,35.592],[136.1732,35.5907],[136.1724,35.5883],[136.171,35.5868],[136.1684,35.5849],[136.1665,35.5827],[136.1678,35.5803],[136.1685,35.5775],[136.1706,35.5755],[136.1695,35.5739],[136.1703,35.5711],[136.1692,35.568],[136.1699,35.5663],[136.169,35.5655],[136.1669,35.5654],[136.1639,35.5695],[136.1632,35.5711],[136.1599,35.5719],[136.1576,35.5712],[136.1548,35.5715],[136.1539,35.5725],[136.1509,35.5729],[136.1496,35.5714],[136.1472,35.572],[136.1464,35.5708],[136.1433,35.5711],[136.1417,35.5739],[136.1387,35.5757],[136.136,35.5758],[136.1328,35.5745],[136.129,35.5753],[136.1264,35.5755],[136.1233,35.5763],[136.1216,35.5762],[136.1184,35.5771],[136.1168,35.5788],[136.1173,35.5808],[136.1155,35.5829],[136.113,35.582],[136.1122,35.5798],[136.1121,35.5767],[136.1129,35.5752],[136.1126,35.5734],[136.1099,35.5691],[136.1079,35.5683],[136.1089,35.5672],[136.1107,35.5633],[136.1101,35.5593],[136.1075,35.5574],[136.1054,35.5554],[136.1091,35.5497],[136.1079,35.5475],[136.1094,35.5451],[136.1091,35.5426],[136.108,35.5401],[136.1061,35.5386],[136.106,35.5369],[136.1068,35.5348],[136.1061,35.533],[136.1072,35.5304],[136.1056,35.5288],[136.1045,35.5252],[136.1046,35.5216],[136.1037,35.521],[136.104,35.5176],[136.1051,35.515],[136.1041,35.5129],[136.103,35.5131],[136.1013,35.5107],[136.1005,35.5055],[136.0991,35.5041],[136.0997,35.5026],[136.0986,35.5001],[136.0999,35.4984],[136.1002,35.4938],[136.1012,35.4903],[136.1008,35.4873],[136.0995,35.4832],[136.1001,35.4819],[136.0996,35.48],[136.0962,35.4784],[136.0961,35.4765],[136.0971,35.4747],[136.0948,35.4733],[136.0954,35.4694],[136.0926,35.4677],[136.0917,35.4653],[136.0943,35.4614],[136.0961,35.4614],[136.1016,35.4606],[136.1029,35.4597],[136.1057,35.459],[136.1158,35.4546],[136.1179,35.4381],[136.1164,35.4327],[136.0947,35.4101],[136.0983,35.3928],[136.1451,35.3576],[136.1485,35.356],[136.2098,35.3387]]]},"properties":{"prefectureCode":"25","prefectureName":"滋賀県","municipalityName":"長浜市","municipalityCode":"25203"}},
{"type":"Feature","geometry":{"type":"Polygon","coordinates":[[[135.9958,35.1902],[136.0011,35.1862],[136.0036,35.1546],[136.008,35.1409],[136.0137,35.1379],[136.0171,35.1369],[136.0181,35.1378],[136.0198,35.1368],[136.0206,35.1376],[136.0226,35.1363],[136.025,35.1359],[136.0263,35.1336],[136.0271,35.1304],[136.0285,35.131],[136.0305,35.1298],[136.0288,35.1284],[136.0288,35.1269],[136.0317,35.1259],[136.0322,35.1246],[136.0305,35.1212],[136.0314,35.1179],[136.0332,35.1144],[136.038,35.1121],[136.0407,35.1102],[136.0428,35.1097],[136.046,35.1106],[136.0487,35.1104],[136.0536,35.1079],[136.0573,35.1056],[136.0629,35.105],[136.0647,35.1051],[136.0665,35.1063],[136.0697,35.1013],[136.0696,35.0988],[136.0718,35.0975],[136.073,35.0955],[136.077,35.0924],[136.078,35.092],[136.079,35.0932],[136.0816,35.0923],[136.0838,35.0938],[136.0844,35.095],[136.0862,35.0952],[136.0872,35.0972],[136.091,35.097],[136.094,35.0964],[136.0976,35.0971],[136.099,35.097],[136.1005,35.0954],[136.1019,35.0913],[136.1032,35.0889],[136.1058,35.0897],[136.1071,35.0918],[136.1085,35.0923],[136.1102,35.0916],[136.1144,35.0876],[136.1164,35.0879],[136.1189,35.0912],[136.1212,35.0918],[136.1226,35.0916],[136.1287,35.087],[136.1292,35.0852],[136.1313,35.0843],[136.1333,35.0846],[136.1347,35.0838],[136.1351,35.0822],[136.1335,35.0797],[136.1339,35.0771],[136.136,35.0748],[136.1387,35.0739],[136.1425,35.0758],[136.1458,35.0764],[136.1453,35.0778],[136.141,35.0805],[136.1402,35.0829],[136.1408,35.0852],[136.1394,35.0869],[136.1359,35.0877],[136.1337,35.0895],[136.1336,35.0904],[136.1255,35.0957],[136.1261,35.0975],[136.1273,35.0976],[136.1259,35.0999],[136.1255,35.1025],[136.127,35.1028],[136.1296,35.105],[136.1316,35.105],[136.1334,35.1058],[136.1346,35.105],[136.1366,35.1052],[136.1399,35.1047],[136.1409,35.1054],[136.1396,35.1097],[136.1419,35.1095],[136.1438,35.1102],[136.1463,35.1101],[136.1468,35.112],[136.15,35.1104],[136.151,35.1087],[136.154,35.1075],[136.1564,35.1077],[136.16,35.1067],[136.1632,35.1049],[136.1641,35.1056],[136.1637,35.1079],[136.1643,35.1096],[136.1664,35.1101],[136.167,35.1092],[136.1698,35.1109],[136.1687,35.1145],[136.1699,35.1182],[136.1735,35.1199],[136.1762,35.1231],[136.1804,35.1247],[136.1822,35.1247],[136.183,35.1256],[136.1818,35.1288],[136.179,35.1289],[136.1758,35.1305],[136.1719,35.1348],[136.1733,35.1378],[136.1717,35.1388],[136.1718,35.141],[136.1691,35.143],[136.1683,35.1443],[136.162,35.1457],[136.1595,35.1474],[136.1594,35.1488],[136.1566,35.1495],[136.1541,35.1518],[136.1516,35.1531],[136.1466,35.1533],[136.1441,35.1543],[136.1407,35.1551],[136.1396,35.158],[136.14,35.1608],[136.1377,35.1629],[136.1365,35.1648],[136.1305,35.1719],[136.1334,35.1732],[136.1357,35.1737],[136.1351,35.1757],[136.1318,35.1752],[136.1297,35.1833],[136.1246,35.1824],[136.1234,35.187],[136.1124,35.1852],[136.1113,35.1899],[136.1059,35.189],[136.1041,35.1961],[136.1,35.1954],[136.0996,35.1967],[136.1019,35.1989],[136.099,35.2082],[136.0995,35.2097],[136.0905,35.2217],[136.0852,35.2518],[136.0837,35.2589],[136.0789,35.2609],[136.0712,35.2595],[136.0269,35.2393],[136.0163,35.2313],[136.0108,35.2249],[135.9958,35.1902]]]},"properties":{"prefectureCode":"25","prefectureName":"滋賀県","municipalityName":"近江八幡市","municipalityCode":"25204"}},
{"type":"Feature","geometry":{"type":"Polygon","coordinates":[[[135.9894,34.98],[135.99,34.9826],[135.9914,34.9831],[135.9913,34.985],[135.9894,34.9872],[135.9903,34.9891],[135.9904,34.9911],[135.9943,34.9888],[135.9963,34.9893],[135.9963,34.9929],[135.9992,34.9969],[135.9959,35.0001],[135.9952,35.0015],[135.992,35.0033],[135.992,35.0053],[135.9901,35.008],[135.9862,35.0097],[135.9841,35.0099],[135.9825,35.0089],[135.9791,35.0113],[135.9759,35.0124],[135.9705,35.0156],[135.9726,35.0184],[135.9697,35.0198],[135.9702,35.0207],[135.9684,35.0218],[135.9704,35.0242],[135.9689,35.0257],[135.9718,35.0295],[135.9705,35.0302],[135.9725,35.0314],[135.9677,35.0337],[135.9623,35.0367],[135.961,35.0377],[135.965,35.0426],[135.9587,35.0458],[135.9586,35.0475],[135.96,35.0491],[135.9611,35.0486],[135.9628,35.0507],[135.9644,35.053],[135.9641,35.054],[135.9616,35.0551],[135.9601,35.0571],[135.9608,35.0589],[135.9581,35.0602],[135.9559,35.0603],[135.9521,35.0614],[135.9501,35.0615],[135.9482,35.0634],[135.9475,35.0664],[135.9476,35.0683],[135.9455,35.0729],[135.9444,35.0741],[135.9448,35.0775],[135.9409,35.0808],[135.9232,35.0881],[135.9147,35.0794],[135.9115,35.0697],[135.9074,35.0641],[135.9063,35.0631],[135.8981,35.0527],[135.8922,35.0446],[135.888,35.0353],[135.8879,35.0324],[135.8912,35.0235],[135.8937,35.0224],[135.8982,35.0125],[135.9013,35.0024],[135.9006,34.9974],[135.9029,34.9924],[135.9088,34.9954],[135.9172,34.9963],[135.9189,34.9963],[135.9251,34.9948],[135.9268,34.9951],[135.93,34.9942],[135.9291,34.996],[135.9303,34.9964],[135.9335,34.9952],[135.9349,34.9943],[135.9398,34.9924],[135.9415,34.9908],[135.9397,34.9885],[135.9431,34.9864],[135.9439,34.984],[135.9465,34.981],[135.9491,34.9753],[135.9501,34.9722],[135.9534,34.9717],[135.9549,34.9738],[135.9583,34.9725],[135.9605,34.973],[135.9602,34.9747],[135.963,34.9764],[135.9654,34.9758],[135.9663,34.9793],[135.9658,34.9802],[135.9672,34.982],[135.967,34.9831],[135.9724,34.9844],[135.9737,34.985],[135.9762,34.9849],[135.9792,34.9834],[135.9775,34.9817],[135.9779,34.9801],[135.9815,34.9798],[135.9837,34.9785],[135.9873,34.9781],[135.9894,34.98]]]},"properties":{"prefectureCode":"25","prefectureName":"滋賀県","municipalityName":"草津市","municipalityCode":"25206"}},
{"type":"Feature","geometry":{"type":"Polygon","coordinates":[[[135.9232,35.0881],[135.9409,35.0808],[135.9448,35.0775],[135.9444,35.0741],[135.9455,35.0729],[135.9476,35.0683],[135.9475,35.0664],[135.9482,35.0634],[135.9501,35.0615],[135.9521,35.0614],[135.9559,35.0603],[135.9581,35.0602],[135.9608,35.0589],[135.9601,35.0571],[135.9616,35.0551],[135.9641,35.054],[135.9644,35.053],[135.9628,35.0507],[135.9748,35.0445],[135.976,35.046],[135.9822,35.0426],[135.9812,35.0413],[135.9852,35.0385],[135.9867,35.0379],[135.9881,35.0397],[135.9932,35.0369],[135.9949,35.0369],[136.0004,35.0434],[136.0035,35.0477],[136.0046,35.0477],[136.0072,35.0499],[136.0115,35.0476],[136.016,35.0507],[136.0136,35.0536],[136.0077,35.0593],[136.0043,35.0587],[135.9969,35.063],[135.9967,35.0644],[135.9981,35.0647],[136.0016,35.0689],[136.0072,35.0702],[136.0097,35.0759],[136.0102,35.078],[136.0101,35.0816],[136.0087,35.0852],[136.0097,35.0863],[136.0064,35.088],[136.0052,35.0881],[136.0033,35.0899],[136.0016,35.0904],[136.0037,35.0927],[136.0032,35.0961],[136.0041,35.0972],[136.0039,35.101],[136.0029,35.1037],[136.0004,35.1066],[135.9997,35.1093],[135.9978,35.1103],[135.9947,35.1103],[135.9935,35.1091],[135.9914,35.1107],[135.9933,35.1121],[135.9941,35.1156],[135.9936,35.1177],[135.9923,35.1174],[135.9897,35.1185],[135.9886,35.1202],[135.985,35.1202],[135.985,35.1221],[135.9819,35.1221],[135.9813,35.1228],[135.9676,35.1309],[135.9593,35.1472],[135.9403,35.1375],[135.9384,35.1262],[135.9352,35.1212],[135.9356,35.1155],[135.9314,35.1095],[135.9232,35.0881]]]},"properties":{"prefectureCode":"25","prefectureName":"滋賀県","municipalityName":"守山市","municipalityCode":"25207"}},
{"type":"Feature","geometry":{"type":"Polygon","coordinates":[[[136.0411,34.9453],[136.0443,34.9455],[136.0462,34.9465],[136.0451,34.9502],[136.0473,34.952],[136.0472,34.954],[136.049,34.9568],[136.0488,34.9584],[136.0513,34.9604],[136.0551,34.9604],[136.0581,34.9621],[136.0582,34.9631],[136.0612,34.9642],[136.0611,34.9663],[136.0583,34.9681],[136.0558,34.9715],[136.053,34.9742],[136.0531,34.9761],[136.0506,34.9769],[136.0489,34.9803],[136.0463,34.9812],[136.0444,34.9849],[136.0424,34.9858],[136.0426,34.9875],[136.0448,34.9908],[136.0443,34.9918],[136.0464,34.9948],[136.0453,34.9965],[136.0403,34.9966],[136.0385,34.9982],[136.0393,35.0009],[136.0389,35.0027],[136.0373,35.005],[136.0396,35.0074],[136.0371,35.0097],[136.0363,35.0119],[136.0375,35.0163],[136.039,35.0168],[136.0397,35.0184],[136.0366,35.0213],[136.0375,35.0253],[136.0389,35.0262],[136.0333,35.0289],[136.0307,35.0305],[136.027,35.0344],[136.0213,35.0431],[136.016,35.0507],[136.0115,35.0476],[136.0072,35.0499],[136.0046,35.0477],[136.0035,35.0477],[136.0004,35.0434],[135.9949,35.0369],[135.9932,35.0369],[135.9881,35.0397],[135.9867,35.0379],[135.9852,35.0385],[135.9812,35.0413],[135.9822,35.0426],[135.976,35.046],[135.9748,35.0445],[135.9628,35.0507],[135.9611,35.0486],[135.96,35.0491],[135.9586,35.0475],[135.9587,35.0458],[135.965,35.0426],[135.961,35.0377],[135.9623,35.0367],[135.9677,35.0337],[135.9725,35.0314],[135.9705,35.0302],[135.9718,35.0295],[135.9689,35.0257],[135.9704,35.0242],[135.9684,35.0218],[135.9702,35.0207],[135.9697,35.0198],[135.9726,35.0184],[135.9705,35.0156],[135.9759,35.0124],[135.9791,35.0113],[135.9825,35.0089],[135.9841,35.0099],[135.9862,35.0097],[135.9901,35.008],[135.992,35.0053],[135.992,35.0033],[135.9952,35.0015],[135.9959,35.0001],[135.9992,34.9969],[135.9963,34.9929],[135.9963,34.9893],[135.9943,34.9888],[135.9904,34.9911],[135.9903,34.9891],[135.9894,34.9872],[135.9913,34.985],[135.9914,34.9831],[135.99,34.9826],[135.9894,34.98],[135.9939,34.9804],[135.993,34.979],[135.995,34.9779],[135.9967,34.9779],[135.9988,34.9769],[136.0023,34.9787],[136.0041,34.9801],[136.0079,34.9785],[136.0103,34.9755],[136.0113,34.9724],[136.0107,34.9703],[136.0116,34.97],[136.0139,34.9659],[136.014,34.9626],[136.0127,34.9623],[136.0093,34.9631],[136.0076,34.9626],[136.0058,34.9612],[136.001,34.9609],[136.0023,34.9581],[136.0036,34.9568],[136.0065,34.9556],[136.0101,34.9546],[136.0114,34.9511],[136.0145,34.9479],[136.0169,34.9438],[136.0199,34.9439],[136.0211,34.943],[136.0261,34.9417],[136.0279,34.9399],[136.03,34.9397],[136.0336,34.9414],[136.0347,34.9433],[136.0377,34.943],[136.0403,34.945],[136.0395,34.9497],[136.0412,34.9531],[136.0398,34.9555],[136.0406,34.9572],[136.0408,34.9598],[136.0414,34.9612],[136.0431,34.9603],[136.0416,34.9585],[136.0408,34.9556],[136.0418,34.9545],[136.0413,34.9511],[136.0402,34.9497],[136.0401,34.9474],[136.0411,34.9453]]]},"properties":{"prefectureCode":"25","prefectureName":"滋賀県","municipalityName":"栗東市","municipalityCode":"25208"}},
{"type":"Feature","geometry":{"type":"Polygon","coordinates":[[[135.9432,34.8782],[135.9427,34.8776],[135.9437,34.875],[135.9436,34.8728],[135.9426,34.8699],[135.9414,34.8682],[135.941,34.8637],[135.9424,34.8625],[135.9432,34.8598],[135.9446,34.8595],[135.9451,34.8572],[135.947,34.8535],[135.9462,34.8518],[135.9496,34.8516],[135.9534,34.8532],[135.955,34.8534],[135.9571,34.8548],[135.9598,34.8539],[135.9614,34.8547],[135.9629,34.8531],[135.9627,34.8504],[135.9661,34.8495],[135.9671,34.8474],[135.9697,34.8472],[135.9721,34.846],[135.971,34.8436],[135.9716,34.8425],[135.9715,34.8385],[135.9778,34.8385],[135.9822,34.8393],[135.9849,34.8415],[135.9871,34.8408],[135.9896,34.8414],[135.9916,34.8428],[135.9948,34.8423],[135.9978,34.8444],[136.0008,34.8451],[136.004,34.8443],[136.0053,34.8431],[136.0037,34.8411],[136.0039,34.8387],[136.0026,34.8373],[136.0029,34.836],[136.0023,34.8328],[136.0038,34.8311],[136.004,34.8296],[136.0054,34.8266],[136.0099,34.8261],[136.0122,34.8252],[136.0155,34.8266],[136.0159,34.8288],[136.0177,34.8283],[136.0185,34.8269],[136.0217,34.8247],[136.0277,34.8218],[136.0285,34.8191],[136.029,34.8174],[136.0274,34.8149],[136.0246,34.8148],[136.0223,34.8129],[136.0205,34.8122],[136.0187,34.8127],[136.0151,34.8091],[136.0151,34.8078],[136.0136,34.8049],[136.0114,34.8023],[136.0103,34.7996],[136.0113,34.7958],[136.0157,34.7978],[136.0163,34.7947],[136.0198,34.7921],[136.0223,34.7916],[136.0246,34.7919],[136.0267,34.7906],[136.0284,34.7907],[136.032,34.793],[136.0328,34.794],[136.0347,34.7943],[136.0385,34.7939],[136.0406,34.7964],[136.0412,34.7985],[136.0434,34.7993],[136.0452,34.7993],[136.0467,34.8014],[136.0482,34.8011],[136.0485,34.7997],[136.0516,34.7991],[136.0548,34.8004],[136.0551,34.8021],[136.0573,34.8037],[136.0579,34.8023],[136.0594,34.802],[136.0602,34.8005],[136.0627,34.7999],[136.0637,34.8016],[136.0657,34.8021],[136.0684,34.804],[136.073,34.8042],[136.0755,34.8079],[136.0768,34.8083],[136.0789,34.8074],[136.0818,34.8077],[136.0833,34.8096],[136.0857,34.8109],[136.0881,34.811],[136.0906,34.8122],[136.0911,34.8135],[136.0908,34.8158],[136.0952,34.8191],[136.0908,34.8248],[136.0911,34.826],[136.0891,34.8274],[136.0876,34.8305],[136.0896,34.8311],[136.0901,34.8333],[136.088,34.8347],[136.0862,34.8366],[136.0874,34.838],[136.0903,34.8365],[136.0927,34.8372],[136.0951,34.8402],[136.1001,34.8391],[136.1013,34.8404],[136.1044,34.8406],[136.1053,34.8429],[136.1063,34.8432],[136.1074,34.8452],[136.1078,34.8491],[136.1084,34.8502],[136.1083,34.8528],[136.1098,34.8548],[136.1134,34.8561],[136.1174,34.8559],[136.1181,34.8574],[136.1203,34.8586],[136.121,34.8598],[136.1252,34.8612],[136.1264,34.862],[136.1244,34.8649],[136.1228,34.8663],[136.1247,34.8681],[136.1259,34.87],[136.1244,34.8723],[136.1221,34.8728],[136.1185,34.8707],[136.1158,34.872],[136.1132,34.8693],[136.1101,34.8701],[136.109,34.8696],[136.1053,34.8702],[136.1032,34.8697],[136.0989,34.8706],[136.0983,34.8722],[136.0958,34.8736],[136.093,34.8735],[136.0902,34.8754],[136.087,34.8764],[136.0856,34.8772],[136.0852,34.8788],[136.0872,34.8807],[136.089,34.8809],[136.0896,34.8825],[136.0869,34.8858],[136.0854,34.8868],[136.0862,34.8891],[136.0884,34.8906],[136.0895,34.8889],[136.0948,34.8878],[136.0984,34.8895],[136.0988,34.891],[136.1,34.8921],[136.1018,34.8961],[136.1028,34.8961],[136.1055,34.8983],[136.1063,34.9001],[136.1103,34.901],[136.1123,34.9019],[136.1155,34.8963],[136.1145,34.8947],[136.1163,34.8922],[136.1178,34.8925],[136.1204,34.8914],[136.1203,34.8905],[136.1217,34.8879],[136.1234,34.8888],[136.1255,34.8882],[136.128,34.885],[136.1315,34.8831],[136.1349,34.8848],[136.1364,34.8882],[136.1412,34.8868],[136.1441,34.8854],[136.1446,34.884],[136.1485,34.882],[136.1518,34.8832],[136.1536,34.8846],[136.1594,34.8848],[136.1598,34.8866],[136.1619,34.8872],[136.165,34.8872],[136.1669,34.8879],[136.1699,34.8867],[136.172,34.8873],[136.1772,34.8868],[136.1784,34.8871],[136.1808,34.8858],[136.1795,34.8835],[136.1783,34.8826],[136.1791,34.8807],[136.1822,34.8782],[136.1871,34.8784],[136.1887,34.8776],[136.1889,34.876],[136.1905,34.8756],[136.1901,34.8733],[136.192,34.8725],[136.1946,34.8728],[136.1968,34.8716],[136.1981,34.8699],[136.2018,34.8695],[136.2029,34.8684],[136.2053,34.8687],[136.2091,34.8681],[136.212,34.866],[136.2168,34.8651],[136.2185,34.8656],[136.2201,34.8634],[136.2236,34.8632],[136.2254,34.8619],[136.2278,34.861],[136.2294,34.8615],[136.233,34.8609],[136.2354,34.8615],[136.2373,34.8597],[136.2406,34.8594],[136.2427,34.8596],[136.2481,34.8587],[136.2507,34.8577],[136.2541,34.8583],[136.2546,34.8591],[136.2581,34.8609],[136.2638,34.8628],[136.2679,34.8645],[136.2688,34.8655],[136.2689,34.8679],[136.2703,34.8691],[136.2725,34.8692],[136.276,34.8718],[136.2771,34.8742],[136.2807,34.873],[136.2824,34.8711],[136.2891,34.8696],[136.2971,34.8728],[136.2988,34.8754],[136.3023,34.8763],[136.3034,34.875],[136.305,34.8752],[136.3101,34.879],[136.3104,34.88],[136.3129,34.8806],[136.3137,34.884],[136.3132,34.887],[136.3171,34.8882],[136.3191,34.8896],[136.3222,34.8894],[136.3242,34.8899],[136.3263,34.8886],[136.3307,34.8924],[136.3354,34.8933],[136.3394,34.8955],[136.3437,34.8958],[136.346,34.8947],[136.3495,34.8971],[136.3503,34.899],[136.3574,34.9005],[136.3592,34.902],[136.3602,34.9041],[136.3621,34.905],[136.3661,34.905],[136.366,34.9083],[136.3651,34.909],[136.3647,34.9112],[136.3652,34.9127],[136.3685,34.915],[136.3673,34.9166],[136.368,34.9193],[136.3672,34.9206],[136.3678,34.9219],[136.3708,34.9235],[136.3739,34.9238],[136.3738,34.9254],[136.3717,34.9276],[136.373,34.9285],[136.3718,34.9316],[136.3719,34.9346],[136.3728,34.935],[136.3749,34.9376],[136.3754,34.9399],[136.3727,34.9423],[136.3773,34.9456],[136.3788,34.946],[136.3806,34.9481],[136.3842,34.9507],[136.3858,34.9527],[136.3877,34.9531],[136.3904,34.9517],[136.3932,34.9511],[136.3948,34.9514],[136.3964,34.9545],[136.3965,34.9574],[136.3978,34.9594],[136.3996,34.9611],[136.3991,34.9631],[136.402,34.965],[136.4034,34.9664],[136.4031,34.9692],[136.4047,34.9707],[136.4074,34.9722],[136.4075,34.9735],[136.4089,34.9751],[136.4135,34.9779],[136.4159,34.9808],[136.4151,34.9837],[136.4161,34.9881],[136.4155,34.9904],[136.4164,34.9921],[136.4149,34.9932],[136.4135,34.9954],[136.4164,34.9977],[136.4191,34.9984],[136.4214,35.0001],[136.421,35.0021],[136.42,35.0029],[136.4201,35.0052],[136.4189,35.0069],[136.4185,35.0091],[136.417,35.0112],[136.4169,35.0151],[136.4188,35.017],[136.4182,35.0181],[136.4161,35.0178],[136.4136,35.0159],[136.4093,35.0155],[136.4079,35.0139],[136.4057,35.0144],[136.4046,35.0138],[136.4022,35.0144],[136.4018,35.0156],[136.399,35.0169],[136.3944,35.0172],[136.3942,35.0182],[136.389,35.0213],[136.3879,35.0225],[136.3838,35.0205],[136.3834,35.0185],[136.3779,35.0172],[136.3751,35.0152],[136.3721,35.0164],[136.3674,35.0168],[136.365,35.0164],[136.3639,35.0168],[136.3644,35.0205],[136.3632,35.0219],[136.3549,35.0234],[136.3509,35.0215],[136.3491,35.0194],[136.3425,35.0166],[136.3413,35.0142],[136.343,35.0103],[136.3454,35.0086],[136.3442,35.0054],[136.3444,35.0029],[136.3431,35.0018],[136.3436,34.9985],[136.3431,34.9962],[136.3418,34.9939],[136.3422,34.9928],[136.3409,34.9893],[136.3394,34.9879],[136.3387,34.9855],[136.335,34.983],[136.3334,34.9833],[136.3296,34.9826],[136.3282,34.9809],[136.3265,34.9799],[136.3251,34.9784],[136.3233,34.9776],[136.3206,34.9783],[136.3189,34.9803],[136.3167,34.9808],[136.3158,34.9826],[136.3132,34.9831],[136.3112,34.9829],[136.3071,34.9842],[136.3036,34.9832],[136.3012,34.9836],[136.3003,34.9819],[136.2988,34.9812],[136.2985,34.9798],[136.2964,34.9778],[136.295,34.9777],[136.293,34.9752],[136.2904,34.9737],[136.2867,34.9748],[136.2839,34.9733],[136.2843,34.9707],[136.2817,34.97],[136.2811,34.9681],[136.2795,34.9677],[136.278,34.9664],[136.2775,34.9649],[136.2751,34.9651],[136.2736,34.9637],[136.2714,34.9629],[136.2697,34.9614],[136.2681,34.9633],[136.2652,34.9637],[136.2638,34.9613],[136.2619,34.9615],[136.2557,34.9592],[136.2522,34.9567],[136.2471,34.9565],[136.2445,34.9577],[136.2415,34.9582],[136.238,34.9592],[136.236,34.9613],[136.2308,34.9643],[136.2298,34.9661],[136.2305,34.9676],[136.2282,34.9704],[136.2255,34.9709],[136.2238,34.9695],[136.22,34.9687],[136.2192,34.9712],[136.2181,34.9724],[136.219,34.9734],[136.2185,34.9751],[136.2199,34.9761],[136.2192,34.9803],[136.2163,34.983],[136.2154,34.9856],[136.212,34.9848],[136.2078,34.9853],[136.2074,34.9871],[136.206,34.9889],[136.2035,34.9887],[136.1997,34.9892],[136.2011,34.9924],[136.1981,34.9936],[136.1967,34.9933],[136.1951,34.9951],[136.1925,34.9966],[136.1889,34.9975],[136.1886,35.0001],[136.1873,35],[136.1844,35.0027],[136.182,35.0023],[136.1828,35.0045],[136.1827,35.0071],[136.1835,35.0092],[136.1818,35.0106],[136.1828,35.0139],[136.1805,35.0146],[136.1807,35.0164],[136.1782,35.0202],[136.1766,35.0214],[136.1755,35.0202],[136.1748,35.017],[136.1715,35.02],[136.1716,35.021],[136.1698,35.0234],[136.1683,35.0235],[136.1666,35.0254],[136.1665,35.0271],[136.1652,35.0301],[136.1635,35.0306],[136.1632,35.0289],[136.161,35.0268],[136.1609,35.0243],[136.1579,35.022],[136.1534,35.0193],[136.1525,35.0202],[136.1504,35.02],[136.1484,35.0223],[136.146,35.0225],[136.1458,35.0238],[136.1432,35.0241],[136.1422,35.025],[136.1414,35.023],[136.1418,35.0214],[136.1413,35.0199],[136.1391,35.0179],[136.1388,35.0152],[136.137,35.0136],[136.1379,35.0101],[136.1394,35.0081],[136.1389,35.0048],[136.1391,35.0029],[136.1357,35.0019],[136.1348,35.0006],[136.1331,35.0008],[136.1309,34.9991],[136.1277,34.9991],[136.1259,34.9985],[136.1248,34.9972],[136.1235,34.9971],[136.1225,34.9956],[136.1254,34.9921],[136.1272,34.9914],[136.1274,34.989],[136.1244,34.9884],[136.1252,34.9856],[136.1241,34.9838],[136.1269,34.9806],[136.1279,34.9786],[136.1291,34.9732],[136.1299,34.9723],[136.1317,34.968],[136.1314,34.967],[136.1294,34.9658],[136.132,34.9634],[136.1286,34.9612],[136.1256,34.961],[136.1239,34.9579],[136.1233,34.9549],[136.1216,34.9541],[136.1196,34.9546],[136.1187,34.9534],[136.1164,34.9523],[136.1157,34.9506],[136.1135,34.9476],[136.1105,34.9467],[136.1087,34.9482],[136.1048,34.9486],[136.1028,34.9519],[136.1007,34.9522],[136.0996,34.9531],[136.0947,34.9546],[136.0919,34.9568],[136.0918,34.9545],[136.0885,34.9543],[136.0871,34.9536],[136.0861,34.955],[136.0843,34.9555],[136.0818,34.9573],[136.0796,34.9581],[136.0788,34.9604],[136.0771,34.9609],[136.0764,34.9625],[136.0745,34.9621],[136.0717,34.9625],[136.0717,34.9643],[136.0674,34.9642],[136.0662,34.9629],[136.0649,34.9627],[136.0626,34.9644],[136.0612,34.9642],[136.0582,34.9631],[136.0581,34.9621],[136.0551,34.9604],[136.0513,34.9604],[136.0488,34.9584],[136.049,34.9568],[136.0472,34.954],[136.0473,34.952],[136.0451,34.9502],[136.0462,34.9465],[136.0443,34.9455],[136.0411,34.9453],[136.0396,34.9423],[136.0351,34.9401],[136.0331,34.9382],[136.0352,34.9365],[136.0377,34.9334],[136.0397,34.9329],[136.0404,34.9314],[136.0424,34.9305],[136.0427,34.9264],[136.0418,34.9235],[136.0404,34.9222],[136.0384,34.9215],[136.0355,34.9239],[136.0331,34.9222],[136.0317,34.9228],[136.0289,34.9222],[136.0266,34.9223],[136.0234,34.9215],[136.0213,34.9176],[136.0195,34.9167],[136.0183,34.9178],[136.0155,34.9175],[136.0134,34.9185],[136.0116,34.9202],[136.0098,34.92],[136.0079,34.9181],[136.0028,34.9144],[136.0017,34.9121],[135.9998,34.911],[135.9994,34.9093],[135.996,34.9086],[135.9934,34.9095],[135.9927,34.9087],[135.9929,34.9054],[135.9917,34.9009],[135.9891,34.8998],[135.9869,34.8976],[135.9875,34.8964],[135.9873,34.8938],[135.9889,34.8924],[135.9875,34.8898],[135.9835,34.8891],[135.9806,34.8898],[135.9748,34.8885],[135.9747,34.8917],[135.9718,34.8937],[135.9675,34.8912],[135.9669,34.8856],[135.9664,34.8831],[135.9643,34.88],[135.9618,34.88],[135.9586,34.8808],[135.9554,34.8806],[135.9534,34.8787],[135.9496,34.8796],[135.9472,34.8777],[135.9432,34.8782]]]},"properties":{"prefectureCode":"25","prefectureName":"滋賀県","municipalityName":"甲賀市","municipalityCode":"25209"}},
{"type":"Feature","geometry":{"type":"Polygon","coordinates":[[[135.9593,35.1472],[135.9676,35.1309],[135.9813,35.1228],[135.9819,35.1221],[135.985,35.1221],[135.985,35.1202],[135.9886,35.1202],[135.9897,35.1185],[135.9923,35.1174],[135.9936,35.1177],[135.9941,35.1156],[135.9933,35.1121],[135.9914,35.1107],[135.9935,35.1091],[135.9947,35.1103],[135.9978,35.1103],[135.9997,35.1093],[136.0004,35.1066],[136.0029,35.1037],[136.0039,35.101],[136.0041,35.0972],[136.0032,35.0961],[136.0037,35.0927],[136.0016,35.0904],[136.0033,35.0899],[136.0052,35.0881],[136.0064,35.088],[136.0097,35.0863],[136.0087,35.0852],[136.0101,35.0816],[136.0102,35.078],[136.0097,35.0759],[136.0072,35.0702],[136.0016,35.0689],[135.9981,35.0647],[135.9967,35.0644],[135.9969,35.063],[136.0043,35.0587],[136.0077,35.0593],[136.0136,35.0536],[136.016,35.0507],[136.0213,35.0431],[136.027,35.0344],[136.0307,35.0305],[136.0333,35.0289],[136.0389,35.0262],[136.0412,35.0253],[136.0421,35.027],[136.045,35.0294],[136.0509,35.0325],[136.0512,35.0357],[136.053,35.0363],[136.0524,35.0395],[136.0536,35.0421],[136.0559,35.0448],[136.0561,35.0475],[136.0546,35.0518],[136.0551,35.0556],[136.0563,35.0567],[136.0644,35.0551],[136.0658,35.0551],[136.0727,35.0528],[136.0732,35.0523],[136.0734,35.0562],[136.0797,35.0608],[136.0786,35.062],[136.0788,35.0649],[136.0803,35.0668],[136.0788,35.0679],[136.0789,35.0702],[136.0798,35.0717],[136.0784,35.0733],[136.0785,35.0746],[136.0798,35.0774],[136.0791,35.0808],[136.0758,35.0834],[136.0762,35.085],[136.0781,35.0871],[136.0765,35.0894],[136.078,35.092],[136.077,35.0924],[136.073,35.0955],[136.0718,35.0975],[136.0696,35.0988],[136.0697,35.1013],[136.0665,35.1063],[136.0647,35.1051],[136.0629,35.105],[136.0573,35.1056],[136.0536,35.1079],[136.0487,35.1104],[136.046,35.1106],[136.0428,35.1097],[136.0407,35.1102],[136.038,35.1121],[136.0332,35.1144],[136.0314,35.1179],[136.0305,35.1212],[136.0322,35.1246],[136.0317,35.1259],[136.0288,35.1269],[136.0288,35.1284],[136.0305,35.1298],[136.0285,35.131],[136.0271,35.1304],[136.0263,35.1336],[136.025,35.1359],[136.0226,35.1363],[136.0206,35.1376],[136.0198,35.1368],[136.0181,35.1378],[136.0171,35.1369],[136.0137,35.1379],[136.008,35.1409],[136.0036,35.1546],[136.0011,35.1862],[135.9958,35.1902],[135.9824,35.1866],[135.9726,35.181],[135.9593,35.1472]]]},"properties":{"prefectureCode":"25","prefectureName":"滋賀県","municipalityName":"野洲市","municipalityCode":"25210"}},
{"type":"Feature","geometry":{"type":"Polygon","coordinates":[[[136.0612,34.9642],[136.0626,34.9644],[136.0649,34.9627],[136.0662,34.9629],[136.0674,34.9642],[136.0717,34.9643],[136.0717,34.9625],[136.0745,34.9621],[136.0764,34.9625],[136.0771,34.9609],[136.0788,34.9604],[136.0796,34.9581],[136.0818,34.9573],[136.0843,34.9555],[136.0861,34.955],[136.0871,34.9536],[136.0885,34.9543],[136.0918,34.9545],[136.0919,34.9568],[136.0947,34.9546],[136.0996,34.9531],[136.1007,34.9522],[136.1028,34.9519],[136.1048,34.9486],[136.1087,34.9482],[136.1105,34.9467],[136.1135,34.9476],[136.1157,34.9506],[136.1164,34.9523],[136.1187,34.9534],[136.1196,34.9546],[136.1216,34.9541],[136.1233,34.9549],[136.1239,34.9579],[136.1256,34.961],[136.1286,34.9612],[136.132,34.9634],[136.1294,34.9658],[136.1314,34.967],[136.1317,34.968],[136.1299,34.9723],[136.1291,34.9732],[136.1279,34.9786],[136.1269,34.9806],[136.1241,34.9838],[136.1252,34.9856],[136.1244,34.9884],[136.1274,34.989],[136.1272,34.9914],[136.1254,34.9921],[136.1225,34.9956],[136.1235,34.9971],[136.1248,34.9972],[136.1259,34.9985],[136.1277,34.9991],[136.1309,34.9991],[136.1331,35.0008],[136.1348,35.0006],[136.1357,35.0019],[136.1391,35.0029],[136.1389,35.0048],[136.1394,35.0081],[136.1379,35.0101],[136.137,35.0136],[136.1388,35.0152],[136.1391,35.0179],[136.1413,35.0199],[136.1418,35.0214],[136.1414,35.023],[136.1422,35.025],[136.1409,35.0264],[136.1372,35.0269],[136.1364,35.0287],[136.1369,35.0305],[136.1356,35.0315],[136.1321,35.0326],[136.1315,35.0342],[136.1296,35.0354],[136.1278,35.0351],[136.1262,35.0366],[136.1234,35.0371],[136.1196,35.0352],[136.1213,35.0318],[136.1221,35.0277],[136.1236,35.025],[136.122,35.0216],[136.1198,35.0211],[136.1183,35.0227],[136.1172,35.025],[136.1169,35.0271],[136.114,35.0271],[136.1127,35.0276],[136.1094,35.0267],[136.1046,35.0246],[136.1033,35.0218],[136.101,35.0216],[136.0977,35.0234],[136.0975,35.0249],[136.094,35.0244],[136.0923,35.0253],[136.0923,35.0262],[136.0909,35.029],[136.089,35.0299],[136.0866,35.03],[136.0863,35.0332],[136.0839,35.035],[136.0848,35.0364],[136.084,35.0392],[136.0819,35.041],[136.0789,35.0459],[136.0781,35.0481],[136.0789,35.0496],[136.0765,35.0512],[136.0732,35.0523],[136.0727,35.0528],[136.0658,35.0551],[136.0644,35.0551],[136.0563,35.0567],[136.0551,35.0556],[136.0546,35.0518],[136.0561,35.0475],[136.0559,35.0448],[136.0536,35.0421],[136.0524,35.0395],[136.053,35.0363],[136.0512,35.0357],[136.0509,35.0325],[136.045,35.0294],[136.0421,35.027],[136.0412,35.0253],[136.0389,35.0262],[136.0375,35.0253],[136.0366,35.0213],[136.0397,35.0184],[136.039,35.0168],[136.0375,35.0163],[136.0363,35.0119],[136.0371,35.0097],[136.0396,35.0074],[136.0373,35.005],[136.0389,35.0027],[136.0393,35.0009],[136.0385,34.9982],[136.0403,34.9966],[136.0453,34.9965],[136.0464,34.9948],[136.0443,34.9918],[136.0448,34.9908],[136.0426,34.9875],[136.0424,34.9858],[136.0444,34.9849],[136.0463,34.9812],[136.0489,34.9803],[136.0506,34.9769],[136.0531,34.9761],[136.053,34.9742],[136.0558,34.9715],[136.0583,34.9681],[136.0611,34.9663],[136.0612,34.9642]]]},"properties":{"prefectureCode":"25","prefectureName":"滋賀県","municipalityName":"湖南市","municipalityCode":"25211"}},
{"type":"Feature","geometry":{"type":"Polygon","coordinates":[[[136.0163,35.2313],[136.0269,35.2393],[136.0712,35.2595],[136.0789,35.2609],[136.0837,35.2589],[136.1182,35.2556],[136.1222,35.2559],[136.1528,35.2687],[136.1487,35.3167],[136.1458,35.3499],[136.1485,35.356],[136.1451,35.3576],[136.0983,35.3928],[136.0947,35.4101],[136.1164,35.4327],[136.1179,35.4381],[136.1158,35.4546],[136.1057,35.459],[136.1029,35.4597],[136.1016,35.4606],[136.0961,35.4614],[136.0943,35.4614],[136.0917,35.4653],[136.0926,35.4677],[136.0954,35.4694],[136.0948,35.4733],[136.0971,35.4747],[136.0961,35.4765],[136.0962,35.4784],[136.0996,35.48],[136.1001,35.4819],[136.0995,35.4832],[136.1008,35.4873],[136.1012,35.4903],[136.1002,35.4938],[136.0999,35.4984],[136.0986,35.5001],[136.0997,35.5026],[136.0991,35.5041],[136.1005,35.5055],[136.1013,35.5107],[136.103,35.5131],[136.1041,35.5129],[136.1051,35.515],[136.104,35.5176],[136.1037,35.521],[136.1046,35.5216],[136.1045,35.5252],[136.1056,35.5288],[136.1038,35.5304],[136.1003,35.5322],[136.0999,35.5337],[136.0974,35.5339],[136.0944,35.5361],[136.0936,35.5373],[136.0901,35.5377],[136.0832,35.5406],[136.0805,35.5389],[136.0794,35.5357],[136.0767,35.5344],[136.0775,35.5313],[136.077,35.5305],[136.0728,35.5289],[136.0715,35.5273],[136.0692,35.5262],[136.0668,35.5269],[136.0654,35.5282],[136.0624,35.5281],[136.0607,35.5319],[136.0578,35.5319],[136.0558,35.5335],[136.0537,35.5331],[136.0515,35.5341],[136.0483,35.5345],[136.0464,35.5302],[136.0419,35.5309],[136.0409,35.5322],[136.0366,35.5307],[136.0305,35.5297],[136.0283,35.5291],[136.0266,35.5295],[136.0262,35.5269],[136.0276,35.5263],[136.0273,35.5249],[136.0288,35.5234],[136.0273,35.5219],[136.0235,35.52],[136.0235,35.5192],[136.0201,35.5119],[136.016,35.5123],[136.0151,35.5087],[136.0133,35.5073],[136.0117,35.5048],[136.0116,35.5003],[136.0108,35.4995],[136.0117,35.4976],[136.0089,35.4939],[136.0072,35.4934],[136.0067,35.4918],[136.0043,35.491],[136.0025,35.4919],[135.998,35.4914],[135.9967,35.4926],[135.9948,35.4916],[135.9932,35.4916],[135.9895,35.4927],[135.987,35.4905],[135.9845,35.4891],[135.9827,35.4873],[135.981,35.4867],[135.9794,35.4885],[135.9788,35.4912],[135.9763,35.4938],[135.9746,35.4975],[135.9732,35.4983],[135.9726,35.5001],[135.9701,35.5012],[135.969,35.5025],[135.9672,35.503],[135.9626,35.5013],[135.9609,35.5022],[135.9576,35.506],[135.9544,35.5057],[135.9524,35.5062],[135.9518,35.5077],[135.9522,35.5092],[135.9518,35.5112],[135.9504,35.5147],[135.9488,35.5166],[135.947,35.5205],[135.9461,35.5212],[135.9432,35.5213],[135.9396,35.5205],[135.939,35.5192],[135.939,35.517],[135.9376,35.5138],[135.938,35.5112],[135.9367,35.5091],[135.9353,35.5039],[135.9332,35.5023],[135.933,35.5003],[135.9316,35.4978],[135.9312,35.4949],[135.9298,35.492],[135.9275,35.4905],[135.9248,35.49],[135.9236,35.4867],[135.9223,35.4858],[135.923,35.4828],[135.9237,35.4817],[135.9216,35.4781],[135.9217,35.4761],[135.9181,35.4738],[135.9176,35.4717],[135.916,35.4706],[135.9172,35.4689],[135.9173,35.4668],[135.9162,35.4642],[135.9158,35.4611],[135.9149,35.4591],[135.9156,35.4561],[135.9147,35.4541],[135.9146,35.4519],[135.9125,35.4487],[135.9101,35.4476],[135.9106,35.4456],[135.9131,35.4454],[135.9132,35.4431],[135.9124,35.4417],[135.9128,35.44],[135.9146,35.438],[135.9148,35.4353],[135.9142,35.4321],[135.912,35.4305],[135.9081,35.4295],[135.9059,35.4301],[135.9027,35.4294],[135.9017,35.4282],[135.901,35.4258],[135.898,35.4242],[135.8961,35.4219],[135.8948,35.4216],[135.893,35.4198],[135.8935,35.4185],[135.8938,35.4148],[135.8933,35.4119],[135.8935,35.4107],[135.8926,35.4089],[135.8924,35.4069],[135.8906,35.4032],[135.8874,35.4029],[135.8803,35.4006],[135.8778,35.3992],[135.8756,35.3974],[135.8721,35.3968],[135.8711,35.3959],[135.8692,35.3959],[135.8674,35.3948],[135.8645,35.3944],[135.8629,35.3951],[135.8604,35.3953],[135.859,35.3969],[135.8566,35.3982],[135.856,35.3997],[135.8543,35.4008],[135.8552,35.403],[135.8545,35.4059],[135.8555,35.4077],[135.8554,35.4095],[135.8526,35.4107],[135.8497,35.4106],[135.846,35.4114],[135.8442,35.4131],[135.8412,35.4131],[135.8384,35.4142],[135.8363,35.412],[135.832,35.4122],[135.8267,35.4147],[135.8245,35.4147],[135.8192,35.4125],[135.8132,35.413],[135.8108,35.4095],[135.8106,35.4033],[135.8095,35.3983],[135.8081,35.3952],[135.8083,35.3931],[135.8101,35.3918],[135.8075,35.3854],[135.8052,35.3844],[135.8023,35.3851],[135.7991,35.3849],[135.7978,35.3864],[135.7952,35.3874],[135.7909,35.3866],[135.7906,35.3844],[135.792,35.3811],[135.79,35.3784],[135.7868,35.3779],[135.7839,35.377],[135.7831,35.3755],[135.7791,35.3735],[135.7798,35.3719],[135.7792,35.3693],[135.7777,35.3659],[135.7741,35.3647],[135.7738,35.3635],[135.7701,35.36],[135.7688,35.356],[135.7698,35.3545],[135.7679,35.3532],[135.7672,35.3507],[135.766,35.3501],[135.7662,35.3485],[135.764,35.3463],[135.7641,35.3446],[135.7654,35.3441],[135.7692,35.3438],[135.7701,35.3433],[135.7743,35.3428],[135.7779,35.3411],[135.7787,35.3401],[135.7808,35.3406],[135.7825,35.3384],[135.7823,35.3363],[135.7837,35.3349],[135.7857,35.3307],[135.79,35.3282],[135.7909,35.3238],[135.7949,35.3221],[135.7952,35.3212],[135.801,35.3187],[135.8036,35.3173],[135.8059,35.3168],[135.8088,35.3169],[135.8112,35.3135],[135.8113,35.3101],[135.8107,35.3083],[135.8144,35.3071],[135.8158,35.3031],[135.815,35.3013],[135.8166,35.3],[135.8197,35.2993],[135.8214,35.2968],[135.8213,35.2947],[135.8201,35.2911],[135.8219,35.2889],[135.8255,35.2835],[135.8253,35.2817],[135.8272,35.2803],[135.8296,35.2767],[135.8307,35.2765],[135.8346,35.2741],[135.8401,35.2756],[135.8403,35.2771],[135.8418,35.2781],[135.845,35.2784],[135.8479,35.2791],[135.8496,35.2803],[135.8511,35.2836],[135.8517,35.286],[135.8537,35.2869],[135.8551,35.2883],[135.8584,35.2892],[135.8585,35.2871],[135.8595,35.286],[135.8608,35.283],[135.8623,35.2816],[135.866,35.2802],[135.8697,35.282],[135.8742,35.2817],[135.8757,35.2831],[135.8788,35.2839],[135.8808,35.2838],[135.883,35.2846],[135.8841,35.284],[135.8875,35.2836],[135.8927,35.2804],[135.8952,35.28],[135.8971,35.2782],[135.8998,35.2776],[135.9031,35.276],[135.9046,35.2762],[135.9061,35.2751],[135.9045,35.271],[135.9082,35.2675],[135.9092,35.265],[135.9103,35.2641],[135.9125,35.2647],[135.9156,35.2646],[135.9171,35.264],[135.919,35.2606],[135.9213,35.2598],[135.9253,35.2597],[135.9279,35.2583],[135.9299,35.2589],[135.9322,35.261],[135.937,35.2605],[135.9381,35.2619],[135.9387,35.2646],[135.9406,35.2672],[135.9442,35.2671],[135.9487,35.2742],[135.9528,35.2754],[135.955,35.2756],[135.9565,35.2776],[135.9618,35.2764],[135.9653,35.2747],[135.9681,35.275],[135.9718,35.2746],[135.9753,35.2735],[135.9768,35.2723],[135.9803,35.2719],[135.9835,35.2723],[135.9858,35.2699],[135.988,35.267],[135.9911,35.2671],[135.9937,35.2644],[136.0163,35.2313]]]},"properties":{"prefectureCode":"25","prefectureName":"滋賀県","municipalityName":"高島市","municipalityCode":"25212"}},
{"type":"Feature","geometry":{"type":"Polygon","coordinates":[[[136.0852,35.2518],[136.0905,35.2217],[136.0995,35.2097],[136.099,35.2082],[136.1019,35.1989],[136.0996,35.1967],[136.1,35.1954],[136.1041,35.1961],[136.1059,35.189],[136.1113,35.1899],[136.1124,35.1852],[136.1234,35.187],[136.1246,35.1824],[136.1297,35.1833],[136.1318,35.1752],[136.1351,35.1757],[136.1357,35.1737],[136.1334,35.1732],[136.1305,35.1719],[136.1365,35.1648],[136.1377,35.1629],[136.14,35.1608],[136.1396,35.158],[136.1407,35.1551],[136.1441,35.1543],[136.1466,35.1533],[136.1516,35.1531],[136.1541,35.1518],[136.1566,35.1495],[136.1594,35.1488],[136.1595,35.1474],[136.162,35.1457],[136.1683,35.1443],[136.1691,35.143],[136.1718,35.141],[136.1717,35.1388],[136.1733,35.1378],[136.1719,35.1348],[136.1758,35.1305],[136.179,35.1289],[136.1818,35.1288],[136.183,35.1256],[136.1822,35.1247],[136.1804,35.1247],[136.1762,35.1231],[136.1735,35.1199],[136.1699,35.1182],[136.1687,35.1145],[136.1698,35.1109],[136.167,35.1092],[136.1664,35.1101],[136.1643,35.1096],[136.1637,35.1079],[136.1641,35.1056],[136.1632,35.1049],[136.16,35.1067],[136.1564,35.1077],[136.154,35.1075],[136.151,35.1087],[136.15,35.1104],[136.1468,35.112],[136.1463,35.1101],[136.1438,35.1102],[136.1419,35.1095],[136.1396,35.1097],[136.1409,35.1054],[136.1399,35.1047],[136.1366,35.1052],[136.1346,35.105],[136.1334,35.1058],[136.1316,35.105],[136.1296,35.105],[136.127,35.1028],[136.1255,35.1025],[136.1259,35.0999],[136.1273,35.0976],[136.1261,35.0975],[136.1255,35.0957],[136.1336,35.0904],[136.1337,35.0895],[136.1359,35.0877],[136.1394,35.0869],[136.1408,35.0852],[136.1402,35.0829],[136.141,35.0805],[136.1453,35.0778],[136.1458,35.0764],[136.1495,35.0732],[136.1497,35.0722],[136.1476,35.0701],[136.1495,35.0666],[136.1491,35.0656],[136.1471,35.0647],[136.1461,35.0619],[136.1441,35.0606],[136.1481,35.0592],[136.1531,35.0539],[136.1519,35.0531],[136.1527,35.0512],[136.1493,35.05],[136.1492,35.048],[136.15,35.0454],[136.1518,35.0423],[136.1524,35.0391],[136.154,35.0357],[136.155,35.0324],[136.1547,35.0308],[136.1565,35.0284],[136.1618,35.029],[136.1635,35.0306],[136.1652,35.0301],[136.1665,35.0271],[136.1666,35.0254],[136.1683,35.0235],[136.1698,35.0234],[136.1716,35.021],[136.1715,35.02],[136.1748,35.017],[136.1755,35.0202],[136.1766,35.0214],[136.1782,35.0202],[136.1807,35.0164],[136.181,35.0174],[136.1835,35.0195],[136.1831,35.0206],[136.1841,35.023],[136.1842,35.025],[136.1858,35.0252],[136.1884,35.0241],[136.1916,35.0247],[136.1932,35.0229],[136.1967,35.0225],[136.2003,35.0242],[136.1991,35.027],[136.2029,35.0289],[136.2038,35.0303],[136.2069,35.0318],[136.2113,35.0329],[136.2145,35.0355],[136.2168,35.0357],[136.2173,35.0366],[136.2206,35.0382],[136.2195,35.0401],[136.2174,35.0388],[136.2142,35.0413],[136.2147,35.0443],[136.2165,35.0442],[136.2163,35.0484],[136.2154,35.0516],[136.2156,35.0556],[136.2165,35.0566],[136.2167,35.0587],[136.2155,35.0598],[136.2183,35.0619],[136.2195,35.0621],[136.2208,35.0639],[136.2228,35.0649],[136.2259,35.0655],[136.2339,35.0656],[136.2337,35.0682],[136.2345,35.069],[136.2381,35.0694],[136.2416,35.0691],[136.2436,35.0676],[136.2447,35.0683],[136.2466,35.0679],[136.249,35.0685],[136.2537,35.0664],[136.2548,35.0652],[136.2579,35.0646],[136.2602,35.0608],[136.2618,35.0605],[136.2646,35.0581],[136.2669,35.0578],[136.2683,35.0589],[136.2708,35.0596],[136.271,35.0612],[136.2739,35.0629],[136.2755,35.058],[136.279,35.0575],[136.2804,35.0581],[136.283,35.0575],[136.2864,35.0581],[136.2898,35.0576],[136.2909,35.0586],[136.2936,35.0573],[136.2955,35.0574],[136.2979,35.0556],[136.299,35.0528],[136.3012,35.0526],[136.3024,35.0514],[136.3049,35.0469],[136.3075,35.0453],[136.3098,35.0472],[136.3117,35.0445],[136.3163,35.0435],[136.3178,35.0412],[136.3175,35.0387],[136.3215,35.0373],[136.3254,35.0368],[136.3276,35.0361],[136.33,35.0328],[136.3321,35.0325],[136.3347,35.0296],[136.335,35.0254],[136.3374,35.0251],[136.3388,35.0233],[136.3394,35.0198],[136.3425,35.0166],[136.3491,35.0194],[136.3509,35.0215],[136.3549,35.0234],[136.3632,35.0219],[136.3644,35.0205],[136.3639,35.0168],[136.365,35.0164],[136.3674,35.0168],[136.3721,35.0164],[136.3751,35.0152],[136.3779,35.0172],[136.3834,35.0185],[136.3838,35.0205],[136.3879,35.0225],[136.389,35.0213],[136.3942,35.0182],[136.3944,35.0172],[136.399,35.0169],[136.4018,35.0156],[136.4022,35.0144],[136.4046,35.0138],[136.4057,35.0144],[136.4079,35.0139],[136.4093,35.0155],[136.4136,35.0159],[136.4161,35.0178],[136.4182,35.0181],[136.4171,35.0196],[136.4213,35.0213],[136.4214,35.0238],[136.4227,35.0281],[136.4238,35.0298],[136.4188,35.0299],[136.4184,35.0319],[136.417,35.0338],[136.4165,35.0373],[136.4171,35.0397],[136.4159,35.0413],[136.4178,35.0426],[136.4177,35.0466],[136.4183,35.0481],[136.4179,35.0495],[136.4222,35.0514],[136.4227,35.0543],[136.4247,35.057],[136.4288,35.0564],[136.431,35.0592],[136.4334,35.0594],[136.4333,35.0611],[136.4379,35.0642],[136.4386,35.0655],[136.441,35.0645],[136.4416,35.0667],[136.441,35.0702],[136.4396,35.0724],[136.4404,35.0744],[136.4397,35.0755],[136.4375,35.077],[136.4358,35.08],[136.4353,35.0825],[136.4381,35.0833],[136.4403,35.0852],[136.4421,35.0862],[136.4398,35.0904],[136.4381,35.0917],[136.4396,35.0936],[136.4387,35.0964],[136.4399,35.0995],[136.4419,35.1016],[136.4413,35.1033],[136.4419,35.1052],[136.4408,35.1077],[136.4425,35.1109],[136.4415,35.1131],[136.44,35.1148],[136.44,35.1166],[136.4445,35.119],[136.446,35.1224],[136.448,35.1238],[136.4447,35.1266],[136.4407,35.1283],[136.4388,35.1287],[136.4356,35.1307],[136.4368,35.1322],[136.438,35.1366],[136.4402,35.1383],[136.4429,35.1391],[136.444,35.1422],[136.4432,35.1452],[136.4445,35.1476],[136.4444,35.1493],[136.446,35.1499],[136.4504,35.1495],[136.4519,35.1508],[136.455,35.1524],[136.4539,35.1579],[136.4529,35.1589],[136.4547,35.1614],[136.4545,35.1625],[136.4526,35.1658],[136.4485,35.1668],[136.4466,35.166],[136.4452,35.1663],[136.4448,35.1678],[136.4461,35.1686],[136.4439,35.1717],[136.4398,35.1715],[136.4373,35.173],[136.4357,35.1765],[136.4343,35.1769],[136.4334,35.1784],[136.4299,35.1812],[136.4262,35.1828],[136.4245,35.1845],[136.4208,35.1829],[136.4194,35.1827],[136.4163,35.1851],[136.4131,35.1862],[136.4112,35.1861],[136.4087,35.1872],[136.4051,35.1879],[136.4037,35.1875],[136.4013,35.1892],[136.4002,35.1894],[136.3957,35.1925],[136.3953,35.1938],[136.3931,35.1946],[136.3921,35.1956],[136.3891,35.1968],[136.3884,35.1962],[136.3884,35.1935],[136.3877,35.1909],[136.3862,35.1909],[136.3836,35.1891],[136.3795,35.1894],[136.3783,35.1872],[136.3765,35.186],[136.3762,35.1836],[136.3751,35.1815],[136.3759,35.18],[136.3745,35.177],[136.3762,35.1753],[136.3752,35.1735],[136.3761,35.1713],[136.3759,35.1697],[136.3772,35.1674],[136.3794,35.1657],[136.3804,35.1622],[136.3829,35.1604],[136.3853,35.1596],[136.3864,35.1569],[136.3901,35.1554],[136.3912,35.1537],[136.3914,35.1516],[136.3904,35.1497],[136.3884,35.1479],[136.3882,35.1464],[136.3867,35.1447],[136.3844,35.1443],[136.3817,35.1425],[136.3812,35.1414],[136.3792,35.1403],[136.3776,35.1405],[136.3745,35.1392],[136.3719,35.139],[136.3688,35.1362],[136.3638,35.1349],[136.3592,35.1365],[136.3566,35.1341],[136.3547,35.1311],[136.353,35.1319],[136.3507,35.1319],[136.3488,35.1333],[136.3476,35.133],[136.3431,35.1359],[136.3407,35.1361],[136.3402,35.1377],[136.3387,35.1399],[136.3372,35.1397],[136.3357,35.143],[136.3336,35.1434],[136.3309,35.1429],[136.3296,35.142],[136.3288,35.1404],[136.3263,35.1392],[136.3254,35.137],[136.3226,35.1383],[136.3189,35.1386],[136.3189,35.1402],[136.3203,35.1424],[136.3206,35.1443],[136.3216,35.1459],[136.3184,35.1493],[136.3152,35.1512],[136.3134,35.151],[136.3127,35.1501],[136.3105,35.1532],[136.3077,35.1537],[136.3034,35.1577],[136.3019,35.1571],[136.2963,35.1566],[136.294,35.1552],[136.291,35.1545],[136.2889,35.1532],[136.2852,35.1526],[136.2829,35.1531],[136.2817,35.1525],[136.2786,35.153],[136.2766,35.1539],[136.2733,35.1538],[136.2699,35.1557],[136.2636,35.1566],[136.2588,35.1592],[136.2572,35.1577],[136.2535,35.1532],[136.248,35.1561],[136.2486,35.1548],[136.2468,35.151],[136.2427,35.1524],[136.2422,35.1521],[136.239,35.1547],[136.2397,35.1572],[136.2367,35.1587],[136.2295,35.158],[136.2282,35.1548],[136.2291,35.1535],[136.2322,35.1517],[136.2309,35.1471],[136.2287,35.1459],[136.227,35.1435],[136.2236,35.1454],[136.2229,35.1446],[136.2169,35.1479],[136.2143,35.1448],[136.2123,35.1459],[136.2122,35.148],[136.21,35.1493],[136.2083,35.148],[136.2043,35.148],[136.2044,35.1554],[136.2033,35.159],[136.2051,35.1596],[136.2045,35.1615],[136.2023,35.1607],[136.1975,35.1684],[136.1965,35.1708],[136.197,35.1769],[136.196,35.1846],[136.1952,35.1864],[136.1916,35.1902],[136.1809,35.1935],[136.1757,35.1965],[136.1713,35.2011],[136.1689,35.2033],[136.167,35.2044],[136.1637,35.2056],[136.1612,35.2058],[136.1542,35.2055],[136.1486,35.2066],[136.1426,35.2065],[136.1397,35.2072],[136.136,35.2114],[136.1336,35.2126],[136.1296,35.2131],[136.123,35.2126],[136.1213,35.2128],[136.1161,35.2145],[136.1121,35.2164],[136.0852,35.2518]]]},"properties":{"prefectureCode":"25","prefectureName":"滋賀県","municipalityName":"東近江市","municipalityCode":"25213"}},
{"type":"Feature","geometry":{"type":"Polygon","coordinates":[[[136.3515,35.2741],[136.3555,35.2748],[136.3575,35.2766],[136.3577,35.2776],[136.363,35.28],[136.3637,35.281],[136.3699,35.282],[136.3716,35.2843],[136.3737,35.2862],[136.3777,35.2873],[136.3778,35.2862],[136.3802,35.2855],[136.381,35.2841],[136.3852,35.2868],[136.3879,35.2874],[136.3917,35.2871],[136.3909,35.2879],[136.3911,35.2902],[136.3925,35.2916],[136.3945,35.2925],[136.3949,35.2941],[136.3961,35.2943],[136.3994,35.2994],[136.4031,35.3006],[136.4032,35.3034],[136.4055,35.3041],[136.4068,35.3053],[136.4073,35.308],[136.4068,35.31],[136.4114,35.3141],[136.4123,35.3156],[136.4121,35.3222],[136.4135,35.324],[136.4132,35.3256],[136.4112,35.3279],[136.4123,35.3297],[136.413,35.3322],[136.4144,35.3325],[136.4157,35.3351],[136.4153,35.3365],[136.4176,35.3402],[136.4187,35.3406],[136.4192,35.3446],[136.4223,35.3484],[136.4209,35.3517],[136.4214,35.3539],[136.4177,35.3538],[136.4162,35.3547],[136.4138,35.3536],[136.4128,35.3521],[136.411,35.3522],[136.4108,35.3542],[136.4096,35.3567],[136.4105,35.3583],[136.4117,35.3584],[136.4135,35.36],[136.4135,35.3644],[136.4122,35.3653],[136.413,35.3676],[136.4119,35.3699],[136.414,35.3714],[136.4156,35.3736],[136.4212,35.3727],[136.4224,35.3734],[136.4261,35.3733],[136.4281,35.3742],[136.4369,35.3791],[136.4396,35.3829],[136.4416,35.3844],[136.4441,35.3887],[136.4443,35.3896],[136.4417,35.3906],[136.4409,35.3939],[136.4369,35.3953],[136.4366,35.3972],[136.4335,35.3978],[136.4313,35.3997],[136.428,35.4008],[136.4259,35.4027],[136.4243,35.4049],[136.4246,35.4072],[136.423,35.4081],[136.4206,35.4116],[136.4203,35.4129],[136.418,35.4149],[136.4148,35.4171],[136.4118,35.4186],[136.4118,35.4224],[136.4151,35.4251],[136.4183,35.4266],[136.4189,35.4278],[136.4163,35.4302],[136.4156,35.4317],[136.4157,35.4334],[136.4195,35.4354],[136.4231,35.4397],[136.4222,35.4411],[136.4222,35.4426],[136.4236,35.4453],[136.4262,35.4482],[136.4246,35.4533],[136.4215,35.4556],[136.4208,35.4598],[136.4212,35.4621],[136.4204,35.4662],[136.4189,35.4675],[136.4156,35.4665],[136.4141,35.4666],[136.4119,35.4681],[136.4063,35.4691],[136.4049,35.469],[136.4018,35.4699],[136.402,35.4735],[136.4,35.4757],[136.3981,35.4795],[136.398,35.4809],[136.3957,35.482],[136.394,35.4835],[136.3928,35.4855],[136.3908,35.4855],[136.3869,35.4884],[136.3869,35.4926],[136.3882,35.4937],[136.3878,35.4968],[136.3894,35.498],[136.3901,35.4999],[136.3923,35.504],[136.3938,35.5049],[136.3947,35.5067],[136.3968,35.5073],[136.3972,35.5097],[136.3995,35.5105],[136.4006,35.5122],[136.4023,35.5133],[136.4036,35.5114],[136.4046,35.5133],[136.4056,35.5134],[136.4044,35.5166],[136.4031,35.5174],[136.4025,35.519],[136.3993,35.5211],[136.3996,35.5224],[136.401,35.5235],[136.4018,35.5258],[136.4007,35.5269],[136.4004,35.5301],[136.3976,35.532],[136.3956,35.5312],[136.393,35.5319],[136.3904,35.532],[136.3885,35.533],[136.3843,35.5331],[136.3825,35.5352],[136.3827,35.5369],[136.381,35.5377],[136.3801,35.541],[136.3803,35.5461],[136.3775,35.5496],[136.3758,35.5512],[136.3755,35.5539],[136.3736,35.5594],[136.3724,35.5598],[136.3701,35.5588],[136.3656,35.5599],[136.3625,35.5585],[136.3628,35.5562],[136.3611,35.5506],[136.3591,35.5488],[136.3586,35.5443],[136.3567,35.5427],[136.3567,35.5399],[136.3551,35.5387],[136.3518,35.5386],[136.3494,35.5374],[136.3468,35.5377],[136.3459,35.5361],[136.3456,35.5333],[136.3464,35.5322],[136.3461,35.5287],[136.3472,35.5282],[136.3468,35.5264],[136.3477,35.5235],[136.3463,35.5204],[136.3462,35.5178],[136.3431,35.516],[136.3428,35.5121],[136.3437,35.5097],[136.3424,35.5056],[136.3428,35.5032],[136.3413,35.5016],[136.34,35.4992],[136.3403,35.498],[136.3374,35.4964],[136.3366,35.4937],[136.3374,35.4921],[136.3367,35.4904],[136.3371,35.4877],[136.3361,35.4852],[136.335,35.4846],[136.3348,35.4825],[136.3369,35.4797],[136.3384,35.4769],[136.3363,35.4736],[136.3345,35.4726],[136.3329,35.4709],[136.3331,35.4687],[136.3393,35.4668],[136.3395,35.4655],[136.3441,35.464],[136.3426,35.4614],[136.3432,35.4594],[136.3455,35.4582],[136.3454,35.456],[136.3461,35.4549],[136.3482,35.4546],[136.3504,35.4512],[136.3508,35.4483],[136.3497,35.4469],[136.355,35.4404],[136.3565,35.437],[136.3587,35.4342],[136.357,35.4298],[136.3563,35.4293],[136.3572,35.4272],[136.3571,35.4245],[136.3577,35.4232],[136.3603,35.4213],[136.3602,35.4196],[136.3626,35.4166],[136.3628,35.4152],[136.3616,35.4135],[136.362,35.4113],[136.3596,35.4082],[136.3597,35.4047],[136.3567,35.4007],[136.354,35.4002],[136.3508,35.4003],[136.3459,35.4019],[136.3409,35.4026],[136.3377,35.4043],[136.337,35.4054],[136.3331,35.4038],[136.333,35.4019],[136.3321,35.3997],[136.3323,35.3972],[136.3336,35.3964],[136.3342,35.3926],[136.3357,35.3911],[136.3352,35.3858],[136.336,35.3847],[136.3375,35.3792],[136.3339,35.372],[136.3336,35.3699],[136.3341,35.3677],[136.3326,35.3673],[136.331,35.3657],[136.3293,35.365],[136.3283,35.3607],[136.3265,35.3592],[136.3255,35.3541],[136.326,35.3516],[136.325,35.3471],[136.3218,35.3454],[136.321,35.3461],[136.3176,35.3459],[136.3167,35.3441],[136.3126,35.3426],[136.3111,35.3426],[136.3101,35.3444],[136.3102,35.3465],[136.3069,35.3488],[136.3058,35.3522],[136.2981,35.3503],[136.2964,35.3546],[136.2895,35.3533],[136.2797,35.351],[136.2775,35.3508],[136.2504,35.3527],[136.243,35.3497],[136.2257,35.3479],[136.2098,35.3387],[136.2133,35.3323],[136.216,35.3037],[136.2441,35.2956],[136.257,35.3004],[136.2585,35.2995],[136.2587,35.2983],[136.2606,35.2945],[136.2623,35.294],[136.265,35.2951],[136.2686,35.2942],[136.2688,35.2959],[136.2699,35.2968],[136.2795,35.2963],[136.2797,35.2971],[136.2862,35.2971],[136.2865,35.2992],[136.2882,35.3016],[136.2915,35.2994],[136.2944,35.2995],[136.2948,35.3007],[136.2982,35.2991],[136.3013,35.3017],[136.3008,35.299],[136.3026,35.2958],[136.3054,35.2941],[136.3095,35.2944],[136.3115,35.2934],[136.3137,35.293],[136.3174,35.2888],[136.3173,35.286],[136.3187,35.2849],[136.3189,35.2809],[136.3232,35.2799],[136.3256,35.2839],[136.325,35.2881],[136.3264,35.2906],[136.3285,35.2916],[136.3261,35.2957],[136.3268,35.297],[136.3288,35.2978],[136.329,35.2958],[136.3303,35.2953],[136.3314,35.2918],[136.3337,35.2912],[136.3359,35.29],[136.3402,35.2896],[136.3431,35.287],[136.3462,35.2863],[136.3483,35.2814],[136.3486,35.2792],[136.3498,35.2773],[136.3499,35.2754],[136.3515,35.2741]]]},"properties":{"prefectureCode":"25","prefectureName":"滋賀県","municipalityName":"米原市","municipalityCode":"25214"}},
{"type":"Feature","geometry":{"type":"Polygon","coordinates":[[[136.3425,35.0166],[136.3394,35.0198],[136.3388,35.0233],[136.3374,35.0251],[136.335,35.0254],[136.3347,35.0296],[136.3321,35.0325],[136.33,35.0328],[136.3276,35.0361],[136.3254,35.0368],[136.3215,35.0373],[136.3175,35.0387],[136.3178,35.0412],[136.3163,35.0435],[136.3117,35.0445],[136.3098,35.0472],[136.3075,35.0453],[136.3049,35.0469],[136.3024,35.0514],[136.3012,35.0526],[136.299,35.0528],[136.2979,35.0556],[136.2955,35.0574],[136.2936,35.0573],[136.2909,35.0586],[136.2898,35.0576],[136.2864,35.0581],[136.283,35.0575],[136.2804,35.0581],[136.279,35.0575],[136.2755,35.058],[136.2739,35.0629],[136.271,35.0612],[136.2708,35.0596],[136.2683,35.0589],[136.2669,35.0578],[136.2646,35.0581],[136.2618,35.0605],[136.2602,35.0608],[136.2579,35.0646],[136.2548,35.0652],[136.2537,35.0664],[136.249,35.0685],[136.2466,35.0679],[136.2447,35.0683],[136.2436,35.0676],[136.2416,35.0691],[136.2381,35.0694],[136.2345,35.069],[136.2337,35.0682],[136.2339,35.0656],[136.2259,35.0655],[136.2228,35.0649],[136.2208,35.0639],[136.2195,35.0621],[136.2183,35.0619],[136.2155,35.0598],[136.2167,35.0587],[136.2165,35.0566],[136.2156,35.0556],[136.2154,35.0516],[136.2163,35.0484],[136.2165,35.0442],[136.2147,35.0443],[136.2142,35.0413],[136.2174,35.0388],[136.2195,35.0401],[136.2206,35.0382],[136.2173,35.0366],[136.2168,35.0357],[136.2145,35.0355],[136.2113,35.0329],[136.2069,35.0318],[136.2038,35.0303],[136.2029,35.0289],[136.1991,35.027],[136.2003,35.0242],[136.1967,35.0225],[136.1932,35.0229],[136.1916,35.0247],[136.1884,35.0241],[136.1858,35.0252],[136.1842,35.025],[136.1841,35.023],[136.1831,35.0206],[136.1835,35.0195],[136.181,35.0174],[136.1807,35.0164],[136.1805,35.0146],[136.1828,35.0139],[136.1818,35.0106],[136.1835,35.0092],[136.1827,35.0071],[136.1828,35.0045],[136.182,35.0023],[136.1844,35.0027],[136.1873,35],[136.1886,35.0001],[136.1889,34.9975],[136.1925,34.9966],[136.1951,34.9951],[136.1967,34.9933],[136.1981,34.9936],[136.2011,34.9924],[136.1997,34.9892],[136.2035,34.9887],[136.206,34.9889],[136.2074,34.9871],[136.2078,34.9853],[136.212,34.9848],[136.2154,34.9856],[136.2163,34.983],[136.2192,34.9803],[136.2199,34.9761],[136.2185,34.9751],[136.219,34.9734],[136.2181,34.9724],[136.2192,34.9712],[136.22,34.9687],[136.2238,34.9695],[136.2255,34.9709],[136.2282,34.9704],[136.2305,34.9676],[136.2298,34.9661],[136.2308,34.9643],[136.236,34.9613],[136.238,34.9592],[136.2415,34.9582],[136.2445,34.9577],[136.2471,34.9565],[136.2522,34.9567],[136.2557,34.9592],[136.2619,34.9615],[136.2638,34.9613],[136.2652,34.9637],[136.2681,34.9633],[136.2697,34.9614],[136.2714,34.9629],[136.2736,34.9637],[136.2751,34.9651],[136.2775,34.9649],[136.278,34.9664],[136.2795,34.9677],[136.2811,34.9681],[136.2817,34.97],[136.2843,34.9707],[136.2839,34.9733],[136.2867,34.9748],[136.2904,34.9737],[136.293,34.9752],[136.295,34.9777],[136.2964,34.9778],[136.2985,34.9798],[136.2988,34.9812],[136.3003,34.9819],[136.3012,34.9836],[136.3036,34.9832],[136.3071,34.9842],[136.3112,34.9829],[136.3132,34.9831],[136.3158,34.9826],[136.3167,34.9808],[136.3189,34.9803],[136.3206,34.9783],[136.3233,34.9776],[136.3251,34.9784],[136.3265,34.9799],[136.3282,34.9809],[136.3296,34.9826],[136.3334,34.9833],[136.335,34.983],[136.3387,34.9855],[136.3394,34.9879],[136.3409,34.9893],[136.3422,34.9928],[136.3418,34.9939],[136.3431,34.9962],[136.3436,34.9985],[136.3431,35.0018],[136.3444,35.0029],[136.3442,35.0054],[136.3454,35.0086],[136.343,35.0103],[136.3413,35.0142],[136.3425,35.0166]]]},"properties":{"prefectureCode":"25","prefectureName":"滋賀県","municipalityName":"日野町","municipalityCode":"25383"}},
{"type":"Feature","geometry":{"type":"Polygon","coordinates":[[[136.078,35.092],[136.0765,35.0894],[136.0781,35.0871],[136.0762,35.085],[136.0758,35.0834],[136.0791,35.0808],[136.0798,35.0774],[136.0785,35.0746],[136.0784,35.0733],[136.0798,35.0717],[136.0789,35.0702],[136.0788,35.0679],[136.0803,35.0668],[136.0788,35.0649],[136.0786,35.062],[136.0797,35.0608],[136.0734,35.0562],[136.0732,35.0523],[136.0765,35.0512],[136.0789,35.0496],[136.0781,35.0481],[136.0789,35.0459],[136.0819,35.041],[136.084,35.0392],[136.0848,35.0364],[136.0839,35.035],[136.0863,35.0332],[136.0866,35.03],[136.089,35.0299],[136.0909,35.029],[136.0923,35.0262],[136.0923,35.0253],[136.094,35.0244],[136.0975,35.0249],[136.0977,35.0234],[136.101,35.0216],[136.1033,35.0218],[136.1046,35.0246],[136.1094,35.0267],[136.1127,35.0276],[136.114,35.0271],[136.1169,35.0271],[136.1172,35.025],[136.1183,35.0227],[136.1198,35.0211],[136.122,35.0216],[136.1236,35.025],[136.1221,35.0277],[136.1213,35.0318],[136.1196,35.0352],[136.1234,35.0371],[136.1262,35.0366],[136.1278,35.0351],[136.1296,35.0354],[136.1315,35.0342],[136.1321,35.0326],[136.1356,35.0315],[136.1369,35.0305],[136.1364,35.0287],[136.1372,35.0269],[136.1409,35.0264],[136.1422,35.025],[136.1432,35.0241],[136.1458,35.0238],[136.146,35.0225],[136.1484,35.0223],[136.1504,35.02],[136.1525,35.0202],[136.1534,35.0193],[136.1579,35.022],[136.1609,35.0243],[136.161,35.0268],[136.1632,35.0289],[136.1635,35.0306],[136.1618,35.029],[136.1565,35.0284],[136.1547,35.0308],[136.155,35.0324],[136.154,35.0357],[136.1524,35.0391],[136.1518,35.0423],[136.15,35.0454],[136.1492,35.048],[136.1493,35.05],[136.1527,35.0512],[136.1519,35.0531],[136.1531,35.0539],[136.1481,35.0592],[136.1441,35.0606],[136.1461,35.0619],[136.1471,35.0647],[136.1491,35.0656],[136.1495,35.0666],[136.1476,35.0701],[136.1497,35.0722],[136.1495,35.0732],[136.1458,35.0764],[136.1425,35.0758],[136.1387,35.0739],[136.136,35.0748],[136.1339,35.0771],[136.1335,35.0797],[136.1351,35.0822],[136.1347,35.0838],[136.1333,35.0846],[136.1313,35.0843],[136.1292,35.0852],[136.1287,35.087],[136.1226,35.0916],[136.1212,35.0918],[136.1189,35.0912],[136.1164,35.0879],[136.1144,35.0876],[136.1102,35.0916],[136.1085,35.0923],[136.1071,35.0918],[136.1058,35.0897],[136.1032,35.0889],[136.1019,35.0913],[136.1005,35.0954],[136.099,35.097],[136.0976,35.0971],[136.094,35.0964],[136.091,35.097],[136.0872,35.0972],[136.0862,35.0952],[136.0844,35.095],[136.0838,35.0938],[136.0816,35.0923],[136.079,35.0932],[136.078,35.092]]]},"properties":{"prefectureCode":"25","prefectureName":"滋賀県","municipalityName":"竜王町","municipalityCode":"25384"}},
{"type":"Feature","geometry":{"type":"Polygon","coordinates":[[[136.1916,35.1902],[136.1952,35.1864],[136.196,35.1846],[136.197,35.1769],[136.1965,35.1708],[136.1975,35.1684],[136.2023,35.1607],[136.2045,35.1615],[136.2051,35.1596],[136.2033,35.159],[136.2044,35.1554],[136.2043,35.148],[136.2083,35.148],[136.21,35.1493],[136.2122,35.148],[136.2123,35.1459],[136.2143,35.1448],[136.2169,35.1479],[136.2229,35.1446],[136.2236,35.1454],[136.227,35.1435],[136.2287,35.1459],[136.2309,35.1471],[136.2322,35.1517],[136.2291,35.1535],[136.2282,35.1548],[136.2295,35.158],[136.2367,35.1587],[136.2397,35.1572],[136.239,35.1547],[136.2422,35.1521],[136.2427,35.1524],[136.2468,35.151],[136.2486,35.1548],[136.248,35.1561],[136.2535,35.1532],[136.2572,35.1577],[136.2588,35.1592],[136.2636,35.1566],[136.2699,35.1557],[136.2733,35.1538],[136.2766,35.1539],[136.2786,35.153],[136.2817,35.1525],[136.2829,35.1531],[136.2852,35.1526],[136.2889,35.1532],[136.291,35.1545],[136.294,35.1552],[136.2963,35.1566],[136.3019,35.1571],[136.3034,35.1577],[136.3077,35.1537],[136.3105,35.1532],[136.3127,35.1501],[136.3134,35.151],[136.3152,35.1512],[136.3184,35.1493],[136.3216,35.1459],[136.3206,35.1443],[136.3203,35.1424],[136.3189,35.1402],[136.3189,35.1386],[136.3226,35.1383],[136.3254,35.137],[136.3263,35.1392],[136.3288,35.1404],[136.3296,35.142],[136.3309,35.1429],[136.3336,35.1434],[136.3357,35.143],[136.3357,35.1442],[136.3342,35.1455],[136.3345,35.148],[136.3323,35.1497],[136.3323,35.1506],[136.3286,35.1525],[136.3284,35.1538],[136.3269,35.1546],[136.3249,35.1537],[136.3237,35.1544],[136.3201,35.1544],[136.3195,35.1549],[136.316,35.1555],[136.3136,35.1548],[136.3108,35.1561],[136.3082,35.1613],[136.3071,35.1626],[136.305,35.1638],[136.303,35.164],[136.3013,35.165],[136.3003,35.1666],[136.2967,35.1663],[136.2949,35.168],[136.2955,35.1699],[136.2955,35.1725],[136.2943,35.1732],[136.2933,35.1761],[136.293,35.1803],[136.2923,35.1816],[136.2905,35.1826],[136.2847,35.1798],[136.2813,35.1805],[136.2783,35.1803],[136.2772,35.1797],[136.2746,35.1802],[136.2753,35.1812],[136.2746,35.1832],[136.2702,35.1836],[136.2667,35.1857],[136.2615,35.1868],[136.2562,35.1884],[136.2548,35.1891],[136.2494,35.1906],[136.2451,35.1907],[136.2363,35.1928],[136.2336,35.1946],[136.2311,35.1953],[136.2299,35.1923],[136.231,35.1898],[136.2325,35.1891],[136.2323,35.1879],[136.2341,35.1864],[136.2327,35.1844],[136.234,35.1828],[136.2372,35.1811],[136.2375,35.1798],[136.2348,35.1763],[136.2308,35.1785],[136.2295,35.1769],[136.2251,35.179],[136.226,35.1817],[136.2259,35.1833],[136.2245,35.1869],[136.2233,35.1876],[136.2196,35.1885],[136.2184,35.1902],[136.2163,35.1905],[136.2157,35.1917],[136.2161,35.1936],[136.2128,35.1951],[136.2053,35.1991],[136.2024,35.1957],[136.2004,35.1949],[136.1952,35.1986],[136.1929,35.1975],[136.1936,35.1949],[136.1917,35.1925],[136.1928,35.1913],[136.1916,35.1902]]]},"properties":{"prefectureCode":"25","prefectureName":"滋賀県","municipalityName":"愛荘町","municipalityCode":"25425"}},
{"type":"Feature","geometry":{"type":"Polygon","coordinates":[[[136.2161,35.1936],[136.2157,35.1917],[136.2163,35.1905],[136.2184,35.1902],[136.2196,35.1885],[136.2233,35.1876],[136.2245,35.1869],[136.2259,35.1833],[136.226,35.1817],[136.2251,35.179],[136.2295,35.1769],[136.2308,35.1785],[136.2348,35.1763],[136.2375,35.1798],[136.2372,35.1811],[136.234,35.1828],[136.2327,35.1844],[136.2341,35.1864],[136.2323,35.1879],[136.2325,35.1891],[136.231,35.1898],[136.2299,35.1923],[136.2311,35.1953],[136.2336,35.1946],[136.2363,35.1928],[136.2451,35.1907],[136.2494,35.1906],[136.2548,35.1891],[136.2562,35.1884],[136.2571,35.19],[136.2562,35.1949],[136.2546,35.1947],[136.2508,35.1963],[136.2486,35.1951],[136.2431,35.1975],[136.2429,35.1991],[136.2443,35.2015],[136.242,35.2025],[136.2448,35.2071],[136.245,35.2092],[136.2376,35.2128],[136.2372,35.2123],[136.23,35.2164],[136.2291,35.2176],[136.2268,35.2177],[136.2258,35.2186],[136.2217,35.2133],[136.2239,35.2122],[136.2212,35.207],[136.2231,35.2059],[136.2225,35.2051],[136.2198,35.2064],[136.2169,35.2029],[136.2169,35.2011],[136.2135,35.1971],[136.216,35.195],[136.2161,35.1936]]]},"properties":{"prefectureCode":"25","prefectureName":"滋賀県","municipalityName":"豊郷町","municipalityCode":"25441"}},
{"type":"Feature","geometry":{"type":"Polygon","coordinates":[[[136.2376,35.2128],[136.245,35.2092],[136.2448,35.2071],[136.242,35.2025],[136.2443,35.2015],[136.2429,35.1991],[136.2431,35.1975],[136.2486,35.1951],[136.2508,35.1963],[136.2546,35.1947],[136.2562,35.1949],[136.2571,35.19],[136.2562,35.1884],[136.2615,35.1868],[136.2667,35.1857],[136.2702,35.1836],[136.2746,35.1832],[136.2753,35.1812],[136.2746,35.1802],[136.2772,35.1797],[136.2783,35.1803],[136.2813,35.1805],[136.2847,35.1798],[136.2905,35.1826],[136.2892,35.1864],[136.2882,35.1871],[136.2883,35.1899],[136.2905,35.191],[136.289,35.195],[136.2858,35.1976],[136.287,35.1995],[136.2844,35.201],[136.2815,35.2031],[136.2787,35.2058],[136.2771,35.2082],[136.2758,35.2111],[136.273,35.2153],[136.2656,35.2224],[136.2607,35.2257],[136.2577,35.2284],[136.2561,35.2299],[136.2546,35.228],[136.2544,35.2255],[136.2521,35.2273],[136.2503,35.226],[136.2506,35.2241],[136.253,35.2203],[136.2507,35.2171],[136.2486,35.2182],[136.2467,35.2178],[136.2446,35.2155],[136.2413,35.2177],[136.2376,35.2128]]]},"properties":{"prefectureCode":"25","prefectureName":"滋賀県","municipalityName":"甲良町","municipalityCode":"25442"}},
{"type":"Feature","geometry":{"type":"Polygon","coordinates":[[[136.2577,35.2284],[136.2607,35.2257],[136.2656,35.2224],[136.273,35.2153],[136.2758,35.2111],[136.2771,35.2082],[136.2787,35.2058],[136.2815,35.2031],[136.2844,35.201],[136.287,35.1995],[136.2858,35.1976],[136.289,35.195],[136.2905,35.191],[136.2883,35.1899],[136.2882,35.1871],[136.2892,35.1864],[136.2905,35.1826],[136.2923,35.1816],[136.293,35.1803],[136.2933,35.1761],[136.2943,35.1732],[136.2955,35.1725],[136.2955,35.1699],[136.2949,35.168],[136.2967,35.1663],[136.3003,35.1666],[136.3013,35.165],[136.303,35.164],[136.305,35.1638],[136.3071,35.1626],[136.3082,35.1613],[136.3108,35.1561],[136.3136,35.1548],[136.316,35.1555],[136.3195,35.1549],[136.3201,35.1544],[136.3237,35.1544],[136.3249,35.1537],[136.3269,35.1546],[136.3284,35.1538],[136.3286,35.1525],[136.3323,35.1506],[136.3323,35.1497],[136.3345,35.148],[136.3342,35.1455],[136.3357,35.1442],[136.3357,35.143],[136.3372,35.1397],[136.3387,35.1399],[136.3402,35.1377],[136.3407,35.1361],[136.3431,35.1359],[136.3476,35.133],[136.3488,35.1333],[136.3507,35.1319],[136.353,35.1319],[136.3547,35.1311],[136.3566,35.1341],[136.3592,35.1365],[136.3638,35.1349],[136.3688,35.1362],[136.3719,35.139],[136.3745,35.1392],[136.3776,35.1405],[136.3792,35.1403],[136.3812,35.1414],[136.3817,35.1425],[136.3844,35.1443],[136.3867,35.1447],[136.3882,35.1464],[136.3884,35.1479],[136.3904,35.1497],[136.3914,35.1516],[136.3912,35.1537],[136.3901,35.1554],[136.3864,35.1569],[136.3853,35.1596],[136.3829,35.1604],[136.3804,35.1622],[136.3794,35.1657],[136.3772,35.1674],[136.3759,35.1697],[136.3761,35.1713],[136.3752,35.1735],[136.3762,35.1753],[136.3745,35.177],[136.3759,35.18],[136.3751,35.1815],[136.3762,35.1836],[136.3765,35.186],[136.3783,35.1872],[136.3795,35.1894],[136.3836,35.1891],[136.3862,35.1909],[136.3877,35.1909],[136.3884,35.1935],[136.3884,35.1962],[136.3891,35.1968],[136.3921,35.1956],[136.3931,35.1946],[136.3953,35.1938],[136.3957,35.1925],[136.4002,35.1894],[136.4013,35.1892],[136.4037,35.1875],[136.4051,35.1879],[136.4087,35.1872],[136.4094,35.1877],[136.4114,35.1908],[136.4127,35.1921],[136.4126,35.1959],[136.4137,35.1978],[136.4138,35.1995],[136.4152,35.2019],[136.4173,35.2027],[136.418,35.2037],[136.4161,35.2055],[136.4164,35.2077],[136.4161,35.2112],[136.4168,35.2144],[136.4157,35.2172],[136.4122,35.2184],[136.4107,35.2215],[136.4083,35.2237],[136.4048,35.2241],[136.4034,35.2253],[136.4017,35.2251],[136.3991,35.2261],[136.3987,35.228],[136.3928,35.2297],[136.3938,35.2307],[136.3927,35.2334],[136.3914,35.2344],[136.3888,35.2343],[136.3857,35.2351],[136.3853,35.237],[136.3837,35.2395],[136.3823,35.2404],[136.3797,35.2409],[136.3773,35.2434],[136.379,35.2444],[136.3791,35.2474],[136.3817,35.2482],[136.3851,35.2483],[136.3873,35.2495],[136.3892,35.2498],[136.394,35.2535],[136.3945,35.2551],[136.3969,35.2579],[136.3949,35.2588],[136.3935,35.2619],[136.3945,35.264],[136.3941,35.265],[136.3948,35.2671],[136.3945,35.271],[136.3959,35.2748],[136.3957,35.2809],[136.3945,35.2824],[136.3947,35.2834],[136.3933,35.286],[136.3917,35.2871],[136.3879,35.2874],[136.3852,35.2868],[136.381,35.2841],[136.3802,35.2855],[136.3778,35.2862],[136.3777,35.2873],[136.3737,35.2862],[136.3716,35.2843],[136.3699,35.282],[136.3637,35.281],[136.363,35.28],[136.3577,35.2776],[136.3575,35.2766],[136.3555,35.2748],[136.3515,35.2741],[136.3516,35.2696],[136.3504,35.2681],[136.348,35.2692],[136.3454,35.2686],[136.3432,35.2674],[136.3414,35.2657],[136.3387,35.264],[136.3364,35.264],[136.3353,35.2651],[136.3295,35.2653],[136.3253,35.2673],[136.3211,35.2677],[136.3201,35.2661],[136.3166,35.2656],[136.3138,35.2636],[136.3137,35.2624],[136.3119,35.2613],[136.3076,35.2576],[136.3045,35.2569],[136.3041,35.2556],[136.3006,35.2572],[136.2968,35.2532],[136.2972,35.2508],[136.2969,35.2491],[136.2945,35.2466],[136.2922,35.246],[136.289,35.244],[136.2881,35.2415],[136.2853,35.2404],[136.2817,35.2404],[136.2794,35.2424],[136.2768,35.2395],[136.2746,35.2403],[136.2714,35.236],[136.2721,35.2356],[136.2699,35.2326],[136.2713,35.2315],[136.275,35.2295],[136.2722,35.226],[136.27,35.2265],[136.2687,35.2256],[136.2666,35.2266],[136.2673,35.2275],[136.2615,35.2305],[136.2588,35.2296],[136.2577,35.2284]]]},"properties":{"prefectureCode":"25","prefectureName":"滋賀県","municipalityName":"多賀町","municipalityCode":"25443"}},
{"type":"Feature","geometry":{"type":"Polygon","coordinates":[[[135.8608,35.283],[135.8595,35.286],[135.8585,35.2871],[135.8584,35.2892],[135.8551,35.2883],[135.8537,35.2869],[135.8517,35.286],[135.8511,35.2836],[135.8496,35.2803],[135.8479,35.2791],[135.845,35.2784],[135.8418,35.2781],[135.8403,35.2771],[135.8401,35.2756],[135.8346,35.2741],[135.8307,35.2765],[135.8296,35.2767],[135.8272,35.2803],[135.8253,35.2817],[135.8255,35.2835],[135.8219,35.2889],[135.8201,35.2911],[135.8213,35.2947],[135.8214,35.2968],[135.8197,35.2993],[135.8166,35.3],[135.815,35.3013],[135.8158,35.3031],[135.8144,35.3071],[135.8107,35.3083],[135.8113,35.3101],[135.8112,35.3135],[135.8088,35.3169],[135.8059,35.3168],[135.8036,35.3173],[135.801,35.3187],[135.7952,35.3212],[135.794,35.3204],[135.7946,35.3189],[135.7919,35.3156],[135.7898,35.3137],[135.7897,35.3109],[135.7877,35.308],[135.7858,35.3074],[135.7828,35.3072],[135.7819,35.3053],[135.7775,35.3051],[135.7776,35.3028],[135.7784,35.3018],[135.7775,35.2966],[135.7777,35.2945],[135.7806,35.293],[135.7815,35.29],[135.7802,35.2889],[135.78,35.2875],[135.7775,35.2868],[135.7766,35.285],[135.7748,35.2841],[135.772,35.288],[135.7692,35.2895],[135.7661,35.2895],[135.7648,35.2884],[135.7628,35.2878],[135.7609,35.2883],[135.7571,35.2884],[135.754,35.2874],[135.7492,35.2874],[135.7483,35.2867],[135.7446,35.2868],[135.7418,35.2872],[135.7383,35.287],[135.7361,35.2877],[135.7338,35.287],[135.733,35.285],[135.7303,35.2847],[135.7292,35.2836],[135.73,35.2814],[135.7298,35.2791],[135.7315,35.2779],[135.7289,35.2747],[135.727,35.2735],[135.7257,35.2717],[135.7268,35.27],[135.7273,35.2678],[135.7263,35.2661],[135.725,35.2656],[135.7221,35.2659],[135.7197,35.2652],[135.7176,35.2653],[135.715,35.263],[135.712,35.261],[135.709,35.2607],[135.7072,35.2614],[135.7059,35.2595],[135.7036,35.2575],[135.702,35.2571],[135.6992,35.2579],[135.6959,35.2572],[135.6932,35.2559],[135.6906,35.2562],[135.6894,35.2552],[135.6865,35.2561],[135.6842,35.2579],[135.681,35.2567],[135.6764,35.2569],[135.6755,35.2581],[135.6725,35.2583],[135.67,35.2591],[135.6673,35.2584],[135.6652,35.2604],[135.6634,35.2607],[135.6608,35.2604],[135.659,35.262],[135.6567,35.2622],[135.6548,35.2632],[135.6519,35.26],[135.6501,35.2604],[135.6463,35.2597],[135.6449,35.2588],[135.6439,35.2571],[135.64,35.258],[135.6377,35.2566],[135.6365,35.2552],[135.6364,35.2531],[135.6306,35.2488],[135.6301,35.2466],[135.6289,35.2454],[135.6293,35.2429],[135.6285,35.2394],[135.6295,35.2388],[135.6297,35.236],[135.6244,35.2337],[135.6202,35.2332],[135.6196,35.2316],[135.6198,35.2289],[135.6192,35.2255],[135.6158,35.2266],[135.6132,35.2256],[135.6124,35.2276],[135.6106,35.2286],[135.6087,35.2283],[135.6042,35.2266],[135.6021,35.2252],[135.5991,35.225],[135.5976,35.224],[135.5954,35.2212],[135.5911,35.2205],[135.5896,35.219],[135.5899,35.2164],[135.5922,35.2137],[135.5943,35.2122],[135.5967,35.2121],[135.5972,35.2097],[135.5963,35.208],[135.5967,35.2046],[135.5965,35.2025],[135.594,35.2008],[135.5923,35.1988],[135.5929,35.1976],[135.5914,35.1964],[135.5912,35.1952],[135.5885,35.1932],[135.5873,35.1909],[135.5842,35.1897],[135.5824,35.1873],[135.583,35.1853],[135.5815,35.1848],[135.5811,35.1832],[135.5786,35.1801],[135.5762,35.1792],[135.5761,35.176],[135.5746,35.1739],[135.5749,35.1727],[135.5735,35.1713],[135.5739,35.169],[135.5723,35.168],[135.5726,35.1662],[135.5703,35.166],[135.5682,35.1634],[135.5681,35.1612],[135.5658,35.1608],[135.5638,35.1578],[135.5616,35.1566],[135.5606,35.1544],[135.5615,35.1536],[135.5604,35.1506],[135.5608,35.1489],[135.5624,35.1482],[135.5617,35.1439],[135.5605,35.1424],[135.5598,35.1391],[135.559,35.1369],[135.5614,35.1348],[135.5614,35.1326],[135.5641,35.1309],[135.5665,35.1281],[135.5679,35.1276],[135.5703,35.1294],[135.571,35.1309],[135.5753,35.1325],[135.5776,35.1277],[135.5798,35.1283],[135.582,35.1282],[135.5837,35.1272],[135.5895,35.1277],[135.592,35.1291],[135.5955,35.1289],[135.5974,35.126],[135.5952,35.1263],[135.591,35.1242],[135.5923,35.1168],[135.5937,35.1145],[135.5956,35.1128],[135.5959,35.1113],[135.5973,35.1101],[135.6024,35.1105],[135.6039,35.1123],[135.605,35.1107],[135.6069,35.1092],[135.6096,35.1083],[135.6093,35.1069],[135.612,35.1049],[135.6147,35.1047],[135.6165,35.1039],[135.6154,35.1018],[135.6164,35.1009],[135.6146,35.0974],[135.6097,35.0952],[135.6052,35.0927],[135.6045,35.0941],[135.6022,35.0944],[135.6008,35.0954],[135.5979,35.0943],[135.5982,35.0924],[135.5942,35.0883],[135.5942,35.0867],[135.5919,35.0841],[135.5925,35.0826],[135.5919,35.0815],[135.5922,35.0792],[135.5901,35.0771],[135.5928,35.0744],[135.5944,35.074],[135.5961,35.0712],[135.5996,35.0707],[135.601,35.0671],[135.6019,35.0662],[135.6015,35.0645],[135.6025,35.0629],[135.6052,35.062],[135.6081,35.0644],[135.6084,35.0665],[135.6126,35.0672],[135.6172,35.0683],[135.6188,35.0682],[135.622,35.0646],[135.6211,35.062],[135.6195,35.0596],[135.6189,35.0572],[135.6174,35.0555],[135.618,35.0538],[135.6181,35.0488],[135.6175,35.0462],[135.6176,35.042],[135.6208,35.0395],[135.6218,35.038],[135.6234,35.0382],[135.6262,35.0395],[135.6276,35.0378],[135.6292,35.037],[135.6296,35.0351],[135.635,35.0309],[135.6349,35.0302],[135.6366,35.0282],[135.638,35.0275],[135.638,35.0252],[135.6399,35.0234],[135.639,35.0201],[135.6364,35.0191],[135.6398,35.0151],[135.643,35.0131],[135.6443,35.0098],[135.6467,35.0075],[135.6461,35.0014],[135.6431,35],[135.6419,35.0003],[135.639,34.9979],[135.6392,34.9937],[135.6378,34.9892],[135.6388,34.9869],[135.638,34.985],[135.6382,34.9808],[135.6402,34.9784],[135.6413,34.9756],[135.6353,34.9753],[135.6341,34.9748],[135.6304,34.9745],[135.6277,34.9727],[135.6264,34.9737],[135.624,34.9744],[135.6159,34.9722],[135.6146,34.9711],[135.6133,34.9712],[135.6138,34.9674],[135.6155,34.9659],[135.6157,34.9628],[135.6178,34.961],[135.6188,34.9588],[135.617,34.9567],[135.6171,34.9557],[135.6152,34.9538],[135.6161,34.9529],[135.6141,34.9503],[135.6141,34.9483],[135.6115,34.9439],[135.6108,34.9397],[135.6083,34.9393],[135.6076,34.9369],[135.6034,34.9358],[135.6019,34.9325],[135.6005,34.931],[135.6011,34.9297],[135.5997,34.9281],[135.6028,34.9273],[135.6054,34.9274],[135.6077,34.9283],[135.612,34.9284],[135.6152,34.9276],[135.6169,34.9285],[135.6191,34.932],[135.6225,34.9335],[135.6238,34.9349],[135.6266,34.9338],[135.6281,34.9337],[135.629,34.935],[135.633,34.9346],[135.6344,34.9336],[135.6343,34.9324],[135.6366,34.931],[135.6382,34.9321],[135.6428,34.9307],[135.6432,34.9297],[135.6461,34.9295],[135.6473,34.9302],[135.6484,34.9325],[135.6513,34.9325],[135.654,34.9341],[135.6567,34.9341],[135.6593,34.9329],[135.6599,34.9355],[135.6637,34.9361],[135.6646,34.9392],[135.6662,34.9392],[135.6681,34.94],[135.6683,34.9411],[135.6702,34.9412],[135.6719,34.9423],[135.672,34.9434],[135.6746,34.9457],[135.6799,34.9445],[135.6853,34.9448],[135.6881,34.9456],[135.6914,34.9454],[135.695,34.9467],[135.6956,34.9485],[135.6935,34.9493],[135.6906,34.9536],[135.6895,34.9541],[135.6876,34.9577],[135.6878,34.959],[135.6853,34.9615],[135.685,34.9627],[135.6831,34.9642],[135.6834,34.9667],[135.6832,34.969],[135.6843,34.9695],[135.6863,34.9683],[135.6875,34.9668],[135.6926,34.9677],[135.6929,34.9684],[135.6997,34.9686],[135.6998,34.9657],[135.7023,34.9656],[135.7023,34.9634],[135.7051,34.9635],[135.7062,34.9625],[135.71,34.9625],[135.7096,34.9557],[135.711,34.9554],[135.711,34.9539],[135.7134,34.9518],[135.7154,34.9517],[135.7174,34.9506],[135.717,34.9487],[135.7171,34.9448],[135.7184,34.9448],[135.7183,34.9421],[135.7182,34.9399],[135.7167,34.9374],[135.7138,34.9356],[135.7138,34.9331],[135.7146,34.9321],[135.7146,34.9291],[135.7146,34.9251],[135.7174,34.9251],[135.715,34.9228],[135.7152,34.9193],[135.7142,34.916],[135.7122,34.9152],[135.7096,34.9126],[135.7093,34.9096],[135.7072,34.9102],[135.7065,34.9081],[135.7053,34.9042],[135.7056,34.9004],[135.7032,34.8987],[135.7046,34.8969],[135.7055,34.8947],[135.709,34.8956],[135.7102,34.8927],[135.7119,34.8932],[135.7119,34.8873],[135.7157,34.8872],[135.7154,34.8828],[135.7207,34.8814],[135.7237,34.8804],[135.7302,34.8766],[135.7325,34.8749],[135.7327,34.8783],[135.7295,34.8805],[135.7275,34.8832],[135.7287,34.8852],[135.7274,34.8864],[135.7242,34.887],[135.7226,34.888],[135.7204,34.8871],[135.7194,34.8882],[135.7215,34.8893],[135.7201,34.8929],[135.7171,34.8918],[135.7163,34.8934],[135.7185,34.894],[135.7169,34.8967],[135.716,34.8992],[135.7196,34.8981],[135.7195,34.8997],[135.7215,34.8998],[135.7247,34.901],[135.726,34.9028],[135.7284,34.9023],[135.732,34.9044],[135.7352,34.9051],[135.7403,34.9048],[135.7405,34.9064],[135.7427,34.907],[135.7446,34.9104],[135.7477,34.9114],[135.7531,34.9042],[135.7609,34.9081],[135.7714,34.9133],[135.7761,34.9161],[135.7806,34.9171],[135.784,34.9165],[135.7898,34.917],[135.7899,34.9201],[135.7908,34.9252],[135.7918,34.9267],[135.7917,34.9291],[135.7922,34.9304],[135.7942,34.9311],[135.7971,34.9363],[135.7993,34.9362],[135.7977,34.9345],[135.7998,34.9342],[135.8032,34.9364],[135.8062,34.9353],[135.8075,34.9376],[135.8108,34.9365],[135.8108,34.9351],[135.8124,34.9344],[135.8143,34.9293],[135.8156,34.9294],[135.8181,34.9266],[135.8208,34.9267],[135.8252,34.9276],[135.8294,34.9274],[135.8305,34.9295],[135.831,34.9328],[135.8301,34.9353],[135.8332,34.9356],[135.8363,34.9343],[135.8361,34.9358],[135.8389,34.9358],[135.8405,34.9351],[135.8447,34.9355],[135.8444,34.9334],[135.8398,34.9317],[135.84,34.9305],[135.8455,34.9302],[135.8473,34.9308],[135.8471,34.9319],[135.8488,34.9326],[135.8488,34.9346],[135.8501,34.9367],[135.8494,34.9373],[135.8499,34.9394],[135.8477,34.9402],[135.8482,34.944],[135.8446,34.9481],[135.8471,34.9484],[135.8486,34.9507],[135.8502,34.9548],[135.8519,34.9569],[135.8573,34.9572],[135.8595,34.9571],[135.8595,34.9539],[135.8626,34.9508],[135.8654,34.9506],[135.8687,34.9492],[135.8746,34.9476],[135.8784,34.9474],[135.8757,34.9506],[135.8754,34.9537],[135.8734,34.9553],[135.8709,34.9554],[135.8693,34.9568],[135.8683,34.9565],[135.8649,34.9572],[135.8635,34.9584],[135.8634,34.9601],[135.8612,34.9629],[135.86,34.9631],[135.8589,34.9649],[135.8561,34.9671],[135.8564,34.9685],[135.8556,34.9699],[135.8523,34.9713],[135.8529,34.9733],[135.8548,34.975],[135.8541,34.9766],[135.8568,34.98],[135.8567,34.9825],[135.855,34.9847],[135.8509,34.9841],[135.8491,34.9848],[135.8491,34.9872],[135.8501,34.99],[135.8493,34.9917],[135.8423,34.9899],[135.8402,34.99],[135.8348,34.9908],[135.8275,34.9911],[135.8294,34.9936],[135.829,34.9948],[135.8306,34.9961],[135.8326,34.9991],[135.8355,34.9993],[135.8366,35.0012],[135.8356,35.0031],[135.8341,35.0045],[135.8327,35.0094],[135.8305,35.0098],[135.8268,35.0084],[135.8241,35.0088],[135.8225,35.0119],[135.8202,35.013],[135.8221,35.0135],[135.8244,35.0131],[135.8249,35.0124],[135.8317,35.0117],[135.8355,35.0123],[135.8359,35.0144],[135.8347,35.0174],[135.8352,35.0184],[135.8345,35.0221],[135.83,35.0214],[135.8274,35.0221],[135.8264,35.0236],[135.8281,35.0284],[135.8275,35.0307],[135.8256,35.032],[135.8246,35.0356],[135.8217,35.0361],[135.8192,35.0388],[135.8172,35.0399],[135.8154,35.0422],[135.8162,35.0436],[135.8148,35.0448],[135.8159,35.0474],[135.8191,35.0492],[135.8211,35.0494],[135.827,35.0539],[135.8316,35.0526],[135.8333,35.053],[135.8334,35.0542],[135.8349,35.0556],[135.8359,35.059],[135.8358,35.0623],[135.8347,35.065],[135.8344,35.0678],[135.8319,35.0715],[135.8341,35.075],[135.8342,35.0761],[135.8363,35.0775],[135.8366,35.0789],[135.8383,35.0791],[135.8383,35.0823],[135.8398,35.0861],[135.8389,35.0881],[135.8375,35.0897],[135.835,35.0913],[135.8375,35.0945],[135.8379,35.0974],[135.8398,35.1003],[135.8429,35.1025],[135.8436,35.1069],[135.8433,35.1099],[135.8447,35.1124],[135.845,35.1143],[135.8474,35.1143],[135.8481,35.1189],[135.8498,35.1205],[135.8495,35.122],[135.8502,35.1233],[135.8493,35.1248],[135.8496,35.1269],[135.8519,35.1313],[135.8523,35.1343],[135.8502,35.1352],[135.8498,35.1369],[135.8506,35.1381],[135.8495,35.139],[135.8497,35.1405],[135.8487,35.1419],[135.8506,35.1445],[135.8526,35.1462],[135.8527,35.1487],[135.8546,35.1527],[135.8568,35.1536],[135.8569,35.1568],[135.8562,35.1594],[135.8545,35.16],[135.8503,35.1603],[135.8468,35.1624],[135.8465,35.1642],[135.8454,35.1654],[135.8457,35.1667],[135.8441,35.1689],[135.8438,35.1723],[135.8424,35.1739],[135.8432,35.1766],[135.8431,35.1789],[135.8406,35.1801],[135.8402,35.1822],[135.841,35.184],[135.8408,35.1859],[135.8423,35.1876],[135.8419,35.1898],[135.8398,35.1914],[135.8388,35.194],[135.8374,35.196],[135.837,35.1998],[135.8352,35.2022],[135.836,35.2033],[135.8355,35.2067],[135.8336,35.209],[135.8311,35.2104],[135.8325,35.2143],[135.8308,35.2149],[135.8298,35.2161],[135.8307,35.2182],[135.8293,35.2205],[135.8309,35.2228],[135.8346,35.224],[135.8374,35.226],[135.8377,35.2289],[135.837,35.2315],[135.8379,35.2353],[135.8375,35.2375],[135.8366,35.2391],[135.8352,35.2396],[135.8348,35.2413],[135.8371,35.2414],[135.8399,35.2439],[135.8402,35.2479],[135.8427,35.2495],[135.844,35.2517],[135.8424,35.2532],[135.8435,35.2555],[135.8461,35.2571],[135.846,35.2584],[135.8447,35.2613],[135.8475,35.2667],[135.8525,35.269],[135.8551,35.2722],[135.8545,35.2753],[135.8556,35.2766],[135.8585,35.2784],[135.8586,35.2811],[135.8608,35.283]]]},"properties":{"prefectureCode":"26","prefectureName":"京都府","municipalityName":"京都市","municipalityCode":"26100"}},
{"type":"Feature","geometry":{"type":"Polygon","coordinates":[[[134.9376,35.3076],[134.9409,35.3087],[134.9433,35.3083],[134.946,35.3072],[134.9471,35.3039],[134.9505,35.3033],[134.9527,35.3022],[134.9544,35.3003],[134.9568,35.2997],[134.9601,35.2979],[134.9635,35.2981],[134.9662,35.2979],[134.9677,35.296],[134.9765,35.2951],[134.9802,35.2942],[134.9831,35.2927],[134.9864,35.2926],[134.9919,35.29],[134.9929,35.2891],[134.9968,35.2897],[134.9993,35.2908],[134.9991,35.2887],[135.0041,35.2856],[135.0073,35.2856],[135.0098,35.2837],[135.0119,35.2805],[135.0114,35.2797],[135.012,35.2762],[135.0104,35.2738],[135.0094,35.2709],[135.0105,35.2697],[135.0154,35.2686],[135.0183,35.2693],[135.0194,35.2679],[135.0218,35.2667],[135.0234,35.2664],[135.0241,35.2652],[135.0268,35.2655],[135.0358,35.2626],[135.0375,35.2607],[135.0399,35.2616],[135.0421,35.2641],[135.045,35.2627],[135.0495,35.262],[135.0528,35.2631],[135.0543,35.2648],[135.0569,35.2645],[135.0566,35.2621],[135.0569,35.2602],[135.0558,35.2595],[135.058,35.2568],[135.058,35.2549],[135.06,35.2524],[135.0614,35.2517],[135.0606,35.2488],[135.0631,35.2478],[135.0643,35.2464],[135.0648,35.2435],[135.0645,35.2418],[135.0674,35.2389],[135.0679,35.2374],[135.0703,35.2387],[135.0729,35.2396],[135.0741,35.2409],[135.0747,35.2433],[135.0783,35.2446],[135.0804,35.2442],[135.0829,35.2464],[135.0854,35.2532],[135.0876,35.2535],[135.0896,35.2545],[135.0911,35.2566],[135.0912,35.2581],[135.0936,35.2599],[135.0946,35.26],[135.0975,35.2586],[135.1003,35.2597],[135.1016,35.2615],[135.1045,35.2636],[135.1093,35.2663],[135.1115,35.2645],[135.1193,35.2626],[135.1228,35.2632],[135.1234,35.2622],[135.1261,35.2623],[135.1289,35.2607],[135.1309,35.2612],[135.1335,35.2633],[135.1348,35.265],[135.138,35.2652],[135.1398,35.2631],[135.142,35.2623],[135.1449,35.2627],[135.147,35.264],[135.149,35.2632],[135.1573,35.2612],[135.1606,35.2583],[135.1612,35.2537],[135.1631,35.2517],[135.163,35.2499],[135.1647,35.249],[135.166,35.2463],[135.167,35.2427],[135.1664,35.2391],[135.1649,35.2381],[135.1647,35.2363],[135.1628,35.2345],[135.1618,35.2312],[135.1603,35.2302],[135.1565,35.2298],[135.1547,35.2267],[135.1567,35.2259],[135.1574,35.2242],[135.1595,35.2226],[135.1616,35.2217],[135.1631,35.2201],[135.1671,35.2202],[135.1687,35.2207],[135.171,35.2203],[135.1718,35.2175],[135.1736,35.2155],[135.1751,35.2146],[135.1795,35.2151],[135.1821,35.216],[135.1854,35.2119],[135.1871,35.2114],[135.1881,35.21],[135.1888,35.2068],[135.1905,35.2061],[135.1918,35.2042],[135.1932,35.2048],[135.1956,35.2042],[135.1971,35.203],[135.1982,35.2005],[135.1988,35.1975],[135.2001,35.1955],[135.1991,35.1936],[135.1968,35.1935],[135.1953,35.1942],[135.1929,35.1941],[135.1893,35.1922],[135.1881,35.192],[135.1867,35.1902],[135.1875,35.1872],[135.1893,35.186],[135.1901,35.1832],[135.1882,35.1814],[135.1886,35.1783],[135.1869,35.1732],[135.1873,35.1719],[135.1912,35.1716],[135.1934,35.1721],[135.1966,35.1695],[135.1989,35.1684],[135.1989,35.167],[135.2001,35.1659],[135.2032,35.1649],[135.2051,35.1631],[135.2048,35.1622],[135.2066,35.1606],[135.2106,35.1612],[135.2136,35.1625],[135.2165,35.1616],[135.2178,35.1623],[135.2222,35.1629],[135.2239,35.164],[135.2249,35.1638],[135.2266,35.1651],[135.2286,35.1658],[135.2287,35.1684],[135.2297,35.1715],[135.2296,35.1724],[135.2314,35.1751],[135.232,35.1775],[135.2366,35.1776],[135.2375,35.1763],[135.2419,35.1769],[135.2439,35.1767],[135.2463,35.1772],[135.2495,35.177],[135.2501,35.178],[135.2536,35.1764],[135.2573,35.1776],[135.2597,35.176],[135.2621,35.1764],[135.2635,35.1756],[135.2674,35.1757],[135.2686,35.1764],[135.2741,35.1772],[135.2749,35.1756],[135.2773,35.1746],[135.2787,35.1751],[135.2808,35.1745],[135.2818,35.1726],[135.2847,35.1712],[135.2893,35.1724],[135.2872,35.1739],[135.2864,35.177],[135.2865,35.1807],[135.288,35.1832],[135.2871,35.185],[135.287,35.1873],[135.2842,35.1902],[135.2836,35.1916],[135.285,35.1924],[135.2856,35.1963],[135.2838,35.1975],[135.2847,35.1997],[135.2866,35.2004],[135.2926,35.1981],[135.2938,35.1984],[135.2949,35.2017],[135.2949,35.2028],[135.2962,35.2043],[135.2961,35.2062],[135.2996,35.2097],[135.3,35.2105],[135.2966,35.212],[135.2951,35.2153],[135.2939,35.216],[135.2931,35.2192],[135.2943,35.22],[135.2979,35.2193],[135.2994,35.2204],[135.2967,35.2241],[135.2949,35.2252],[135.2943,35.2268],[135.2916,35.2293],[135.2909,35.2306],[135.2884,35.2317],[135.2887,35.2346],[135.2921,35.2344],[135.2986,35.2353],[135.2991,35.2371],[135.3016,35.2386],[135.3031,35.2432],[135.3085,35.2445],[135.3105,35.2455],[135.3104,35.2483],[135.3142,35.25],[135.3177,35.2532],[135.3234,35.2549],[135.3242,35.2546],[135.3251,35.2583],[135.3248,35.2598],[135.3216,35.2635],[135.3224,35.2651],[135.3207,35.2658],[135.3211,35.2672],[135.3195,35.2692],[135.3198,35.2705],[135.3189,35.2716],[135.3186,35.2738],[135.3172,35.2735],[135.3115,35.2694],[135.3089,35.2688],[135.3071,35.2695],[135.3052,35.2693],[135.3034,35.268],[135.3016,35.2676],[135.2983,35.2682],[135.2963,35.2669],[135.2926,35.2668],[135.2919,35.2654],[135.2868,35.2661],[135.2853,35.267],[135.2841,35.2666],[135.2817,35.2677],[135.2807,35.2676],[135.2783,35.2691],[135.2775,35.2703],[135.2729,35.2709],[135.2722,35.2717],[135.2673,35.2705],[135.2637,35.2692],[135.2624,35.2673],[135.2601,35.2685],[135.2582,35.2688],[135.255,35.2677],[135.2544,35.2668],[135.2506,35.2654],[135.2487,35.2653],[135.2467,35.2639],[135.2441,35.2657],[135.2432,35.2649],[135.2386,35.2649],[135.2374,35.2668],[135.2339,35.268],[135.2322,35.2692],[135.2312,35.2715],[135.2284,35.2733],[135.2266,35.2732],[135.2235,35.2751],[135.2205,35.2775],[135.2167,35.2769],[135.2135,35.2779],[135.2117,35.2796],[135.2091,35.2805],[135.2059,35.2822],[135.2046,35.2839],[135.2026,35.2843],[135.2006,35.2885],[135.2012,35.2914],[135.2,35.2923],[135.2,35.2942],[135.2015,35.2957],[135.2008,35.2982],[135.2009,35.301],[135.1998,35.3024],[135.1972,35.304],[135.1975,35.3083],[135.1922,35.3106],[135.1853,35.3112],[135.1862,35.3127],[135.186,35.3157],[135.1886,35.3159],[135.1898,35.3176],[135.1928,35.3191],[135.1923,35.3201],[135.1935,35.3213],[135.1918,35.3243],[135.1907,35.3282],[135.1908,35.3301],[135.192,35.3319],[135.1896,35.333],[135.1899,35.3351],[135.1893,35.339],[135.1862,35.3395],[135.1841,35.3394],[135.1814,35.3421],[135.1791,35.3425],[135.1776,35.3444],[135.176,35.345],[135.1728,35.3453],[135.1728,35.347],[135.1768,35.3487],[135.1797,35.3529],[135.183,35.3534],[135.1862,35.3547],[135.1871,35.3559],[135.1861,35.3574],[135.1872,35.3592],[135.1889,35.3601],[135.188,35.3613],[135.185,35.362],[135.1826,35.3645],[135.1806,35.3647],[135.178,35.3674],[135.1738,35.3694],[135.1745,35.3731],[135.1774,35.3721],[135.1835,35.3731],[135.1836,35.3719],[135.1887,35.3706],[135.1897,35.3726],[135.192,35.3734],[135.1931,35.3747],[135.1949,35.3728],[135.1979,35.3712],[135.2011,35.3719],[135.2022,35.3716],[135.204,35.3729],[135.2039,35.3745],[135.2026,35.3763],[135.2047,35.3792],[135.2049,35.3817],[135.2031,35.3833],[135.2066,35.3895],[135.2084,35.3913],[135.2083,35.393],[135.212,35.3952],[135.2145,35.3954],[135.2166,35.3948],[135.2194,35.392],[135.2227,35.3921],[135.2258,35.3915],[135.2281,35.3923],[135.2292,35.3951],[135.2292,35.3963],[135.226,35.397],[135.2228,35.4],[135.2219,35.4017],[135.2218,35.4038],[135.2209,35.4061],[135.2186,35.4077],[135.2182,35.4101],[135.2146,35.4127],[135.2117,35.4124],[135.2076,35.4138],[135.2069,35.4152],[135.2035,35.4144],[135.2035,35.4169],[135.2054,35.4201],[135.2046,35.423],[135.2047,35.4246],[135.2005,35.4272],[135.1966,35.4269],[135.1954,35.4277],[135.1956,35.4295],[135.1913,35.4309],[135.1895,35.4304],[135.1873,35.4306],[135.1862,35.4315],[135.1844,35.4314],[135.1828,35.4298],[135.1802,35.4307],[135.1762,35.4294],[135.1745,35.4282],[135.1732,35.4288],[135.17,35.429],[135.1689,35.4304],[135.1689,35.4326],[135.1702,35.4334],[135.171,35.4369],[135.1695,35.4392],[135.1672,35.4405],[135.1668,35.4418],[135.1684,35.444],[135.1711,35.4446],[135.171,35.4455],[135.1726,35.4488],[135.1704,35.4506],[135.1683,35.4513],[135.166,35.4515],[135.1634,35.4537],[135.1593,35.4539],[135.1594,35.4554],[135.1574,35.4568],[135.1557,35.4571],[135.1537,35.4592],[135.1518,35.4585],[135.1495,35.459],[135.1472,35.4607],[135.1466,35.4622],[135.147,35.4635],[135.1447,35.4656],[135.1406,35.4669],[135.1366,35.4673],[135.1326,35.4684],[135.1298,35.4697],[135.1248,35.4697],[135.1196,35.467],[135.1169,35.4667],[135.1102,35.4636],[135.1089,35.4624],[135.1079,35.4599],[135.1057,35.4579],[135.1062,35.4544],[135.1071,35.4532],[135.107,35.4507],[135.1058,35.4498],[135.1015,35.4488],[135.0998,35.4472],[135.0944,35.4438],[135.09,35.4431],[135.0852,35.4443],[135.0804,35.4435],[135.0773,35.4441],[135.0767,35.4452],[135.0747,35.4456],[135.0705,35.4448],[135.0658,35.4463],[135.0655,35.4497],[135.0612,35.4487],[135.0597,35.4493],[135.0592,35.4521],[135.0541,35.4513],[135.0506,35.4514],[135.0498,35.4507],[135.0507,35.448],[135.0503,35.4462],[135.0518,35.4425],[135.0494,35.4401],[135.0496,35.4388],[135.048,35.4351],[135.0486,35.432],[135.0471,35.4299],[135.0477,35.4286],[135.0469,35.4274],[135.0476,35.4259],[135.047,35.4239],[135.0494,35.4203],[135.0502,35.417],[135.0498,35.4158],[135.0503,35.4137],[135.0488,35.4114],[135.0498,35.4096],[135.0487,35.4074],[135.0467,35.4071],[135.0445,35.4086],[135.0405,35.4088],[135.0384,35.4098],[135.0358,35.4097],[135.03,35.4101],[135.0293,35.4087],[135.0297,35.4056],[135.028,35.4047],[135.0259,35.4024],[135.0236,35.401],[135.0214,35.3967],[135.0192,35.3941],[135.0168,35.3931],[135.0144,35.3941],[135.013,35.3936],[135.0119,35.3917],[135.0099,35.3918],[135.0083,35.3909],[135.0054,35.3907],[135.0045,35.3887],[135.002,35.3871],[135.0001,35.3867],[134.9976,35.3871],[134.9906,35.3857],[134.9871,35.3889],[134.9871,35.3906],[134.9886,35.3928],[134.9879,35.3942],[134.9861,35.3951],[134.9855,35.3962],[134.9808,35.3984],[134.9763,35.3983],[134.975,35.3989],[134.9709,35.399],[134.9651,35.4034],[134.964,35.4061],[134.9631,35.407],[134.9589,35.4091],[134.9549,35.4085],[134.9504,35.4105],[134.9499,35.4114],[134.9461,35.4133],[134.9444,35.4118],[134.9427,35.4116],[134.9398,35.4104],[134.9374,35.4081],[134.9344,35.4074],[134.9323,35.4059],[134.9314,35.4035],[134.9315,35.4014],[134.9299,35.4002],[134.9277,35.3996],[134.9273,35.397],[134.9256,35.394],[134.9234,35.3943],[134.923,35.3911],[134.9254,35.3866],[134.9265,35.3857],[134.9264,35.3826],[134.9272,35.3814],[134.9268,35.3775],[134.9248,35.3754],[134.9235,35.3725],[134.9205,35.3683],[134.9205,35.3668],[134.9189,35.3644],[134.9208,35.3608],[134.9224,35.356],[134.9235,35.3542],[134.9231,35.3527],[134.9203,35.3514],[134.9189,35.3501],[134.9187,35.3463],[134.9173,35.3452],[134.918,35.3441],[134.9172,35.3402],[134.9209,35.3379],[134.9256,35.3367],[134.9267,35.3349],[134.9281,35.3302],[134.9271,35.3283],[134.9248,35.3261],[134.9257,35.3249],[134.9259,35.3218],[134.9247,35.3214],[134.9213,35.3174],[134.9216,35.3151],[134.9247,35.3117],[134.9292,35.3103],[134.9342,35.3078],[134.9376,35.3076]]]},"properties":{"prefectureCode":"26","prefectureName":"京都府","municipalityName":"福知山市","municipalityCode":"26201"}},
{"type":"Feature","geometry":{"type":"MultiPolygon","coordinates":[[[[135.2292,35.3963],[135.2326,35.3972],[135.2341,35.3983],[135.2366,35.3979],[135.239,35.396],[135.2407,35.3968],[135.2445,35.3957],[135.2466,35.3968],[135.2483,35.3967],[135.2505,35.3955],[135.2511,35.3965],[135.2545,35.3991],[135.2555,35.3985],[135.2621,35.399],[135.2666,35.3996],[135.2693,35.3982],[135.2708,35.3964],[135.2732,35.3969],[135.274,35.3977],[135.2761,35.3978],[135.2778,35.3969],[135.28,35.3974],[135.2819,35.3986],[135.284,35.399],[135.2859,35.3982],[135.2881,35.3985],[135.2909,35.3964],[135.2933,35.396],[135.2955,35.3967],[135.2961,35.3954],[135.2957,35.3935],[135.297,35.3897],[135.2996,35.3882],[135.3026,35.3872],[135.3039,35.3853],[135.3068,35.3852],[135.309,35.3832],[135.3104,35.3829],[135.3142,35.384],[135.3178,35.3863],[135.3193,35.3853],[135.3216,35.3871],[135.3234,35.3876],[135.3274,35.3863],[135.3292,35.3866],[135.3314,35.3878],[135.3332,35.3904],[135.3381,35.3914],[135.3386,35.3933],[135.3403,35.3926],[135.342,35.3902],[135.3453,35.3877],[135.3474,35.3866],[135.3503,35.3885],[135.3504,35.3926],[135.3516,35.3938],[135.3552,35.3942],[135.3587,35.3968],[135.3601,35.3967],[135.3607,35.3951],[135.3642,35.3938],[135.3655,35.3929],[135.3682,35.3924],[135.3714,35.3934],[135.3743,35.3935],[135.3763,35.3948],[135.3778,35.394],[135.3793,35.3914],[135.3793,35.3901],[135.3819,35.3872],[135.3823,35.3856],[135.381,35.3827],[135.384,35.38],[135.3884,35.3819],[135.3917,35.3826],[135.3939,35.3841],[135.3944,35.3855],[135.4007,35.39],[135.402,35.3934],[135.4034,35.3948],[135.4081,35.3944],[135.4092,35.3996],[135.4091,35.4012],[135.4076,35.4017],[135.4084,35.4037],[135.4063,35.406],[135.4065,35.4081],[135.4054,35.4101],[135.4037,35.4108],[135.4042,35.4128],[135.4062,35.4159],[135.4052,35.4167],[135.4056,35.4198],[135.4074,35.4219],[135.4073,35.4252],[135.4088,35.4279],[135.4102,35.4271],[135.4141,35.4265],[135.4151,35.4248],[135.4187,35.426],[135.4199,35.426],[135.4228,35.4279],[135.4246,35.4296],[135.426,35.4326],[135.4277,35.4338],[135.43,35.4331],[135.431,35.4302],[135.4343,35.4289],[135.436,35.4292],[135.4409,35.4314],[135.4443,35.4318],[135.4486,35.4348],[135.4484,35.4358],[135.4512,35.4375],[135.4537,35.4397],[135.4562,35.4407],[135.4579,35.4406],[135.4599,35.4448],[135.4628,35.4451],[135.4632,35.4471],[135.4655,35.4489],[135.4657,35.451],[135.4666,35.4522],[135.4681,35.4522],[135.4703,35.4545],[135.4707,35.4559],[135.4695,35.4582],[135.4668,35.4606],[135.4647,35.462],[135.4628,35.4622],[135.4603,35.4657],[135.4597,35.4674],[135.4584,35.4689],[135.4597,35.4707],[135.459,35.473],[135.4625,35.4788],[135.4664,35.482],[135.4669,35.484],[135.4696,35.4848],[135.4693,35.4868],[135.4707,35.4893],[135.4725,35.49],[135.4743,35.4882],[135.4763,35.4897],[135.476,35.492],[135.4751,35.4931],[135.4742,35.497],[135.4726,35.5012],[135.4748,35.5044],[135.4762,35.5055],[135.473,35.5082],[135.4714,35.5083],[135.4701,35.5094],[135.4667,35.5095],[135.4663,35.5105],[135.4636,35.5132],[135.4598,35.5145],[135.4559,35.5176],[135.4531,35.5189],[135.4518,35.5209],[135.4499,35.5208],[135.4493,35.5237],[135.4499,35.5272],[135.4513,35.5279],[135.4519,35.5309],[135.4536,35.5321],[135.4545,35.5342],[135.4541,35.5369],[135.456,35.5399],[135.4581,35.5415],[135.4596,35.5434],[135.4605,35.5485],[135.4635,35.5496],[135.4668,35.5519],[135.4723,35.5538],[135.4741,35.5537],[135.4772,35.5552],[135.4804,35.5557],[135.4838,35.5568],[135.484,35.5578],[135.4812,35.559],[135.4789,35.5582],[135.4772,35.5584],[135.4743,35.5569],[135.4711,35.5608],[135.4724,35.5619],[135.472,35.5641],[135.4692,35.5632],[135.4683,35.5619],[135.4666,35.5618],[135.465,35.5638],[135.4686,35.5663],[135.4658,35.5684],[135.4651,35.5712],[135.4605,35.5703],[135.4591,35.5695],[135.4575,35.5704],[135.4558,35.5684],[135.4535,35.5674],[135.4518,35.5677],[135.4516,35.5693],[135.4495,35.5722],[135.4493,35.5757],[135.4499,35.5774],[135.4492,35.579],[135.4496,35.5805],[135.4515,35.5815],[135.4536,35.5834],[135.4538,35.5843],[135.4561,35.5848],[135.455,35.5879],[135.4537,35.5887],[135.4525,35.5914],[135.4571,35.5919],[135.4562,35.5942],[135.4575,35.5956],[135.4599,35.5948],[135.4604,35.5935],[135.4625,35.5923],[135.4624,35.5945],[135.4609,35.5958],[135.4617,35.5971],[135.4615,35.5986],[135.4642,35.6002],[135.4632,35.6013],[135.4627,35.6037],[135.4598,35.6017],[135.4576,35.6016],[135.4566,35.6002],[135.4548,35.6],[135.4533,35.5985],[135.4523,35.5994],[135.4504,35.599],[135.4497,35.598],[135.4501,35.5949],[135.4497,35.5936],[135.4478,35.5927],[135.4462,35.5936],[135.4443,35.5907],[135.4424,35.5917],[135.436,35.5901],[135.4341,35.5907],[135.4337,35.5895],[135.4352,35.5884],[135.4354,35.5863],[135.4345,35.5855],[135.4343,35.5832],[135.4358,35.5828],[135.4346,35.581],[135.4322,35.5806],[135.4306,35.579],[135.429,35.5801],[135.4267,35.5801],[135.4263,35.5793],[135.4285,35.5783],[135.4289,35.5773],[135.427,35.5751],[135.4255,35.5749],[135.4252,35.5703],[135.4277,35.5696],[135.4271,35.5668],[135.4249,35.5667],[135.4181,35.5686],[135.4158,35.5687],[135.4133,35.5701],[135.4113,35.5691],[135.4098,35.5673],[135.4063,35.5646],[135.4039,35.5618],[135.3999,35.562],[135.3983,35.5598],[135.3961,35.5585],[135.3923,35.5575],[135.3901,35.5565],[135.3874,35.5578],[135.385,35.5599],[135.3794,35.562],[135.3782,35.5609],[135.3776,35.5589],[135.3747,35.5573],[135.3703,35.5535],[135.3665,35.5513],[135.3615,35.551],[135.3574,35.5495],[135.3519,35.5443],[135.3482,35.5429],[135.346,35.5434],[135.344,35.5445],[135.3444,35.5467],[135.3441,35.5514],[135.343,35.5519],[135.3404,35.5499],[135.3387,35.5473],[135.3392,35.5458],[135.3389,35.5434],[135.338,35.5424],[135.3365,35.5377],[135.3363,35.5321],[135.3378,35.5277],[135.3376,35.5267],[135.3391,35.5236],[135.3405,35.5236],[135.3418,35.5222],[135.3438,35.5221],[135.3447,35.5213],[135.3482,35.5215],[135.3497,35.5192],[135.3494,35.5178],[135.3477,35.5164],[135.3441,35.5157],[135.3437,35.5139],[135.3459,35.5128],[135.3474,35.5099],[135.346,35.5086],[135.3441,35.5092],[135.3421,35.5074],[135.3449,35.5065],[135.3435,35.5042],[135.3467,35.5042],[135.3477,35.5049],[135.3513,35.5047],[135.3539,35.5035],[135.355,35.5024],[135.3567,35.5027],[135.3584,35.5051],[135.3599,35.5055],[135.3636,35.5041],[135.3652,35.5054],[135.3675,35.5057],[135.3685,35.5049],[135.3714,35.5054],[135.372,35.5062],[135.3779,35.5046],[135.3797,35.5025],[135.3835,35.504],[135.3843,35.5054],[135.3847,35.5116],[135.3861,35.5133],[135.3879,35.5134],[135.3889,35.5164],[135.3918,35.5173],[135.3941,35.5172],[135.3967,35.5155],[135.3959,35.513],[135.3934,35.5103],[135.3943,35.509],[135.391,35.5087],[135.3908,35.5063],[135.3941,35.4998],[135.398,35.5],[135.3994,35.5014],[135.4009,35.5005],[135.3997,35.4994],[135.3996,35.498],[135.3979,35.4964],[135.4005,35.4947],[135.4003,35.4935],[135.3977,35.4923],[135.3961,35.4896],[135.3961,35.4881],[135.3949,35.4845],[135.3964,35.4835],[135.3982,35.4789],[135.3941,35.4776],[135.3929,35.4809],[135.3916,35.4828],[135.3898,35.4823],[135.3886,35.4806],[135.3854,35.4787],[135.3851,35.4764],[135.3835,35.4769],[135.3832,35.4782],[135.3735,35.4769],[135.3716,35.477],[135.3727,35.4814],[135.3777,35.4809],[135.3775,35.4825],[135.3811,35.4831],[135.3827,35.4847],[135.3821,35.4858],[135.3787,35.4878],[135.3796,35.4903],[135.3749,35.4917],[135.3735,35.4913],[135.3726,35.4894],[135.3713,35.4902],[135.3686,35.489],[135.3681,35.4901],[135.366,35.49],[135.3637,35.488],[135.3607,35.4875],[135.3595,35.4888],[135.3546,35.4885],[135.3521,35.4914],[135.351,35.4916],[135.3476,35.4944],[135.3473,35.4931],[135.3503,35.4908],[135.3485,35.4904],[135.3481,35.4893],[135.3496,35.4864],[135.3476,35.4845],[135.3451,35.4835],[135.3422,35.4831],[135.3411,35.4812],[135.343,35.4805],[135.3446,35.4819],[135.3467,35.4825],[135.3489,35.4811],[135.3461,35.4802],[135.346,35.4778],[135.3478,35.4764],[135.3473,35.4751],[135.3444,35.475],[135.3412,35.4735],[135.3373,35.473],[135.3354,35.4703],[135.334,35.4693],[135.3318,35.4691],[135.3305,35.4677],[135.3297,35.4652],[135.3273,35.4652],[135.327,35.4639],[135.3275,35.46],[135.3248,35.459],[135.3245,35.4571],[135.3228,35.4561],[135.3223,35.4577],[135.3205,35.4564],[135.3217,35.4524],[135.3201,35.452],[135.3193,35.4539],[135.3177,35.4535],[135.3185,35.4516],[135.3167,35.4512],[135.316,35.4531],[135.3134,35.4524],[135.3109,35.4581],[135.312,35.4592],[135.3148,35.4599],[135.3162,35.4588],[135.3179,35.4634],[135.3171,35.4648],[135.3174,35.4668],[135.3185,35.4673],[135.3194,35.4692],[135.3188,35.4707],[135.3152,35.4714],[135.3158,35.4728],[135.3195,35.4737],[135.3219,35.4766],[135.3211,35.4776],[135.3189,35.4781],[135.3183,35.4767],[135.3164,35.4784],[135.3168,35.4796],[135.319,35.4808],[135.3243,35.4819],[135.3238,35.4837],[135.3247,35.4843],[135.3229,35.4866],[135.3245,35.4879],[135.3243,35.4901],[135.328,35.4906],[135.3302,35.4921],[135.3321,35.4952],[135.3321,35.497],[135.3333,35.5017],[135.3331,35.5035],[135.3348,35.5041],[135.3347,35.5057],[135.3316,35.5099],[135.3325,35.5124],[135.3318,35.516],[135.3312,35.5168],[135.3279,35.5172],[135.3268,35.518],[135.327,35.5212],[135.3255,35.5221],[135.325,35.5244],[135.3234,35.5257],[135.3206,35.5253],[135.3172,35.5227],[135.3172,35.5203],[135.3147,35.5168],[135.3142,35.5154],[135.3128,35.5148],[135.3103,35.5122],[135.3074,35.5124],[135.3049,35.5132],[135.2978,35.5148],[135.2963,35.5155],[135.2934,35.5157],[135.2913,35.515],[135.2884,35.516],[135.2885,35.5136],[135.2877,35.508],[135.2877,35.4995],[135.2863,35.4985],[135.2844,35.4932],[135.2849,35.492],[135.2839,35.4898],[135.2812,35.4907],[135.2763,35.4913],[135.2737,35.4922],[135.274,35.4935],[135.2717,35.4961],[135.2658,35.4982],[135.2623,35.5035],[135.2606,35.5048],[135.2604,35.5063],[135.2582,35.5075],[135.2563,35.5078],[135.2542,35.5105],[135.2472,35.5097],[135.2448,35.5077],[135.2417,35.5073],[135.2372,35.5097],[135.236,35.5096],[135.2342,35.5112],[135.2329,35.5104],[135.2313,35.5083],[135.2295,35.5082],[135.2284,35.5059],[135.2257,35.5041],[135.224,35.5037],[135.2237,35.5018],[135.2213,35.5007],[135.2199,35.4985],[135.2203,35.4955],[135.2187,35.4929],[135.2144,35.4927],[135.2095,35.4932],[135.2072,35.4923],[135.2054,35.491],[135.201,35.4899],[135.202,35.4873],[135.2005,35.4858],[135.2017,35.4842],[135.2015,35.4817],[135.1983,35.479],[135.198,35.4776],[135.1958,35.4767],[135.194,35.4741],[135.1908,35.4729],[135.186,35.4699],[135.1855,35.4664],[135.1859,35.4642],[135.1848,35.4624],[135.1806,35.4603],[135.1791,35.4601],[135.1756,35.4584],[135.1745,35.4569],[135.1694,35.4561],[135.1659,35.4562],[135.164,35.4573],[135.1611,35.4572],[135.1594,35.4554],[135.1593,35.4539],[135.1634,35.4537],[135.166,35.4515],[135.1683,35.4513],[135.1704,35.4506],[135.1726,35.4488],[135.171,35.4455],[135.1711,35.4446],[135.1684,35.444],[135.1668,35.4418],[135.1672,35.4405],[135.1695,35.4392],[135.171,35.4369],[135.1702,35.4334],[135.1689,35.4326],[135.1689,35.4304],[135.17,35.429],[135.1732,35.4288],[135.1745,35.4282],[135.1762,35.4294],[135.1802,35.4307],[135.1828,35.4298],[135.1844,35.4314],[135.1862,35.4315],[135.1873,35.4306],[135.1895,35.4304],[135.1913,35.4309],[135.1956,35.4295],[135.1954,35.4277],[135.1966,35.4269],[135.2005,35.4272],[135.2047,35.4246],[135.2046,35.423],[135.2054,35.4201],[135.2035,35.4169],[135.2035,35.4144],[135.2069,35.4152],[135.2076,35.4138],[135.2117,35.4124],[135.2146,35.4127],[135.2182,35.4101],[135.2186,35.4077],[135.2209,35.4061],[135.2218,35.4038],[135.2219,35.4017],[135.2228,35.4],[135.226,35.397],[135.2292,35.3963]]],[[[135.475,35.5947],[135.4779,35.5934],[135.4805,35.593],[135.4811,35.5951],[135.4808,35.6],[135.4814,35.6014],[135.4804,35.6038],[135.4783,35.6046],[135.4772,35.6027],[135.4779,35.6009],[135.4767,35.5991],[135.4766,35.596],[135.475,35.5947]]],[[[135.4226,35.6784],[135.4234,35.6765],[135.4267,35.6793],[135.4277,35.6814],[135.4268,35.6866],[135.425,35.6846],[135.4222,35.6824],[135.4213,35.6802],[135.4226,35.6784]]],[[[135.4812,35.5667],[135.4807,35.5677],[135.4761,35.5675],[135.4794,35.5659],[135.4812,35.5667]]],[[[135.3295,35.4703],[135.3314,35.4696],[135.3343,35.471],[135.336,35.4732],[135.3343,35.4747],[135.3315,35.4734],[135.3295,35.4703]]],[[[135.3417,35.4946],[135.3446,35.4945],[135.3477,35.496],[135.3478,35.497],[135.3446,35.4979],[135.3418,35.4976],[135.3406,35.4987],[135.339,35.4982],[135.3395,35.4958],[135.3386,35.4936],[135.3417,35.4946]]],[[[135.3458,35.4883],[135.3461,35.4897],[135.3435,35.4893],[135.3443,35.4881],[135.3458,35.4883]]]]},"properties":{"prefectureCode":"26","prefectureName":"京都府","municipalityName":"舞鶴市","municipalityCode":"26202"}},
{"type":"Feature","geometry":{"type":"Polygon","coordinates":[[[135.3186,35.2738],[135.3218,35.2738],[135.3269,35.2732],[135.3291,35.2714],[135.3324,35.2711],[135.3344,35.2729],[135.3348,35.2757],[135.3364,35.2783],[135.3386,35.2799],[135.3414,35.2803],[135.3453,35.282],[135.346,35.2846],[135.3483,35.2856],[135.3499,35.2883],[135.3513,35.2893],[135.3588,35.2921],[135.3603,35.2907],[135.3625,35.2916],[135.3673,35.292],[135.3696,35.2945],[135.3698,35.2967],[135.3722,35.2988],[135.3739,35.2985],[135.3756,35.2994],[135.3774,35.3018],[135.3793,35.3029],[135.3795,35.3056],[135.3815,35.3072],[135.3824,35.3092],[135.382,35.3113],[135.3846,35.3149],[135.3868,35.3151],[135.3879,35.3163],[135.3898,35.3166],[135.3926,35.3179],[135.3939,35.32],[135.3967,35.3209],[135.3985,35.3234],[135.3998,35.3235],[135.401,35.3249],[135.403,35.3257],[135.4051,35.3257],[135.4117,35.3271],[135.4143,35.3286],[135.416,35.3305],[135.4168,35.3347],[135.4184,35.3357],[135.4228,35.3369],[135.4285,35.3423],[135.4306,35.3413],[135.4344,35.3418],[135.4371,35.3434],[135.4399,35.3433],[135.4412,35.3416],[135.445,35.3433],[135.446,35.3441],[135.4496,35.3442],[135.4512,35.3455],[135.4539,35.3466],[135.455,35.3483],[135.4562,35.3477],[135.4566,35.3459],[135.4579,35.3446],[135.4592,35.3451],[135.4634,35.3451],[135.4675,35.346],[135.4694,35.345],[135.4704,35.3453],[135.4754,35.3438],[135.4781,35.3443],[135.481,35.3439],[135.4829,35.3453],[135.4863,35.3457],[135.49,35.3438],[135.4933,35.3434],[135.4961,35.344],[135.4981,35.3422],[135.4995,35.3448],[135.4988,35.3465],[135.5,35.3478],[135.5018,35.3479],[135.5054,35.3491],[135.5053,35.3521],[135.5043,35.3538],[135.5016,35.3549],[135.5001,35.3579],[135.5001,35.3599],[135.5021,35.361],[135.5045,35.3608],[135.5068,35.3619],[135.5103,35.3628],[135.512,35.3647],[135.5164,35.3647],[135.5218,35.3697],[135.5248,35.3702],[135.5282,35.3692],[135.5323,35.37],[135.5344,35.3712],[135.5348,35.3738],[135.534,35.3762],[135.5345,35.3774],[135.534,35.378],[135.5299,35.379],[135.5275,35.3802],[135.5271,35.3847],[135.5262,35.3862],[135.5281,35.3871],[135.5289,35.3887],[135.5288,35.3907],[135.5316,35.3928],[135.5298,35.3976],[135.5279,35.3977],[135.527,35.3996],[135.5257,35.4008],[135.5252,35.4031],[135.5266,35.4052],[135.5276,35.4055],[135.5286,35.4074],[135.53,35.4084],[135.53,35.4101],[135.5277,35.4121],[135.5276,35.4152],[135.5265,35.4167],[135.527,35.4184],[135.5258,35.4204],[135.5239,35.4218],[135.5223,35.4219],[135.5208,35.4229],[135.5159,35.4219],[135.5115,35.4244],[135.5101,35.4244],[135.507,35.4223],[135.5057,35.4209],[135.502,35.42],[135.5008,35.4216],[135.5005,35.4233],[135.4979,35.425],[135.4962,35.4251],[135.4954,35.4264],[135.4966,35.4281],[135.4955,35.4293],[135.4981,35.4323],[135.5005,35.4325],[135.5007,35.4334],[135.499,35.4346],[135.4978,35.4375],[135.4952,35.439],[135.491,35.4386],[135.4881,35.4395],[135.4892,35.4415],[135.4872,35.4448],[135.4861,35.4486],[135.4842,35.448],[135.4809,35.4481],[135.4783,35.45],[135.475,35.4519],[135.4739,35.4532],[135.4703,35.4545],[135.4681,35.4522],[135.4666,35.4522],[135.4657,35.451],[135.4655,35.4489],[135.4632,35.4471],[135.4628,35.4451],[135.4599,35.4448],[135.4579,35.4406],[135.4562,35.4407],[135.4537,35.4397],[135.4512,35.4375],[135.4484,35.4358],[135.4486,35.4348],[135.4443,35.4318],[135.4409,35.4314],[135.436,35.4292],[135.4343,35.4289],[135.431,35.4302],[135.43,35.4331],[135.4277,35.4338],[135.426,35.4326],[135.4246,35.4296],[135.4228,35.4279],[135.4199,35.426],[135.4187,35.426],[135.4151,35.4248],[135.4141,35.4265],[135.4102,35.4271],[135.4088,35.4279],[135.4073,35.4252],[135.4074,35.4219],[135.4056,35.4198],[135.4052,35.4167],[135.4062,35.4159],[135.4042,35.4128],[135.4037,35.4108],[135.4054,35.4101],[135.4065,35.4081],[135.4063,35.406],[135.4084,35.4037],[135.4076,35.4017],[135.4091,35.4012],[135.4092,35.3996],[135.4081,35.3944],[135.4034,35.3948],[135.402,35.3934],[135.4007,35.39],[135.3944,35.3855],[135.3939,35.3841],[135.3917,35.3826],[135.3884,35.3819],[135.384,35.38],[135.381,35.3827],[135.3823,35.3856],[135.3819,35.3872],[135.3793,35.3901],[135.3793,35.3914],[135.3778,35.394],[135.3763,35.3948],[135.3743,35.3935],[135.3714,35.3934],[135.3682,35.3924],[135.3655,35.3929],[135.3642,35.3938],[135.3607,35.3951],[135.3601,35.3967],[135.3587,35.3968],[135.3552,35.3942],[135.3516,35.3938],[135.3504,35.3926],[135.3503,35.3885],[135.3474,35.3866],[135.3453,35.3877],[135.342,35.3902],[135.3403,35.3926],[135.3386,35.3933],[135.3381,35.3914],[135.3332,35.3904],[135.3314,35.3878],[135.3292,35.3866],[135.3274,35.3863],[135.3234,35.3876],[135.3216,35.3871],[135.3193,35.3853],[135.3178,35.3863],[135.3142,35.384],[135.3104,35.3829],[135.309,35.3832],[135.3068,35.3852],[135.3039,35.3853],[135.3026,35.3872],[135.2996,35.3882],[135.297,35.3897],[135.2957,35.3935],[135.2961,35.3954],[135.2955,35.3967],[135.2933,35.396],[135.2909,35.3964],[135.2881,35.3985],[135.2859,35.3982],[135.284,35.399],[135.2819,35.3986],[135.28,35.3974],[135.2778,35.3969],[135.2761,35.3978],[135.274,35.3977],[135.2732,35.3969],[135.2708,35.3964],[135.2693,35.3982],[135.2666,35.3996],[135.2621,35.399],[135.2555,35.3985],[135.2545,35.3991],[135.2511,35.3965],[135.2505,35.3955],[135.2483,35.3967],[135.2466,35.3968],[135.2445,35.3957],[135.2407,35.3968],[135.239,35.396],[135.2366,35.3979],[135.2341,35.3983],[135.2326,35.3972],[135.2292,35.3963],[135.2292,35.3951],[135.2281,35.3923],[135.2258,35.3915],[135.2227,35.3921],[135.2194,35.392],[135.2166,35.3948],[135.2145,35.3954],[135.212,35.3952],[135.2083,35.393],[135.2084,35.3913],[135.2066,35.3895],[135.2031,35.3833],[135.2049,35.3817],[135.2047,35.3792],[135.2026,35.3763],[135.2039,35.3745],[135.204,35.3729],[135.2022,35.3716],[135.2011,35.3719],[135.1979,35.3712],[135.1949,35.3728],[135.1931,35.3747],[135.192,35.3734],[135.1897,35.3726],[135.1887,35.3706],[135.1836,35.3719],[135.1835,35.3731],[135.1774,35.3721],[135.1745,35.3731],[135.1738,35.3694],[135.178,35.3674],[135.1806,35.3647],[135.1826,35.3645],[135.185,35.362],[135.188,35.3613],[135.1889,35.3601],[135.1872,35.3592],[135.1861,35.3574],[135.1871,35.3559],[135.1862,35.3547],[135.183,35.3534],[135.1797,35.3529],[135.1768,35.3487],[135.1728,35.347],[135.1728,35.3453],[135.176,35.345],[135.1776,35.3444],[135.1791,35.3425],[135.1814,35.3421],[135.1841,35.3394],[135.1862,35.3395],[135.1893,35.339],[135.1899,35.3351],[135.1896,35.333],[135.192,35.3319],[135.1908,35.3301],[135.1907,35.3282],[135.1918,35.3243],[135.1935,35.3213],[135.1923,35.3201],[135.1928,35.3191],[135.1898,35.3176],[135.1886,35.3159],[135.186,35.3157],[135.1862,35.3127],[135.1853,35.3112],[135.1922,35.3106],[135.1975,35.3083],[135.1972,35.304],[135.1998,35.3024],[135.2009,35.301],[135.2008,35.2982],[135.2015,35.2957],[135.2,35.2942],[135.2,35.2923],[135.2012,35.2914],[135.2006,35.2885],[135.2026,35.2843],[135.2046,35.2839],[135.2059,35.2822],[135.2091,35.2805],[135.2117,35.2796],[135.2135,35.2779],[135.2167,35.2769],[135.2205,35.2775],[135.2235,35.2751],[135.2266,35.2732],[135.2284,35.2733],[135.2312,35.2715],[135.2322,35.2692],[135.2339,35.268],[135.2374,35.2668],[135.2386,35.2649],[135.2432,35.2649],[135.2441,35.2657],[135.2467,35.2639],[135.2487,35.2653],[135.2506,35.2654],[135.2544,35.2668],[135.255,35.2677],[135.2582,35.2688],[135.2601,35.2685],[135.2624,35.2673],[135.2637,35.2692],[135.2673,35.2705],[135.2722,35.2717],[135.2729,35.2709],[135.2775,35.2703],[135.2783,35.2691],[135.2807,35.2676],[135.2817,35.2677],[135.2841,35.2666],[135.2853,35.267],[135.2868,35.2661],[135.2919,35.2654],[135.2926,35.2668],[135.2963,35.2669],[135.2983,35.2682],[135.3016,35.2676],[135.3034,35.268],[135.3052,35.2693],[135.3071,35.2695],[135.3089,35.2688],[135.3115,35.2694],[135.3172,35.2735],[135.3186,35.2738]]]},"properties":{"prefectureCode":"26","prefectureName":"京都府","municipalityName":"綾部市","municipalityCode":"26203"}},
{"type":"Feature","geometry":{"type":"Polygon","coordinates":[[[135.8784,34.9474],[135.8746,34.9476],[135.8687,34.9492],[135.8654,34.9506],[135.8626,34.9508],[135.8595,34.9539],[135.8595,34.9571],[135.8573,34.9572],[135.8519,34.9569],[135.8502,34.9548],[135.8486,34.9507],[135.8471,34.9484],[135.8446,34.9481],[135.8482,34.944],[135.8477,34.9402],[135.8499,34.9394],[135.8494,34.9373],[135.8501,34.9367],[135.8488,34.9346],[135.8488,34.9326],[135.8471,34.9319],[135.8473,34.9308],[135.8455,34.9302],[135.84,34.9305],[135.8398,34.9317],[135.8444,34.9334],[135.8447,34.9355],[135.8405,34.9351],[135.8389,34.9358],[135.8361,34.9358],[135.8363,34.9343],[135.8332,34.9356],[135.8301,34.9353],[135.831,34.9328],[135.8305,34.9295],[135.8294,34.9274],[135.8252,34.9276],[135.8208,34.9267],[135.8181,34.9266],[135.8156,34.9294],[135.8143,34.9293],[135.8124,34.9344],[135.8108,34.9351],[135.8108,34.9365],[135.8075,34.9376],[135.8062,34.9353],[135.8032,34.9364],[135.7998,34.9342],[135.7977,34.9345],[135.7993,34.9362],[135.7971,34.9363],[135.7942,34.9311],[135.7922,34.9304],[135.7917,34.9291],[135.7918,34.9267],[135.7908,34.9252],[135.7899,34.9201],[135.7898,34.917],[135.784,34.9165],[135.7806,34.9171],[135.7761,34.9161],[135.7714,34.9133],[135.7609,34.9081],[135.7651,34.9024],[135.7632,34.9015],[135.7642,34.8993],[135.7663,34.8964],[135.7655,34.8952],[135.7668,34.8935],[135.7651,34.8927],[135.7638,34.8943],[135.7619,34.8933],[135.76,34.8934],[135.7598,34.8862],[135.7658,34.8862],[135.7659,34.8806],[135.7666,34.8804],[135.7671,34.8744],[135.7626,34.8747],[135.7596,34.8745],[135.7599,34.8685],[135.7633,34.8684],[135.7705,34.8687],[135.7761,34.8684],[135.7807,34.8697],[135.7856,34.8682],[135.7889,34.866],[135.7935,34.8671],[135.794,34.8662],[135.7974,34.8657],[135.7996,34.8669],[135.8015,34.8672],[135.804,34.8658],[135.8059,34.8637],[135.809,34.8637],[135.8121,34.861],[135.817,34.8605],[135.8196,34.8587],[135.8249,34.8579],[135.826,34.8587],[135.8291,34.8588],[135.8296,34.8599],[135.8271,34.8606],[135.8257,34.863],[135.8279,34.8657],[135.8294,34.8649],[135.8319,34.8647],[135.8327,34.8658],[135.8369,34.8674],[135.8378,34.8703],[135.843,34.8706],[135.8439,34.872],[135.8446,34.8767],[135.8469,34.8791],[135.8487,34.8817],[135.8524,34.8829],[135.8554,34.8843],[135.858,34.8836],[135.8596,34.8849],[135.8593,34.8869],[135.8617,34.8908],[135.8627,34.8915],[135.8666,34.8921],[135.8675,34.8933],[135.8673,34.8969],[135.8658,34.8995],[135.8633,34.9025],[135.8631,34.9037],[135.8674,34.907],[135.8697,34.9078],[135.8712,34.9099],[135.8715,34.9119],[135.8712,34.9151],[135.8694,34.9163],[135.8691,34.9202],[135.8702,34.9213],[135.8704,34.9228],[135.8719,34.9239],[135.8707,34.926],[135.8726,34.9269],[135.8729,34.9282],[135.8749,34.9304],[135.8759,34.9307],[135.8775,34.9327],[135.8799,34.9345],[135.8784,34.9369],[135.8785,34.9379],[135.8767,34.9403],[135.8771,34.9412],[135.876,34.9432],[135.8767,34.9446],[135.8788,34.9469],[135.8784,34.9474]]]},"properties":{"prefectureCode":"26","prefectureName":"京都府","municipalityName":"宇治市","municipalityCode":"26204"}},
{"type":"Feature","geometry":{"type":"Polygon","coordinates":[[[135.1594,35.4554],[135.1611,35.4572],[135.164,35.4573],[135.1659,35.4562],[135.1694,35.4561],[135.1745,35.4569],[135.1756,35.4584],[135.1791,35.4601],[135.1806,35.4603],[135.1848,35.4624],[135.1859,35.4642],[135.1855,35.4664],[135.186,35.4699],[135.1908,35.4729],[135.194,35.4741],[135.1958,35.4767],[135.198,35.4776],[135.1983,35.479],[135.2015,35.4817],[135.2017,35.4842],[135.2005,35.4858],[135.202,35.4873],[135.201,35.4899],[135.2054,35.491],[135.2072,35.4923],[135.2095,35.4932],[135.2144,35.4927],[135.2187,35.4929],[135.2203,35.4955],[135.2199,35.4985],[135.2213,35.5007],[135.2237,35.5018],[135.224,35.5037],[135.2257,35.5041],[135.2284,35.5059],[135.2295,35.5082],[135.2313,35.5083],[135.2329,35.5104],[135.2342,35.5112],[135.236,35.5096],[135.2372,35.5097],[135.2417,35.5073],[135.2448,35.5077],[135.2472,35.5097],[135.2542,35.5105],[135.2563,35.5078],[135.2582,35.5075],[135.2604,35.5063],[135.2606,35.5048],[135.2623,35.5035],[135.2658,35.4982],[135.2717,35.4961],[135.274,35.4935],[135.2737,35.4922],[135.2763,35.4913],[135.2812,35.4907],[135.2839,35.4898],[135.2849,35.492],[135.2844,35.4932],[135.2863,35.4985],[135.2877,35.4995],[135.2877,35.508],[135.2885,35.5136],[135.2884,35.516],[135.2861,35.5168],[135.2841,35.5192],[135.2777,35.5222],[135.2764,35.5225],[135.2739,35.5244],[135.2718,35.525],[135.2732,35.5287],[135.2695,35.5303],[135.2693,35.5333],[135.2674,35.5339],[135.2646,35.5333],[135.2616,35.5336],[135.2584,35.5349],[135.2549,35.5341],[135.2529,35.5345],[135.2486,35.536],[135.2456,35.5353],[135.2438,35.5362],[135.2404,35.5397],[135.2385,35.5427],[135.2371,35.5464],[135.2365,35.55],[135.237,35.553],[135.2383,35.5554],[135.2416,35.5588],[135.2425,35.5602],[135.2454,35.5615],[135.2491,35.5616],[135.2512,35.5607],[135.252,35.5581],[135.249,35.5569],[135.249,35.5554],[135.2507,35.5541],[135.2526,35.5538],[135.2543,35.5526],[135.2542,35.5557],[135.2557,35.5557],[135.2572,35.5547],[135.2611,35.5537],[135.2628,35.5539],[135.2651,35.5568],[135.2698,35.5587],[135.2721,35.5589],[135.2748,35.5602],[135.2742,35.5614],[135.2716,35.5624],[135.2695,35.5643],[135.2689,35.5669],[135.2677,35.5674],[135.2658,35.5666],[135.2625,35.5681],[135.2596,35.568],[135.2581,35.5671],[135.2564,35.5679],[135.2541,35.568],[135.251,35.5704],[135.25,35.5738],[135.2503,35.5752],[135.2524,35.577],[135.2498,35.5781],[135.247,35.5817],[135.2471,35.5832],[135.2495,35.5843],[135.2474,35.5856],[135.2477,35.5875],[135.2503,35.5893],[135.2527,35.5883],[135.2549,35.5881],[135.2555,35.5891],[135.2551,35.5922],[135.2565,35.5928],[135.2559,35.595],[135.2562,35.5985],[135.2545,35.5997],[135.2529,35.5998],[135.2514,35.5981],[135.251,35.594],[135.2487,35.5928],[135.2481,35.591],[135.2459,35.5913],[135.2449,35.5883],[135.2437,35.5878],[135.2413,35.5879],[135.2422,35.5859],[135.2408,35.5835],[135.2378,35.5816],[135.234,35.5819],[135.2297,35.5845],[135.2278,35.5853],[135.2298,35.58],[135.2302,35.5767],[135.228,35.5751],[135.2274,35.5713],[135.2267,35.5693],[135.2254,35.5679],[135.2232,35.5673],[135.2214,35.5682],[135.2189,35.5666],[135.2161,35.5662],[135.2123,35.5625],[135.2097,35.563],[135.2076,35.5628],[135.2042,35.5595],[135.2046,35.5585],[135.204,35.5553],[135.2061,35.5548],[135.2086,35.5536],[135.2104,35.5515],[135.2109,35.5479],[135.2099,35.5448],[135.2088,35.5427],[135.2067,35.5404],[135.2043,35.5392],[135.2029,35.5395],[135.2018,35.5376],[135.1988,35.5369],[135.1993,35.5384],[135.1979,35.5392],[135.1957,35.5393],[135.1925,35.5402],[135.1925,35.5416],[135.1913,35.5425],[135.1909,35.5445],[135.1875,35.5474],[135.188,35.549],[135.1875,35.5515],[135.1884,35.5533],[135.1867,35.5572],[135.1887,35.5625],[135.1889,35.5647],[135.1897,35.5667],[135.1914,35.5685],[135.1927,35.571],[135.1945,35.5726],[135.1964,35.5751],[135.1998,35.5785],[135.2051,35.5825],[135.2065,35.5846],[135.2069,35.5875],[135.209,35.5912],[135.2121,35.5932],[135.2144,35.5983],[135.2222,35.602],[135.2237,35.602],[135.2254,35.6033],[135.2255,35.6051],[135.228,35.6079],[135.2298,35.6088],[135.2337,35.6117],[135.2342,35.6143],[135.2355,35.6165],[135.2413,35.6178],[135.2448,35.6207],[135.2449,35.6233],[135.2459,35.6246],[135.2462,35.6269],[135.2458,35.6305],[135.2471,35.6322],[135.2477,35.6347],[135.2504,35.6402],[135.2511,35.6454],[135.2529,35.649],[135.2576,35.6548],[135.2598,35.6562],[135.2613,35.6587],[135.2634,35.6606],[135.2641,35.6635],[135.2676,35.6668],[135.2706,35.6678],[135.273,35.6665],[135.2744,35.6673],[135.2723,35.6682],[135.2706,35.67],[135.2729,35.6717],[135.2731,35.6725],[135.2704,35.674],[135.2683,35.6741],[135.2668,35.6763],[135.2689,35.6793],[135.2707,35.6796],[135.2763,35.6827],[135.2772,35.6864],[135.2773,35.6897],[135.276,35.6918],[135.2733,35.6909],[135.272,35.6931],[135.2672,35.6948],[135.2649,35.6935],[135.2635,35.6922],[135.2595,35.6907],[135.2523,35.6887],[135.25,35.6865],[135.245,35.6885],[135.243,35.687],[135.2404,35.686],[135.2387,35.6849],[135.2337,35.6862],[135.2326,35.6869],[135.2302,35.6872],[135.2267,35.6892],[135.2257,35.6885],[135.2226,35.6882],[135.221,35.6869],[135.2171,35.687],[135.2135,35.6891],[135.2128,35.6878],[135.2111,35.6881],[135.2066,35.6871],[135.2072,35.6857],[135.2057,35.6823],[135.2039,35.681],[135.204,35.6791],[135.2013,35.6779],[135.1997,35.6766],[135.1982,35.6742],[135.2012,35.6702],[135.2031,35.6693],[135.2041,35.667],[135.2059,35.6655],[135.2052,35.6642],[135.2019,35.6627],[135.1983,35.6637],[135.1968,35.6646],[135.1954,35.6677],[135.1927,35.6695],[135.1909,35.6686],[135.1866,35.6674],[135.1818,35.67],[135.18,35.6704],[135.1795,35.6662],[135.1782,35.6633],[135.1768,35.6625],[135.1791,35.6611],[135.1792,35.6597],[135.1762,35.6564],[135.1747,35.6553],[135.1709,35.6543],[135.1672,35.6543],[135.1668,35.6549],[135.1635,35.6541],[135.1602,35.6481],[135.1597,35.6453],[135.1584,35.6434],[135.1588,35.6403],[135.1597,35.6374],[135.1588,35.6338],[135.1608,35.6319],[135.1603,35.63],[135.162,35.6298],[135.1636,35.6281],[135.1653,35.6276],[135.1674,35.6259],[135.1691,35.6258],[135.1699,35.6242],[135.1719,35.6235],[135.1734,35.622],[135.1718,35.6201],[135.1742,35.6178],[135.177,35.6169],[135.1784,35.6145],[135.1832,35.6141],[135.183,35.612],[135.1812,35.6064],[135.1822,35.6047],[135.1815,35.6028],[135.1803,35.5977],[135.1788,35.5952],[135.1769,35.593],[135.1754,35.5925],[135.1764,35.5909],[135.1753,35.5889],[135.1752,35.587],[135.1739,35.5845],[135.1711,35.5826],[135.1728,35.581],[135.1728,35.5794],[135.171,35.5778],[135.1731,35.5746],[135.175,35.5749],[135.1757,35.5738],[135.1767,35.5677],[135.1741,35.5679],[135.1715,35.5675],[135.1674,35.5656],[135.165,35.5641],[135.1625,35.5633],[135.1624,35.5604],[135.1615,35.5579],[135.1582,35.5546],[135.1481,35.5591],[135.1462,35.559],[135.1446,35.557],[135.1389,35.5521],[135.1383,35.5468],[135.1395,35.5445],[135.1424,35.5435],[135.1445,35.5438],[135.1458,35.5419],[135.1459,35.5397],[135.1472,35.5372],[135.1488,35.5357],[135.1503,35.5356],[135.152,35.5344],[135.153,35.5325],[135.1555,35.5304],[135.1579,35.5301],[135.1601,35.5306],[135.164,35.5325],[135.166,35.5315],[135.1661,35.5289],[135.1651,35.5263],[135.1669,35.5237],[135.1669,35.5204],[135.1675,35.5188],[135.166,35.5151],[135.164,35.5137],[135.1625,35.5118],[135.1587,35.5105],[135.1532,35.5104],[135.1514,35.5095],[135.1512,35.5077],[135.1521,35.5047],[135.1511,35.501],[135.1484,35.4994],[135.1465,35.4969],[135.1449,35.4969],[135.1433,35.4945],[135.1422,35.4939],[135.1401,35.4908],[135.1381,35.4897],[135.138,35.4861],[135.1364,35.484],[135.1375,35.4815],[135.1346,35.4804],[135.1335,35.479],[135.132,35.4791],[135.1287,35.4772],[135.1258,35.4771],[135.1234,35.4752],[135.1247,35.4712],[135.1248,35.4697],[135.1298,35.4697],[135.1326,35.4684],[135.1366,35.4673],[135.1406,35.4669],[135.1447,35.4656],[135.147,35.4635],[135.1466,35.4622],[135.1472,35.4607],[135.1495,35.459],[135.1518,35.4585],[135.1537,35.4592],[135.1557,35.4571],[135.1574,35.4568],[135.1594,35.4554]]]},"properties":{"prefectureCode":"26","prefectureName":"京都府","municipalityName":"宮津市","municipalityCode":"26205"}},
{"type":"Feature","geometry":{"type":"Polygon","coordinates":[[[135.5979,35.0943],[135.5938,35.0956],[135.5906,35.0959],[135.5896,35.0974],[135.5866,35.0991],[135.5842,35.0975],[135.5833,35.0988],[135.5794,35.0978],[135.5776,35.0988],[135.5752,35.0986],[135.5728,35.1011],[135.5697,35.1011],[135.5686,35.0999],[135.5662,35.0994],[135.5646,35.0985],[135.5625,35.096],[135.5621,35.0934],[135.561,35.0903],[135.5591,35.0889],[135.5573,35.0888],[135.557,35.0872],[135.5549,35.0852],[135.5517,35.0848],[135.5518,35.0821],[135.5527,35.0799],[135.5524,35.0774],[135.5533,35.0747],[135.5555,35.0744],[135.5555,35.0721],[135.5569,35.0722],[135.557,35.0703],[135.556,35.0672],[135.5564,35.0643],[135.5538,35.0641],[135.5533,35.0616],[135.5512,35.061],[135.5481,35.0616],[135.5407,35.0667],[135.5373,35.0654],[135.537,35.0639],[135.5388,35.0614],[135.539,35.0599],[135.5375,35.059],[135.5356,35.0594],[135.529,35.0582],[135.5264,35.0573],[135.5252,35.0583],[135.5237,35.0613],[135.5207,35.0603],[135.5197,35.0612],[135.5146,35.0611],[135.5132,35.0621],[135.5106,35.0631],[135.5055,35.0633],[135.5057,35.0671],[135.5066,35.0682],[135.5056,35.0691],[135.5028,35.0689],[135.5018,35.0682],[135.4973,35.0679],[135.4911,35.0685],[135.489,35.0697],[135.484,35.069],[135.4812,35.0721],[135.4789,35.0726],[135.4767,35.0723],[135.4752,35.0708],[135.4747,35.0687],[135.4721,35.0666],[135.4727,35.0632],[135.4742,35.0606],[135.4705,35.0559],[135.4664,35.052],[135.466,35.0512],[135.463,35.0486],[135.4586,35.0469],[135.4585,35.0455],[135.4563,35.0444],[135.4549,35.0418],[135.4518,35.041],[135.4493,35.0396],[135.4497,35.0373],[135.4474,35.0361],[135.4429,35.0368],[135.4344,35.0246],[135.4308,35.0262],[135.4297,35.0261],[135.4258,35.0284],[135.4231,35.0264],[135.4216,35.0267],[135.4204,35.0281],[135.4174,35.0272],[135.4159,35.028],[135.4137,35.0263],[135.4112,35.0257],[135.4076,35.0259],[135.4063,35.0253],[135.4021,35.0258],[135.398,35.0247],[135.3961,35.0254],[135.3965,35.0264],[135.3956,35.028],[135.3932,35.0295],[135.3905,35.028],[135.3894,35.0286],[135.3862,35.028],[135.3821,35.0309],[135.3817,35.0262],[135.3798,35.0251],[135.3793,35.0239],[135.38,35.0221],[135.3777,35.0206],[135.3779,35.0182],[135.3793,35.0156],[135.3801,35.0155],[135.3814,35.0125],[135.3816,35.0104],[135.3845,35.0104],[135.3855,35.0112],[135.3891,35.0114],[135.3913,35.0097],[135.3942,35.0088],[135.3975,35.0106],[135.3993,35.0084],[135.4032,35.0067],[135.4098,35.0115],[135.412,35.0094],[135.4134,35.0091],[135.415,35.007],[135.4166,35.0058],[135.4181,35.0032],[135.4204,35.0022],[135.4228,35.0021],[135.4256,35.0039],[135.4277,35.0044],[135.4284,35.0053],[135.4335,35.0079],[135.4362,35.0084],[135.442,35.0067],[135.4427,35.0057],[135.4461,35.0051],[135.4468,35.0055],[135.4495,35.0039],[135.452,35.0018],[135.4552,35.0024],[135.4576,35.0016],[135.4599,35.0016],[135.4664,34.9973],[135.4712,34.9948],[135.4766,34.9942],[135.4794,34.995],[135.4819,34.9951],[135.483,34.9928],[135.4874,34.9923],[135.4889,34.99],[135.4926,34.9893],[135.4931,34.9877],[135.4907,34.9864],[135.4867,34.9853],[135.4832,34.9819],[135.4842,34.9808],[135.4844,34.9785],[135.4874,34.9754],[135.4867,34.9738],[135.4874,34.9714],[135.4874,34.9691],[135.4885,34.9666],[135.4855,34.9665],[135.4838,34.9648],[135.4819,34.9652],[135.4812,34.9624],[135.4832,34.9605],[135.4844,34.9605],[135.4853,34.9573],[135.4869,34.9573],[135.4848,34.9546],[135.4809,34.9503],[135.4846,34.9474],[135.4883,34.9464],[135.4904,34.9418],[135.4927,34.9417],[135.4946,34.9408],[135.4975,34.9407],[135.4997,34.9413],[135.5022,34.9433],[135.504,34.9463],[135.5062,34.9457],[135.5077,34.9446],[135.5147,34.9437],[135.515,34.9369],[135.5173,34.9335],[135.5212,34.9333],[135.5226,34.9303],[135.5254,34.9288],[135.5303,34.9273],[135.5334,34.9271],[135.537,34.9255],[135.5373,34.9244],[135.536,34.9209],[135.5372,34.919],[135.5382,34.9189],[135.5411,34.9153],[135.5432,34.9159],[135.5443,34.9175],[135.5462,34.9166],[135.5485,34.9168],[135.5495,34.9186],[135.5507,34.9183],[135.5533,34.9155],[135.5578,34.9175],[135.5627,34.9178],[135.5674,34.9163],[135.5731,34.9168],[135.574,34.9183],[135.5813,34.9225],[135.5805,34.9244],[135.5814,34.9262],[135.5811,34.9293],[135.5806,34.9304],[135.5817,34.9356],[135.5811,34.937],[135.5779,34.9378],[135.5765,34.9388],[135.5719,34.9391],[135.5674,34.9357],[135.5647,34.933],[135.563,34.9345],[135.5654,34.9372],[135.566,34.9401],[135.565,34.9405],[135.5647,34.9424],[135.5624,34.9416],[135.5618,34.9378],[135.5599,34.937],[135.5572,34.9387],[135.559,34.9401],[135.5599,34.9424],[135.5623,34.9436],[135.5612,34.9467],[135.5626,34.9492],[135.5621,34.9509],[135.5631,34.9518],[135.5631,34.9537],[135.5666,34.9529],[135.568,34.9546],[135.57,34.9544],[135.5716,34.9551],[135.5743,34.9548],[135.5762,34.9557],[135.5786,34.9559],[135.579,34.9582],[135.5784,34.9605],[135.5738,34.9609],[135.5712,34.9639],[135.5713,34.9669],[135.5709,34.9698],[135.5729,34.9714],[135.5747,34.9718],[135.577,34.9739],[135.5803,34.9743],[135.583,34.9767],[135.5847,34.9751],[135.5868,34.9711],[135.5885,34.9691],[135.5892,34.9672],[135.5905,34.9673],[135.5921,34.9661],[135.5941,34.9694],[135.596,34.9689],[135.6033,34.9711],[135.6038,34.9702],[135.6076,34.9693],[135.6107,34.9709],[135.6133,34.9712],[135.6146,34.9711],[135.6159,34.9722],[135.624,34.9744],[135.6264,34.9737],[135.6277,34.9727],[135.6304,34.9745],[135.6341,34.9748],[135.6353,34.9753],[135.6413,34.9756],[135.6402,34.9784],[135.6382,34.9808],[135.638,34.985],[135.6388,34.9869],[135.6378,34.9892],[135.6392,34.9937],[135.639,34.9979],[135.6419,35.0003],[135.6431,35],[135.6461,35.0014],[135.6467,35.0075],[135.6443,35.0098],[135.643,35.0131],[135.6398,35.0151],[135.6364,35.0191],[135.639,35.0201],[135.6399,35.0234],[135.638,35.0252],[135.638,35.0275],[135.6366,35.0282],[135.6349,35.0302],[135.635,35.0309],[135.6296,35.0351],[135.6292,35.037],[135.6276,35.0378],[135.6262,35.0395],[135.6234,35.0382],[135.6218,35.038],[135.6208,35.0395],[135.6176,35.042],[135.6175,35.0462],[135.6181,35.0488],[135.618,35.0538],[135.6174,35.0555],[135.6189,35.0572],[135.6195,35.0596],[135.6211,35.062],[135.622,35.0646],[135.6188,35.0682],[135.6172,35.0683],[135.6126,35.0672],[135.6084,35.0665],[135.6081,35.0644],[135.6052,35.062],[135.6025,35.0629],[135.6015,35.0645],[135.6019,35.0662],[135.601,35.0671],[135.5996,35.0707],[135.5961,35.0712],[135.5944,35.074],[135.5928,35.0744],[135.5901,35.0771],[135.5922,35.0792],[135.5919,35.0815],[135.5925,35.0826],[135.5919,35.0841],[135.5942,35.0867],[135.5942,35.0883],[135.5982,35.0924],[135.5979,35.0943]]]},"properties":{"prefectureCode":"26","prefectureName":"京都府","municipalityName":"亀岡市","municipalityCode":"26206"}},
{"type":"Feature","geometry":{"type":"Polygon","coordinates":[[[135.7599,34.8685],[135.7498,34.8686],[135.7495,34.8682],[135.7524,34.8655],[135.7528,34.8618],[135.7527,34.8585],[135.7517,34.8537],[135.7529,34.849],[135.7599,34.8388],[135.7618,34.8357],[135.7653,34.8336],[135.7679,34.8333],[135.7742,34.8333],[135.7774,34.8329],[135.7818,34.8309],[135.7857,34.8284],[135.7866,34.8267],[135.7907,34.8216],[135.8035,34.8222],[135.8068,34.8228],[135.8077,34.8221],[135.8132,34.8244],[135.8145,34.8255],[135.8188,34.8257],[135.8208,34.8263],[135.824,34.8248],[135.8266,34.8254],[135.8294,34.8255],[135.8324,34.8263],[135.8413,34.825],[135.8477,34.8248],[135.8474,34.8268],[135.8459,34.8292],[135.846,34.8335],[135.8482,34.8362],[135.8468,34.8383],[135.844,34.8403],[135.8417,34.8405],[135.8417,34.8442],[135.8411,34.8465],[135.8386,34.8483],[135.8377,34.8477],[135.8354,34.8479],[135.8337,34.8486],[135.8343,34.8506],[135.8337,34.8536],[135.8344,34.8556],[135.8332,34.8584],[135.8296,34.8599],[135.8291,34.8588],[135.826,34.8587],[135.8249,34.8579],[135.8196,34.8587],[135.817,34.8605],[135.8121,34.861],[135.809,34.8637],[135.8059,34.8637],[135.804,34.8658],[135.8015,34.8672],[135.7996,34.8669],[135.7974,34.8657],[135.794,34.8662],[135.7935,34.8671],[135.7889,34.866],[135.7856,34.8682],[135.7807,34.8697],[135.7761,34.8684],[135.7705,34.8687],[135.7633,34.8684],[135.7599,34.8685]]]},"properties":{"prefectureCode":"26","prefectureName":"京都府","municipalityName":"城陽市","municipalityCode":"26207"}},
{"type":"Feature","geometry":{"type":"Polygon","coordinates":[[[135.695,34.9467],[135.6961,34.9435],[135.699,34.9414],[135.6985,34.9386],[135.6993,34.9363],[135.7008,34.9342],[135.7011,34.9325],[135.7003,34.9292],[135.7146,34.9291],[135.7146,34.9321],[135.7138,34.9331],[135.7138,34.9356],[135.7167,34.9374],[135.7182,34.9399],[135.7183,34.9421],[135.7184,34.9448],[135.7171,34.9448],[135.717,34.9487],[135.7174,34.9506],[135.7154,34.9517],[135.7134,34.9518],[135.711,34.9539],[135.711,34.9554],[135.7096,34.9557],[135.71,34.9625],[135.7062,34.9625],[135.7051,34.9635],[135.7023,34.9634],[135.7023,34.9656],[135.6998,34.9657],[135.6997,34.9686],[135.6929,34.9684],[135.6926,34.9677],[135.6875,34.9668],[135.6863,34.9683],[135.6843,34.9695],[135.6832,34.969],[135.6834,34.9667],[135.6831,34.9642],[135.685,34.9627],[135.6853,34.9615],[135.6878,34.959],[135.6876,34.9577],[135.6895,34.9541],[135.6906,34.9536],[135.6935,34.9493],[135.6956,34.9485],[135.695,34.9467]]]},"properties":{"prefectureCode":"26","prefectureName":"京都府","municipalityName":"向日市","municipalityCode":"26208"}},
{"type":"Feature","geometry":{"type":"Polygon","coordinates":[[[135.7146,34.9291],[135.7003,34.9292],[135.7011,34.9325],[135.7008,34.9342],[135.6993,34.9363],[135.6985,34.9386],[135.699,34.9414],[135.6961,34.9435],[135.695,34.9467],[135.6914,34.9454],[135.6881,34.9456],[135.6853,34.9448],[135.6799,34.9445],[135.6746,34.9457],[135.672,34.9434],[135.6719,34.9423],[135.6702,34.9412],[135.6683,34.9411],[135.6681,34.94],[135.6662,34.9392],[135.6646,34.9392],[135.6637,34.9361],[135.6599,34.9355],[135.6593,34.9329],[135.6567,34.9341],[135.654,34.9341],[135.6513,34.9325],[135.6484,34.9325],[135.6473,34.9302],[135.6461,34.9295],[135.6432,34.9297],[135.6449,34.9276],[135.6485,34.926],[135.6507,34.923],[135.6504,34.9212],[135.6523,34.9171],[135.6495,34.9168],[135.6482,34.9135],[135.6485,34.9095],[135.6519,34.91],[135.6541,34.9093],[135.6567,34.9067],[135.6589,34.906],[135.662,34.9037],[135.6671,34.9042],[135.6681,34.9051],[135.669,34.9079],[135.6699,34.909],[135.6743,34.91],[135.6747,34.9113],[135.6767,34.9139],[135.6785,34.9128],[135.6842,34.9133],[135.6876,34.9127],[135.689,34.9112],[135.6891,34.9096],[135.6916,34.9078],[135.6947,34.9076],[135.6948,34.9092],[135.6968,34.9106],[135.7065,34.9081],[135.7072,34.9102],[135.7093,34.9096],[135.7096,34.9126],[135.7122,34.9152],[135.7142,34.916],[135.7152,34.9193],[135.715,34.9228],[135.7174,34.9251],[135.7146,34.9251],[135.7146,34.9291]]]},"properties":{"prefectureCode":"26","prefectureName":"京都府","municipalityName":"長岡京市","municipalityCode":"26209"}},
{"type":"Feature","geometry":{"type":"MultiPolygon","coordinates":[[[[135.7201,34.8929],[135.719,34.8942],[135.716,34.8992],[135.7169,34.8967],[135.7185,34.894],[135.7163,34.8934],[135.7171,34.8918],[135.7201,34.8929]]],[[[135.7226,34.888],[135.7215,34.8893],[135.7194,34.8882],[135.7204,34.8871],[135.7226,34.888]]],[[[135.7327,34.8783],[135.7316,34.8829],[135.7287,34.8852],[135.7275,34.8832],[135.7295,34.8805],[135.7327,34.8783]]],[[[135.7032,34.8987],[135.6984,34.8946],[135.6954,34.8935],[135.6935,34.8921],[135.689,34.8916],[135.6864,34.891],[135.6844,34.8898],[135.6827,34.8878],[135.6811,34.8853],[135.6799,34.8813],[135.6822,34.8805],[135.6835,34.8776],[135.6821,34.8759],[135.682,34.8732],[135.6826,34.8722],[135.6887,34.869],[135.6911,34.8685],[135.6919,34.8647],[135.6911,34.8628],[135.6914,34.8614],[135.6947,34.8607],[135.6919,34.8589],[135.6907,34.8565],[135.6924,34.8553],[135.6916,34.8533],[135.6924,34.8521],[135.6947,34.8506],[135.6957,34.8482],[135.6981,34.8496],[135.7015,34.8509],[135.7023,34.8517],[135.7053,34.851],[135.7063,34.8497],[135.7077,34.8493],[135.709,34.8473],[135.7102,34.8466],[135.7099,34.8447],[135.7112,34.8439],[135.7122,34.8401],[135.7132,34.8401],[135.7157,34.8379],[135.7158,34.8366],[135.7187,34.8318],[135.7225,34.8362],[135.7218,34.8384],[135.7204,34.8397],[135.7228,34.8417],[135.7243,34.8423],[135.7277,34.8455],[135.7278,34.8473],[135.7288,34.8504],[135.7317,34.8521],[135.7334,34.854],[135.735,34.8539],[135.7367,34.8518],[135.7383,34.8519],[135.7384,34.8504],[135.7455,34.851],[135.7465,34.8489],[135.7529,34.849],[135.7517,34.8537],[135.7527,34.8585],[135.7528,34.8618],[135.7524,34.8655],[135.7495,34.8682],[135.7473,34.8694],[135.7479,34.8713],[135.7431,34.8725],[135.7427,34.8715],[135.737,34.8728],[135.7339,34.8739],[135.7325,34.8749],[135.7302,34.8766],[135.7237,34.8804],[135.7207,34.8814],[135.7154,34.8828],[135.7157,34.8872],[135.7119,34.8873],[135.7119,34.8932],[135.7102,34.8927],[135.709,34.8956],[135.7055,34.8947],[135.7046,34.8969],[135.7032,34.8987]]],[[[135.7233,34.8262],[135.7231,34.825],[135.7243,34.8232],[135.7278,34.8231],[135.7295,34.8223],[135.7311,34.8227],[135.7311,34.8258],[135.7301,34.8276],[135.7281,34.8271],[135.7255,34.8288],[135.7233,34.8262]]]]},"properties":{"prefectureCode":"26","prefectureName":"京都府","municipalityName":"八幡市","municipalityCode":"26210"}},
{"type":"Feature","geometry":{"type":"Polygon","coordinates":[[[135.7529,34.849],[135.7465,34.8489],[135.7455,34.851],[135.7384,34.8504],[135.7383,34.8519],[135.7367,34.8518],[135.735,34.8539],[135.7334,34.854],[135.7317,34.8521],[135.7288,34.8504],[135.7278,34.8473],[135.7277,34.8455],[135.7243,34.8423],[135.7228,34.8417],[135.7204,34.8397],[135.7218,34.8384],[135.7225,34.8362],[135.7187,34.8318],[135.7195,34.8297],[135.7206,34.8295],[135.7233,34.8262],[135.7255,34.8288],[135.7281,34.8271],[135.7301,34.8276],[135.7311,34.8258],[135.7311,34.8227],[135.7326,34.8223],[135.7336,34.8205],[135.7351,34.8199],[135.7368,34.8147],[135.7383,34.8117],[135.739,34.8116],[135.7419,34.8084],[135.7429,34.8054],[135.7455,34.8042],[135.7466,34.8012],[135.746,34.7987],[135.7437,34.7954],[135.7431,34.7937],[135.7405,34.7933],[135.7395,34.7912],[135.7407,34.7884],[135.7378,34.7871],[135.7356,34.7844],[135.7339,34.784],[135.7323,34.7827],[135.7293,34.7794],[135.7286,34.778],[135.7298,34.7748],[135.7299,34.7715],[135.7308,34.7697],[135.7301,34.7678],[135.7305,34.7655],[135.7321,34.7641],[135.7318,34.7629],[135.7327,34.7591],[135.7321,34.7575],[135.7334,34.7564],[135.7334,34.7548],[135.7366,34.7553],[135.7367,34.7518],[135.7393,34.7528],[135.7416,34.7566],[135.7453,34.7559],[135.7475,34.7562],[135.7493,34.7572],[135.75,34.7603],[135.752,34.7605],[135.7558,34.764],[135.7592,34.7646],[135.7616,34.7636],[135.7625,34.7649],[135.7596,34.766],[135.758,34.7661],[135.7559,34.7671],[135.754,34.7694],[135.7582,34.7747],[135.7585,34.777],[135.76,34.7795],[135.7621,34.7804],[135.7677,34.7801],[135.7695,34.7812],[135.7716,34.7812],[135.7726,34.7802],[135.7747,34.7795],[135.7762,34.7802],[135.7796,34.7807],[135.7819,34.78],[135.7832,34.7808],[135.7846,34.7828],[135.7866,34.7845],[135.7868,34.7868],[135.7864,34.7889],[135.7889,34.7889],[135.7892,34.7901],[135.7928,34.7902],[135.7947,34.7875],[135.8004,34.7901],[135.7979,34.7941],[135.7979,34.7963],[135.8019,34.8057],[135.8024,34.8088],[135.8019,34.8107],[135.7983,34.8155],[135.7917,34.8203],[135.7907,34.8216],[135.7866,34.8267],[135.7857,34.8284],[135.7818,34.8309],[135.7774,34.8329],[135.7742,34.8333],[135.7679,34.8333],[135.7653,34.8336],[135.7618,34.8357],[135.7599,34.8388],[135.7529,34.849]]]},"properties":{"prefectureCode":"26","prefectureName":"京都府","municipalityName":"京田辺市","municipalityCode":"26211"}},
{"type":"Feature","geometry":{"type":"Polygon","coordinates":[[[135.2135,35.6891],[135.2138,35.6932],[135.2083,35.6945],[135.207,35.6939],[135.1989,35.6973],[135.1951,35.6964],[135.1933,35.6984],[135.1939,35.7006],[135.1924,35.7044],[135.1908,35.7054],[135.1908,35.7066],[135.189,35.708],[135.1889,35.7095],[135.1922,35.7106],[135.1935,35.7121],[135.1926,35.7142],[135.1929,35.7176],[135.1946,35.7186],[135.195,35.7204],[135.1975,35.7221],[135.1994,35.7254],[135.199,35.7278],[135.1979,35.729],[135.1973,35.7317],[135.2011,35.7346],[135.2067,35.7358],[135.2081,35.7381],[135.2073,35.7394],[135.2078,35.7408],[135.2128,35.7417],[135.2133,35.7426],[135.216,35.7432],[135.2198,35.7423],[135.2198,35.746],[135.2208,35.7486],[135.223,35.7516],[135.2241,35.7549],[135.226,35.7571],[135.2281,35.7608],[135.2272,35.7621],[135.2316,35.7652],[135.2331,35.7694],[135.2306,35.7726],[135.2283,35.7742],[135.2254,35.7751],[135.2253,35.778],[135.2235,35.7792],[135.2211,35.7788],[135.2196,35.777],[135.2193,35.775],[135.2221,35.7725],[135.2201,35.7704],[135.2138,35.7676],[135.2102,35.7653],[135.207,35.7639],[135.2038,35.7637],[135.1992,35.7652],[135.1971,35.7646],[135.1961,35.7675],[135.1931,35.7674],[135.1922,35.7653],[135.1905,35.7648],[135.1896,35.7633],[135.1879,35.7649],[135.186,35.7645],[135.1864,35.7629],[135.1835,35.7606],[135.1805,35.7602],[135.1773,35.761],[135.1746,35.7613],[135.1744,35.7594],[135.1718,35.7573],[135.1686,35.757],[135.1668,35.7575],[135.1644,35.7551],[135.1619,35.7538],[135.1581,35.7532],[135.1558,35.7542],[135.1552,35.7527],[135.1534,35.7517],[135.1509,35.7526],[135.1502,35.7513],[135.1487,35.7515],[135.1468,35.7499],[135.1429,35.7506],[135.1414,35.7516],[135.1399,35.7548],[135.1401,35.7569],[135.1386,35.7577],[135.1349,35.7568],[135.1329,35.7545],[135.1352,35.7525],[135.1334,35.7509],[135.1306,35.7498],[135.1244,35.7457],[135.1206,35.746],[135.1176,35.7447],[135.1153,35.7449],[135.1148,35.7437],[135.1125,35.7441],[135.1109,35.7454],[135.1093,35.7452],[135.1083,35.7439],[135.105,35.7426],[135.1008,35.7413],[135.097,35.7414],[135.0947,35.743],[135.0935,35.7412],[135.0929,35.7381],[135.0896,35.7403],[135.0877,35.7396],[135.0858,35.7399],[135.0844,35.7385],[135.0842,35.7372],[135.0855,35.7359],[135.0847,35.735],[135.0878,35.7318],[135.0877,35.7307],[135.0853,35.7258],[135.0841,35.7246],[135.0803,35.7224],[135.0796,35.7213],[135.0741,35.7181],[135.0711,35.7188],[135.0679,35.718],[135.0676,35.7162],[135.0664,35.715],[135.0659,35.7127],[135.0631,35.7121],[135.0625,35.7104],[135.0592,35.7074],[135.0567,35.7072],[135.0555,35.7056],[135.0533,35.7042],[135.0494,35.7028],[135.0463,35.7024],[135.0442,35.7003],[135.0421,35.6996],[135.0392,35.7003],[135.0391,35.7014],[135.0368,35.7023],[135.0342,35.7014],[135.0327,35.7003],[135.033,35.6993],[135.0298,35.6973],[135.0314,35.6948],[135.0298,35.6918],[135.0256,35.6895],[135.0217,35.6904],[135.0199,35.6923],[135.0183,35.6918],[135.0169,35.6905],[135.015,35.6902],[135.0134,35.6932],[135.0111,35.6926],[135.0091,35.6931],[135.0042,35.6933],[135.003,35.6938],[134.9993,35.691],[134.9978,35.6914],[134.9946,35.6915],[134.9935,35.6898],[134.9917,35.69],[134.9913,35.6913],[134.9864,35.6921],[134.9841,35.6903],[134.9837,35.6889],[134.9823,35.6874],[134.9817,35.6847],[134.9787,35.6835],[134.9784,35.6816],[134.9759,35.6824],[134.9747,35.6835],[134.9727,35.681],[134.9721,35.6792],[134.9728,35.6764],[134.9693,35.6761],[134.9686,35.6747],[134.9667,35.6757],[134.9656,35.6748],[134.9667,35.673],[134.9642,35.6728],[134.9641,35.6707],[134.9671,35.6694],[134.9667,35.6664],[134.9646,35.6635],[134.9631,35.6622],[134.959,35.6601],[134.955,35.6578],[134.9503,35.6558],[134.945,35.6538],[134.9432,35.6526],[134.937,35.6506],[134.9349,35.6504],[134.9343,35.6496],[134.9286,35.6475],[134.927,35.6475],[134.9233,35.6464],[134.918,35.6458],[134.9172,35.6459],[134.912,35.6453],[134.9092,35.6453],[134.9034,35.6469],[134.8999,35.6485],[134.8952,35.6454],[134.8923,35.6488],[134.8869,35.6479],[134.8837,35.6466],[134.8828,35.6493],[134.8848,35.6529],[134.8842,35.6539],[134.8857,35.6567],[134.8821,35.6571],[134.8824,35.6585],[134.8788,35.6609],[134.8762,35.659],[134.8705,35.6597],[134.8693,35.6585],[134.8675,35.6582],[134.8675,35.6581],[134.8676,35.6575],[134.8675,35.6572],[134.8675,35.6567],[134.8673,35.6561],[134.8665,35.6552],[134.8663,35.655],[134.8661,35.6548],[134.866,35.6541],[134.8658,35.6536],[134.8658,35.6535],[134.8657,35.6533],[134.8655,35.6531],[134.8651,35.6527],[134.8643,35.652],[134.8641,35.6517],[134.8641,35.6516],[134.8645,35.6512],[134.8648,35.6511],[134.8656,35.6507],[134.8664,35.6506],[134.8667,35.6505],[134.8673,35.65],[134.8675,35.6499],[134.8677,35.6497],[134.8677,35.6494],[134.867,35.6476],[134.867,35.6473],[134.8668,35.6471],[134.8661,35.6463],[134.8659,35.6457],[134.8658,35.6455],[134.8658,35.645],[134.866,35.6448],[134.8662,35.6446],[134.8667,35.644],[134.8668,35.6433],[134.8669,35.6424],[134.8671,35.6417],[134.8671,35.6414],[134.8667,35.6408],[134.8661,35.6402],[134.8659,35.6398],[134.8658,35.6395],[134.8657,35.6394],[134.8658,35.6392],[134.8659,35.6389],[134.8658,35.6383],[134.8659,35.638],[134.8659,35.6378],[134.8661,35.6375],[134.8662,35.6373],[134.8664,35.6371],[134.8667,35.6369],[134.867,35.6366],[134.8672,35.6363],[134.8674,35.6361],[134.8676,35.6361],[134.8681,35.6364],[134.8687,35.6366],[134.8689,35.6366],[134.8694,35.6365],[134.8703,35.6366],[134.8713,35.6363],[134.8713,35.6358],[134.8711,35.6346],[134.871,35.6343],[134.8709,35.6333],[134.8706,35.6323],[134.8703,35.6316],[134.8704,35.631],[134.8705,35.6308],[134.8708,35.6304],[134.8708,35.6302],[134.8709,35.6299],[134.871,35.6295],[134.871,35.6293],[134.8711,35.6283],[134.8713,35.6275],[134.8714,35.6274],[134.872,35.6265],[134.872,35.6259],[134.872,35.6255],[134.8719,35.625],[134.8719,35.6248],[134.8722,35.6244],[134.8729,35.6242],[134.873,35.6238],[134.8728,35.623],[134.8733,35.6224],[134.8734,35.622],[134.8735,35.6218],[134.8736,35.6217],[134.8739,35.6211],[134.8739,35.6209],[134.8738,35.6208],[134.8737,35.6206],[134.8735,35.6205],[134.8733,35.6202],[134.8728,35.6192],[134.8726,35.6189],[134.8724,35.6181],[134.8723,35.6178],[134.8721,35.6177],[134.8721,35.6175],[134.872,35.6167],[134.872,35.6165],[134.8717,35.6161],[134.8716,35.616],[134.8714,35.6158],[134.8712,35.6156],[134.871,35.6152],[134.8697,35.6147],[134.8693,35.6147],[134.8683,35.6146],[134.8682,35.6146],[134.8682,35.6145],[134.868,35.6144],[134.8672,35.6139],[134.867,35.6137],[134.8667,35.612],[134.8669,35.6116],[134.867,35.6113],[134.8672,35.6106],[134.8672,35.61],[134.8672,35.6098],[134.8673,35.6095],[134.8674,35.6092],[134.8674,35.6084],[134.8672,35.6082],[134.8672,35.6081],[134.8671,35.608],[134.867,35.6078],[134.8666,35.6074],[134.8665,35.6072],[134.8662,35.6067],[134.8662,35.6065],[134.8664,35.6061],[134.8665,35.6059],[134.8665,35.6058],[134.8666,35.6053],[134.8667,35.6048],[134.8664,35.6039],[134.8659,35.6029],[134.8659,35.6025],[134.866,35.6023],[134.866,35.6019],[134.8657,35.6011],[134.8656,35.6007],[134.8656,35.5999],[134.8655,35.5994],[134.8651,35.5988],[134.8649,35.5985],[134.8647,35.5981],[134.8646,35.598],[134.8646,35.5979],[134.8642,35.5975],[134.8639,35.5971],[134.8637,35.5969],[134.8633,35.5968],[134.863,35.5969],[134.8628,35.5969],[134.8621,35.5967],[134.8617,35.5965],[134.8612,35.5955],[134.8611,35.5952],[134.8601,35.5944],[134.8599,35.5944],[134.8596,35.5944],[134.8585,35.5937],[134.8583,35.5937],[134.8577,35.5934],[134.857,35.5934],[134.8565,35.5935],[134.8559,35.5935],[134.8557,35.5934],[134.8552,35.5929],[134.8561,35.5922],[134.8564,35.5918],[134.8556,35.591],[134.8552,35.5906],[134.8541,35.5894],[134.854,35.5893],[134.8541,35.5886],[134.8542,35.5884],[134.8551,35.588],[134.8554,35.5876],[134.8556,35.5873],[134.8563,35.5866],[134.8569,35.5869],[134.8572,35.587],[134.8577,35.5868],[134.8579,35.5867],[134.8591,35.5868],[134.8594,35.5869],[134.8598,35.587],[134.8601,35.5869],[134.8604,35.5868],[134.8627,35.5869],[134.8626,35.5852],[134.8625,35.5847],[134.8624,35.584],[134.8625,35.584],[134.8632,35.584],[134.8638,35.5838],[134.8639,35.5838],[134.8642,35.5836],[134.8643,35.5833],[134.8661,35.5811],[134.8688,35.58],[134.8691,35.5784],[134.868,35.576],[134.8703,35.5755],[134.8721,35.5763],[134.8733,35.5752],[134.8758,35.574],[134.8785,35.5706],[134.8798,35.5698],[134.8812,35.5674],[134.8806,35.5663],[134.8811,35.564],[134.8836,35.5631],[134.8841,35.5622],[134.887,35.5604],[134.8883,35.5602],[134.8902,35.5613],[134.892,35.5596],[134.8966,35.558],[134.9009,35.5561],[134.9013,35.5542],[134.9028,35.5519],[134.9031,35.5494],[134.9069,35.5482],[134.9075,35.5467],[134.9105,35.5466],[134.9148,35.5449],[134.9149,35.5418],[134.917,35.5415],[134.919,35.5395],[134.9193,35.5381],[134.9174,35.5345],[134.9182,35.5326],[134.9181,35.5308],[134.9172,35.5295],[134.9156,35.5291],[134.9151,35.5277],[134.9184,35.5251],[134.9199,35.5235],[134.9219,35.523],[134.9232,35.5217],[134.9234,35.5163],[134.927,35.5132],[134.9269,35.5125],[134.9301,35.5117],[134.9336,35.5132],[134.9364,35.5124],[134.9421,35.5142],[134.9441,35.5136],[134.9449,35.5143],[134.9478,35.5148],[134.9526,35.5145],[134.9527,35.5156],[134.955,35.5161],[134.957,35.5147],[134.9582,35.513],[134.9607,35.513],[134.9634,35.5145],[134.9653,35.5198],[134.967,35.5203],[134.9685,35.5219],[134.9711,35.5228],[134.9716,35.5241],[134.9741,35.5251],[134.9793,35.524],[134.9808,35.5253],[134.982,35.5285],[134.985,35.5296],[134.9882,35.5295],[134.9889,35.5314],[134.9922,35.5324],[134.9934,35.5343],[134.9952,35.5344],[134.9972,35.5352],[135.0016,35.5343],[135.0051,35.5356],[135.008,35.5336],[135.0103,35.535],[135.0133,35.5358],[135.0142,35.5369],[135.0175,35.538],[135.0223,35.5386],[135.0244,35.5385],[135.0272,35.54],[135.03,35.5403],[135.0315,35.5392],[135.0355,35.5398],[135.0369,35.5386],[135.0371,35.5373],[135.0392,35.5368],[135.0414,35.537],[135.0434,35.5362],[135.0466,35.5332],[135.0493,35.5326],[135.0514,35.5316],[135.0538,35.5316],[135.0582,35.5338],[135.0605,35.5328],[135.0637,35.535],[135.0685,35.5375],[135.0703,35.5368],[135.0716,35.5375],[135.0741,35.5369],[135.0753,35.5387],[135.0767,35.5384],[135.0812,35.5401],[135.0824,35.5396],[135.0841,35.5411],[135.0837,35.5421],[135.0873,35.5441],[135.0883,35.5458],[135.0907,35.5455],[135.0926,35.546],[135.0937,35.5487],[135.095,35.5482],[135.0967,35.5488],[135.1,35.5481],[135.1042,35.5494],[135.1066,35.5495],[135.1096,35.5485],[135.112,35.5494],[135.1148,35.5494],[135.1184,35.547],[135.121,35.549],[135.1238,35.5529],[135.1269,35.5545],[135.1283,35.5574],[135.1315,35.5584],[135.1316,35.5613],[135.1339,35.5628],[135.1356,35.5666],[135.1352,35.5688],[135.1374,35.5728],[135.141,35.5739],[135.142,35.5776],[135.1442,35.5793],[135.144,35.5816],[135.146,35.5843],[135.1493,35.5845],[135.1514,35.5862],[135.1556,35.5864],[135.1586,35.5891],[135.1591,35.5903],[135.1615,35.5906],[135.1638,35.5922],[135.1619,35.5949],[135.1622,35.5972],[135.1643,35.5987],[135.1667,35.6029],[135.1692,35.6042],[135.1693,35.6058],[135.1719,35.6061],[135.1749,35.6071],[135.178,35.6062],[135.1812,35.6064],[135.183,35.612],[135.1832,35.6141],[135.1784,35.6145],[135.177,35.6169],[135.1742,35.6178],[135.1718,35.6201],[135.1734,35.622],[135.1719,35.6235],[135.1699,35.6242],[135.1691,35.6258],[135.1674,35.6259],[135.1653,35.6276],[135.1636,35.6281],[135.162,35.6298],[135.1603,35.63],[135.1608,35.6319],[135.1588,35.6338],[135.1597,35.6374],[135.1588,35.6403],[135.1584,35.6434],[135.1597,35.6453],[135.1602,35.6481],[135.1635,35.6541],[135.1668,35.6549],[135.1672,35.6543],[135.1709,35.6543],[135.1747,35.6553],[135.1762,35.6564],[135.1792,35.6597],[135.1791,35.6611],[135.1768,35.6625],[135.1782,35.6633],[135.1795,35.6662],[135.18,35.6704],[135.1818,35.67],[135.1866,35.6674],[135.1909,35.6686],[135.1927,35.6695],[135.1954,35.6677],[135.1968,35.6646],[135.1983,35.6637],[135.2019,35.6627],[135.2052,35.6642],[135.2059,35.6655],[135.2041,35.667],[135.2031,35.6693],[135.2012,35.6702],[135.1982,35.6742],[135.1997,35.6766],[135.2013,35.6779],[135.204,35.6791],[135.2039,35.681],[135.2057,35.6823],[135.2072,35.6857],[135.2066,35.6871],[135.2111,35.6881],[135.2128,35.6878],[135.2135,35.6891]]]},"properties":{"prefectureCode":"26","prefectureName":"京都府","municipalityName":"京丹後市","municipalityCode":"26212"}},
{"type":"Feature","geometry":{"type":"Polygon","coordinates":[[[135.7688,35.356],[135.766,35.3552],[135.7644,35.3565],[135.7618,35.3557],[135.76,35.3544],[135.7552,35.3544],[135.7508,35.357],[135.7441,35.3589],[135.7402,35.3583],[135.7411,35.3557],[135.7406,35.3539],[135.7364,35.3511],[135.7323,35.351],[135.7315,35.3506],[135.7278,35.3526],[135.725,35.3517],[135.7214,35.3534],[135.7189,35.3553],[135.7169,35.3536],[135.7148,35.3541],[135.7128,35.3531],[135.7122,35.3503],[135.7107,35.348],[135.7079,35.3472],[135.7064,35.346],[135.7048,35.3464],[135.7041,35.3448],[135.701,35.3437],[135.6995,35.3449],[135.6973,35.3447],[135.6949,35.3457],[135.6924,35.3459],[135.69,35.3479],[135.6875,35.3481],[135.6853,35.3474],[135.6801,35.35],[135.6771,35.3498],[135.6737,35.3533],[135.6722,35.3541],[135.6695,35.3543],[135.6682,35.3571],[135.6666,35.3566],[135.6642,35.3569],[135.6613,35.3563],[135.6593,35.3585],[135.6544,35.3598],[135.6524,35.3599],[135.6495,35.3612],[135.6483,35.3626],[135.6424,35.3667],[135.639,35.3644],[135.6366,35.3637],[135.6324,35.3656],[135.6284,35.3669],[135.6235,35.3699],[135.6212,35.3696],[135.6189,35.3705],[135.6178,35.3699],[135.6151,35.3711],[135.6117,35.3692],[135.6112,35.3669],[135.6095,35.3693],[135.6081,35.3699],[135.6071,35.3715],[135.6054,35.3713],[135.6034,35.3721],[135.5998,35.3712],[135.5983,35.3724],[135.5949,35.3726],[135.5939,35.3705],[135.5918,35.37],[135.5905,35.3686],[135.5881,35.3683],[135.5839,35.3702],[135.5827,35.3721],[135.5796,35.3749],[135.5757,35.3752],[135.5741,35.3744],[135.5717,35.3743],[135.5695,35.3752],[135.5681,35.3749],[135.5658,35.3773],[135.5646,35.3777],[135.5617,35.3766],[135.5588,35.3765],[135.5577,35.3775],[135.5546,35.3771],[135.5533,35.3778],[135.5504,35.3769],[135.5446,35.3769],[135.537,35.3767],[135.5345,35.3774],[135.534,35.3762],[135.5348,35.3738],[135.5344,35.3712],[135.5323,35.37],[135.5282,35.3692],[135.5248,35.3702],[135.5218,35.3697],[135.5164,35.3647],[135.512,35.3647],[135.5103,35.3628],[135.5068,35.3619],[135.5045,35.3608],[135.5021,35.361],[135.5001,35.3599],[135.5001,35.3579],[135.5016,35.3549],[135.5043,35.3538],[135.5053,35.3521],[135.5054,35.3491],[135.5018,35.3479],[135.5,35.3478],[135.4988,35.3465],[135.4995,35.3448],[135.4981,35.3422],[135.4999,35.3406],[135.4987,35.3398],[135.4979,35.3351],[135.4973,35.3329],[135.5006,35.3293],[135.5026,35.3253],[135.5017,35.3238],[135.4967,35.3223],[135.4956,35.3199],[135.492,35.318],[135.4919,35.3166],[135.4897,35.3167],[135.4883,35.3176],[135.484,35.3156],[135.4823,35.3138],[135.4802,35.313],[135.4788,35.3098],[135.4791,35.3089],[135.4765,35.3067],[135.4765,35.3045],[135.4742,35.3032],[135.4784,35.2973],[135.4782,35.2961],[135.4732,35.2919],[135.4727,35.2904],[135.4693,35.2885],[135.4666,35.2878],[135.4651,35.2867],[135.4632,35.287],[135.461,35.2843],[135.4617,35.283],[135.4608,35.2818],[135.459,35.276],[135.4584,35.2726],[135.4592,35.2711],[135.4565,35.2671],[135.4561,35.261],[135.4586,35.2594],[135.4619,35.2561],[135.4635,35.2533],[135.4649,35.2493],[135.4636,35.2477],[135.4605,35.2466],[135.4536,35.2454],[135.4527,35.2428],[135.4527,35.2399],[135.4519,35.2381],[135.4524,35.2369],[135.45,35.2352],[135.4522,35.2335],[135.4518,35.2303],[135.4528,35.2272],[135.4548,35.2261],[135.4563,35.2243],[135.4561,35.2213],[135.4554,35.2187],[135.4571,35.2163],[135.454,35.2124],[135.4537,35.2106],[135.4519,35.2072],[135.4518,35.2047],[135.4492,35.2011],[135.4484,35.2007],[135.4473,35.1978],[135.4476,35.1963],[135.4461,35.1929],[135.4473,35.1919],[135.4486,35.1924],[135.4521,35.1914],[135.4538,35.1902],[135.4551,35.1867],[135.4622,35.1848],[135.4608,35.1834],[135.4617,35.1819],[135.4608,35.1801],[135.4633,35.1784],[135.4608,35.1764],[135.4615,35.175],[135.4642,35.1731],[135.4634,35.1705],[135.4651,35.1682],[135.4626,35.1668],[135.4599,35.166],[135.4587,35.1646],[135.4577,35.1622],[135.4594,35.1583],[135.4577,35.1564],[135.4547,35.155],[135.4531,35.1549],[135.451,35.1536],[135.4513,35.1518],[135.4523,35.1514],[135.4547,35.1458],[135.452,35.1454],[135.4509,35.1418],[135.4524,35.1403],[135.4478,35.1385],[135.4491,35.136],[135.4483,35.1334],[135.4446,35.1331],[135.443,35.1326],[135.4438,35.1305],[135.4466,35.129],[135.4463,35.1268],[135.4439,35.1265],[135.4414,35.1247],[135.4402,35.122],[135.4373,35.1197],[135.4343,35.12],[135.4316,35.1193],[135.4293,35.1216],[135.4283,35.1211],[135.4261,35.1189],[135.4258,35.1175],[135.4277,35.1144],[135.4271,35.113],[135.4255,35.1118],[135.4241,35.1081],[135.4206,35.1046],[135.4156,35.1068],[135.4117,35.1073],[135.406,35.1053],[135.4043,35.1056],[135.3998,35.1047],[135.3987,35.1038],[135.3984,35.1019],[135.3958,35.1006],[135.3942,35.0986],[135.3916,35.098],[135.3976,35.0956],[135.3976,35.095],[135.4007,35.0938],[135.4016,35.0906],[135.4043,35.089],[135.4016,35.0876],[135.4001,35.086],[135.3998,35.0832],[135.3987,35.0817],[135.4001,35.0776],[135.3995,35.0761],[135.3956,35.0757],[135.3944,35.075],[135.3937,35.0732],[135.3919,35.0727],[135.3895,35.073],[135.3871,35.0725],[135.3857,35.0711],[135.3834,35.0705],[135.3821,35.0687],[135.379,35.0677],[135.3766,35.066],[135.3764,35.0642],[135.3771,35.0632],[135.3772,35.0609],[135.373,35.0598],[135.3713,35.0586],[135.3687,35.0549],[135.37,35.052],[135.3693,35.0487],[135.3712,35.0453],[135.376,35.0441],[135.3782,35.0403],[135.38,35.0391],[135.3806,35.0369],[135.3799,35.0352],[135.3821,35.0309],[135.3862,35.028],[135.3894,35.0286],[135.3905,35.028],[135.3932,35.0295],[135.3956,35.028],[135.3965,35.0264],[135.3961,35.0254],[135.398,35.0247],[135.4021,35.0258],[135.4063,35.0253],[135.4076,35.0259],[135.4112,35.0257],[135.4137,35.0263],[135.4159,35.028],[135.4174,35.0272],[135.4204,35.0281],[135.4216,35.0267],[135.4231,35.0264],[135.4258,35.0284],[135.4297,35.0261],[135.4308,35.0262],[135.4344,35.0246],[135.4429,35.0368],[135.4474,35.0361],[135.4497,35.0373],[135.4493,35.0396],[135.4518,35.041],[135.4549,35.0418],[135.4563,35.0444],[135.4585,35.0455],[135.4586,35.0469],[135.463,35.0486],[135.466,35.0512],[135.4664,35.052],[135.4705,35.0559],[135.4742,35.0606],[135.4727,35.0632],[135.4721,35.0666],[135.4747,35.0687],[135.4752,35.0708],[135.4767,35.0723],[135.4789,35.0726],[135.4812,35.0721],[135.484,35.069],[135.489,35.0697],[135.4911,35.0685],[135.4973,35.0679],[135.5018,35.0682],[135.5028,35.0689],[135.5056,35.0691],[135.5066,35.0682],[135.5057,35.0671],[135.5055,35.0633],[135.5106,35.0631],[135.5132,35.0621],[135.5146,35.0611],[135.5197,35.0612],[135.5207,35.0603],[135.5237,35.0613],[135.5252,35.0583],[135.5264,35.0573],[135.529,35.0582],[135.5356,35.0594],[135.5375,35.059],[135.539,35.0599],[135.5388,35.0614],[135.537,35.0639],[135.5373,35.0654],[135.5407,35.0667],[135.5481,35.0616],[135.5512,35.061],[135.5533,35.0616],[135.5538,35.0641],[135.5564,35.0643],[135.556,35.0672],[135.557,35.0703],[135.5569,35.0722],[135.5555,35.0721],[135.5555,35.0744],[135.5533,35.0747],[135.5524,35.0774],[135.5527,35.0799],[135.5518,35.0821],[135.5517,35.0848],[135.5549,35.0852],[135.557,35.0872],[135.5573,35.0888],[135.5591,35.0889],[135.561,35.0903],[135.5621,35.0934],[135.5625,35.096],[135.5646,35.0985],[135.5662,35.0994],[135.5686,35.0999],[135.5697,35.1011],[135.5728,35.1011],[135.5752,35.0986],[135.5776,35.0988],[135.5794,35.0978],[135.5833,35.0988],[135.5842,35.0975],[135.5866,35.0991],[135.5896,35.0974],[135.5906,35.0959],[135.5938,35.0956],[135.5979,35.0943],[135.6008,35.0954],[135.6022,35.0944],[135.6045,35.0941],[135.6052,35.0927],[135.6097,35.0952],[135.6146,35.0974],[135.6164,35.1009],[135.6154,35.1018],[135.6165,35.1039],[135.6147,35.1047],[135.612,35.1049],[135.6093,35.1069],[135.6096,35.1083],[135.6069,35.1092],[135.605,35.1107],[135.6039,35.1123],[135.6024,35.1105],[135.5973,35.1101],[135.5959,35.1113],[135.5956,35.1128],[135.5937,35.1145],[135.5923,35.1168],[135.591,35.1242],[135.5952,35.1263],[135.5974,35.126],[135.5955,35.1289],[135.592,35.1291],[135.5895,35.1277],[135.5837,35.1272],[135.582,35.1282],[135.5798,35.1283],[135.5776,35.1277],[135.5753,35.1325],[135.571,35.1309],[135.5703,35.1294],[135.5679,35.1276],[135.5665,35.1281],[135.5641,35.1309],[135.5614,35.1326],[135.5614,35.1348],[135.559,35.1369],[135.5598,35.1391],[135.5605,35.1424],[135.5617,35.1439],[135.5624,35.1482],[135.5608,35.1489],[135.5604,35.1506],[135.5615,35.1536],[135.5606,35.1544],[135.5616,35.1566],[135.5638,35.1578],[135.5658,35.1608],[135.5681,35.1612],[135.5682,35.1634],[135.5703,35.166],[135.5726,35.1662],[135.5723,35.168],[135.5739,35.169],[135.5735,35.1713],[135.5749,35.1727],[135.5746,35.1739],[135.5761,35.176],[135.5762,35.1792],[135.5786,35.1801],[135.5811,35.1832],[135.5815,35.1848],[135.583,35.1853],[135.5824,35.1873],[135.5842,35.1897],[135.5873,35.1909],[135.5885,35.1932],[135.5912,35.1952],[135.5914,35.1964],[135.5929,35.1976],[135.5923,35.1988],[135.594,35.2008],[135.5965,35.2025],[135.5967,35.2046],[135.5963,35.208],[135.5972,35.2097],[135.5967,35.2121],[135.5943,35.2122],[135.5922,35.2137],[135.5899,35.2164],[135.5896,35.219],[135.5911,35.2205],[135.5954,35.2212],[135.5976,35.224],[135.5991,35.225],[135.6021,35.2252],[135.6042,35.2266],[135.6087,35.2283],[135.6106,35.2286],[135.6124,35.2276],[135.6132,35.2256],[135.6158,35.2266],[135.6192,35.2255],[135.6198,35.2289],[135.6196,35.2316],[135.6202,35.2332],[135.6244,35.2337],[135.6297,35.236],[135.6295,35.2388],[135.6285,35.2394],[135.6293,35.2429],[135.6289,35.2454],[135.6301,35.2466],[135.6306,35.2488],[135.6364,35.2531],[135.6365,35.2552],[135.6377,35.2566],[135.64,35.258],[135.6439,35.2571],[135.6449,35.2588],[135.6463,35.2597],[135.6501,35.2604],[135.6519,35.26],[135.6548,35.2632],[135.6567,35.2622],[135.659,35.262],[135.6608,35.2604],[135.6634,35.2607],[135.6652,35.2604],[135.6673,35.2584],[135.67,35.2591],[135.6725,35.2583],[135.6755,35.2581],[135.6764,35.2569],[135.681,35.2567],[135.6842,35.2579],[135.6865,35.2561],[135.6894,35.2552],[135.6906,35.2562],[135.6932,35.2559],[135.6959,35.2572],[135.6992,35.2579],[135.702,35.2571],[135.7036,35.2575],[135.7059,35.2595],[135.7072,35.2614],[135.709,35.2607],[135.712,35.261],[135.715,35.263],[135.7176,35.2653],[135.7197,35.2652],[135.7221,35.2659],[135.725,35.2656],[135.7263,35.2661],[135.7273,35.2678],[135.7268,35.27],[135.7257,35.2717],[135.727,35.2735],[135.7289,35.2747],[135.7315,35.2779],[135.7298,35.2791],[135.73,35.2814],[135.7292,35.2836],[135.7303,35.2847],[135.733,35.285],[135.7338,35.287],[135.7361,35.2877],[135.7383,35.287],[135.7418,35.2872],[135.7446,35.2868],[135.7483,35.2867],[135.7492,35.2874],[135.754,35.2874],[135.7571,35.2884],[135.7609,35.2883],[135.7628,35.2878],[135.7648,35.2884],[135.7661,35.2895],[135.7692,35.2895],[135.772,35.288],[135.7748,35.2841],[135.7766,35.285],[135.7775,35.2868],[135.78,35.2875],[135.7802,35.2889],[135.7815,35.29],[135.7806,35.293],[135.7777,35.2945],[135.7775,35.2966],[135.7784,35.3018],[135.7776,35.3028],[135.7775,35.3051],[135.7819,35.3053],[135.7828,35.3072],[135.7858,35.3074],[135.7877,35.308],[135.7897,35.3109],[135.7898,35.3137],[135.7919,35.3156],[135.7946,35.3189],[135.794,35.3204],[135.7952,35.3212],[135.7949,35.3221],[135.7909,35.3238],[135.79,35.3282],[135.7857,35.3307],[135.7837,35.3349],[135.7823,35.3363],[135.7825,35.3384],[135.7808,35.3406],[135.7787,35.3401],[135.7779,35.3411],[135.7743,35.3428],[135.7701,35.3433],[135.7692,35.3438],[135.7654,35.3441],[135.7641,35.3446],[135.764,35.3463],[135.7662,35.3485],[135.766,35.3501],[135.7672,35.3507],[135.7679,35.3532],[135.7698,35.3545],[135.7688,35.356]]]},"properties":{"prefectureCode":"26","prefectureName":"京都府","municipalityName":"南丹市","municipalityCode":"26213"}},
{"type":"Feature","geometry":{"type":"Polygon","coordinates":[[[135.7781,34.7232],[135.7817,34.7231],[135.7846,34.7245],[135.7896,34.7244],[135.792,34.7247],[135.7953,34.7233],[135.7952,34.7218],[135.7974,34.7209],[135.7989,34.723],[135.7998,34.7225],[135.8037,34.7219],[135.8041,34.7198],[135.8058,34.718],[135.8124,34.7173],[135.8118,34.7149],[135.8133,34.7151],[135.8165,34.7142],[135.8175,34.7129],[135.8198,34.7117],[135.8229,34.7122],[135.8266,34.7137],[135.8277,34.7124],[135.8318,34.7134],[135.8341,34.7124],[135.839,34.7118],[135.8396,34.7107],[135.8417,34.7093],[135.8484,34.7086],[135.8494,34.7082],[135.849,34.706],[135.851,34.7058],[135.8554,34.706],[135.8597,34.7071],[135.8633,34.7062],[135.8657,34.7084],[135.866,34.7096],[135.8679,34.7105],[135.8727,34.7115],[135.8747,34.7133],[135.8761,34.7139],[135.8777,34.7123],[135.8795,34.7128],[135.8811,34.714],[135.8834,34.7131],[135.8852,34.7136],[135.8902,34.7094],[135.8923,34.7164],[135.8922,34.7181],[135.8936,34.7196],[135.8954,34.7249],[135.8968,34.7251],[135.8975,34.7269],[135.897,34.7293],[135.8974,34.7309],[135.8989,34.7314],[135.9009,34.731],[135.903,34.7329],[135.9031,34.7361],[135.9054,34.7369],[135.9076,34.7395],[135.9085,34.7414],[135.9117,34.7439],[135.9122,34.746],[135.9134,34.7466],[135.9136,34.7493],[135.915,34.7509],[135.9162,34.7537],[135.9204,34.753],[135.9221,34.7548],[135.92,34.7556],[135.9188,34.7542],[135.917,34.754],[135.9155,34.7591],[135.9128,34.7596],[135.9117,34.761],[135.913,34.7623],[135.9131,34.7648],[135.9048,34.7663],[135.9031,34.7664],[135.9016,34.7656],[135.9002,34.7637],[135.8984,34.7648],[135.9002,34.7662],[135.8989,34.7695],[135.9021,34.7716],[135.9033,34.7733],[135.9013,34.7764],[135.9013,34.7776],[135.8992,34.7793],[135.8974,34.7757],[135.896,34.7752],[135.8956,34.7729],[135.893,34.771],[135.8923,34.7691],[135.8912,34.7689],[135.8862,34.7729],[135.8832,34.7731],[135.8811,34.774],[135.8823,34.7754],[135.8796,34.7757],[135.8791,34.7782],[135.8758,34.7833],[135.8737,34.7852],[135.8722,34.7853],[135.8688,34.7879],[135.8712,34.7899],[135.8704,34.7909],[135.8723,34.7942],[135.8709,34.7955],[135.8693,34.7961],[135.8678,34.7949],[135.8659,34.795],[135.8643,34.7972],[135.8643,34.7984],[135.8665,34.8001],[135.8677,34.8027],[135.8663,34.8033],[135.8638,34.8027],[135.8606,34.8012],[135.8569,34.8007],[135.8542,34.8012],[135.8498,34.8011],[135.8488,34.8],[135.8421,34.8006],[135.8391,34.8004],[135.8367,34.8006],[135.8322,34.7988],[135.8281,34.7986],[135.8264,34.7971],[135.8253,34.7948],[135.8199,34.794],[135.8189,34.7931],[135.8165,34.7931],[135.813,34.7916],[135.8082,34.791],[135.8038,34.7916],[135.8022,34.7912],[135.8004,34.7901],[135.8033,34.7859],[135.8033,34.7761],[135.8037,34.7709],[135.806,34.7646],[135.8078,34.7608],[135.8076,34.7577],[135.805,34.7535],[135.8052,34.7511],[135.7955,34.7509],[135.7918,34.7486],[135.7902,34.7489],[135.7881,34.7483],[135.7861,34.7488],[135.7838,34.7477],[135.7815,34.746],[135.7761,34.7437],[135.7742,34.7415],[135.7742,34.7396],[135.7752,34.7385],[135.7791,34.7392],[135.7802,34.7387],[135.7846,34.7387],[135.7862,34.7384],[135.7885,34.7388],[135.7908,34.7413],[135.7922,34.7417],[135.7928,34.7399],[135.7917,34.7382],[135.7941,34.7378],[135.794,34.7362],[135.7927,34.7355],[135.79,34.7326],[135.7862,34.7327],[135.7855,34.7318],[135.7816,34.7299],[135.7798,34.7297],[135.7784,34.7285],[135.7785,34.7262],[135.7781,34.7232]],[[135.9082,34.75],[135.9076,34.7514],[135.9057,34.7522],[135.9067,34.7533],[135.9037,34.7547],[135.9032,34.757],[135.9036,34.7609],[135.9088,34.7644],[135.9098,34.7634],[135.9103,34.761],[135.9119,34.7597],[135.911,34.757],[135.9058,34.7579],[135.9042,34.7576],[135.9054,34.755],[135.9098,34.7512],[135.9082,34.75]],[[135.8496,34.7997],[135.8521,34.8004],[135.8587,34.7962],[135.858,34.7956],[135.8518,34.7997],[135.8496,34.7997]]]},"properties":{"prefectureCode":"26","prefectureName":"京都府","municipalityName":"木津川市","municipalityCode":"26214"}},
{"type":"Feature","geometry":{"type":"Polygon","coordinates":[[[135.7065,34.9081],[135.6968,34.9106],[135.6948,34.9092],[135.6947,34.9076],[135.6916,34.9078],[135.6891,34.9096],[135.689,34.9112],[135.6876,34.9127],[135.6842,34.9133],[135.6785,34.9128],[135.6767,34.9139],[135.6747,34.9113],[135.6743,34.91],[135.6699,34.909],[135.669,34.9079],[135.6681,34.9051],[135.6671,34.9042],[135.6688,34.9038],[135.6746,34.9002],[135.6763,34.8975],[135.6752,34.8955],[135.677,34.8952],[135.6792,34.8903],[135.6802,34.8892],[135.6827,34.8878],[135.6844,34.8898],[135.6864,34.891],[135.689,34.8916],[135.6935,34.8921],[135.6954,34.8935],[135.6984,34.8946],[135.7032,34.8987],[135.7056,34.9004],[135.7053,34.9042],[135.7065,34.9081]]]},"properties":{"prefectureCode":"26","prefectureName":"京都府","municipalityName":"大山崎町","municipalityCode":"26303"}},
{"type":"Feature","geometry":{"type":"MultiPolygon","coordinates":[[[[135.716,34.8992],[135.719,34.8942],[135.7201,34.8929],[135.7215,34.8893],[135.7226,34.888],[135.7242,34.887],[135.7274,34.8864],[135.7287,34.8852],[135.7316,34.8829],[135.7327,34.8783],[135.7325,34.8749],[135.7339,34.8739],[135.737,34.8728],[135.7427,34.8715],[135.7431,34.8725],[135.7479,34.8713],[135.7473,34.8694],[135.7495,34.8682],[135.7498,34.8686],[135.7599,34.8685],[135.7596,34.8745],[135.7626,34.8747],[135.7671,34.8744],[135.7666,34.8804],[135.7659,34.8806],[135.7658,34.8862],[135.7598,34.8862],[135.76,34.8934],[135.7619,34.8933],[135.7638,34.8943],[135.7651,34.8927],[135.7668,34.8935],[135.7655,34.8952],[135.7663,34.8964],[135.7642,34.8993],[135.7632,34.9015],[135.7651,34.9024],[135.7609,34.9081],[135.7531,34.9042],[135.7477,34.9114],[135.7446,34.9104],[135.7427,34.907],[135.7405,34.9064],[135.7403,34.9048],[135.7352,34.9051],[135.732,34.9044],[135.7284,34.9023],[135.726,34.9028],[135.7247,34.901],[135.7215,34.8998],[135.7195,34.8997],[135.7196,34.8981],[135.716,34.8992]]],[[[135.8296,34.8599],[135.8332,34.8584],[135.8338,34.8599],[135.8327,34.8622],[135.8294,34.8649],[135.8279,34.8657],[135.8257,34.863],[135.8271,34.8606],[135.8296,34.8599]]]]},"properties":{"prefectureCode":"26","prefectureName":"京都府","municipalityName":"久御山町","municipalityCode":"26322"}},
{"type":"Feature","geometry":{"type":"MultiPolygon","coordinates":[[[[135.7907,34.8216],[135.7917,34.8203],[135.7983,34.8155],[135.8019,34.8107],[135.8024,34.8088],[135.8019,34.8057],[135.7979,34.7963],[135.7979,34.7941],[135.8004,34.7901],[135.8022,34.7912],[135.8038,34.7916],[135.8082,34.791],[135.813,34.7916],[135.8165,34.7931],[135.8189,34.7931],[135.8199,34.794],[135.8253,34.7948],[135.8264,34.7971],[135.8281,34.7986],[135.8322,34.7988],[135.8367,34.8006],[135.8391,34.8004],[135.8421,34.8006],[135.8488,34.8],[135.8498,34.8011],[135.8542,34.8012],[135.8569,34.8007],[135.8606,34.8012],[135.8638,34.8027],[135.8663,34.8033],[135.8677,34.8027],[135.867,34.8078],[135.8639,34.8095],[135.8604,34.8108],[135.8611,34.8137],[135.8596,34.8154],[135.8601,34.817],[135.8594,34.8185],[135.8598,34.8214],[135.8573,34.8213],[135.8563,34.8234],[135.8545,34.8226],[135.8541,34.8248],[135.8525,34.8259],[135.8477,34.8248],[135.8413,34.825],[135.8324,34.8263],[135.8294,34.8255],[135.8266,34.8254],[135.824,34.8248],[135.8208,34.8263],[135.8188,34.8257],[135.8145,34.8255],[135.8132,34.8244],[135.8077,34.8221],[135.8068,34.8228],[135.8035,34.8222],[135.7907,34.8216]]],[[[135.8496,34.7997],[135.8518,34.7997],[135.858,34.7956],[135.8587,34.7962],[135.8521,34.8004],[135.8496,34.7997]]]]},"properties":{"prefectureCode":"26","prefectureName":"京都府","municipalityName":"井手町","municipalityCode":"26343"}},
{"type":"Feature","geometry":{"type":"Polygon","coordinates":[[[135.8666,34.8921],[135.8627,34.8915],[135.8617,34.8908],[135.8593,34.8869],[135.8596,34.8849],[135.858,34.8836],[135.8554,34.8843],[135.8524,34.8829],[135.8487,34.8817],[135.8469,34.8791],[135.8446,34.8767],[135.8439,34.872],[135.843,34.8706],[135.8378,34.8703],[135.8369,34.8674],[135.8327,34.8658],[135.8319,34.8647],[135.8294,34.8649],[135.8327,34.8622],[135.8338,34.8599],[135.8332,34.8584],[135.8344,34.8556],[135.8337,34.8536],[135.8343,34.8506],[135.8337,34.8486],[135.8354,34.8479],[135.8377,34.8477],[135.8386,34.8483],[135.8411,34.8465],[135.8417,34.8442],[135.8417,34.8405],[135.844,34.8403],[135.8468,34.8383],[135.8482,34.8362],[135.846,34.8335],[135.8459,34.8292],[135.8474,34.8268],[135.8477,34.8248],[135.8525,34.8259],[135.8541,34.8248],[135.8545,34.8226],[135.8563,34.8234],[135.8573,34.8213],[135.8598,34.8214],[135.8594,34.8185],[135.8601,34.817],[135.8596,34.8154],[135.8611,34.8137],[135.8675,34.8143],[135.8694,34.8162],[135.8737,34.8165],[135.8766,34.8161],[135.8786,34.8164],[135.8811,34.8181],[135.8833,34.8177],[135.8868,34.8196],[135.8883,34.8225],[135.8875,34.8248],[135.8883,34.8261],[135.8899,34.8257],[135.8929,34.8232],[135.8956,34.8223],[135.8977,34.8225],[135.9011,34.8248],[135.9024,34.8251],[135.9039,34.8275],[135.9051,34.8265],[135.9076,34.8279],[135.9071,34.829],[135.9053,34.8293],[135.9043,34.8305],[135.9079,34.8318],[135.9085,34.833],[135.9116,34.8345],[135.9141,34.8343],[135.9213,34.8344],[135.9238,34.833],[135.9262,34.8358],[135.9296,34.8385],[135.9306,34.8417],[135.9332,34.8448],[135.9351,34.8463],[135.9376,34.8467],[135.9393,34.8488],[135.941,34.8498],[135.944,34.8506],[135.9462,34.8518],[135.947,34.8535],[135.9451,34.8572],[135.9446,34.8595],[135.9432,34.8598],[135.9424,34.8625],[135.941,34.8637],[135.9414,34.8682],[135.9426,34.8699],[135.9436,34.8728],[135.9437,34.875],[135.9427,34.8776],[135.9432,34.8782],[135.9401,34.8803],[135.9412,34.8847],[135.9404,34.888],[135.9396,34.8885],[135.9403,34.8924],[135.9389,34.8931],[135.936,34.8916],[135.9347,34.8892],[135.9329,34.8878],[135.9308,34.8886],[135.9287,34.8881],[135.9278,34.8869],[135.924,34.8849],[135.9236,34.8838],[135.9188,34.8848],[135.9154,34.8834],[135.9127,34.8835],[135.9115,34.8816],[135.9099,34.8804],[135.9095,34.8769],[135.9067,34.8753],[135.9073,34.874],[135.9042,34.8738],[135.8997,34.8714],[135.8973,34.8713],[135.8959,34.8731],[135.8887,34.8755],[135.885,34.8756],[135.8855,34.8782],[135.8884,34.8797],[135.8887,34.8813],[135.8869,34.8832],[135.8842,34.8845],[135.8814,34.8837],[135.8785,34.8854],[135.878,34.8866],[135.8759,34.8863],[135.8744,34.8889],[135.8724,34.8887],[135.869,34.8911],[135.8666,34.8921]]]},"properties":{"prefectureCode":"26","prefectureName":"京都府","municipalityName":"宇治田原町","municipalityCode":"26344"}},
{"type":"Feature","geometry":{"type":"MultiPolygon","coordinates":[[[[135.9221,34.7548],[135.9244,34.7577],[135.929,34.7568],[135.9274,34.7544],[135.9289,34.7527],[135.9286,34.7513],[135.927,34.7498],[135.9245,34.7458],[135.9232,34.7446],[135.924,34.7435],[135.9239,34.7414],[135.9256,34.7403],[135.9272,34.7401],[135.9306,34.7381],[135.9325,34.7376],[135.9361,34.7401],[135.9411,34.739],[135.9429,34.7375],[135.9438,34.7413],[135.9467,34.7426],[135.9483,34.7445],[135.9498,34.7443],[135.9512,34.7463],[135.9534,34.7471],[135.9549,34.7483],[135.9565,34.7457],[135.9578,34.7446],[135.9583,34.7409],[135.9623,34.7401],[135.9643,34.7422],[135.966,34.7432],[135.9698,34.7405],[135.9716,34.7427],[135.972,34.7448],[135.9715,34.7469],[135.972,34.7486],[135.9713,34.7503],[135.9696,34.7514],[135.9699,34.7546],[135.9709,34.7565],[135.9719,34.7611],[135.9746,34.762],[135.9771,34.7624],[135.9775,34.7641],[135.9771,34.7683],[135.9778,34.771],[135.9767,34.774],[135.9771,34.776],[135.9782,34.7777],[135.9787,34.78],[135.9784,34.7816],[135.9757,34.782],[135.9702,34.7815],[135.9693,34.7828],[135.9671,34.7823],[135.9653,34.7844],[135.9674,34.7854],[135.969,34.7877],[135.9682,34.7907],[135.9671,34.7916],[135.9677,34.793],[135.9669,34.7955],[135.9641,34.7968],[135.9624,34.7966],[135.96,34.7944],[135.9581,34.7948],[135.9542,34.7962],[135.9516,34.798],[135.9513,34.7951],[135.9502,34.7941],[135.9508,34.7924],[135.9484,34.7881],[135.9472,34.787],[135.9465,34.7848],[135.9453,34.7832],[135.9434,34.782],[135.9408,34.779],[135.9432,34.7777],[135.9423,34.7765],[135.9422,34.7744],[135.94,34.7724],[135.9374,34.7734],[135.9354,34.7734],[135.9304,34.7744],[135.9281,34.7746],[135.9251,34.7736],[135.9188,34.77],[135.9188,34.7669],[135.9202,34.7653],[135.918,34.7646],[135.9152,34.7644],[135.9131,34.7648],[135.913,34.7623],[135.9117,34.761],[135.9128,34.7596],[135.9155,34.7591],[135.917,34.754],[135.9188,34.7542],[135.92,34.7556],[135.9221,34.7548]]],[[[135.9082,34.75],[135.9098,34.7512],[135.9054,34.755],[135.9042,34.7576],[135.9058,34.7579],[135.911,34.757],[135.9119,34.7597],[135.9103,34.761],[135.9098,34.7634],[135.9088,34.7644],[135.9036,34.7609],[135.9032,34.757],[135.9037,34.7547],[135.9067,34.7533],[135.9057,34.7522],[135.9076,34.7514],[135.9082,34.75]]]]},"properties":{"prefectureCode":"26","prefectureName":"京都府","municipalityName":"笠置町","municipalityCode":"26364"}},
{"type":"Feature","geometry":{"type":"Polygon","coordinates":[[[135.9462,34.8518],[135.944,34.8506],[135.941,34.8498],[135.9393,34.8488],[135.9376,34.8467],[135.9351,34.8463],[135.9332,34.8448],[135.9306,34.8417],[135.9296,34.8385],[135.9262,34.8358],[135.9238,34.833],[135.9213,34.8344],[135.9141,34.8343],[135.9116,34.8345],[135.9085,34.833],[135.9079,34.8318],[135.9043,34.8305],[135.9053,34.8293],[135.9071,34.829],[135.9076,34.8279],[135.9051,34.8265],[135.9039,34.8275],[135.9024,34.8251],[135.9011,34.8248],[135.8977,34.8225],[135.8956,34.8223],[135.8929,34.8232],[135.8899,34.8257],[135.8883,34.8261],[135.8875,34.8248],[135.8883,34.8225],[135.8868,34.8196],[135.8833,34.8177],[135.8811,34.8181],[135.8786,34.8164],[135.8766,34.8161],[135.8737,34.8165],[135.8694,34.8162],[135.8675,34.8143],[135.8611,34.8137],[135.8604,34.8108],[135.8639,34.8095],[135.867,34.8078],[135.8677,34.8027],[135.8665,34.8001],[135.8643,34.7984],[135.8643,34.7972],[135.8659,34.795],[135.8678,34.7949],[135.8693,34.7961],[135.8709,34.7955],[135.8723,34.7942],[135.8704,34.7909],[135.8712,34.7899],[135.8688,34.7879],[135.8722,34.7853],[135.8737,34.7852],[135.8758,34.7833],[135.8791,34.7782],[135.8796,34.7757],[135.8823,34.7754],[135.8811,34.774],[135.8832,34.7731],[135.8862,34.7729],[135.8912,34.7689],[135.8923,34.7691],[135.893,34.771],[135.8956,34.7729],[135.896,34.7752],[135.8974,34.7757],[135.8992,34.7793],[135.9013,34.7776],[135.9013,34.7764],[135.9033,34.7733],[135.9021,34.7716],[135.8989,34.7695],[135.9002,34.7662],[135.8984,34.7648],[135.9002,34.7637],[135.9016,34.7656],[135.9031,34.7664],[135.9048,34.7663],[135.9131,34.7648],[135.9152,34.7644],[135.918,34.7646],[135.9202,34.7653],[135.9188,34.7669],[135.9188,34.77],[135.9251,34.7736],[135.9281,34.7746],[135.9304,34.7744],[135.9354,34.7734],[135.9374,34.7734],[135.94,34.7724],[135.9422,34.7744],[135.9423,34.7765],[135.9432,34.7777],[135.9408,34.779],[135.9434,34.782],[135.9453,34.7832],[135.9465,34.7848],[135.9472,34.787],[135.9484,34.7881],[135.9508,34.7924],[135.9502,34.7941],[135.9513,34.7951],[135.9516,34.798],[135.9527,34.8014],[135.9541,34.8017],[135.9542,34.8045],[135.9535,34.8076],[135.9599,34.8109],[135.9681,34.8089],[135.9691,34.8103],[135.9704,34.8105],[135.9725,34.8141],[135.9742,34.8149],[135.9947,34.8259],[135.9996,34.8241],[136.004,34.8239],[136.0088,34.8226],[136.012,34.822],[136.0139,34.8226],[136.0168,34.8227],[136.0192,34.8223],[136.0233,34.8204],[136.0285,34.8191],[136.0277,34.8218],[136.0217,34.8247],[136.0185,34.8269],[136.0177,34.8283],[136.0159,34.8288],[136.0155,34.8266],[136.0122,34.8252],[136.0099,34.8261],[136.0054,34.8266],[136.004,34.8296],[136.0038,34.8311],[136.0023,34.8328],[136.0029,34.836],[136.0026,34.8373],[136.0039,34.8387],[136.0037,34.8411],[136.0053,34.8431],[136.004,34.8443],[136.0008,34.8451],[135.9978,34.8444],[135.9948,34.8423],[135.9916,34.8428],[135.9896,34.8414],[135.9871,34.8408],[135.9849,34.8415],[135.9822,34.8393],[135.9778,34.8385],[135.9715,34.8385],[135.9716,34.8425],[135.971,34.8436],[135.9721,34.846],[135.9697,34.8472],[135.9671,34.8474],[135.9661,34.8495],[135.9627,34.8504],[135.9629,34.8531],[135.9614,34.8547],[135.9598,34.8539],[135.9571,34.8548],[135.955,34.8534],[135.9534,34.8532],[135.9496,34.8516],[135.9462,34.8518]]]},"properties":{"prefectureCode":"26","prefectureName":"京都府","municipalityName":"和束町","municipalityCode":"26365"}},
{"type":"Feature","geometry":{"type":"Polygon","coordinates":[[[135.7367,34.7518],[135.7364,34.75],[135.7383,34.7494],[135.7392,34.7483],[135.7464,34.7468],[135.7481,34.7457],[135.7476,34.7432],[135.7492,34.7413],[135.751,34.7406],[135.7532,34.7384],[135.7571,34.7359],[135.7553,34.7341],[135.7554,34.7303],[135.7548,34.7283],[135.7555,34.7275],[135.7578,34.7281],[135.7613,34.726],[135.7633,34.7261],[135.7668,34.7254],[135.7696,34.7257],[135.7705,34.7252],[135.7733,34.7258],[135.7734,34.7247],[135.7781,34.7232],[135.7785,34.7262],[135.7784,34.7285],[135.7798,34.7297],[135.7816,34.7299],[135.7855,34.7318],[135.7862,34.7327],[135.79,34.7326],[135.7927,34.7355],[135.794,34.7362],[135.7941,34.7378],[135.7917,34.7382],[135.7928,34.7399],[135.7922,34.7417],[135.7908,34.7413],[135.7885,34.7388],[135.7862,34.7384],[135.7846,34.7387],[135.7802,34.7387],[135.7791,34.7392],[135.7752,34.7385],[135.7742,34.7396],[135.7742,34.7415],[135.7761,34.7437],[135.7815,34.746],[135.7838,34.7477],[135.7861,34.7488],[135.7881,34.7483],[135.7902,34.7489],[135.7918,34.7486],[135.7955,34.7509],[135.8052,34.7511],[135.805,34.7535],[135.8076,34.7577],[135.8078,34.7608],[135.806,34.7646],[135.8037,34.7709],[135.8033,34.7761],[135.8033,34.7859],[135.8004,34.7901],[135.7947,34.7875],[135.7928,34.7902],[135.7892,34.7901],[135.7889,34.7889],[135.7864,34.7889],[135.7868,34.7868],[135.7866,34.7845],[135.7846,34.7828],[135.7832,34.7808],[135.7819,34.78],[135.7796,34.7807],[135.7762,34.7802],[135.7747,34.7795],[135.7726,34.7802],[135.7716,34.7812],[135.7695,34.7812],[135.7677,34.7801],[135.7621,34.7804],[135.76,34.7795],[135.7585,34.777],[135.7582,34.7747],[135.754,34.7694],[135.7559,34.7671],[135.758,34.7661],[135.7596,34.766],[135.7625,34.7649],[135.7616,34.7636],[135.7592,34.7646],[135.7558,34.764],[135.752,34.7605],[135.75,34.7603],[135.7493,34.7572],[135.7475,34.7562],[135.7453,34.7559],[135.7416,34.7566],[135.7393,34.7528],[135.7367,34.7518]]]},"properties":{"prefectureCode":"26","prefectureName":"京都府","municipalityName":"精華町","municipalityCode":"26366"}},
{"type":"Feature","geometry":{"type":"Polygon","coordinates":[[[136.0285,34.8191],[136.0233,34.8204],[136.0192,34.8223],[136.0168,34.8227],[136.0139,34.8226],[136.012,34.822],[136.0088,34.8226],[136.004,34.8239],[135.9996,34.8241],[135.9947,34.8259],[135.9742,34.8149],[135.9725,34.8141],[135.9704,34.8105],[135.9691,34.8103],[135.9681,34.8089],[135.9599,34.8109],[135.9535,34.8076],[135.9542,34.8045],[135.9541,34.8017],[135.9527,34.8014],[135.9516,34.798],[135.9542,34.7962],[135.9581,34.7948],[135.96,34.7944],[135.9624,34.7966],[135.9641,34.7968],[135.9669,34.7955],[135.9677,34.793],[135.9671,34.7916],[135.9682,34.7907],[135.969,34.7877],[135.9674,34.7854],[135.9653,34.7844],[135.9671,34.7823],[135.9693,34.7828],[135.9702,34.7815],[135.9757,34.782],[135.9784,34.7816],[135.9787,34.78],[135.9782,34.7777],[135.9771,34.776],[135.9767,34.774],[135.9778,34.771],[135.9771,34.7683],[135.9775,34.7641],[135.9771,34.7624],[135.9746,34.762],[135.9719,34.7611],[135.9709,34.7565],[135.9699,34.7546],[135.9696,34.7514],[135.9713,34.7503],[135.972,34.7486],[135.9715,34.7469],[135.972,34.7448],[135.9716,34.7427],[135.9698,34.7405],[135.9713,34.7418],[135.9728,34.7421],[135.9763,34.7393],[135.9781,34.7371],[135.981,34.7371],[135.9818,34.7347],[135.9836,34.7345],[135.9827,34.7322],[135.9843,34.7299],[135.9861,34.7263],[135.9856,34.7256],[135.986,34.7224],[135.985,34.7192],[135.9864,34.7175],[135.9862,34.7153],[135.9901,34.7147],[135.9924,34.7138],[135.992,34.7122],[135.9983,34.7135],[135.9997,34.713],[136.0023,34.7147],[136.0026,34.7158],[136.0052,34.7173],[136.0069,34.7167],[136.0093,34.7166],[136.0127,34.714],[136.0138,34.7114],[136.0129,34.7086],[136.0139,34.7078],[136.0194,34.7086],[136.0268,34.7061],[136.0288,34.7063],[136.0279,34.71],[136.0293,34.7137],[136.0313,34.7138],[136.0317,34.715],[136.0336,34.7159],[136.0338,34.7177],[136.0394,34.7201],[136.0399,34.7239],[136.0416,34.7283],[136.041,34.7308],[136.0419,34.7343],[136.043,34.7361],[136.0449,34.7373],[136.0511,34.7387],[136.0555,34.7386],[136.0536,34.7389],[136.0528,34.7401],[136.0498,34.7405],[136.0481,34.7424],[136.0476,34.7442],[136.0428,34.7479],[136.0393,34.7494],[136.0388,34.7527],[136.0375,34.7541],[136.0381,34.7562],[136.0345,34.7569],[136.0302,34.7559],[136.0284,34.7583],[136.0291,34.7604],[136.031,34.7622],[136.0293,34.7648],[136.0307,34.7687],[136.0333,34.7718],[136.0341,34.7742],[136.0337,34.7749],[136.0336,34.7794],[136.032,34.7801],[136.031,34.7795],[136.0292,34.7806],[136.0252,34.7813],[136.0226,34.7823],[136.0208,34.7857],[136.02,34.7864],[136.0207,34.7892],[136.0223,34.7916],[136.0198,34.7921],[136.0163,34.7947],[136.0157,34.7978],[136.0113,34.7958],[136.0103,34.7996],[136.0114,34.8023],[136.0136,34.8049],[136.0151,34.8078],[136.0151,34.8091],[136.0187,34.8127],[136.0205,34.8122],[136.0223,34.8129],[136.0246,34.8148],[136.0274,34.8149],[136.029,34.8174],[136.0285,34.8191]]]},"properties":{"prefectureCode":"26","prefectureName":"京都府","municipalityName":"南山城村","municipalityCode":"26367"}},
{"type":"Feature","geometry":{"type":"Polygon","coordinates":[[[135.2893,35.1724],[135.29,35.171],[135.2902,35.1649],[135.291,35.1647],[135.2922,35.1613],[135.2917,35.1601],[135.2881,35.1584],[135.2871,35.1555],[135.2858,35.1544],[135.2856,35.1527],[135.2829,35.1508],[135.2809,35.1515],[135.2785,35.1511],[135.2799,35.147],[135.2823,35.145],[135.286,35.1445],[135.2876,35.1427],[135.2937,35.1416],[135.2957,35.143],[135.2987,35.1436],[135.3012,35.1427],[135.3035,35.1428],[135.3087,35.1444],[135.3112,35.1446],[135.3153,35.1463],[135.3208,35.1463],[135.324,35.1466],[135.3268,35.1492],[135.3311,35.1498],[135.3342,35.1496],[135.3364,35.1499],[135.341,35.1497],[135.3409,35.1457],[135.3403,35.145],[135.3374,35.1441],[135.3399,35.141],[135.3398,35.1378],[135.3432,35.1356],[135.3448,35.1361],[135.3497,35.1358],[135.3547,35.1367],[135.3575,35.1352],[135.3584,35.1332],[135.3599,35.1322],[135.3638,35.1319],[135.3682,35.1311],[135.3703,35.1322],[135.3723,35.1303],[135.3727,35.129],[135.3765,35.1296],[135.3775,35.1292],[135.3822,35.1298],[135.3847,35.1291],[135.3861,35.1295],[135.3898,35.1288],[135.3912,35.1265],[135.3897,35.1258],[135.3893,35.1236],[135.3861,35.1207],[135.3865,35.1177],[135.3872,35.1165],[135.3897,35.1147],[135.391,35.1145],[135.3932,35.112],[135.3933,35.1105],[135.3902,35.1092],[135.3892,35.1083],[135.3889,35.1058],[135.3898,35.1049],[135.3885,35.103],[135.3877,35.0992],[135.3892,35.0983],[135.3916,35.098],[135.3942,35.0986],[135.3958,35.1006],[135.3984,35.1019],[135.3987,35.1038],[135.3998,35.1047],[135.4043,35.1056],[135.406,35.1053],[135.4117,35.1073],[135.4156,35.1068],[135.4206,35.1046],[135.4241,35.1081],[135.4255,35.1118],[135.4271,35.113],[135.4277,35.1144],[135.4258,35.1175],[135.4261,35.1189],[135.4283,35.1211],[135.4293,35.1216],[135.4316,35.1193],[135.4343,35.12],[135.4373,35.1197],[135.4402,35.122],[135.4414,35.1247],[135.4439,35.1265],[135.4463,35.1268],[135.4466,35.129],[135.4438,35.1305],[135.443,35.1326],[135.4446,35.1331],[135.4483,35.1334],[135.4491,35.136],[135.4478,35.1385],[135.4524,35.1403],[135.4509,35.1418],[135.452,35.1454],[135.4547,35.1458],[135.4523,35.1514],[135.4513,35.1518],[135.451,35.1536],[135.4531,35.1549],[135.4547,35.155],[135.4577,35.1564],[135.4594,35.1583],[135.4577,35.1622],[135.4587,35.1646],[135.4599,35.166],[135.4626,35.1668],[135.4651,35.1682],[135.4634,35.1705],[135.4642,35.1731],[135.4615,35.175],[135.4608,35.1764],[135.4633,35.1784],[135.4608,35.1801],[135.4617,35.1819],[135.4608,35.1834],[135.4622,35.1848],[135.4551,35.1867],[135.4538,35.1902],[135.4521,35.1914],[135.4486,35.1924],[135.4473,35.1919],[135.4461,35.1929],[135.4476,35.1963],[135.4473,35.1978],[135.4484,35.2007],[135.4492,35.2011],[135.4518,35.2047],[135.4519,35.2072],[135.4537,35.2106],[135.454,35.2124],[135.4571,35.2163],[135.4554,35.2187],[135.4561,35.2213],[135.4563,35.2243],[135.4548,35.2261],[135.4528,35.2272],[135.4518,35.2303],[135.4522,35.2335],[135.45,35.2352],[135.4524,35.2369],[135.4519,35.2381],[135.4527,35.2399],[135.4527,35.2428],[135.4536,35.2454],[135.4605,35.2466],[135.4636,35.2477],[135.4649,35.2493],[135.4635,35.2533],[135.4619,35.2561],[135.4586,35.2594],[135.4561,35.261],[135.4565,35.2671],[135.4592,35.2711],[135.4584,35.2726],[135.459,35.276],[135.4608,35.2818],[135.4617,35.283],[135.461,35.2843],[135.4632,35.287],[135.4651,35.2867],[135.4666,35.2878],[135.4693,35.2885],[135.4727,35.2904],[135.4732,35.2919],[135.4782,35.2961],[135.4784,35.2973],[135.4742,35.3032],[135.4765,35.3045],[135.4765,35.3067],[135.4791,35.3089],[135.4788,35.3098],[135.4802,35.313],[135.4823,35.3138],[135.484,35.3156],[135.4883,35.3176],[135.4897,35.3167],[135.4919,35.3166],[135.492,35.318],[135.4956,35.3199],[135.4967,35.3223],[135.5017,35.3238],[135.5026,35.3253],[135.5006,35.3293],[135.4973,35.3329],[135.4979,35.3351],[135.4987,35.3398],[135.4999,35.3406],[135.4981,35.3422],[135.4961,35.344],[135.4933,35.3434],[135.49,35.3438],[135.4863,35.3457],[135.4829,35.3453],[135.481,35.3439],[135.4781,35.3443],[135.4754,35.3438],[135.4704,35.3453],[135.4694,35.345],[135.4675,35.346],[135.4634,35.3451],[135.4592,35.3451],[135.4579,35.3446],[135.4566,35.3459],[135.4562,35.3477],[135.455,35.3483],[135.4539,35.3466],[135.4512,35.3455],[135.4496,35.3442],[135.446,35.3441],[135.445,35.3433],[135.4412,35.3416],[135.4399,35.3433],[135.4371,35.3434],[135.4344,35.3418],[135.4306,35.3413],[135.4285,35.3423],[135.4228,35.3369],[135.4184,35.3357],[135.4168,35.3347],[135.416,35.3305],[135.4143,35.3286],[135.4117,35.3271],[135.4051,35.3257],[135.403,35.3257],[135.401,35.3249],[135.3998,35.3235],[135.3985,35.3234],[135.3967,35.3209],[135.3939,35.32],[135.3926,35.3179],[135.3898,35.3166],[135.3879,35.3163],[135.3868,35.3151],[135.3846,35.3149],[135.382,35.3113],[135.3824,35.3092],[135.3815,35.3072],[135.3795,35.3056],[135.3793,35.3029],[135.3774,35.3018],[135.3756,35.2994],[135.3739,35.2985],[135.3722,35.2988],[135.3698,35.2967],[135.3696,35.2945],[135.3673,35.292],[135.3625,35.2916],[135.3603,35.2907],[135.3588,35.2921],[135.3513,35.2893],[135.3499,35.2883],[135.3483,35.2856],[135.346,35.2846],[135.3453,35.282],[135.3414,35.2803],[135.3386,35.2799],[135.3364,35.2783],[135.3348,35.2757],[135.3344,35.2729],[135.3324,35.2711],[135.3291,35.2714],[135.3269,35.2732],[135.3218,35.2738],[135.3186,35.2738],[135.3189,35.2716],[135.3198,35.2705],[135.3195,35.2692],[135.3211,35.2672],[135.3207,35.2658],[135.3224,35.2651],[135.3216,35.2635],[135.3248,35.2598],[135.3251,35.2583],[135.3242,35.2546],[135.3234,35.2549],[135.3177,35.2532],[135.3142,35.25],[135.3104,35.2483],[135.3105,35.2455],[135.3085,35.2445],[135.3031,35.2432],[135.3016,35.2386],[135.2991,35.2371],[135.2986,35.2353],[135.2921,35.2344],[135.2887,35.2346],[135.2884,35.2317],[135.2909,35.2306],[135.2916,35.2293],[135.2943,35.2268],[135.2949,35.2252],[135.2967,35.2241],[135.2994,35.2204],[135.2979,35.2193],[135.2943,35.22],[135.2931,35.2192],[135.2939,35.216],[135.2951,35.2153],[135.2966,35.212],[135.3,35.2105],[135.2996,35.2097],[135.2961,35.2062],[135.2962,35.2043],[135.2949,35.2028],[135.2949,35.2017],[135.2938,35.1984],[135.2926,35.1981],[135.2866,35.2004],[135.2847,35.1997],[135.2838,35.1975],[135.2856,35.1963],[135.285,35.1924],[135.2836,35.1916],[135.2842,35.1902],[135.287,35.1873],[135.2871,35.185],[135.288,35.1832],[135.2865,35.1807],[135.2864,35.177],[135.2872,35.1739],[135.2893,35.1724]]]},"properties":{"prefectureCode":"26","prefectureName":"京都府","municipalityName":"京丹波町","municipalityCode":"26407"}},
{"type":"Feature","geometry":{"type":"MultiPolygon","coordinates":[[[[135.2744,35.6673],[135.2752,35.6678],[135.2753,35.6701],[135.2763,35.6717],[135.2787,35.6683],[135.2802,35.6687],[135.2833,35.6706],[135.2841,35.6725],[135.2863,35.6735],[135.2868,35.6754],[135.2878,35.6756],[135.2914,35.6736],[135.2933,35.6748],[135.2944,35.6741],[135.2945,35.6706],[135.2913,35.6688],[135.2906,35.6672],[135.2876,35.6657],[135.2877,35.6648],[135.2918,35.6641],[135.2915,35.663],[135.2932,35.6605],[135.2947,35.6598],[135.2988,35.6606],[135.2993,35.6629],[135.3007,35.6633],[135.3028,35.6621],[135.3034,35.6631],[135.3016,35.6671],[135.2998,35.6697],[135.2995,35.6723],[135.2986,35.6736],[135.3003,35.675],[135.3007,35.6766],[135.2989,35.679],[135.3001,35.6818],[135.3024,35.683],[135.3028,35.6845],[135.3045,35.6869],[135.3041,35.69],[135.3045,35.6919],[135.306,35.694],[135.3087,35.6938],[135.3072,35.6966],[135.3065,35.6992],[135.3042,35.6991],[135.2989,35.7007],[135.2965,35.7026],[135.2946,35.7051],[135.2918,35.7063],[135.2897,35.7063],[135.2893,35.705],[135.2863,35.705],[135.2857,35.706],[135.2875,35.7078],[135.2864,35.7109],[135.2888,35.715],[135.2879,35.7166],[135.2895,35.7186],[135.2885,35.7216],[135.2885,35.7243],[135.2876,35.7259],[135.2856,35.7264],[135.284,35.7285],[135.2815,35.7279],[135.2802,35.7302],[135.2779,35.7317],[135.2751,35.7301],[135.2733,35.7311],[135.273,35.7324],[135.2744,35.7359],[135.2737,35.7398],[135.2749,35.7417],[135.27,35.7416],[135.2672,35.7425],[135.2665,35.7447],[135.2628,35.7442],[135.2572,35.7444],[135.2551,35.7467],[135.255,35.7477],[135.2526,35.7501],[135.2511,35.7505],[135.252,35.7548],[135.2545,35.7554],[135.2555,35.7569],[135.2552,35.759],[135.2523,35.7596],[135.2504,35.7589],[135.2502,35.7569],[135.2471,35.7571],[135.2461,35.7598],[135.2435,35.7603],[135.2391,35.7637],[135.2394,35.7666],[135.2381,35.7671],[135.2363,35.7663],[135.2355,35.7681],[135.2331,35.7694],[135.2316,35.7652],[135.2272,35.7621],[135.2281,35.7608],[135.226,35.7571],[135.2241,35.7549],[135.223,35.7516],[135.2208,35.7486],[135.2198,35.746],[135.2198,35.7423],[135.216,35.7432],[135.2133,35.7426],[135.2128,35.7417],[135.2078,35.7408],[135.2073,35.7394],[135.2081,35.7381],[135.2067,35.7358],[135.2011,35.7346],[135.1973,35.7317],[135.1979,35.729],[135.199,35.7278],[135.1994,35.7254],[135.1975,35.7221],[135.195,35.7204],[135.1946,35.7186],[135.1929,35.7176],[135.1926,35.7142],[135.1935,35.7121],[135.1922,35.7106],[135.1889,35.7095],[135.189,35.708],[135.1908,35.7066],[135.1908,35.7054],[135.1924,35.7044],[135.1939,35.7006],[135.1933,35.6984],[135.1951,35.6964],[135.1989,35.6973],[135.207,35.6939],[135.2083,35.6945],[135.2138,35.6932],[135.2135,35.6891],[135.2171,35.687],[135.221,35.6869],[135.2226,35.6882],[135.2257,35.6885],[135.2267,35.6892],[135.2302,35.6872],[135.2326,35.6869],[135.2337,35.6862],[135.2387,35.6849],[135.2404,35.686],[135.243,35.687],[135.245,35.6885],[135.25,35.6865],[135.2523,35.6887],[135.2595,35.6907],[135.2635,35.6922],[135.2649,35.6935],[135.2672,35.6948],[135.272,35.6931],[135.2733,35.6909],[135.276,35.6918],[135.2773,35.6897],[135.2772,35.6864],[135.2763,35.6827],[135.2707,35.6796],[135.2689,35.6793],[135.2668,35.6763],[135.2683,35.6741],[135.2704,35.674],[135.2731,35.6725],[135.2729,35.6717],[135.2706,35.67],[135.2723,35.6682],[135.2744,35.6673]]],[[[135.2823,35.6667],[135.2831,35.6653],[135.2854,35.6654],[135.2843,35.6673],[135.2823,35.6667]]]]},"properties":{"prefectureCode":"26","prefectureName":"京都府","municipalityName":"伊根町","municipalityCode":"26463"}},
{"type":"Feature","geometry":{"type":"Polygon","coordinates":[[[135.1248,35.4697],[135.1247,35.4712],[135.1234,35.4752],[135.1258,35.4771],[135.1287,35.4772],[135.132,35.4791],[135.1335,35.479],[135.1346,35.4804],[135.1375,35.4815],[135.1364,35.484],[135.138,35.4861],[135.1381,35.4897],[135.1401,35.4908],[135.1422,35.4939],[135.1433,35.4945],[135.1449,35.4969],[135.1465,35.4969],[135.1484,35.4994],[135.1511,35.501],[135.1521,35.5047],[135.1512,35.5077],[135.1514,35.5095],[135.1532,35.5104],[135.1587,35.5105],[135.1625,35.5118],[135.164,35.5137],[135.166,35.5151],[135.1675,35.5188],[135.1669,35.5204],[135.1669,35.5237],[135.1651,35.5263],[135.1661,35.5289],[135.166,35.5315],[135.164,35.5325],[135.1601,35.5306],[135.1579,35.5301],[135.1555,35.5304],[135.153,35.5325],[135.152,35.5344],[135.1503,35.5356],[135.1488,35.5357],[135.1472,35.5372],[135.1459,35.5397],[135.1458,35.5419],[135.1445,35.5438],[135.1424,35.5435],[135.1395,35.5445],[135.1383,35.5468],[135.1389,35.5521],[135.1446,35.557],[135.1462,35.559],[135.1481,35.5591],[135.1582,35.5546],[135.1615,35.5579],[135.1624,35.5604],[135.1625,35.5633],[135.165,35.5641],[135.1674,35.5656],[135.1715,35.5675],[135.1741,35.5679],[135.1767,35.5677],[135.1757,35.5738],[135.175,35.5749],[135.1731,35.5746],[135.171,35.5778],[135.1728,35.5794],[135.1728,35.581],[135.1711,35.5826],[135.1739,35.5845],[135.1752,35.587],[135.1753,35.5889],[135.1764,35.5909],[135.1754,35.5925],[135.1769,35.593],[135.1788,35.5952],[135.1803,35.5977],[135.1815,35.6028],[135.1822,35.6047],[135.1812,35.6064],[135.178,35.6062],[135.1749,35.6071],[135.1719,35.6061],[135.1693,35.6058],[135.1692,35.6042],[135.1667,35.6029],[135.1643,35.5987],[135.1622,35.5972],[135.1619,35.5949],[135.1638,35.5922],[135.1615,35.5906],[135.1591,35.5903],[135.1586,35.5891],[135.1556,35.5864],[135.1514,35.5862],[135.1493,35.5845],[135.146,35.5843],[135.144,35.5816],[135.1442,35.5793],[135.142,35.5776],[135.141,35.5739],[135.1374,35.5728],[135.1352,35.5688],[135.1356,35.5666],[135.1339,35.5628],[135.1316,35.5613],[135.1315,35.5584],[135.1283,35.5574],[135.1269,35.5545],[135.1238,35.5529],[135.121,35.549],[135.1184,35.547],[135.1148,35.5494],[135.112,35.5494],[135.1096,35.5485],[135.1066,35.5495],[135.1042,35.5494],[135.1,35.5481],[135.0967,35.5488],[135.095,35.5482],[135.0937,35.5487],[135.0926,35.546],[135.0907,35.5455],[135.0883,35.5458],[135.0873,35.5441],[135.0837,35.5421],[135.0841,35.5411],[135.0824,35.5396],[135.0812,35.5401],[135.0767,35.5384],[135.0753,35.5387],[135.0741,35.5369],[135.0716,35.5375],[135.0703,35.5368],[135.0685,35.5375],[135.0637,35.535],[135.0605,35.5328],[135.0582,35.5338],[135.0538,35.5316],[135.0514,35.5316],[135.0493,35.5326],[135.0466,35.5332],[135.0434,35.5362],[135.0414,35.537],[135.0392,35.5368],[135.0371,35.5373],[135.0362,35.5339],[135.0362,35.5306],[135.0379,35.5289],[135.0394,35.5285],[135.04,35.5262],[135.0396,35.5249],[135.0408,35.5241],[135.0408,35.5217],[135.043,35.52],[135.0436,35.5177],[135.0428,35.5156],[135.0436,35.513],[135.0429,35.5114],[135.0435,35.5099],[135.0452,35.5087],[135.0439,35.5067],[135.0424,35.5056],[135.0413,35.5037],[135.0378,35.5024],[135.0378,35.5015],[135.035,35.4997],[135.0324,35.4976],[135.0354,35.4958],[135.0402,35.495],[135.0422,35.4941],[135.0427,35.4923],[135.0418,35.4908],[135.0422,35.4891],[135.0401,35.4817],[135.0385,35.4804],[135.0357,35.4802],[135.0351,35.477],[135.0353,35.475],[135.0368,35.4755],[135.0395,35.4748],[135.041,35.4733],[135.041,35.4697],[135.0418,35.4674],[135.0437,35.466],[135.0444,35.4629],[135.0435,35.4623],[135.0449,35.4597],[135.0454,35.4551],[135.0473,35.4535],[135.0474,35.4526],[135.0498,35.4507],[135.0506,35.4514],[135.0541,35.4513],[135.0592,35.4521],[135.0597,35.4493],[135.0612,35.4487],[135.0655,35.4497],[135.0658,35.4463],[135.0705,35.4448],[135.0747,35.4456],[135.0767,35.4452],[135.0773,35.4441],[135.0804,35.4435],[135.0852,35.4443],[135.09,35.4431],[135.0944,35.4438],[135.0998,35.4472],[135.1015,35.4488],[135.1058,35.4498],[135.107,35.4507],[135.1071,35.4532],[135.1062,35.4544],[135.1057,35.4579],[135.1079,35.4599],[135.1089,35.4624],[135.1102,35.4636],[135.1169,35.4667],[135.1196,35.467],[135.1248,35.4697]]]},"properties":{"prefectureCode":"26","prefectureName":"京都府","municipalityName":"与謝野町","municipalityCode":"26465"}},
{"type":"Feature","geometry":{"type":"MultiPolygon","coordinates":[[[[135.375,34.649],[135.3789,34.6432],[135.392,34.6423],[135.3928,34.6418],[135.4045,34.6537],[135.3997,34.6569],[135.3794,34.6601],[135.3729,34.6521],[135.375,34.649]]],[[[135.3878,34.6667],[135.3869,34.6627],[135.3879,34.6627],[135.4019,34.6603],[135.4098,34.659],[135.4109,34.6657],[135.4088,34.6659],[135.4094,34.6688],[135.4026,34.6732],[135.3952,34.6706],[135.388,34.6678],[135.3878,34.6667]]],[[[135.4263,34.6557],[135.428,34.6549],[135.4288,34.6523],[135.4256,34.6513],[135.427,34.6502],[135.4281,34.6512],[135.4332,34.6492],[135.4376,34.6509],[135.4389,34.6495],[135.4354,34.648],[135.4399,34.6462],[135.4436,34.6476],[135.4457,34.6467],[135.4421,34.6454],[135.4441,34.6445],[135.4499,34.6467],[135.4504,34.6459],[135.4512,34.6425],[135.4471,34.6413],[135.4482,34.6349],[135.4527,34.6349],[135.4536,34.6292],[135.4504,34.6306],[135.4481,34.6307],[135.4485,34.6265],[135.4476,34.6179],[135.4448,34.6184],[135.4429,34.6181],[135.4413,34.6262],[135.4342,34.6234],[135.4313,34.6218],[135.4317,34.6173],[135.4302,34.616],[135.433,34.615],[135.433,34.613],[135.4266,34.613],[135.4261,34.618],[135.4234,34.619],[135.4234,34.6108],[135.4375,34.6108],[135.4376,34.6082],[135.4465,34.6083],[135.4551,34.6061],[135.4694,34.6019],[135.4782,34.5982],[135.4822,34.5969],[135.487,34.596],[135.4953,34.5943],[135.4974,34.5927],[135.4986,34.5892],[135.5001,34.5872],[135.5028,34.5862],[135.5059,34.5866],[135.5078,34.5877],[135.5166,34.5915],[135.5189,34.593],[135.522,34.5943],[135.5225,34.5946],[135.5264,34.5964],[135.5277,34.5947],[135.53,34.5941],[135.5315,34.5983],[135.5348,34.5992],[135.5435,34.5994],[135.5436,34.5952],[135.5469,34.5954],[135.5496,34.5948],[135.5524,34.595],[135.562,34.595],[135.5642,34.5945],[135.5645,34.5962],[135.5672,34.5955],[135.5679,34.592],[135.5693,34.5905],[135.5691,34.5871],[135.5711,34.5869],[135.5709,34.5921],[135.5719,34.594],[135.5768,34.5931],[135.5771,34.5939],[135.5799,34.5941],[135.58,34.6009],[135.5813,34.6009],[135.5814,34.6027],[135.5836,34.6037],[135.586,34.604],[135.5873,34.6047],[135.5869,34.6091],[135.5845,34.6092],[135.5826,34.612],[135.5763,34.612],[135.5762,34.6138],[135.5692,34.6138],[135.567,34.6158],[135.5652,34.6166],[135.562,34.617],[135.5623,34.6229],[135.5636,34.6212],[135.5659,34.6213],[135.569,34.6201],[135.5752,34.6182],[135.5756,34.6204],[135.5756,34.6243],[135.5766,34.6265],[135.576,34.6278],[135.576,34.6305],[135.5747,34.6322],[135.5746,34.634],[135.5717,34.6345],[135.5686,34.6344],[135.5684,34.6382],[135.5654,34.6381],[135.5652,34.641],[135.5613,34.6408],[135.5611,34.6436],[135.5608,34.6502],[135.562,34.6501],[135.562,34.6528],[135.5594,34.6529],[135.5594,34.6548],[135.5586,34.6558],[135.5633,34.6559],[135.5639,34.6583],[135.5618,34.6583],[135.5612,34.6626],[135.559,34.6626],[135.557,34.6633],[135.5571,34.6643],[135.5574,34.6681],[135.5622,34.6679],[135.562,34.6694],[135.5625,34.6742],[135.5634,34.678],[135.5638,34.6822],[135.5647,34.6866],[135.5656,34.6878],[135.5695,34.6877],[135.5708,34.6881],[135.5736,34.6877],[135.5764,34.6881],[135.5795,34.6897],[135.583,34.6963],[135.582,34.6968],[135.5848,34.6986],[135.587,34.6986],[135.5902,34.7006],[135.5901,34.702],[135.5925,34.7024],[135.595,34.7035],[135.5915,34.7066],[135.593,34.7072],[135.597,34.7069],[135.5993,34.7147],[135.5947,34.7137],[135.5916,34.7134],[135.5898,34.7137],[135.5878,34.7122],[135.5857,34.7119],[135.5871,34.7149],[135.5872,34.7183],[135.5852,34.7217],[135.5843,34.7224],[135.5822,34.7233],[135.5819,34.7219],[135.5833,34.7211],[135.5829,34.7174],[135.5751,34.7174],[135.5776,34.7129],[135.5748,34.7129],[135.5743,34.7089],[135.5699,34.7089],[135.5694,34.7125],[135.5676,34.7178],[135.566,34.72],[135.5655,34.7227],[135.563,34.725],[135.5607,34.7253],[135.5599,34.7262],[135.5551,34.7248],[135.5547,34.7307],[135.5534,34.7331],[135.5573,34.7355],[135.5603,34.7368],[135.561,34.7402],[135.56,34.742],[135.5564,34.7461],[135.5564,34.749],[135.5568,34.7508],[135.5581,34.7524],[135.5605,34.754],[135.5583,34.7569],[135.5508,34.7572],[135.5503,34.7586],[135.5513,34.7654],[135.5512,34.7666],[135.5488,34.7685],[135.5441,34.7685],[135.5413,34.7656],[135.5405,34.7628],[135.5391,34.7611],[135.5335,34.7601],[135.5324,34.7594],[135.529,34.7546],[135.5297,34.7532],[135.5316,34.7523],[135.5305,34.7508],[135.5292,34.7504],[135.5278,34.7486],[135.5251,34.7479],[135.5222,34.749],[135.5195,34.7489],[135.5191,34.7502],[135.5158,34.7497],[135.5133,34.7483],[135.5095,34.7453],[135.5067,34.7447],[135.4994,34.7479],[135.5002,34.7496],[135.4952,34.7514],[135.494,34.7507],[135.4906,34.7513],[135.4879,34.7498],[135.4862,34.7491],[135.4846,34.7473],[135.4847,34.7452],[135.4826,34.7402],[135.4811,34.7381],[135.4797,34.7374],[135.4755,34.7361],[135.4723,34.7336],[135.4702,34.7326],[135.4699,34.731],[135.467,34.7307],[135.4603,34.7331],[135.4554,34.7343],[135.449,34.7341],[135.4471,34.733],[135.4456,34.7291],[135.4464,34.7258],[135.4476,34.7239],[135.4481,34.7217],[135.447,34.7191],[135.4458,34.7181],[135.442,34.7165],[135.437,34.715],[135.4311,34.7123],[135.4296,34.7113],[135.4259,34.7068],[135.4246,34.7059],[135.4164,34.7034],[135.4129,34.702],[135.4086,34.6988],[135.4073,34.6971],[135.4103,34.6921],[135.4117,34.6909],[135.4177,34.6881],[135.4181,34.6867],[135.4204,34.6828],[135.4223,34.6796],[135.4123,34.6768],[135.4089,34.6755],[135.4093,34.6747],[135.4082,34.6718],[135.4103,34.6716],[135.4167,34.6732],[135.4185,34.6706],[135.4172,34.6688],[135.4169,34.6639],[135.4174,34.6638],[135.4245,34.6658],[135.4239,34.6636],[135.4178,34.6617],[135.4163,34.6609],[135.4144,34.6521],[135.4159,34.6523],[135.4181,34.6595],[135.4205,34.6602],[135.4192,34.6534],[135.4209,34.6538],[135.4225,34.6568],[135.4235,34.6571],[135.4263,34.6557]]],[[[135.3457,34.6173],[135.349,34.6203],[135.3587,34.6278],[135.3534,34.6324],[135.344,34.6227],[135.3437,34.6209],[135.3457,34.6173]]],[[[135.3917,34.6267],[135.3994,34.6207],[135.4027,34.6121],[135.417,34.6121],[135.4175,34.6108],[135.4192,34.6109],[135.4192,34.6127],[135.4204,34.6129],[135.4184,34.6195],[135.406,34.6197],[135.4049,34.6193],[135.4022,34.6207],[135.3995,34.6207],[135.3917,34.6267]]],[[[135.4,34.6314],[135.4045,34.6315],[135.4123,34.6372],[135.4148,34.6348],[135.4075,34.6295],[135.4104,34.6259],[135.4206,34.6259],[135.4222,34.6219],[135.4318,34.6244],[135.4407,34.6279],[135.4417,34.6292],[135.4393,34.6412],[135.435,34.643],[135.4325,34.6432],[135.4323,34.644],[135.4242,34.6427],[135.4165,34.6448],[135.4053,34.6409],[135.4044,34.6394],[135.4018,34.6396],[135.3985,34.6382],[135.3985,34.6313],[135.4,34.6314]]]]},"properties":{"prefectureCode":"27","prefectureName":"大阪府","municipalityName":"大阪市","municipalityCode":"27100"}},
{"type":"Feature","geometry":{"type":"MultiPolygon","coordinates":[[[[135.4376,34.6082],[135.437,34.6047],[135.4466,34.6019],[135.4454,34.5982],[135.4438,34.5977],[135.4333,34.6008],[135.434,34.6022],[135.4309,34.6029],[135.4235,34.6049],[135.4255,34.5933],[135.4368,34.589],[135.4381,34.5889],[135.4434,34.5905],[135.4439,34.5894],[135.4518,34.5919],[135.4591,34.5901],[135.4599,34.5907],[135.4597,34.5948],[135.4606,34.5949],[135.4609,34.5921],[135.4626,34.5916],[135.4628,34.588],[135.4623,34.5874],[135.4526,34.59],[135.4494,34.587],[135.4643,34.5832],[135.4646,34.585],[135.4662,34.5846],[135.4658,34.5829],[135.4645,34.5816],[135.4625,34.5829],[135.4592,34.5836],[135.4573,34.5826],[135.4534,34.5826],[135.4501,34.5834],[135.4517,34.5772],[135.4527,34.5766],[135.4567,34.5764],[135.4576,34.5757],[135.4576,34.574],[135.4554,34.5736],[135.4555,34.5758],[135.4527,34.5759],[135.4514,34.575],[135.4494,34.568],[135.4533,34.5665],[135.4524,34.5648],[135.4486,34.5659],[135.4453,34.5674],[135.4446,34.5689],[135.4435,34.5759],[135.4415,34.5829],[135.4344,34.5827],[135.4338,34.5867],[135.4262,34.5896],[135.4262,34.5878],[135.4276,34.5812],[135.4294,34.5707],[135.4208,34.5697],[135.4158,34.5937],[135.4028,34.6],[135.4021,34.5997],[135.4097,34.5639],[135.4105,34.5607],[135.4305,34.5608],[135.4361,34.5595],[135.4448,34.5572],[135.4436,34.5526],[135.4427,34.5505],[135.4422,34.5479],[135.4377,34.5411],[135.4386,34.5395],[135.4424,34.5394],[135.4461,34.5369],[135.4451,34.5353],[135.4477,34.5328],[135.4464,34.5308],[135.4482,34.5295],[135.4479,34.5285],[135.4461,34.5278],[135.446,34.5259],[135.4482,34.5259],[135.4488,34.5251],[135.4513,34.5253],[135.4547,34.5241],[135.4574,34.5209],[135.4595,34.5199],[135.4572,34.5167],[135.4547,34.5151],[135.4566,34.5154],[135.4582,34.5133],[135.4607,34.5121],[135.4619,34.5098],[135.4608,34.5076],[135.4633,34.5066],[135.4633,34.5042],[135.4612,34.499],[135.464,34.4987],[135.4639,34.5034],[135.466,34.5033],[135.4649,34.5012],[135.465,34.4997],[135.4665,34.496],[135.4659,34.4918],[135.4662,34.487],[135.4662,34.483],[135.47,34.4833],[135.4704,34.4812],[135.4718,34.481],[135.4713,34.4776],[135.4737,34.4742],[135.4757,34.4733],[135.4782,34.4709],[135.4758,34.469],[135.4774,34.466],[135.4785,34.4649],[135.4814,34.4636],[135.4844,34.461],[135.4861,34.4613],[135.4896,34.4603],[135.4911,34.4585],[135.4945,34.4559],[135.4952,34.4543],[135.4973,34.4516],[135.4981,34.4446],[135.4993,34.4415],[135.4982,34.4378],[135.5008,34.4337],[135.5036,34.4334],[135.5063,34.434],[135.5099,34.4326],[135.5113,34.4314],[135.5158,34.4311],[135.5183,34.4302],[135.5196,34.4312],[135.5184,34.433],[135.5198,34.437],[135.5216,34.4385],[135.522,34.4401],[135.524,34.4415],[135.5262,34.4422],[135.5285,34.4447],[135.5336,34.4486],[135.5348,34.4511],[135.5363,34.4531],[135.54,34.4561],[135.5412,34.4588],[135.5437,34.4602],[135.5454,34.4623],[135.5423,34.4651],[135.5421,34.4665],[135.5386,34.4693],[135.5362,34.4754],[135.5366,34.4777],[135.5353,34.4798],[135.5359,34.4819],[135.5357,34.4861],[135.5336,34.4877],[135.5342,34.4895],[135.5339,34.491],[135.535,34.4929],[135.5385,34.4953],[135.54,34.4986],[135.5397,34.5011],[135.5359,34.505],[135.5343,34.508],[135.5326,34.5138],[135.5326,34.5146],[135.5341,34.515],[135.5373,34.5129],[135.5407,34.5111],[135.544,34.5119],[135.5436,34.5159],[135.5464,34.518],[135.5479,34.5177],[135.5531,34.518],[135.5533,34.5204],[135.5544,34.5233],[135.5552,34.527],[135.555,34.528],[135.5586,34.5294],[135.5594,34.5291],[135.5584,34.5267],[135.5608,34.5266],[135.5629,34.5252],[135.5635,34.524],[135.563,34.5224],[135.5639,34.5205],[135.5628,34.52],[135.5635,34.5174],[135.5658,34.516],[135.5665,34.5135],[135.5725,34.5115],[135.574,34.5118],[135.5765,34.5107],[135.5799,34.5112],[135.5821,34.5107],[135.5825,34.5131],[135.582,34.5159],[135.5808,34.5174],[135.5822,34.5188],[135.5855,34.5191],[135.5856,34.521],[135.5845,34.5224],[135.5851,34.5275],[135.5865,34.5293],[135.5872,34.5318],[135.5855,34.5322],[135.5825,34.5348],[135.5808,34.5374],[135.5818,34.538],[135.5788,34.5404],[135.5771,34.5424],[135.5747,34.5432],[135.5758,34.5454],[135.5732,34.547],[135.5726,34.5484],[135.5692,34.5489],[135.5674,34.5487],[135.5673,34.5524],[135.5682,34.5534],[135.5688,34.5572],[135.5672,34.56],[135.5611,34.56],[135.561,34.5566],[135.5617,34.5553],[135.5587,34.5549],[135.5571,34.5538],[135.5555,34.5548],[135.5532,34.5539],[135.5516,34.5554],[135.5512,34.5568],[135.5481,34.5576],[135.5491,34.5599],[135.5496,34.5605],[135.5479,34.5624],[135.548,34.5659],[135.5447,34.5656],[135.5373,34.5656],[135.5358,34.5676],[135.5356,34.5716],[135.5335,34.5716],[135.5317,34.5738],[135.5318,34.5766],[135.5224,34.5767],[135.5223,34.5856],[135.5228,34.5871],[135.5212,34.5874],[135.521,34.5898],[135.5226,34.5899],[135.5226,34.5932],[135.522,34.5943],[135.5189,34.593],[135.5166,34.5915],[135.5078,34.5877],[135.5059,34.5866],[135.5028,34.5862],[135.5001,34.5872],[135.4986,34.5892],[135.4974,34.5927],[135.4953,34.5943],[135.487,34.596],[135.4822,34.5969],[135.4782,34.5982],[135.4694,34.6019],[135.4551,34.6061],[135.4465,34.6083],[135.4376,34.6082]]],[[[135.4053,34.5472],[135.4092,34.5457],[135.4087,34.5448],[135.4122,34.5435],[135.4159,34.55],[135.4095,34.5544],[135.4053,34.5472]]],[[[135.4262,34.5471],[135.4364,34.5426],[135.4408,34.5493],[135.441,34.5543],[135.4368,34.5555],[135.4349,34.5527],[135.4307,34.5538],[135.4262,34.5471]]]]},"properties":{"prefectureCode":"27","prefectureName":"大阪府","municipalityName":"堺市","municipalityCode":"27140"}},
{"type":"Feature","geometry":{"type":"MultiPolygon","coordinates":[[[[135.3594,34.4598],[135.3621,34.4583],[135.3639,34.4555],[135.3667,34.454],[135.3678,34.4525],[135.3696,34.4513],[135.3727,34.4516],[135.3812,34.4454],[135.3814,34.4426],[135.3797,34.4411],[135.3795,34.4392],[135.3778,34.4381],[135.3806,34.4347],[135.3796,34.4317],[135.3815,34.4285],[135.3836,34.4242],[135.3844,34.4237],[135.3851,34.4211],[135.3867,34.4201],[135.3887,34.4177],[135.3922,34.4199],[135.3947,34.4164],[135.397,34.4191],[135.3988,34.4174],[135.3989,34.416],[135.398,34.4142],[135.3997,34.4124],[135.4029,34.4125],[135.405,34.4118],[135.406,34.4129],[135.4086,34.4137],[135.4101,34.412],[135.4099,34.4103],[135.4108,34.4086],[135.4093,34.4082],[135.4079,34.4062],[135.4052,34.4049],[135.4053,34.4024],[135.4059,34.401],[135.4083,34.3998],[135.4093,34.3974],[135.4085,34.394],[135.4101,34.3922],[135.4109,34.3879],[135.4122,34.3862],[135.4135,34.386],[135.414,34.3842],[135.4161,34.3832],[135.4166,34.3793],[135.4191,34.379],[135.4225,34.3762],[135.4258,34.3759],[135.4271,34.3744],[135.4266,34.3731],[135.4275,34.3709],[135.4288,34.3695],[135.4294,34.3645],[135.4309,34.3608],[135.4302,34.3587],[135.4313,34.3572],[135.4307,34.3554],[135.4309,34.3537],[135.4323,34.3527],[135.4327,34.3501],[135.4343,34.3482],[135.4415,34.3474],[135.4442,34.3477],[135.4468,34.3487],[135.4504,34.3495],[135.4518,34.3491],[135.4531,34.3499],[135.4548,34.3517],[135.4561,34.3518],[135.4565,34.3542],[135.4546,34.3573],[135.4544,34.3587],[135.4556,34.3602],[135.4564,34.363],[135.456,34.3657],[135.4565,34.3673],[135.458,34.3675],[135.4591,34.3697],[135.459,34.3729],[135.4598,34.3747],[135.4624,34.3749],[135.4637,34.3764],[135.4636,34.378],[135.4625,34.3821],[135.4606,34.3839],[135.4578,34.3844],[135.4562,34.3857],[135.4549,34.3878],[135.4549,34.3895],[135.4539,34.3901],[135.45,34.3907],[135.4502,34.3928],[135.452,34.3944],[135.4525,34.3957],[135.4521,34.398],[135.4528,34.4002],[135.4544,34.4004],[135.4539,34.4032],[135.4555,34.4054],[135.4535,34.4077],[135.453,34.4095],[135.4532,34.4119],[135.4519,34.413],[135.4519,34.4146],[135.4496,34.4149],[135.4496,34.4158],[135.4515,34.4172],[135.4516,34.4204],[135.4509,34.4229],[135.4515,34.4237],[135.4484,34.4276],[135.4482,34.431],[135.4488,34.4324],[135.4469,34.4339],[135.4448,34.434],[135.4438,34.4354],[135.4447,34.4369],[135.4435,34.44],[135.4423,34.4421],[135.4425,34.4449],[135.4432,34.4459],[135.442,34.4468],[135.4422,34.4489],[135.4402,34.4509],[135.4405,34.4527],[135.4422,34.4556],[135.4413,34.4568],[135.4423,34.4597],[135.4404,34.4623],[135.4356,34.4657],[135.4296,34.4704],[135.4287,34.4704],[135.4272,34.4682],[135.4243,34.4663],[135.4151,34.4735],[135.4107,34.4764],[135.4085,34.4786],[135.4059,34.4804],[135.3947,34.4888],[135.3874,34.493],[135.3835,34.4946],[135.3819,34.4949],[135.3709,34.5004],[135.3709,34.4956],[135.3724,34.4944],[135.3703,34.4902],[135.3774,34.4865],[135.3758,34.4823],[135.3724,34.4834],[135.3718,34.4813],[135.3769,34.4786],[135.3761,34.4761],[135.3771,34.4753],[135.3759,34.4732],[135.3735,34.4746],[135.3743,34.4759],[135.3711,34.4781],[135.3661,34.4807],[135.3638,34.4776],[135.3685,34.4714],[135.3713,34.4719],[135.3702,34.4678],[135.3676,34.4675],[135.3655,34.4681],[135.3635,34.4658],[135.3621,34.4666],[135.3621,34.4684],[135.3639,34.4707],[135.3627,34.4723],[135.3562,34.4642],[135.354,34.4629],[135.3576,34.4609],[135.3589,34.4626],[135.3608,34.4615],[135.3594,34.4598]]],[[[135.35,34.4667],[135.3511,34.4657],[135.3549,34.4674],[135.3596,34.4737],[135.3558,34.4775],[135.3531,34.4792],[135.3506,34.4758],[135.3517,34.4743],[135.3516,34.4727],[135.3503,34.4714],[135.3516,34.4696],[135.3491,34.4681],[135.35,34.4667]]]]},"properties":{"prefectureCode":"27","prefectureName":"大阪府","municipalityName":"岸和田市","municipalityCode":"27202"}},
{"type":"Feature","geometry":{"type":"Polygon","coordinates":[[[135.4879,34.7498],[135.4869,34.7511],[135.4872,34.7566],[135.4883,34.7607],[135.4885,34.767],[135.4905,34.7701],[135.4916,34.7709],[135.4964,34.7713],[135.4969,34.7742],[135.4999,34.7766],[135.4952,34.7785],[135.4948,34.7805],[135.492,34.7814],[135.4919,34.7846],[135.4924,34.7867],[135.4937,34.788],[135.4927,34.789],[135.4949,34.7922],[135.4967,34.7925],[135.4955,34.7957],[135.4978,34.7973],[135.4997,34.7972],[135.5019,34.7981],[135.5049,34.8003],[135.5043,34.8015],[135.5038,34.8067],[135.506,34.809],[135.5083,34.8106],[135.5069,34.8114],[135.5072,34.8131],[135.5054,34.8144],[135.504,34.8174],[135.5025,34.8192],[135.4997,34.8215],[135.4977,34.8249],[135.496,34.8234],[135.496,34.8223],[135.4933,34.8218],[135.4924,34.8203],[135.4928,34.8175],[135.4901,34.8164],[135.4874,34.8165],[135.4835,34.8171],[135.482,34.8182],[135.4781,34.8197],[135.4758,34.8211],[135.4728,34.8197],[135.4692,34.8175],[135.4677,34.8161],[135.4657,34.8153],[135.4629,34.8134],[135.4611,34.8111],[135.4574,34.8101],[135.4567,34.8091],[135.4544,34.8083],[135.4534,34.8072],[135.4499,34.8075],[135.4481,34.8084],[135.4481,34.8061],[135.4496,34.8046],[135.4467,34.8044],[135.4471,34.8017],[135.4465,34.7998],[135.4439,34.7994],[135.4429,34.798],[135.4437,34.797],[135.4429,34.7942],[135.4418,34.7942],[135.4411,34.7919],[135.4427,34.791],[135.4417,34.7889],[135.4428,34.7862],[135.4425,34.7843],[135.4438,34.7842],[135.4438,34.7824],[135.4451,34.7807],[135.4462,34.7753],[135.4455,34.774],[135.4454,34.7714],[135.4445,34.7698],[135.4447,34.7685],[135.4477,34.7685],[135.4504,34.7663],[135.4499,34.765],[135.4505,34.7621],[135.4501,34.76],[135.4511,34.7589],[135.4531,34.7579],[135.454,34.7595],[135.4559,34.7605],[135.4567,34.7582],[135.4558,34.7549],[135.4567,34.7517],[135.4594,34.752],[135.4592,34.7504],[135.4602,34.7479],[135.4589,34.7352],[135.4603,34.7331],[135.467,34.7307],[135.4699,34.731],[135.4702,34.7326],[135.4723,34.7336],[135.4755,34.7361],[135.4797,34.7374],[135.4811,34.7381],[135.4826,34.7402],[135.4847,34.7452],[135.4846,34.7473],[135.4862,34.7491],[135.4879,34.7498]]]},"properties":{"prefectureCode":"27","prefectureName":"大阪府","municipalityName":"豊中市","municipalityCode":"27203"}},
{"type":"Feature","geometry":{"type":"Polygon","coordinates":[[[135.4492,34.811],[135.4496,34.8129],[135.4478,34.8159],[135.4494,34.8175],[135.4513,34.8174],[135.4518,34.8189],[135.4517,34.8214],[135.4505,34.8223],[135.4503,34.8248],[135.4514,34.83],[135.4524,34.8304],[135.4537,34.8342],[135.4528,34.8355],[135.4532,34.8381],[135.4545,34.8395],[135.4537,34.8428],[135.4545,34.844],[135.4572,34.8446],[135.4595,34.8438],[135.459,34.846],[135.4599,34.851],[135.4597,34.8536],[135.4584,34.8553],[135.4595,34.8601],[135.4593,34.8612],[135.4563,34.8647],[135.451,34.8659],[135.4492,34.8671],[135.448,34.8693],[135.447,34.8697],[135.4457,34.8721],[135.4436,34.8727],[135.4413,34.8751],[135.4392,34.8737],[135.4382,34.8745],[135.4375,34.8771],[135.4372,34.8761],[135.4352,34.8744],[135.434,34.8722],[135.4348,34.8701],[135.4342,34.8683],[135.4327,34.8666],[135.4319,34.8632],[135.4301,34.8611],[135.4316,34.8582],[135.4314,34.8564],[135.4278,34.8541],[135.4258,34.8535],[135.424,34.8522],[135.4201,34.8515],[135.418,34.8523],[135.4186,34.8495],[135.4207,34.8468],[135.4213,34.8446],[135.4242,34.8382],[135.4236,34.8341],[135.4238,34.8299],[135.4224,34.8269],[135.4162,34.8205],[135.416,34.8177],[135.4197,34.8088],[135.4218,34.806],[135.4228,34.8032],[135.4237,34.8021],[135.4276,34.8023],[135.4291,34.8015],[135.4385,34.792],[135.4411,34.7919],[135.4418,34.7942],[135.4429,34.7942],[135.4437,34.797],[135.4429,34.798],[135.4439,34.7994],[135.4465,34.7998],[135.4471,34.8017],[135.4467,34.8044],[135.4496,34.8046],[135.4481,34.8061],[135.4481,34.8084],[135.4486,34.8098],[135.4492,34.811]]]},"properties":{"prefectureCode":"27","prefectureName":"大阪府","municipalityName":"池田市","municipalityCode":"27204"}},
{"type":"Feature","geometry":{"type":"Polygon","coordinates":[[[135.5488,34.7685],[135.5507,34.7695],[135.5462,34.7749],[135.538,34.7853],[135.5368,34.7865],[135.5399,34.7893],[135.5409,34.7878],[135.5478,34.7919],[135.5519,34.7936],[135.555,34.7998],[135.5547,34.8018],[135.5533,34.8032],[135.5551,34.8052],[135.5547,34.8074],[135.5532,34.8089],[135.5484,34.8098],[135.547,34.8107],[135.5431,34.812],[135.5419,34.8139],[135.5391,34.8135],[135.5366,34.8158],[135.5345,34.8152],[135.53,34.8163],[135.5292,34.8176],[135.5293,34.8196],[135.5256,34.8231],[135.5229,34.8244],[135.524,34.8262],[135.5221,34.8259],[135.521,34.8266],[135.5191,34.8262],[135.5187,34.8279],[135.5155,34.8281],[135.5124,34.8267],[135.5102,34.8288],[135.5077,34.8294],[135.5057,34.8308],[135.5003,34.8302],[135.5011,34.8286],[135.4977,34.8249],[135.4997,34.8215],[135.5025,34.8192],[135.504,34.8174],[135.5054,34.8144],[135.5072,34.8131],[135.5069,34.8114],[135.5083,34.8106],[135.506,34.809],[135.5038,34.8067],[135.5043,34.8015],[135.5049,34.8003],[135.5019,34.7981],[135.4997,34.7972],[135.4978,34.7973],[135.4955,34.7957],[135.4967,34.7925],[135.4949,34.7922],[135.4927,34.789],[135.4937,34.788],[135.4924,34.7867],[135.4919,34.7846],[135.492,34.7814],[135.4948,34.7805],[135.4952,34.7785],[135.4999,34.7766],[135.4969,34.7742],[135.4964,34.7713],[135.4916,34.7709],[135.4905,34.7701],[135.4885,34.767],[135.4883,34.7607],[135.4872,34.7566],[135.4869,34.7511],[135.4879,34.7498],[135.4906,34.7513],[135.494,34.7507],[135.4952,34.7514],[135.5002,34.7496],[135.4994,34.7479],[135.5067,34.7447],[135.5095,34.7453],[135.5133,34.7483],[135.5158,34.7497],[135.5191,34.7502],[135.5195,34.7489],[135.5222,34.749],[135.5251,34.7479],[135.5278,34.7486],[135.5292,34.7504],[135.5305,34.7508],[135.5316,34.7523],[135.5297,34.7532],[135.529,34.7546],[135.5324,34.7594],[135.5335,34.7601],[135.5391,34.7611],[135.5405,34.7628],[135.5413,34.7656],[135.5441,34.7685],[135.5488,34.7685]],[[135.5464,34.8053],[135.5435,34.8073],[135.5459,34.8078],[135.5464,34.8053]]]},"properties":{"prefectureCode":"27","prefectureName":"大阪府","municipalityName":"吹田市","municipalityCode":"27205"}},
{"type":"Feature","geometry":{"type":"MultiPolygon","coordinates":[[[[135.3938,34.5314],[135.3884,34.524],[135.3895,34.5228],[135.3927,34.5251],[135.3939,34.5239],[135.3907,34.5216],[135.3921,34.5203],[135.3953,34.5225],[135.3965,34.5213],[135.3932,34.5191],[135.395,34.5173],[135.3973,34.5185],[135.4004,34.5193],[135.4011,34.5205],[135.4027,34.5256],[135.4011,34.5274],[135.3984,34.5261],[135.3938,34.5314]]],[[[135.3778,34.5078],[135.3848,34.5026],[135.3857,34.5014],[135.3897,34.4989],[135.3969,34.496],[135.4024,34.4952],[135.4046,34.494],[135.4056,34.492],[135.4055,34.4886],[135.4063,34.4873],[135.4113,34.4822],[135.414,34.4823],[135.4153,34.4815],[135.4174,34.4848],[135.4169,34.4874],[135.4184,34.4871],[135.4212,34.4898],[135.4246,34.4894],[135.4268,34.4916],[135.4284,34.4903],[135.4296,34.4919],[135.4282,34.4931],[135.4292,34.4944],[135.4274,34.4957],[135.4281,34.4978],[135.4239,34.5007],[135.4263,34.5027],[135.428,34.5034],[135.4322,34.5066],[135.4339,34.5087],[135.4332,34.5104],[135.4339,34.5113],[135.432,34.5127],[135.4334,34.514],[135.4333,34.5155],[135.4317,34.5167],[135.4295,34.5152],[135.4268,34.5127],[135.4233,34.5154],[135.4241,34.5163],[135.422,34.5181],[135.4189,34.5195],[135.4184,34.5194],[135.4104,34.5229],[135.4065,34.517],[135.4099,34.5136],[135.4053,34.5104],[135.4038,34.5118],[135.4056,34.5151],[135.4044,34.5162],[135.4026,34.513],[135.4014,34.5141],[135.4032,34.5174],[135.402,34.5186],[135.401,34.5168],[135.3982,34.5151],[135.3973,34.5139],[135.4005,34.5108],[135.397,34.509],[135.3961,34.5097],[135.3974,34.5118],[135.3966,34.5125],[135.3944,34.511],[135.3927,34.5122],[135.3904,34.5091],[135.3924,34.5076],[135.3901,34.5055],[135.3862,34.5084],[135.3895,34.5129],[135.3875,34.5144],[135.3842,34.5099],[135.3817,34.5117],[135.386,34.5175],[135.3845,34.5188],[135.3808,34.5301],[135.3783,34.5319],[135.3672,34.517],[135.3755,34.5109],[135.3766,34.5123],[135.3786,34.5109],[135.3775,34.5093],[135.3778,34.5078]]]]},"properties":{"prefectureCode":"27","prefectureName":"大阪府","municipalityName":"泉大津市","municipalityCode":"27206"}},
{"type":"Feature","geometry":{"type":"Polygon","coordinates":[[[135.6133,34.9712],[135.6107,34.9709],[135.6076,34.9693],[135.6038,34.9702],[135.6033,34.9711],[135.596,34.9689],[135.5941,34.9694],[135.5921,34.9661],[135.5905,34.9673],[135.5892,34.9672],[135.5885,34.9691],[135.5868,34.9711],[135.5847,34.9751],[135.583,34.9767],[135.5803,34.9743],[135.577,34.9739],[135.5747,34.9718],[135.5729,34.9714],[135.5709,34.9698],[135.5713,34.9669],[135.5712,34.9639],[135.5738,34.9609],[135.5784,34.9605],[135.579,34.9582],[135.5786,34.9559],[135.5762,34.9557],[135.5743,34.9548],[135.5716,34.9551],[135.57,34.9544],[135.568,34.9546],[135.5666,34.9529],[135.5631,34.9537],[135.5631,34.9518],[135.5621,34.9509],[135.5626,34.9492],[135.5612,34.9467],[135.5623,34.9436],[135.5599,34.9424],[135.559,34.9401],[135.5572,34.9387],[135.5599,34.937],[135.5618,34.9378],[135.5624,34.9416],[135.5647,34.9424],[135.565,34.9405],[135.566,34.9401],[135.5654,34.9372],[135.563,34.9345],[135.5647,34.933],[135.5674,34.9357],[135.5719,34.9391],[135.5765,34.9388],[135.5779,34.9378],[135.5811,34.937],[135.5817,34.9356],[135.5806,34.9304],[135.5811,34.9293],[135.5814,34.9262],[135.5805,34.9244],[135.5813,34.9225],[135.574,34.9183],[135.5731,34.9168],[135.5737,34.9151],[135.5764,34.913],[135.576,34.9099],[135.5744,34.909],[135.5736,34.905],[135.5709,34.9028],[135.57,34.9027],[135.5663,34.9007],[135.5665,34.8992],[135.5697,34.899],[135.571,34.8978],[135.5691,34.896],[135.5695,34.8926],[135.5703,34.8913],[135.5686,34.8888],[135.5661,34.8878],[135.5664,34.8855],[135.5686,34.8836],[135.5705,34.8828],[135.571,34.8808],[135.5652,34.8768],[135.5667,34.8755],[135.5626,34.8719],[135.5646,34.8705],[135.5686,34.8687],[135.5688,34.8664],[135.5697,34.8655],[135.5693,34.8595],[135.5667,34.8568],[135.5697,34.8513],[135.5721,34.8486],[135.5744,34.8489],[135.5823,34.8467],[135.583,34.8443],[135.5856,34.8415],[135.5857,34.8398],[135.5837,34.8397],[135.5829,34.8379],[135.583,34.8357],[135.5842,34.8317],[135.5861,34.8318],[135.5864,34.8289],[135.5862,34.8264],[135.5866,34.8237],[135.5879,34.8229],[135.5902,34.8228],[135.5902,34.8217],[135.5937,34.8215],[135.5937,34.8206],[135.5989,34.8207],[135.5989,34.8188],[135.6063,34.8185],[135.6063,34.8167],[135.6041,34.8161],[135.6035,34.8152],[135.5995,34.8138],[135.5984,34.8123],[135.5986,34.8016],[135.5976,34.7987],[135.5987,34.7977],[135.5981,34.7907],[135.5987,34.7877],[135.5981,34.7858],[135.6023,34.7805],[135.6082,34.784],[135.6104,34.7857],[135.6119,34.7876],[135.6143,34.7915],[135.6144,34.795],[135.6153,34.7993],[135.6177,34.8011],[135.62,34.8058],[135.6251,34.8098],[135.6288,34.8115],[135.6354,34.8127],[135.6388,34.8144],[135.6403,34.8161],[135.6413,34.8189],[135.6415,34.8218],[135.6431,34.8261],[135.6463,34.8298],[135.6466,34.832],[135.6461,34.8366],[135.6474,34.8419],[135.6494,34.8464],[135.6518,34.8493],[135.6544,34.8506],[135.6598,34.8521],[135.6627,34.8533],[135.6652,34.8554],[135.6685,34.8602],[135.6694,34.8623],[135.6717,34.8659],[135.6719,34.8687],[135.6728,34.87],[135.6693,34.8715],[135.6657,34.8725],[135.6632,34.8722],[135.6614,34.8736],[135.6608,34.8752],[135.6571,34.8722],[135.6551,34.8725],[135.6557,34.874],[135.6551,34.8752],[135.6524,34.8766],[135.6503,34.8809],[135.6476,34.8812],[135.6451,34.8823],[135.6453,34.8841],[135.6446,34.8852],[135.6464,34.8871],[135.6442,34.8872],[135.6406,34.8886],[135.6414,34.8902],[135.6404,34.8911],[135.6382,34.8915],[135.6358,34.8912],[135.6347,34.8923],[135.6337,34.8974],[135.6342,34.9002],[135.6337,34.9022],[135.6362,34.9041],[135.6356,34.9063],[135.6367,34.9075],[135.6365,34.9101],[135.6337,34.9088],[135.6328,34.9075],[135.6302,34.9068],[135.6299,34.9092],[135.6305,34.9135],[135.6292,34.9152],[135.6291,34.9181],[135.6297,34.9199],[135.6324,34.9217],[135.6327,34.9239],[135.6311,34.9239],[135.6283,34.9264],[135.6294,34.9285],[135.6281,34.9337],[135.6266,34.9338],[135.6238,34.9349],[135.6225,34.9335],[135.6191,34.932],[135.6169,34.9285],[135.6152,34.9276],[135.612,34.9284],[135.6077,34.9283],[135.6054,34.9274],[135.6028,34.9273],[135.5997,34.9281],[135.6011,34.9297],[135.6005,34.931],[135.6019,34.9325],[135.6034,34.9358],[135.6076,34.9369],[135.6083,34.9393],[135.6108,34.9397],[135.6115,34.9439],[135.6141,34.9483],[135.6141,34.9503],[135.6161,34.9529],[135.6152,34.9538],[135.6171,34.9557],[135.617,34.9567],[135.6188,34.9588],[135.6178,34.961],[135.6157,34.9628],[135.6155,34.9659],[135.6138,34.9674],[135.6133,34.9712]]]},"properties":{"prefectureCode":"27","prefectureName":"大阪府","municipalityName":"高槻市","municipalityCode":"27207"}},
{"type":"Feature","geometry":{"type":"MultiPolygon","coordinates":[[[[135.3594,34.4598],[135.356,34.4556],[135.3566,34.4553],[135.3535,34.4514],[135.3518,34.4519],[135.3533,34.4573],[135.352,34.4579],[135.3502,34.4519],[135.3465,34.448],[135.3435,34.4501],[135.3372,34.4458],[135.3364,34.4444],[135.3381,34.4432],[135.338,34.4419],[135.3361,34.4416],[135.335,34.439],[135.3325,34.435],[135.3309,34.4338],[135.329,34.4343],[135.3313,34.4328],[135.334,34.432],[135.3375,34.4322],[135.3393,34.4304],[135.3399,34.429],[135.3436,34.4277],[135.345,34.426],[135.3477,34.4251],[135.3487,34.4225],[135.3497,34.4216],[135.3546,34.4188],[135.3562,34.4198],[135.3572,34.4183],[135.3607,34.4193],[135.3608,34.4178],[135.364,34.4167],[135.3624,34.4156],[135.3643,34.4147],[135.366,34.413],[135.3689,34.4143],[135.3687,34.4128],[135.3667,34.4116],[135.3704,34.409],[135.3713,34.4069],[135.3753,34.4047],[135.3767,34.4034],[135.3767,34.401],[135.3786,34.4],[135.3787,34.3974],[135.3795,34.3953],[135.3801,34.392],[135.3794,34.3911],[135.3838,34.3891],[135.3833,34.3874],[135.3836,34.3854],[135.3871,34.3846],[135.3857,34.3797],[135.3864,34.3783],[135.3852,34.3756],[135.3871,34.3701],[135.386,34.3686],[135.3834,34.3687],[135.382,34.3671],[135.3846,34.3656],[135.3876,34.3616],[135.3875,34.3565],[135.3883,34.3554],[135.3899,34.3519],[135.3914,34.3511],[135.3915,34.3482],[135.3923,34.3473],[135.3961,34.3479],[135.3969,34.3471],[135.4011,34.3468],[135.4016,34.3482],[135.4043,34.3485],[135.4075,34.3471],[135.4088,34.3451],[135.4092,34.3419],[135.4124,34.3419],[135.4156,34.3399],[135.4182,34.3403],[135.4215,34.3398],[135.4248,34.34],[135.4269,34.3411],[135.4282,34.3433],[135.4287,34.3456],[135.4304,34.3468],[135.4343,34.3482],[135.4327,34.3501],[135.4323,34.3527],[135.4309,34.3537],[135.4307,34.3554],[135.4313,34.3572],[135.4302,34.3587],[135.4309,34.3608],[135.4294,34.3645],[135.4288,34.3695],[135.4275,34.3709],[135.4266,34.3731],[135.4271,34.3744],[135.4258,34.3759],[135.4225,34.3762],[135.4191,34.379],[135.4166,34.3793],[135.4161,34.3832],[135.414,34.3842],[135.4135,34.386],[135.4122,34.3862],[135.4109,34.3879],[135.4101,34.3922],[135.4085,34.394],[135.4093,34.3974],[135.4083,34.3998],[135.4059,34.401],[135.4053,34.4024],[135.4052,34.4049],[135.4079,34.4062],[135.4093,34.4082],[135.4108,34.4086],[135.4099,34.4103],[135.4101,34.412],[135.4086,34.4137],[135.406,34.4129],[135.405,34.4118],[135.4029,34.4125],[135.3997,34.4124],[135.398,34.4142],[135.3989,34.416],[135.3988,34.4174],[135.397,34.4191],[135.3947,34.4164],[135.3922,34.4199],[135.3887,34.4177],[135.3867,34.4201],[135.3851,34.4211],[135.3844,34.4237],[135.3836,34.4242],[135.3815,34.4285],[135.3796,34.4317],[135.3806,34.4347],[135.3778,34.4381],[135.3795,34.4392],[135.3797,34.4411],[135.3814,34.4426],[135.3812,34.4454],[135.3727,34.4516],[135.3696,34.4513],[135.3678,34.4525],[135.3667,34.454],[135.3639,34.4555],[135.3621,34.4583],[135.3594,34.4598]]],[[[135.3283,34.4499],[135.3304,34.4484],[135.3326,34.4461],[135.3331,34.4447],[135.3421,34.4508],[135.346,34.4547],[135.3472,34.4587],[135.3408,34.4669],[135.3283,34.4499]]]]},"properties":{"prefectureCode":"27","prefectureName":"大阪府","municipalityName":"貝塚市","municipalityCode":"27208"}},
{"type":"Feature","geometry":{"type":"Polygon","coordinates":[[[135.5843,34.7224],[135.5837,34.7243],[135.5817,34.7288],[135.5793,34.731],[135.5797,34.7317],[135.5764,34.7342],[135.5768,34.7354],[135.5755,34.7371],[135.5719,34.7376],[135.5716,34.74],[135.5726,34.7408],[135.5755,34.7402],[135.5761,34.7414],[135.579,34.7434],[135.5811,34.7478],[135.5853,34.7478],[135.5893,34.7471],[135.591,34.7479],[135.595,34.7458],[135.5992,34.7451],[135.6048,34.7454],[135.6059,34.748],[135.6069,34.7489],[135.6063,34.7502],[135.6048,34.7506],[135.6039,34.7521],[135.604,34.7542],[135.605,34.7548],[135.6035,34.7563],[135.6016,34.7552],[135.5968,34.7573],[135.5972,34.7631],[135.5946,34.7632],[135.5921,34.765],[135.5897,34.7651],[135.5896,34.766],[135.587,34.7675],[135.5805,34.7618],[135.5767,34.7591],[135.5731,34.7576],[135.5637,34.7556],[135.5605,34.754],[135.5581,34.7524],[135.5568,34.7508],[135.5564,34.749],[135.5564,34.7461],[135.56,34.742],[135.561,34.7402],[135.5603,34.7368],[135.5573,34.7355],[135.5534,34.7331],[135.5547,34.7307],[135.5551,34.7248],[135.5599,34.7262],[135.5607,34.7253],[135.563,34.725],[135.5655,34.7227],[135.566,34.72],[135.5676,34.7178],[135.5694,34.7125],[135.5699,34.7089],[135.5743,34.7089],[135.5748,34.7129],[135.5776,34.7129],[135.5751,34.7174],[135.5829,34.7174],[135.5833,34.7211],[135.5819,34.7219],[135.5822,34.7233],[135.5843,34.7224]]]},"properties":{"prefectureCode":"27","prefectureName":"大阪府","municipalityName":"守口市","municipalityCode":"27209"}},
{"type":"Feature","geometry":{"type":"Polygon","coordinates":[[[135.7233,34.8262],[135.7206,34.8295],[135.7195,34.8297],[135.7187,34.8318],[135.7158,34.8366],[135.7157,34.8379],[135.7132,34.8401],[135.7122,34.8401],[135.7112,34.8439],[135.7099,34.8447],[135.7102,34.8466],[135.709,34.8473],[135.7077,34.8493],[135.7063,34.8497],[135.7053,34.851],[135.7023,34.8517],[135.7015,34.8509],[135.6981,34.8496],[135.6957,34.8482],[135.6947,34.8506],[135.6924,34.8521],[135.6916,34.8533],[135.6924,34.8553],[135.6907,34.8565],[135.6919,34.8589],[135.6947,34.8607],[135.6914,34.8614],[135.6911,34.8628],[135.6919,34.8647],[135.6911,34.8685],[135.6887,34.869],[135.6826,34.8722],[135.682,34.8732],[135.6821,34.8759],[135.6835,34.8776],[135.6822,34.8805],[135.6799,34.8813],[135.6775,34.876],[135.6763,34.8741],[135.6728,34.87],[135.6719,34.8687],[135.6717,34.8659],[135.6694,34.8623],[135.6685,34.8602],[135.6652,34.8554],[135.6627,34.8533],[135.6598,34.8521],[135.6544,34.8506],[135.6518,34.8493],[135.6494,34.8464],[135.6474,34.8419],[135.6461,34.8366],[135.6466,34.832],[135.6463,34.8298],[135.6431,34.8261],[135.6415,34.8218],[135.6413,34.8189],[135.6403,34.8161],[135.6388,34.8144],[135.6354,34.8127],[135.6288,34.8115],[135.6251,34.8098],[135.62,34.8058],[135.6177,34.8011],[135.6153,34.7993],[135.6144,34.795],[135.6143,34.7915],[135.6191,34.7909],[135.6229,34.7899],[135.6258,34.7904],[135.63,34.7904],[135.6321,34.7891],[135.6319,34.7854],[135.6359,34.7853],[135.6416,34.7859],[135.6435,34.7855],[135.644,34.7839],[135.6469,34.7842],[135.6487,34.7834],[135.6497,34.7817],[135.6492,34.7806],[135.6505,34.7772],[135.653,34.7731],[135.6553,34.7751],[135.6582,34.7762],[135.6595,34.775],[135.6628,34.7762],[135.6678,34.7765],[135.6691,34.7783],[135.6718,34.7787],[135.6716,34.7812],[135.6708,34.7819],[135.6705,34.7851],[135.6719,34.7856],[135.6696,34.7896],[135.6689,34.7918],[135.6643,34.7952],[135.6669,34.7963],[135.666,34.7974],[135.6703,34.7992],[135.6732,34.7995],[135.6737,34.8017],[135.6765,34.8023],[135.6794,34.8024],[135.6811,34.8007],[135.6828,34.8],[135.6855,34.8003],[135.687,34.7994],[135.6931,34.8005],[135.6957,34.8006],[135.6976,34.7997],[135.7022,34.7995],[135.7057,34.7981],[135.7074,34.7983],[135.7089,34.7975],[135.7091,34.7956],[135.7146,34.7937],[135.7151,34.7921],[135.7146,34.7902],[135.7167,34.7889],[135.7166,34.7857],[135.7154,34.7833],[135.7127,34.7825],[135.712,34.7813],[135.7137,34.7799],[135.7156,34.7799],[135.7173,34.7776],[135.7202,34.7746],[135.7225,34.7746],[135.7278,34.7766],[135.7286,34.778],[135.7293,34.7794],[135.7323,34.7827],[135.7339,34.784],[135.7356,34.7844],[135.7378,34.7871],[135.7407,34.7884],[135.7395,34.7912],[135.7405,34.7933],[135.7431,34.7937],[135.7437,34.7954],[135.746,34.7987],[135.7466,34.8012],[135.7455,34.8042],[135.7429,34.8054],[135.7419,34.8084],[135.739,34.8116],[135.7383,34.8117],[135.7368,34.8147],[135.7351,34.8199],[135.7336,34.8205],[135.7326,34.8223],[135.7311,34.8227],[135.7295,34.8223],[135.7278,34.8231],[135.7243,34.8232],[135.7231,34.825],[135.7233,34.8262]]]},"properties":{"prefectureCode":"27","prefectureName":"大阪府","municipalityName":"枚方市","municipalityCode":"27210"}},
{"type":"Feature","geometry":{"type":"MultiPolygon","coordinates":[[[[135.5254,34.9288],[135.5255,34.9236],[135.5249,34.9203],[135.5231,34.919],[135.5226,34.9173],[135.5204,34.9156],[135.5197,34.9144],[135.5199,34.9124],[135.517,34.9114],[135.5163,34.9071],[135.5183,34.9049],[135.5167,34.9033],[135.5137,34.903],[135.5113,34.9],[135.5113,34.8981],[135.509,34.8988],[135.5028,34.896],[135.5006,34.896],[135.5015,34.8933],[135.5005,34.8899],[135.5006,34.8879],[135.4981,34.884],[135.4965,34.8834],[135.4959,34.8811],[135.4985,34.88],[135.4995,34.8775],[135.4996,34.8763],[135.5018,34.8729],[135.5033,34.87],[135.5058,34.8721],[135.5072,34.8744],[135.5092,34.8752],[135.5117,34.8744],[135.5133,34.8713],[135.5118,34.8679],[135.5129,34.8653],[135.5158,34.8641],[135.5155,34.8609],[135.5145,34.8601],[135.5181,34.8572],[135.5204,34.8558],[135.5206,34.8521],[135.5228,34.852],[135.5229,34.8475],[135.5253,34.8476],[135.5243,34.8446],[135.5258,34.844],[135.5248,34.8425],[135.5249,34.8409],[135.5219,34.8398],[135.5194,34.8405],[135.5189,34.8392],[135.5207,34.8369],[135.5206,34.8357],[135.5233,34.8346],[135.5262,34.8308],[135.525,34.827],[135.524,34.8262],[135.5229,34.8244],[135.5256,34.8231],[135.5293,34.8196],[135.5292,34.8176],[135.53,34.8163],[135.5345,34.8152],[135.5366,34.8158],[135.5391,34.8135],[135.5419,34.8139],[135.5431,34.812],[135.547,34.8107],[135.5484,34.8098],[135.5532,34.8089],[135.5547,34.8074],[135.5551,34.8052],[135.5533,34.8032],[135.5547,34.8018],[135.555,34.7998],[135.5519,34.7936],[135.5549,34.7933],[135.5559,34.7916],[135.5585,34.7914],[135.5586,34.7928],[135.5629,34.7928],[135.562,34.7915],[135.5626,34.7886],[135.5639,34.7866],[135.5627,34.7833],[135.5683,34.7856],[135.5678,34.7778],[135.5658,34.7764],[135.5669,34.7754],[135.569,34.7766],[135.5705,34.7766],[135.5738,34.7792],[135.5739,34.7802],[135.5777,34.7844],[135.5823,34.7866],[135.5875,34.7915],[135.5875,34.7926],[135.5897,34.794],[135.5945,34.7961],[135.5976,34.7987],[135.5986,34.8016],[135.5984,34.8123],[135.5995,34.8138],[135.6035,34.8152],[135.6041,34.8161],[135.6063,34.8167],[135.6063,34.8185],[135.5989,34.8188],[135.5989,34.8207],[135.5937,34.8206],[135.5937,34.8215],[135.5902,34.8217],[135.5902,34.8228],[135.5879,34.8229],[135.5866,34.8237],[135.5862,34.8264],[135.5864,34.8289],[135.5861,34.8318],[135.5842,34.8317],[135.583,34.8357],[135.5829,34.8379],[135.5837,34.8397],[135.5857,34.8398],[135.5856,34.8415],[135.583,34.8443],[135.5823,34.8467],[135.5744,34.8489],[135.5721,34.8486],[135.5697,34.8513],[135.5667,34.8568],[135.5693,34.8595],[135.5697,34.8655],[135.5688,34.8664],[135.5686,34.8687],[135.5646,34.8705],[135.5626,34.8719],[135.5667,34.8755],[135.5652,34.8768],[135.571,34.8808],[135.5705,34.8828],[135.5686,34.8836],[135.5664,34.8855],[135.5661,34.8878],[135.5686,34.8888],[135.5703,34.8913],[135.5695,34.8926],[135.5691,34.896],[135.571,34.8978],[135.5697,34.899],[135.5665,34.8992],[135.5663,34.9007],[135.57,34.9027],[135.5709,34.9028],[135.5736,34.905],[135.5744,34.909],[135.576,34.9099],[135.5764,34.913],[135.5737,34.9151],[135.5731,34.9168],[135.5674,34.9163],[135.5627,34.9178],[135.5578,34.9175],[135.5533,34.9155],[135.5507,34.9183],[135.5495,34.9186],[135.5485,34.9168],[135.5462,34.9166],[135.5443,34.9175],[135.5432,34.9159],[135.5411,34.9153],[135.5382,34.9189],[135.5372,34.919],[135.536,34.9209],[135.5373,34.9244],[135.537,34.9255],[135.5334,34.9271],[135.5303,34.9273],[135.5254,34.9288]]],[[[135.5464,34.8053],[135.5459,34.8078],[135.5435,34.8073],[135.5464,34.8053]]]]},"properties":{"prefectureCode":"27","prefectureName":"大阪府","municipalityName":"茨木市","municipalityCode":"27211"}},
{"type":"Feature","geometry":{"type":"Polygon","coordinates":[[[135.5768,34.5931],[135.5806,34.592],[135.5858,34.59],[135.5847,34.5884],[135.586,34.5896],[135.5874,34.5872],[135.5873,34.586],[135.5902,34.5857],[135.5911,34.587],[135.5962,34.5849],[135.5968,34.5861],[135.5988,34.5865],[135.6011,34.585],[135.6012,34.5835],[135.6053,34.5834],[135.6055,34.5862],[135.6064,34.5871],[135.6085,34.5876],[135.6084,34.5887],[135.6077,34.5912],[135.6108,34.5929],[135.619,34.5929],[135.6189,34.5943],[135.6224,34.5954],[135.6209,34.5978],[135.6231,34.598],[135.6233,34.599],[135.6252,34.5998],[135.6318,34.5999],[135.6319,34.6009],[135.6353,34.6009],[135.6383,34.5999],[135.641,34.5996],[135.6427,34.6003],[135.6461,34.6003],[135.6477,34.5992],[135.6489,34.5999],[135.6506,34.6023],[135.6509,34.6062],[135.6518,34.6068],[135.6501,34.6078],[135.651,34.61],[135.6542,34.6112],[135.6568,34.6117],[135.6588,34.6147],[135.6578,34.6164],[135.6595,34.6209],[135.6589,34.6231],[135.661,34.6252],[135.6617,34.6283],[135.6632,34.6295],[135.6634,34.6333],[135.6617,34.6344],[135.663,34.6364],[135.6626,34.6403],[135.6643,34.6433],[135.6605,34.6436],[135.6598,34.6425],[135.6581,34.6432],[135.6557,34.6434],[135.6529,34.6443],[135.6495,34.6444],[135.6477,34.645],[135.6463,34.644],[135.6326,34.6444],[135.6323,34.6404],[135.6314,34.6405],[135.6318,34.6444],[135.6255,34.6447],[135.6255,34.6503],[135.618,34.6503],[135.618,34.648],[135.6166,34.6485],[135.6168,34.6502],[135.6062,34.6504],[135.5995,34.6508],[135.5945,34.6506],[135.5948,34.6463],[135.5946,34.6445],[135.596,34.6444],[135.5959,34.6417],[135.5907,34.6417],[135.5909,34.6407],[135.5852,34.6393],[135.5878,34.6368],[135.5869,34.636],[135.59,34.6339],[135.5889,34.6324],[135.5747,34.6322],[135.576,34.6305],[135.576,34.6278],[135.5766,34.6265],[135.5756,34.6243],[135.5756,34.6204],[135.5752,34.6182],[135.569,34.6201],[135.5659,34.6213],[135.5636,34.6212],[135.5623,34.6229],[135.562,34.617],[135.5652,34.6166],[135.567,34.6158],[135.5692,34.6138],[135.5762,34.6138],[135.5763,34.612],[135.5826,34.612],[135.5845,34.6092],[135.5869,34.6091],[135.5873,34.6047],[135.586,34.604],[135.5836,34.6037],[135.5814,34.6027],[135.5813,34.6009],[135.58,34.6009],[135.5799,34.5941],[135.5771,34.5939],[135.5768,34.5931]]]},"properties":{"prefectureCode":"27","prefectureName":"大阪府","municipalityName":"八尾市","municipalityCode":"27212"}},
{"type":"Feature","geometry":{"type":"MultiPolygon","coordinates":[[[[135.329,34.4343],[135.3249,34.4369],[135.321,34.433],[135.325,34.4304],[135.3261,34.4314],[135.3284,34.4299],[135.3228,34.4244],[135.3206,34.4258],[135.3228,34.4281],[135.3186,34.4309],[135.318,34.4309],[135.3138,34.4266],[135.3196,34.4227],[135.3197,34.4209],[135.3167,34.4194],[135.3154,34.4211],[135.3117,34.4181],[135.3095,34.4171],[135.3064,34.4195],[135.3022,34.4158],[135.2946,34.415],[135.2935,34.414],[135.2931,34.4072],[135.292,34.4068],[135.2888,34.4036],[135.2946,34.3992],[135.2951,34.3978],[135.2982,34.3945],[135.2978,34.3915],[135.2997,34.3911],[135.3004,34.39],[135.2968,34.3881],[135.2987,34.3855],[135.2968,34.3845],[135.2951,34.3859],[135.2935,34.3851],[135.2917,34.3854],[135.2894,34.3842],[135.2896,34.3834],[135.2896,34.3789],[135.2965,34.3802],[135.2964,34.381],[135.2989,34.3817],[135.3004,34.3804],[135.3056,34.3821],[135.3097,34.38],[135.3112,34.3773],[135.3136,34.3765],[135.3162,34.3727],[135.3189,34.3703],[135.3221,34.3655],[135.3228,34.3634],[135.3246,34.3623],[135.3235,34.3613],[135.3224,34.3583],[135.322,34.3554],[135.3237,34.3537],[135.3233,34.3525],[135.3244,34.351],[135.3266,34.3505],[135.3286,34.3454],[135.3291,34.3429],[135.3287,34.3418],[135.3297,34.3399],[135.3311,34.34],[135.333,34.3418],[135.3364,34.3417],[135.3377,34.3407],[135.3391,34.341],[135.3404,34.3366],[135.3389,34.335],[135.3422,34.3351],[135.3462,34.3305],[135.3494,34.3318],[135.3521,34.3322],[135.3537,34.3319],[135.3555,34.3334],[135.359,34.333],[135.3617,34.3293],[135.3663,34.3297],[135.3682,34.3312],[135.3714,34.3301],[135.3741,34.331],[135.3779,34.33],[135.3803,34.3284],[135.3827,34.3294],[135.3868,34.3291],[135.3882,34.3324],[135.3911,34.333],[135.3944,34.3308],[135.3974,34.3305],[135.3987,34.3323],[135.4017,34.3327],[135.4033,34.3339],[135.4054,34.3339],[135.4068,34.3355],[135.4071,34.339],[135.4092,34.3419],[135.4088,34.3451],[135.4075,34.3471],[135.4043,34.3485],[135.4016,34.3482],[135.4011,34.3468],[135.3969,34.3471],[135.3961,34.3479],[135.3923,34.3473],[135.3915,34.3482],[135.3914,34.3511],[135.3899,34.3519],[135.3883,34.3554],[135.3849,34.3549],[135.3814,34.3561],[135.3798,34.3583],[135.3816,34.362],[135.3812,34.3632],[135.3794,34.3641],[135.3751,34.3642],[135.3722,34.3656],[135.3703,34.3645],[135.3665,34.3679],[135.3652,34.3674],[135.3631,34.3681],[135.3556,34.3727],[135.355,34.3761],[135.3552,34.3785],[135.351,34.3803],[135.3497,34.3801],[135.345,34.3852],[135.343,34.3867],[135.3426,34.3881],[135.3433,34.3897],[135.341,34.3906],[135.339,34.3927],[135.339,34.3951],[135.3369,34.3955],[135.3355,34.399],[135.336,34.4012],[135.3381,34.4036],[135.339,34.4054],[135.3379,34.4067],[135.3423,34.4069],[135.3437,34.4087],[135.3453,34.4077],[135.3467,34.4102],[135.3532,34.4066],[135.354,34.4123],[135.3559,34.4163],[135.3572,34.4183],[135.3562,34.4198],[135.3546,34.4188],[135.3497,34.4216],[135.3487,34.4225],[135.3477,34.4251],[135.345,34.426],[135.3436,34.4277],[135.3399,34.429],[135.3393,34.4304],[135.3375,34.4322],[135.334,34.432],[135.3313,34.4328],[135.329,34.4343]]],[[[135.2399,34.4385],[135.2474,34.4435],[135.2507,34.4455],[135.2526,34.4471],[135.2509,34.4487],[135.2542,34.4511],[135.2455,34.4513],[135.2416,34.4552],[135.2379,34.4528],[135.2358,34.4504],[135.2293,34.446],[135.2399,34.4385]]],[[[135.2416,34.4373],[135.252,34.4299],[135.2522,34.4309],[135.2567,34.4338],[135.2602,34.4353],[135.2644,34.4385],[135.2596,34.4435],[135.2518,34.4441],[135.2416,34.4373]]]]},"properties":{"prefectureCode":"27","prefectureName":"大阪府","municipalityName":"泉佐野市","municipalityCode":"27213"}},
{"type":"Feature","geometry":{"type":"Polygon","coordinates":[[[135.5665,34.5135],[135.5614,34.5129],[135.5603,34.5116],[135.5601,34.505],[135.5593,34.5039],[135.5599,34.5012],[135.5611,34.5009],[135.5606,34.4986],[135.5596,34.4973],[135.561,34.494],[135.5627,34.4929],[135.5635,34.4912],[135.5603,34.4916],[135.5583,34.4897],[135.5588,34.4885],[135.5581,34.4849],[135.5598,34.4844],[135.5604,34.4818],[135.5594,34.4805],[135.5598,34.4795],[135.5607,34.4778],[135.563,34.4761],[135.5664,34.4768],[135.569,34.4766],[135.5728,34.4758],[135.5734,34.4765],[135.5768,34.4749],[135.5769,34.4729],[135.5787,34.4721],[135.5805,34.4699],[135.5826,34.4683],[135.5818,34.4651],[135.5795,34.4649],[135.5788,34.4637],[135.5779,34.4598],[135.5784,34.4561],[135.5779,34.4548],[135.5814,34.4533],[135.5832,34.4533],[135.5821,34.4511],[135.5825,34.4497],[135.5841,34.4486],[135.5865,34.448],[135.5874,34.4484],[135.5893,34.4469],[135.5906,34.4442],[135.5921,34.4429],[135.5945,34.4419],[135.5955,34.4407],[135.5972,34.4414],[135.6004,34.4407],[135.6025,34.4392],[135.6038,34.4396],[135.6047,34.4425],[135.6059,34.4431],[135.6072,34.4457],[135.6108,34.4455],[135.6142,34.449],[135.6148,34.451],[135.616,34.4518],[135.6155,34.4545],[135.6166,34.456],[135.6149,34.4573],[135.6166,34.4581],[135.6165,34.4606],[135.6179,34.4623],[135.6171,34.465],[135.6157,34.4667],[135.6149,34.4703],[135.6154,34.4725],[135.6168,34.4743],[135.6174,34.4778],[135.6154,34.4809],[135.6128,34.4822],[135.6126,34.4846],[135.614,34.4861],[135.6129,34.4876],[135.613,34.4904],[135.6154,34.4904],[135.6173,34.4898],[135.6183,34.4904],[135.6185,34.493],[135.6193,34.4938],[135.6213,34.4939],[135.6216,34.4915],[135.6233,34.49],[135.6229,34.4886],[135.6255,34.4882],[135.6256,34.4863],[135.6271,34.4862],[135.6269,34.4902],[135.6278,34.4902],[135.6277,34.4979],[135.6255,34.4981],[135.6241,34.4997],[135.6219,34.5001],[135.6216,34.5018],[135.6177,34.5071],[135.6175,34.5102],[135.618,34.5128],[135.6204,34.5148],[135.622,34.5168],[135.6213,34.5206],[135.6217,34.5228],[135.6244,34.5228],[135.6271,34.5255],[135.6236,34.5256],[135.6221,34.5266],[135.6206,34.526],[135.6173,34.5263],[135.6153,34.5259],[135.6122,34.5262],[135.6105,34.527],[135.6105,34.5292],[135.6028,34.5297],[135.6001,34.5295],[135.5982,34.5286],[135.5948,34.5302],[135.5934,34.53],[135.5907,34.5308],[135.5897,34.5323],[135.5872,34.5318],[135.5865,34.5293],[135.5851,34.5275],[135.5845,34.5224],[135.5856,34.521],[135.5855,34.5191],[135.5822,34.5188],[135.5808,34.5174],[135.582,34.5159],[135.5825,34.5131],[135.5821,34.5107],[135.5799,34.5112],[135.5765,34.5107],[135.574,34.5118],[135.5725,34.5115],[135.5665,34.5135]]]},"properties":{"prefectureCode":"27","prefectureName":"大阪府","municipalityName":"富田林市","municipalityCode":"27214"}},
{"type":"Feature","geometry":{"type":"Polygon","coordinates":[[[135.6023,34.7805],[135.5987,34.777],[135.587,34.7675],[135.5896,34.766],[135.5897,34.7651],[135.5921,34.765],[135.5946,34.7632],[135.5972,34.7631],[135.5968,34.7573],[135.6016,34.7552],[135.6035,34.7563],[135.605,34.7548],[135.604,34.7542],[135.6039,34.7521],[135.6048,34.7506],[135.6063,34.7502],[135.6075,34.7499],[135.6084,34.7466],[135.6105,34.7474],[135.6121,34.7443],[135.6156,34.744],[135.6186,34.7443],[135.6204,34.7429],[135.6234,34.7363],[135.6216,34.7344],[135.6217,34.7319],[135.6208,34.7291],[135.6253,34.729],[135.6336,34.7282],[135.6337,34.7298],[135.6319,34.7309],[135.6319,34.7322],[135.6302,34.7342],[135.6252,34.7342],[135.6245,34.7364],[135.6261,34.737],[135.626,34.7394],[135.6267,34.7412],[135.6267,34.7452],[135.628,34.7462],[135.6304,34.7469],[135.6305,34.7497],[135.6342,34.7495],[135.6379,34.7499],[135.6397,34.7495],[135.6446,34.7492],[135.65,34.7494],[135.6522,34.7489],[135.6527,34.7475],[135.6548,34.7466],[135.657,34.747],[135.6565,34.7483],[135.6593,34.749],[135.6599,34.75],[135.6589,34.7517],[135.6603,34.7521],[135.6586,34.754],[135.658,34.7577],[135.6592,34.7608],[135.6601,34.7617],[135.6607,34.764],[135.6621,34.7667],[135.6617,34.7708],[135.66,34.7722],[135.6595,34.775],[135.6582,34.7762],[135.6553,34.7751],[135.653,34.7731],[135.6505,34.7772],[135.6492,34.7806],[135.6497,34.7817],[135.6487,34.7834],[135.6469,34.7842],[135.644,34.7839],[135.6435,34.7855],[135.6416,34.7859],[135.6359,34.7853],[135.6319,34.7854],[135.6321,34.7891],[135.63,34.7904],[135.6258,34.7904],[135.6229,34.7899],[135.6191,34.7909],[135.6143,34.7915],[135.6119,34.7876],[135.6104,34.7857],[135.6082,34.784],[135.6023,34.7805]]]},"properties":{"prefectureCode":"27","prefectureName":"大阪府","municipalityName":"寝屋川市","municipalityCode":"27215"}},
{"type":"Feature","geometry":{"type":"Polygon","coordinates":[[[135.5196,34.4312],[135.5217,34.4301],[135.5231,34.4303],[135.5246,34.4291],[135.5265,34.4249],[135.5259,34.4213],[135.5257,34.4161],[135.5269,34.4137],[135.5253,34.412],[135.5249,34.4097],[135.5254,34.4084],[135.5232,34.4055],[135.5244,34.4038],[135.5227,34.4016],[135.5225,34.3999],[135.5203,34.3987],[135.5193,34.3966],[135.5203,34.3956],[135.5193,34.3938],[135.5201,34.393],[135.5197,34.3883],[135.5184,34.3872],[135.5167,34.3847],[135.5154,34.3843],[135.5118,34.3816],[135.5063,34.3813],[135.5041,34.3819],[135.5007,34.3768],[135.5006,34.3757],[135.4986,34.3755],[135.4908,34.3729],[135.4907,34.37],[135.4898,34.3687],[135.4894,34.3656],[135.4854,34.3628],[135.4887,34.3564],[135.4899,34.3553],[135.4936,34.3544],[135.4945,34.3536],[135.4978,34.3523],[135.4988,34.3503],[135.5017,34.3502],[135.5036,34.3465],[135.5024,34.3454],[135.5029,34.3438],[135.5049,34.3412],[135.504,34.339],[135.5024,34.3381],[135.5035,34.3365],[135.5063,34.3363],[135.509,34.3368],[135.512,34.3383],[135.5145,34.3402],[135.5167,34.3424],[135.5215,34.3455],[135.5236,34.3485],[135.5271,34.3512],[135.5292,34.3514],[135.5315,34.3511],[135.5349,34.3524],[135.5383,34.3565],[135.5397,34.3575],[135.5415,34.3576],[135.5435,34.3566],[135.5479,34.3567],[135.5506,34.3582],[135.5516,34.3597],[135.5544,34.3594],[135.5566,34.361],[135.5569,34.362],[135.5594,34.3647],[135.5608,34.3654],[135.5634,34.3693],[135.5669,34.3707],[135.5677,34.3717],[135.5698,34.371],[135.5724,34.3719],[135.5733,34.3733],[135.5756,34.3739],[135.5771,34.376],[135.5834,34.3769],[135.5867,34.3753],[135.5905,34.3755],[135.5927,34.3748],[135.595,34.3754],[135.5961,34.3773],[135.5959,34.3792],[135.5977,34.3804],[135.6014,34.3801],[135.6018,34.3785],[135.6041,34.3774],[135.6078,34.3776],[135.6133,34.3766],[135.6154,34.3781],[135.6175,34.3818],[135.6178,34.3833],[135.6199,34.3845],[135.6235,34.3836],[135.6261,34.3838],[135.6319,34.383],[135.6364,34.3815],[135.639,34.3822],[135.639,34.3835],[135.6438,34.3839],[135.6462,34.3834],[135.6489,34.3837],[135.6511,34.3832],[135.6547,34.3838],[135.6563,34.3863],[135.6579,34.3875],[135.6599,34.3917],[135.6627,34.3933],[135.6634,34.3965],[135.6593,34.3955],[135.6555,34.3961],[135.6567,34.3978],[135.655,34.3998],[135.6515,34.4009],[135.6498,34.4037],[135.6467,34.4075],[135.6445,34.4114],[135.6426,34.4122],[135.6412,34.4139],[135.6414,34.4155],[135.6396,34.4181],[135.6366,34.4202],[135.6332,34.4191],[135.6294,34.4198],[135.6259,34.4217],[135.6229,34.4252],[135.6208,34.426],[135.6188,34.4282],[135.6166,34.4293],[135.6156,34.4305],[135.6105,34.4304],[135.6079,34.432],[135.6073,34.433],[135.6048,34.4348],[135.6046,34.4358],[135.6021,34.4381],[135.6025,34.4392],[135.6004,34.4407],[135.5972,34.4414],[135.5955,34.4407],[135.5945,34.4419],[135.5921,34.4429],[135.5906,34.4442],[135.5893,34.4469],[135.5874,34.4484],[135.5865,34.448],[135.5841,34.4486],[135.5825,34.4497],[135.5821,34.4511],[135.5832,34.4533],[135.5814,34.4533],[135.5779,34.4548],[135.5784,34.4561],[135.5779,34.4598],[135.5788,34.4637],[135.5795,34.4649],[135.5818,34.4651],[135.5826,34.4683],[135.5805,34.4699],[135.5787,34.4721],[135.5769,34.4729],[135.5768,34.4749],[135.5734,34.4765],[135.5728,34.4758],[135.569,34.4766],[135.5664,34.4768],[135.563,34.4761],[135.5607,34.4778],[135.5598,34.4795],[135.5583,34.4793],[135.5566,34.4773],[135.5541,34.4768],[135.5539,34.4742],[135.5531,34.4719],[135.5494,34.471],[135.5461,34.4682],[135.5421,34.4665],[135.5423,34.4651],[135.5454,34.4623],[135.5437,34.4602],[135.5412,34.4588],[135.54,34.4561],[135.5363,34.4531],[135.5348,34.4511],[135.5336,34.4486],[135.5285,34.4447],[135.5262,34.4422],[135.524,34.4415],[135.522,34.4401],[135.5216,34.4385],[135.5198,34.437],[135.5184,34.433],[135.5196,34.4312]]]},"properties":{"prefectureCode":"27","prefectureName":"大阪府","municipalityName":"河内長野市","municipalityCode":"27216"}},
{"type":"Feature","geometry":{"type":"Polygon","coordinates":[[[135.522,34.5943],[135.5226,34.5932],[135.5226,34.5899],[135.521,34.5898],[135.5212,34.5874],[135.5228,34.5871],[135.5223,34.5856],[135.5224,34.5767],[135.5318,34.5766],[135.5317,34.5738],[135.5335,34.5716],[135.5356,34.5716],[135.5358,34.5676],[135.5373,34.5656],[135.5447,34.5656],[135.548,34.5659],[135.5479,34.5624],[135.5496,34.5605],[135.5491,34.5599],[135.5481,34.5576],[135.5512,34.5568],[135.5516,34.5554],[135.5532,34.5539],[135.5555,34.5548],[135.5571,34.5538],[135.5587,34.5549],[135.5617,34.5553],[135.561,34.5566],[135.5611,34.56],[135.5672,34.56],[135.5665,34.561],[135.5698,34.565],[135.5691,34.5668],[135.5672,34.5767],[135.5699,34.5767],[135.5716,34.5776],[135.5765,34.5774],[135.5774,34.5798],[135.5791,34.582],[135.5812,34.5821],[135.5823,34.5852],[135.5823,34.5869],[135.5847,34.5884],[135.5858,34.59],[135.5806,34.592],[135.5768,34.5931],[135.5719,34.594],[135.5709,34.5921],[135.5711,34.5869],[135.5691,34.5871],[135.5693,34.5905],[135.5679,34.592],[135.5672,34.5955],[135.5645,34.5962],[135.5642,34.5945],[135.562,34.595],[135.5524,34.595],[135.5496,34.5948],[135.5469,34.5954],[135.5436,34.5952],[135.5435,34.5994],[135.5348,34.5992],[135.5315,34.5983],[135.53,34.5941],[135.5277,34.5947],[135.5264,34.5964],[135.5225,34.5946],[135.522,34.5943]]]},"properties":{"prefectureCode":"27","prefectureName":"大阪府","municipalityName":"松原市","municipalityCode":"27217"}},
{"type":"Feature","geometry":{"type":"Polygon","coordinates":[[[135.595,34.7035],[135.5966,34.7019],[135.5968,34.7006],[135.601,34.7005],[135.6032,34.7013],[135.6054,34.7014],[135.6073,34.6997],[135.6079,34.6982],[135.6095,34.6976],[135.6139,34.6974],[135.6188,34.696],[135.619,34.6972],[135.6178,34.701],[135.6222,34.7013],[135.6263,34.7011],[135.629,34.7016],[135.6334,34.7016],[135.6345,34.6988],[135.6377,34.6988],[135.6388,34.6994],[135.6386,34.7019],[135.6402,34.7021],[135.6498,34.7019],[135.6528,34.7026],[135.6599,34.7014],[135.6616,34.7006],[135.6634,34.6989],[135.6654,34.6989],[135.67,34.7007],[135.6731,34.7001],[135.6731,34.7018],[135.6735,34.706],[135.6746,34.7074],[135.6746,34.7122],[135.6736,34.7134],[135.6736,34.7149],[135.672,34.7163],[135.6684,34.7162],[135.6686,34.7174],[135.6608,34.7199],[135.6601,34.7211],[135.6569,34.7225],[135.6568,34.7278],[135.6534,34.7269],[135.6523,34.7292],[135.65,34.7297],[135.6485,34.7311],[135.6468,34.7316],[135.6319,34.7322],[135.6319,34.7309],[135.6337,34.7298],[135.6336,34.7282],[135.6253,34.729],[135.6208,34.7291],[135.6211,34.7271],[135.6222,34.7247],[135.6237,34.7235],[135.6238,34.7216],[135.6206,34.7207],[135.6194,34.7189],[135.6169,34.7205],[135.6135,34.7203],[135.6094,34.7221],[135.6085,34.7218],[135.6085,34.7198],[135.607,34.7194],[135.6064,34.7181],[135.603,34.7166],[135.5993,34.7147],[135.597,34.7069],[135.593,34.7072],[135.5915,34.7066],[135.595,34.7035]]]},"properties":{"prefectureCode":"27","prefectureName":"大阪府","municipalityName":"大東市","municipalityCode":"27218"}},
{"type":"Feature","geometry":{"type":"Polygon","coordinates":[[[135.4547,34.5151],[135.4544,34.5133],[135.4522,34.5122],[135.4507,34.5138],[135.4478,34.5113],[135.4455,34.512],[135.4447,34.5112],[135.4429,34.5125],[135.4368,34.5138],[135.4334,34.514],[135.432,34.5127],[135.4339,34.5113],[135.4332,34.5104],[135.4339,34.5087],[135.4322,34.5066],[135.428,34.5034],[135.4263,34.5027],[135.4239,34.5007],[135.4281,34.4978],[135.4274,34.4957],[135.4292,34.4944],[135.4282,34.4931],[135.4296,34.4919],[135.4284,34.4903],[135.4268,34.4916],[135.4246,34.4894],[135.4212,34.4898],[135.4184,34.4871],[135.4169,34.4874],[135.4174,34.4848],[135.4153,34.4815],[135.4177,34.4797],[135.4187,34.4779],[135.4161,34.476],[135.4151,34.4735],[135.4243,34.4663],[135.4272,34.4682],[135.4287,34.4704],[135.4296,34.4704],[135.4356,34.4657],[135.4404,34.4623],[135.4423,34.4597],[135.4413,34.4568],[135.4422,34.4556],[135.4405,34.4527],[135.4402,34.4509],[135.4422,34.4489],[135.442,34.4468],[135.4432,34.4459],[135.4425,34.4449],[135.4423,34.4421],[135.4435,34.44],[135.4447,34.4369],[135.4438,34.4354],[135.4448,34.434],[135.4469,34.4339],[135.4488,34.4324],[135.4482,34.431],[135.4484,34.4276],[135.4515,34.4237],[135.4509,34.4229],[135.4516,34.4204],[135.4515,34.4172],[135.4496,34.4158],[135.4496,34.4149],[135.4519,34.4146],[135.4519,34.413],[135.4532,34.4119],[135.453,34.4095],[135.4535,34.4077],[135.4555,34.4054],[135.4539,34.4032],[135.4544,34.4004],[135.4528,34.4002],[135.4521,34.398],[135.4525,34.3957],[135.452,34.3944],[135.4502,34.3928],[135.45,34.3907],[135.4539,34.3901],[135.4549,34.3895],[135.4549,34.3878],[135.4562,34.3857],[135.4578,34.3844],[135.4606,34.3839],[135.4625,34.3821],[135.4636,34.378],[135.4637,34.3764],[135.4624,34.3749],[135.4598,34.3747],[135.459,34.3729],[135.4591,34.3697],[135.458,34.3675],[135.4565,34.3673],[135.456,34.3657],[135.4564,34.363],[135.4556,34.3602],[135.4544,34.3587],[135.4546,34.3573],[135.4565,34.3542],[135.4561,34.3518],[135.4548,34.3517],[135.4531,34.3499],[135.4551,34.349],[135.4561,34.3477],[135.4576,34.3473],[135.4635,34.3483],[135.4657,34.3473],[135.4671,34.3495],[135.4701,34.3505],[135.4716,34.3523],[135.4732,34.3533],[135.4743,34.3529],[135.4777,34.3536],[135.4773,34.3554],[135.4793,34.3581],[135.4815,34.3593],[135.4854,34.3628],[135.4894,34.3656],[135.4898,34.3687],[135.4907,34.37],[135.4908,34.3729],[135.4986,34.3755],[135.5006,34.3757],[135.5007,34.3768],[135.5041,34.3819],[135.5063,34.3813],[135.5118,34.3816],[135.5154,34.3843],[135.5167,34.3847],[135.5184,34.3872],[135.5197,34.3883],[135.5201,34.393],[135.5193,34.3938],[135.5203,34.3956],[135.5193,34.3966],[135.5203,34.3987],[135.5225,34.3999],[135.5227,34.4016],[135.5244,34.4038],[135.5232,34.4055],[135.5254,34.4084],[135.5249,34.4097],[135.5253,34.412],[135.5269,34.4137],[135.5257,34.4161],[135.5259,34.4213],[135.5265,34.4249],[135.5246,34.4291],[135.5231,34.4303],[135.5217,34.4301],[135.5196,34.4312],[135.5183,34.4302],[135.5158,34.4311],[135.5113,34.4314],[135.5099,34.4326],[135.5063,34.434],[135.5036,34.4334],[135.5008,34.4337],[135.4982,34.4378],[135.4993,34.4415],[135.4981,34.4446],[135.4973,34.4516],[135.4952,34.4543],[135.4945,34.4559],[135.4911,34.4585],[135.4896,34.4603],[135.4861,34.4613],[135.4844,34.461],[135.4814,34.4636],[135.4785,34.4649],[135.4774,34.466],[135.4758,34.469],[135.4782,34.4709],[135.4757,34.4733],[135.4737,34.4742],[135.4713,34.4776],[135.4718,34.481],[135.4704,34.4812],[135.47,34.4833],[135.4662,34.483],[135.4662,34.487],[135.4659,34.4918],[135.4665,34.496],[135.465,34.4997],[135.4649,34.5012],[135.466,34.5033],[135.4639,34.5034],[135.464,34.4987],[135.4612,34.499],[135.4633,34.5042],[135.4633,34.5066],[135.4608,34.5076],[135.4619,34.5098],[135.4607,34.5121],[135.4582,34.5133],[135.4566,34.5154],[135.4547,34.5151]]]},"properties":{"prefectureCode":"27","prefectureName":"大阪府","municipalityName":"和泉市","municipalityCode":"27219"}},
{"type":"Feature","geometry":{"type":"Polygon","coordinates":[[[135.4481,34.8084],[135.4499,34.8075],[135.4534,34.8072],[135.4544,34.8083],[135.4567,34.8091],[135.4574,34.8101],[135.4611,34.8111],[135.4629,34.8134],[135.4657,34.8153],[135.4677,34.8161],[135.4692,34.8175],[135.4728,34.8197],[135.4758,34.8211],[135.4781,34.8197],[135.482,34.8182],[135.4835,34.8171],[135.4874,34.8165],[135.4901,34.8164],[135.4928,34.8175],[135.4924,34.8203],[135.4933,34.8218],[135.496,34.8223],[135.496,34.8234],[135.4977,34.8249],[135.5011,34.8286],[135.5003,34.8302],[135.5057,34.8308],[135.5077,34.8294],[135.5102,34.8288],[135.5124,34.8267],[135.5155,34.8281],[135.5187,34.8279],[135.5191,34.8262],[135.521,34.8266],[135.5221,34.8259],[135.524,34.8262],[135.525,34.827],[135.5262,34.8308],[135.5233,34.8346],[135.5206,34.8357],[135.5207,34.8369],[135.5189,34.8392],[135.5194,34.8405],[135.5219,34.8398],[135.5249,34.8409],[135.5248,34.8425],[135.5258,34.844],[135.5243,34.8446],[135.5253,34.8476],[135.5229,34.8475],[135.5228,34.852],[135.5206,34.8521],[135.5204,34.8558],[135.5181,34.8572],[135.5145,34.8601],[135.5155,34.8609],[135.5158,34.8641],[135.5129,34.8653],[135.5118,34.8679],[135.5133,34.8713],[135.5117,34.8744],[135.5092,34.8752],[135.5072,34.8744],[135.5058,34.8721],[135.5033,34.87],[135.5018,34.8729],[135.4996,34.8763],[135.4995,34.8775],[135.4971,34.8775],[135.4955,34.879],[135.4938,34.8795],[135.4926,34.8784],[135.489,34.8772],[135.4872,34.8738],[135.4848,34.8734],[135.482,34.8748],[135.4811,34.8793],[135.4817,34.8807],[135.4805,34.8841],[135.478,34.8879],[135.4777,34.89],[135.4796,34.8914],[135.48,34.8927],[135.4824,34.8942],[135.486,34.8958],[135.4872,34.8958],[135.4869,34.8984],[135.4823,34.8985],[135.4801,34.8999],[135.4757,34.9036],[135.476,34.9052],[135.4749,34.9064],[135.4752,34.9083],[135.4734,34.9088],[135.4734,34.9104],[135.472,34.9109],[135.4705,34.91],[135.4671,34.91],[135.4657,34.9095],[135.4651,34.9078],[135.4658,34.9069],[135.4639,34.9033],[135.4611,34.9011],[135.4583,34.9005],[135.4579,34.8972],[135.4546,34.8968],[135.4529,34.8948],[135.4511,34.8956],[135.4472,34.8961],[135.4451,34.8954],[135.4441,34.8942],[135.4439,34.8914],[135.4409,34.8905],[135.439,34.8839],[135.4374,34.8799],[135.4375,34.8771],[135.4382,34.8745],[135.4392,34.8737],[135.4413,34.8751],[135.4436,34.8727],[135.4457,34.8721],[135.447,34.8697],[135.448,34.8693],[135.4492,34.8671],[135.451,34.8659],[135.4563,34.8647],[135.4593,34.8612],[135.4595,34.8601],[135.4584,34.8553],[135.4597,34.8536],[135.4599,34.851],[135.459,34.846],[135.4595,34.8438],[135.4572,34.8446],[135.4545,34.844],[135.4537,34.8428],[135.4545,34.8395],[135.4532,34.8381],[135.4528,34.8355],[135.4537,34.8342],[135.4524,34.8304],[135.4514,34.83],[135.4503,34.8248],[135.4505,34.8223],[135.4517,34.8214],[135.4518,34.8189],[135.4513,34.8174],[135.4494,34.8175],[135.4478,34.8159],[135.4496,34.8129],[135.4492,34.811],[135.4486,34.8098],[135.4481,34.8084]]]},"properties":{"prefectureCode":"27","prefectureName":"大阪府","municipalityName":"箕面市","municipalityCode":"27220"}},
{"type":"Feature","geometry":{"type":"Polygon","coordinates":[[[135.6084,34.5887],[135.6109,34.5879],[135.6145,34.588],[135.6143,34.5849],[135.6187,34.5825],[135.6188,34.5817],[135.6236,34.5804],[135.6257,34.5795],[135.6276,34.5777],[135.6272,34.5762],[135.6249,34.574],[135.6219,34.5694],[135.6216,34.5643],[135.6216,34.5596],[135.6225,34.5594],[135.6221,34.5573],[135.622,34.5538],[135.6234,34.5517],[135.6257,34.5534],[135.6291,34.553],[135.6317,34.5547],[135.6351,34.5574],[135.6366,34.5574],[135.6369,34.5554],[135.6359,34.5538],[135.6365,34.5507],[135.6385,34.5508],[135.6384,34.5496],[135.6407,34.5486],[135.642,34.549],[135.6457,34.5476],[135.6513,34.5486],[135.6532,34.547],[135.6558,34.5492],[135.6567,34.5521],[135.6565,34.5537],[135.6545,34.5541],[135.6572,34.5563],[135.6578,34.5613],[135.6569,34.5623],[135.6617,34.5654],[135.6645,34.5676],[135.6698,34.5699],[135.6731,34.5707],[135.6734,34.5716],[135.6711,34.5742],[135.6706,34.5762],[135.6715,34.5799],[135.6757,34.5797],[135.6779,34.5812],[135.6809,34.5826],[135.6818,34.5848],[135.6806,34.5851],[135.6806,34.5867],[135.6795,34.5878],[135.6777,34.5882],[135.6773,34.5898],[135.6791,34.591],[135.6777,34.5923],[135.678,34.5939],[135.6765,34.5962],[135.6761,34.5987],[135.6749,34.5999],[135.6749,34.6017],[135.6711,34.6037],[135.6695,34.603],[135.6612,34.6019],[135.6559,34.6032],[135.6541,34.6031],[135.6523,34.6039],[135.6518,34.6068],[135.6509,34.6062],[135.6506,34.6023],[135.6489,34.5999],[135.6477,34.5992],[135.6461,34.6003],[135.6427,34.6003],[135.641,34.5996],[135.6383,34.5999],[135.6353,34.6009],[135.6319,34.6009],[135.6318,34.5999],[135.6252,34.5998],[135.6233,34.599],[135.6231,34.598],[135.6209,34.5978],[135.6224,34.5954],[135.6189,34.5943],[135.619,34.5929],[135.6108,34.5929],[135.6077,34.5912],[135.6084,34.5887]]]},"properties":{"prefectureCode":"27","prefectureName":"大阪府","municipalityName":"柏原市","municipalityCode":"27221"}},
{"type":"Feature","geometry":{"type":"Polygon","coordinates":[[[135.5872,34.5318],[135.5897,34.5323],[135.5907,34.5308],[135.5934,34.53],[135.5948,34.5302],[135.5982,34.5286],[135.6001,34.5295],[135.6028,34.5297],[135.6105,34.5292],[135.6105,34.527],[135.6122,34.5262],[135.6153,34.5259],[135.6173,34.5263],[135.6206,34.526],[135.6221,34.5266],[135.6236,34.5256],[135.6271,34.5255],[135.6304,34.5263],[135.6316,34.5275],[135.6348,34.5272],[135.6383,34.5297],[135.6395,34.531],[135.643,34.5302],[135.6452,34.5321],[135.6471,34.5346],[135.65,34.5331],[135.653,34.5346],[135.6555,34.5367],[135.6562,34.5385],[135.6579,34.5401],[135.6601,34.5411],[135.6592,34.5438],[135.6565,34.5417],[135.6537,34.5414],[135.6517,34.5424],[135.6503,34.5442],[135.6532,34.547],[135.6513,34.5486],[135.6457,34.5476],[135.642,34.549],[135.6407,34.5486],[135.6384,34.5496],[135.6385,34.5508],[135.6365,34.5507],[135.6359,34.5538],[135.6369,34.5554],[135.6366,34.5574],[135.6351,34.5574],[135.6317,34.5547],[135.6291,34.553],[135.6257,34.5534],[135.6234,34.5517],[135.622,34.5538],[135.6221,34.5573],[135.6225,34.5594],[135.6216,34.5596],[135.6216,34.5643],[135.6184,34.5634],[135.6148,34.5633],[135.6123,34.5642],[135.6115,34.5658],[135.6082,34.5661],[135.6042,34.5659],[135.6048,34.5638],[135.6063,34.5609],[135.6051,34.5601],[135.6051,34.5584],[135.6029,34.5581],[135.6029,34.5569],[135.6011,34.5535],[135.5988,34.5546],[135.5977,34.5544],[135.5957,34.5561],[135.5965,34.559],[135.5955,34.5611],[135.5964,34.5637],[135.5947,34.5632],[135.5917,34.5641],[135.5913,34.5674],[135.5892,34.5677],[135.5869,34.5712],[135.5873,34.5764],[135.5854,34.5775],[135.5856,34.5788],[135.5849,34.5815],[135.5812,34.5821],[135.5791,34.582],[135.5774,34.5798],[135.5765,34.5774],[135.5716,34.5776],[135.5699,34.5767],[135.5672,34.5767],[135.5691,34.5668],[135.5698,34.565],[135.5665,34.561],[135.5672,34.56],[135.5688,34.5572],[135.5682,34.5534],[135.5673,34.5524],[135.5674,34.5487],[135.5692,34.5489],[135.5726,34.5484],[135.5732,34.547],[135.5758,34.5454],[135.5747,34.5432],[135.5771,34.5424],[135.5788,34.5404],[135.5818,34.538],[135.5808,34.5374],[135.5825,34.5348],[135.5855,34.5322],[135.5872,34.5318]]]},"properties":{"prefectureCode":"27","prefectureName":"大阪府","municipalityName":"羽曳野市","municipalityCode":"27222"}},
{"type":"Feature","geometry":{"type":"Polygon","coordinates":[[[135.5993,34.7147],[135.603,34.7166],[135.6064,34.7181],[135.607,34.7194],[135.6085,34.7198],[135.6085,34.7218],[135.6094,34.7221],[135.6135,34.7203],[135.6169,34.7205],[135.6194,34.7189],[135.6206,34.7207],[135.6238,34.7216],[135.6237,34.7235],[135.6222,34.7247],[135.6211,34.7271],[135.6208,34.7291],[135.6217,34.7319],[135.6216,34.7344],[135.6234,34.7363],[135.6204,34.7429],[135.6186,34.7443],[135.6156,34.744],[135.6121,34.7443],[135.6105,34.7474],[135.6084,34.7466],[135.6075,34.7499],[135.6063,34.7502],[135.6069,34.7489],[135.6059,34.748],[135.6048,34.7454],[135.5992,34.7451],[135.595,34.7458],[135.591,34.7479],[135.5893,34.7471],[135.5853,34.7478],[135.5811,34.7478],[135.579,34.7434],[135.5761,34.7414],[135.5755,34.7402],[135.5726,34.7408],[135.5716,34.74],[135.5719,34.7376],[135.5755,34.7371],[135.5768,34.7354],[135.5764,34.7342],[135.5797,34.7317],[135.5793,34.731],[135.5817,34.7288],[135.5837,34.7243],[135.5843,34.7224],[135.5852,34.7217],[135.5872,34.7183],[135.5871,34.7149],[135.5857,34.7119],[135.5878,34.7122],[135.5898,34.7137],[135.5916,34.7134],[135.5947,34.7137],[135.5993,34.7147]]]},"properties":{"prefectureCode":"27","prefectureName":"大阪府","municipalityName":"門真市","municipalityCode":"27223"}},
{"type":"Feature","geometry":{"type":"Polygon","coordinates":[[[135.5605,34.754],[135.5637,34.7556],[135.5731,34.7576],[135.5767,34.7591],[135.5805,34.7618],[135.587,34.7675],[135.5987,34.777],[135.6023,34.7805],[135.5981,34.7858],[135.5987,34.7877],[135.5981,34.7907],[135.5987,34.7977],[135.5976,34.7987],[135.5945,34.7961],[135.5897,34.794],[135.5875,34.7926],[135.5875,34.7915],[135.5823,34.7866],[135.5777,34.7844],[135.5739,34.7802],[135.5738,34.7792],[135.5705,34.7766],[135.569,34.7766],[135.5669,34.7754],[135.5658,34.7764],[135.5678,34.7778],[135.5683,34.7856],[135.5627,34.7833],[135.5639,34.7866],[135.5626,34.7886],[135.562,34.7915],[135.5629,34.7928],[135.5586,34.7928],[135.5585,34.7914],[135.5559,34.7916],[135.5549,34.7933],[135.5519,34.7936],[135.5478,34.7919],[135.5409,34.7878],[135.5399,34.7893],[135.5368,34.7865],[135.538,34.7853],[135.5462,34.7749],[135.5507,34.7695],[135.5488,34.7685],[135.5512,34.7666],[135.5513,34.7654],[135.5503,34.7586],[135.5508,34.7572],[135.5583,34.7569],[135.5605,34.754]]]},"properties":{"prefectureCode":"27","prefectureName":"大阪府","municipalityName":"摂津市","municipalityCode":"27224"}},
{"type":"Feature","geometry":{"type":"MultiPolygon","coordinates":[[[[135.4377,34.5411],[135.4319,34.5323],[135.4321,34.5315],[135.4298,34.5303],[135.4189,34.5195],[135.422,34.5181],[135.4241,34.5163],[135.4233,34.5154],[135.4268,34.5127],[135.4295,34.5152],[135.4317,34.5167],[135.4333,34.5155],[135.4334,34.514],[135.4368,34.5138],[135.4429,34.5125],[135.4447,34.5112],[135.4455,34.512],[135.4478,34.5113],[135.4507,34.5138],[135.4522,34.5122],[135.4544,34.5133],[135.4547,34.5151],[135.4572,34.5167],[135.4595,34.5199],[135.4574,34.5209],[135.4547,34.5241],[135.4513,34.5253],[135.4488,34.5251],[135.4482,34.5259],[135.446,34.5259],[135.4461,34.5278],[135.4479,34.5285],[135.4482,34.5295],[135.4464,34.5308],[135.4477,34.5328],[135.4451,34.5353],[135.4461,34.5369],[135.4424,34.5394],[135.4386,34.5395],[135.4377,34.5411]]],[[[135.4053,34.5472],[135.3992,34.5365],[135.4011,34.5343],[135.4044,34.5362],[135.4074,34.535],[135.4046,34.5301],[135.4177,34.5242],[135.4215,34.5248],[135.4307,34.534],[135.4364,34.5426],[135.4262,34.5471],[135.4202,34.538],[135.4113,34.542],[135.4122,34.5435],[135.4087,34.5448],[135.4092,34.5457],[135.4053,34.5472]]],[[[135.4011,34.5274],[135.3975,34.5316],[135.3965,34.5325],[135.3946,34.5325],[135.3938,34.5314],[135.3984,34.5261],[135.4011,34.5274]]]]},"properties":{"prefectureCode":"27","prefectureName":"大阪府","municipalityName":"高石市","municipalityCode":"27225"}},
{"type":"Feature","geometry":{"type":"Polygon","coordinates":[[[135.5847,34.5884],[135.5823,34.5869],[135.5823,34.5852],[135.5812,34.5821],[135.5849,34.5815],[135.5856,34.5788],[135.5854,34.5775],[135.5873,34.5764],[135.5869,34.5712],[135.5892,34.5677],[135.5913,34.5674],[135.5917,34.5641],[135.5947,34.5632],[135.5964,34.5637],[135.5955,34.5611],[135.5965,34.559],[135.5957,34.5561],[135.5977,34.5544],[135.5988,34.5546],[135.6011,34.5535],[135.6029,34.5569],[135.6029,34.5581],[135.6051,34.5584],[135.6051,34.5601],[135.6063,34.5609],[135.6048,34.5638],[135.6042,34.5659],[135.6082,34.5661],[135.6115,34.5658],[135.6123,34.5642],[135.6148,34.5633],[135.6184,34.5634],[135.6216,34.5643],[135.6219,34.5694],[135.6249,34.574],[135.6272,34.5762],[135.6276,34.5777],[135.6257,34.5795],[135.6236,34.5804],[135.6188,34.5817],[135.6187,34.5825],[135.6143,34.5849],[135.6145,34.588],[135.6109,34.5879],[135.6084,34.5887],[135.6085,34.5876],[135.6064,34.5871],[135.6055,34.5862],[135.6053,34.5834],[135.6012,34.5835],[135.6011,34.585],[135.5988,34.5865],[135.5968,34.5861],[135.5962,34.5849],[135.5911,34.587],[135.5902,34.5857],[135.5873,34.586],[135.5874,34.5872],[135.586,34.5896],[135.5847,34.5884]]]},"properties":{"prefectureCode":"27","prefectureName":"大阪府","municipalityName":"藤井寺市","municipalityCode":"27226"}},
{"type":"Feature","geometry":{"type":"Polygon","coordinates":[[[135.5747,34.6322],[135.5889,34.6324],[135.59,34.6339],[135.5869,34.636],[135.5878,34.6368],[135.5852,34.6393],[135.5909,34.6407],[135.5907,34.6417],[135.5959,34.6417],[135.596,34.6444],[135.5946,34.6445],[135.5948,34.6463],[135.5945,34.6506],[135.5995,34.6508],[135.6062,34.6504],[135.6168,34.6502],[135.6166,34.6485],[135.618,34.648],[135.618,34.6503],[135.6255,34.6503],[135.6255,34.6447],[135.6318,34.6444],[135.6314,34.6405],[135.6323,34.6404],[135.6326,34.6444],[135.6463,34.644],[135.6477,34.645],[135.6495,34.6444],[135.6529,34.6443],[135.6557,34.6434],[135.6581,34.6432],[135.6598,34.6425],[135.6605,34.6436],[135.6643,34.6433],[135.6653,34.6438],[135.6654,34.648],[135.6658,34.6489],[135.6643,34.65],[135.6649,34.6527],[135.6667,34.6535],[135.6681,34.6565],[135.6695,34.6573],[135.6711,34.6616],[135.6701,34.6632],[135.6709,34.6646],[135.6711,34.6669],[135.6739,34.6697],[135.6745,34.672],[135.6763,34.6737],[135.677,34.6759],[135.6787,34.6778],[135.6779,34.6798],[135.6784,34.6832],[135.676,34.6875],[135.6731,34.6901],[135.6731,34.6943],[135.6741,34.6984],[135.6731,34.7001],[135.67,34.7007],[135.6654,34.6989],[135.6634,34.6989],[135.6616,34.7006],[135.6599,34.7014],[135.6528,34.7026],[135.6498,34.7019],[135.6402,34.7021],[135.6386,34.7019],[135.6388,34.6994],[135.6377,34.6988],[135.6345,34.6988],[135.6334,34.7016],[135.629,34.7016],[135.6263,34.7011],[135.6222,34.7013],[135.6178,34.701],[135.619,34.6972],[135.6188,34.696],[135.6139,34.6974],[135.6095,34.6976],[135.6079,34.6982],[135.6073,34.6997],[135.6054,34.7014],[135.6032,34.7013],[135.601,34.7005],[135.5968,34.7006],[135.5966,34.7019],[135.595,34.7035],[135.5925,34.7024],[135.5901,34.702],[135.5902,34.7006],[135.587,34.6986],[135.5848,34.6986],[135.582,34.6968],[135.583,34.6963],[135.5795,34.6897],[135.5764,34.6881],[135.5736,34.6877],[135.5708,34.6881],[135.5695,34.6877],[135.5656,34.6878],[135.5647,34.6866],[135.5638,34.6822],[135.5634,34.678],[135.5625,34.6742],[135.562,34.6694],[135.5622,34.6679],[135.5574,34.6681],[135.5571,34.6643],[135.557,34.6633],[135.559,34.6626],[135.5612,34.6626],[135.5618,34.6583],[135.5639,34.6583],[135.5633,34.6559],[135.5586,34.6558],[135.5594,34.6548],[135.5594,34.6529],[135.562,34.6528],[135.562,34.6501],[135.5608,34.6502],[135.5611,34.6436],[135.5613,34.6408],[135.5652,34.641],[135.5654,34.6381],[135.5684,34.6382],[135.5686,34.6344],[135.5717,34.6345],[135.5746,34.634],[135.5747,34.6322]]]},"properties":{"prefectureCode":"27","prefectureName":"大阪府","municipalityName":"東大阪市","municipalityCode":"27227"}},
{"type":"Feature","geometry":{"type":"MultiPolygon","coordinates":[[[[135.2896,34.3834],[135.2875,34.3852],[135.2852,34.3838],[135.2822,34.388],[135.2813,34.3896],[135.2841,34.3907],[135.2826,34.3934],[135.2798,34.3954],[135.2796,34.3939],[135.2772,34.3938],[135.2764,34.3916],[135.2752,34.3902],[135.2725,34.3892],[135.2701,34.3867],[135.266,34.3833],[135.2638,34.3811],[135.2624,34.3805],[135.2571,34.3817],[135.2524,34.3775],[135.2507,34.377],[135.2503,34.3731],[135.2493,34.3681],[135.2496,34.3643],[135.2505,34.3625],[135.2526,34.3604],[135.2555,34.3589],[135.2572,34.3588],[135.2597,34.357],[135.2603,34.3529],[135.2652,34.3469],[135.2668,34.3434],[135.2666,34.3422],[135.268,34.3402],[135.2699,34.3385],[135.2697,34.3368],[135.2752,34.3302],[135.2793,34.3268],[135.279,34.326],[135.2804,34.3232],[135.2826,34.3179],[135.2846,34.3162],[135.2866,34.3126],[135.2859,34.3104],[135.287,34.3068],[135.2897,34.3019],[135.2916,34.2995],[135.2976,34.3008],[135.2986,34.3027],[135.3003,34.3025],[135.3026,34.3049],[135.3028,34.3065],[135.3045,34.3099],[135.304,34.3137],[135.3076,34.3144],[135.3096,34.3133],[135.3132,34.3141],[135.3141,34.3151],[135.3167,34.3155],[135.3222,34.3178],[135.3242,34.3191],[135.3259,34.3192],[135.3289,34.3182],[135.3304,34.3167],[135.3305,34.3195],[135.3285,34.3214],[135.328,34.324],[135.3302,34.3253],[135.3344,34.3256],[135.3357,34.327],[135.3391,34.3294],[135.3395,34.332],[135.3389,34.335],[135.3404,34.3366],[135.3391,34.341],[135.3377,34.3407],[135.3364,34.3417],[135.333,34.3418],[135.3311,34.34],[135.3297,34.3399],[135.3287,34.3418],[135.3291,34.3429],[135.3286,34.3454],[135.3266,34.3505],[135.3244,34.351],[135.3233,34.3525],[135.3237,34.3537],[135.322,34.3554],[135.3224,34.3583],[135.3235,34.3613],[135.3246,34.3623],[135.3228,34.3634],[135.3221,34.3655],[135.3189,34.3703],[135.3162,34.3727],[135.3136,34.3765],[135.3112,34.3773],[135.3097,34.38],[135.3056,34.3821],[135.3004,34.3804],[135.2989,34.3817],[135.2964,34.381],[135.2965,34.3802],[135.2896,34.3789],[135.2896,34.3834]]],[[[135.218,34.4385],[135.2081,34.4318],[135.2048,34.4305],[135.2012,34.4281],[135.2062,34.4231],[135.2169,34.4304],[135.2217,34.4334],[135.2259,34.4291],[135.2289,34.4309],[135.218,34.4385]]],[[[135.2305,34.4298],[135.2191,34.4222],[135.2277,34.4135],[135.2313,34.4159],[135.2338,34.4185],[135.2403,34.4229],[135.2305,34.4298]]]]},"properties":{"prefectureCode":"27","prefectureName":"大阪府","municipalityName":"泉南市","municipalityCode":"27228"}},
{"type":"Feature","geometry":{"type":"Polygon","coordinates":[[[135.6319,34.7322],[135.6468,34.7316],[135.6485,34.7311],[135.65,34.7297],[135.6523,34.7292],[135.6534,34.7269],[135.6568,34.7278],[135.6569,34.7225],[135.6601,34.7211],[135.6608,34.7199],[135.6686,34.7174],[135.6684,34.7162],[135.672,34.7163],[135.6736,34.7149],[135.6736,34.7134],[135.6746,34.7122],[135.6746,34.7074],[135.6735,34.706],[135.6731,34.7018],[135.675,34.703],[135.679,34.7072],[135.6797,34.7088],[135.6831,34.7113],[135.6875,34.7114],[135.6894,34.7137],[135.6925,34.7156],[135.6932,34.7168],[135.6967,34.7189],[135.6974,34.7204],[135.6995,34.7215],[135.7017,34.7217],[135.704,34.7236],[135.7027,34.7251],[135.7006,34.73],[135.6997,34.7326],[135.7,34.7357],[135.6976,34.7397],[135.6969,34.7414],[135.6968,34.7439],[135.6947,34.7429],[135.6926,34.743],[135.6919,34.7439],[135.6894,34.7447],[135.6848,34.7421],[135.6833,34.7427],[135.6829,34.7452],[135.6804,34.7445],[135.6792,34.7434],[135.6755,34.7452],[135.6732,34.7447],[135.672,34.7466],[135.6706,34.7451],[135.6685,34.7445],[135.668,34.7457],[135.6656,34.7463],[135.6628,34.7493],[135.6613,34.7487],[135.6599,34.75],[135.6593,34.749],[135.6565,34.7483],[135.657,34.747],[135.6548,34.7466],[135.6527,34.7475],[135.6522,34.7489],[135.65,34.7494],[135.6446,34.7492],[135.6397,34.7495],[135.6379,34.7499],[135.6342,34.7495],[135.6305,34.7497],[135.6304,34.7469],[135.628,34.7462],[135.6267,34.7452],[135.6267,34.7412],[135.626,34.7394],[135.6261,34.737],[135.6245,34.7364],[135.6252,34.7342],[135.6302,34.7342],[135.6319,34.7322]]]},"properties":{"prefectureCode":"27","prefectureName":"大阪府","municipalityName":"四條畷市","municipalityCode":"27229"}},
{"type":"Feature","geometry":{"type":"Polygon","coordinates":[[[135.6595,34.775],[135.66,34.7722],[135.6617,34.7708],[135.6621,34.7667],[135.6607,34.764],[135.6601,34.7617],[135.6592,34.7608],[135.658,34.7577],[135.6586,34.754],[135.6603,34.7521],[135.6589,34.7517],[135.6599,34.75],[135.6613,34.7487],[135.6628,34.7493],[135.6656,34.7463],[135.668,34.7457],[135.6685,34.7445],[135.6706,34.7451],[135.672,34.7466],[135.6732,34.7447],[135.6755,34.7452],[135.6792,34.7434],[135.6804,34.7445],[135.6829,34.7452],[135.6833,34.7427],[135.6848,34.7421],[135.6894,34.7447],[135.6919,34.7439],[135.6926,34.743],[135.6947,34.7429],[135.6968,34.7439],[135.6987,34.7448],[135.699,34.7463],[135.6978,34.748],[135.6978,34.7495],[135.7008,34.7508],[135.7023,34.7507],[135.7048,34.7486],[135.7068,34.7486],[135.708,34.7521],[135.7098,34.7531],[135.7102,34.7559],[135.7089,34.7591],[135.7102,34.7608],[135.7088,34.7621],[135.7089,34.765],[135.7085,34.7661],[135.7086,34.7688],[135.71,34.7716],[135.7066,34.7723],[135.7098,34.7774],[135.7096,34.7802],[135.712,34.7813],[135.7127,34.7825],[135.7154,34.7833],[135.7166,34.7857],[135.7167,34.7889],[135.7146,34.7902],[135.7151,34.7921],[135.7146,34.7937],[135.7091,34.7956],[135.7089,34.7975],[135.7074,34.7983],[135.7057,34.7981],[135.7022,34.7995],[135.6976,34.7997],[135.6957,34.8006],[135.6931,34.8005],[135.687,34.7994],[135.6855,34.8003],[135.6828,34.8],[135.6811,34.8007],[135.6794,34.8024],[135.6765,34.8023],[135.6737,34.8017],[135.6732,34.7995],[135.6703,34.7992],[135.666,34.7974],[135.6669,34.7963],[135.6643,34.7952],[135.6689,34.7918],[135.6696,34.7896],[135.6719,34.7856],[135.6705,34.7851],[135.6708,34.7819],[135.6716,34.7812],[135.6718,34.7787],[135.6691,34.7783],[135.6678,34.7765],[135.6628,34.7762],[135.6595,34.775]]]},"properties":{"prefectureCode":"27","prefectureName":"大阪府","municipalityName":"交野市","municipalityCode":"27230"}},
{"type":"Feature","geometry":{"type":"Polygon","coordinates":[[[135.5421,34.4665],[135.5461,34.4682],[135.5494,34.471],[135.5531,34.4719],[135.5539,34.4742],[135.5541,34.4768],[135.5566,34.4773],[135.5583,34.4793],[135.5598,34.4795],[135.5594,34.4805],[135.5604,34.4818],[135.5598,34.4844],[135.5581,34.4849],[135.5588,34.4885],[135.5583,34.4897],[135.5603,34.4916],[135.5635,34.4912],[135.5627,34.4929],[135.561,34.494],[135.5596,34.4973],[135.5606,34.4986],[135.5611,34.5009],[135.5599,34.5012],[135.5593,34.5039],[135.5601,34.505],[135.5603,34.5116],[135.5614,34.5129],[135.5665,34.5135],[135.5658,34.516],[135.5635,34.5174],[135.5628,34.52],[135.5639,34.5205],[135.563,34.5224],[135.5635,34.524],[135.5629,34.5252],[135.5608,34.5266],[135.5584,34.5267],[135.5594,34.5291],[135.5586,34.5294],[135.555,34.528],[135.5552,34.527],[135.5544,34.5233],[135.5533,34.5204],[135.5531,34.518],[135.5479,34.5177],[135.5464,34.518],[135.5436,34.5159],[135.544,34.5119],[135.5407,34.5111],[135.5373,34.5129],[135.5341,34.515],[135.5326,34.5146],[135.5326,34.5138],[135.5343,34.508],[135.5359,34.505],[135.5397,34.5011],[135.54,34.4986],[135.5385,34.4953],[135.535,34.4929],[135.5339,34.491],[135.5342,34.4895],[135.5336,34.4877],[135.5357,34.4861],[135.5359,34.4819],[135.5353,34.4798],[135.5366,34.4777],[135.5362,34.4754],[135.5386,34.4693],[135.5421,34.4665]]]},"properties":{"prefectureCode":"27","prefectureName":"大阪府","municipalityName":"大阪狭山市","municipalityCode":"27231"}},
{"type":"Feature","geometry":{"type":"Polygon","coordinates":[[[135.2507,34.377],[135.2487,34.3765],[135.2472,34.375],[135.2462,34.3723],[135.2425,34.3682],[135.2409,34.367],[135.234,34.3602],[135.2307,34.3553],[135.2258,34.3496],[135.2234,34.3475],[135.2176,34.3443],[135.2069,34.3433],[135.2036,34.341],[135.2027,34.3426],[135.1993,34.3404],[135.1932,34.3379],[135.1939,34.3361],[135.192,34.3354],[135.1894,34.3324],[135.1881,34.3319],[135.1895,34.329],[135.1928,34.3289],[135.193,34.3264],[135.1939,34.3251],[135.1935,34.3211],[135.1924,34.3213],[135.1887,34.3199],[135.1908,34.3181],[135.1908,34.3164],[135.1916,34.3125],[135.1952,34.3109],[135.199,34.3124],[135.2023,34.3121],[135.2031,34.309],[135.2054,34.3087],[135.2076,34.3092],[135.208,34.3082],[135.2094,34.308],[135.2114,34.3064],[135.2156,34.3051],[135.2187,34.3052],[135.2218,34.3038],[135.225,34.3009],[135.2355,34.3036],[135.2362,34.3054],[135.2398,34.3078],[135.2414,34.3084],[135.2459,34.3118],[135.2466,34.3133],[135.2482,34.313],[135.2488,34.3142],[135.2524,34.3148],[135.2542,34.3158],[135.2579,34.3157],[135.2617,34.3125],[135.2631,34.3132],[135.2659,34.3126],[135.271,34.3125],[135.2727,34.3122],[135.2737,34.3133],[135.276,34.314],[135.2774,34.3156],[135.2809,34.3164],[135.2826,34.3179],[135.2804,34.3232],[135.279,34.326],[135.2793,34.3268],[135.2752,34.3302],[135.2697,34.3368],[135.2699,34.3385],[135.268,34.3402],[135.2666,34.3422],[135.2668,34.3434],[135.2652,34.3469],[135.2603,34.3529],[135.2597,34.357],[135.2572,34.3588],[135.2555,34.3589],[135.2526,34.3604],[135.2505,34.3625],[135.2496,34.3643],[135.2493,34.3681],[135.2503,34.3731],[135.2507,34.377]]]},"properties":{"prefectureCode":"27","prefectureName":"大阪府","municipalityName":"阪南市","municipalityCode":"27232"}},
{"type":"Feature","geometry":{"type":"Polygon","coordinates":[[[135.6281,34.9337],[135.6294,34.9285],[135.6283,34.9264],[135.6311,34.9239],[135.6327,34.9239],[135.6324,34.9217],[135.6297,34.9199],[135.6291,34.9181],[135.6292,34.9152],[135.6305,34.9135],[135.6299,34.9092],[135.6302,34.9068],[135.6328,34.9075],[135.6337,34.9088],[135.6365,34.9101],[135.6367,34.9075],[135.6356,34.9063],[135.6362,34.9041],[135.6337,34.9022],[135.6342,34.9002],[135.6337,34.8974],[135.6347,34.8923],[135.6358,34.8912],[135.6382,34.8915],[135.6404,34.8911],[135.6414,34.8902],[135.6406,34.8886],[135.6442,34.8872],[135.6464,34.8871],[135.6446,34.8852],[135.6453,34.8841],[135.6451,34.8823],[135.6476,34.8812],[135.6503,34.8809],[135.6524,34.8766],[135.6551,34.8752],[135.6557,34.874],[135.6551,34.8725],[135.6571,34.8722],[135.6608,34.8752],[135.6614,34.8736],[135.6632,34.8722],[135.6657,34.8725],[135.6693,34.8715],[135.6728,34.87],[135.6763,34.8741],[135.6775,34.876],[135.6799,34.8813],[135.6811,34.8853],[135.6827,34.8878],[135.6802,34.8892],[135.6792,34.8903],[135.677,34.8952],[135.6752,34.8955],[135.6763,34.8975],[135.6746,34.9002],[135.6688,34.9038],[135.6671,34.9042],[135.662,34.9037],[135.6589,34.906],[135.6567,34.9067],[135.6541,34.9093],[135.6519,34.91],[135.6485,34.9095],[135.6482,34.9135],[135.6495,34.9168],[135.6523,34.9171],[135.6504,34.9212],[135.6507,34.923],[135.6485,34.926],[135.6449,34.9276],[135.6432,34.9297],[135.6428,34.9307],[135.6382,34.9321],[135.6366,34.931],[135.6343,34.9324],[135.6344,34.9336],[135.633,34.9346],[135.629,34.935],[135.6281,34.9337]]]},"properties":{"prefectureCode":"27","prefectureName":"大阪府","municipalityName":"島本町","municipalityCode":"27301"}},
{"type":"Feature","geometry":{"type":"Polygon","coordinates":[[[135.4846,34.9474],[135.4849,34.9463],[135.4827,34.9451],[135.4798,34.9449],[135.4784,34.9431],[135.4781,34.9401],[135.4769,34.9389],[135.4769,34.9354],[135.4748,34.9325],[135.4752,34.9307],[135.4718,34.9292],[135.4675,34.9294],[135.4671,34.9288],[135.4682,34.9275],[135.4685,34.9254],[135.4659,34.9242],[135.4663,34.9217],[135.4654,34.9196],[135.4621,34.9179],[135.4567,34.9179],[135.4514,34.9199],[135.4463,34.9204],[135.4439,34.9201],[135.4393,34.9205],[135.4365,34.918],[135.4345,34.9168],[135.4303,34.9163],[135.4275,34.9147],[135.4245,34.9135],[135.4241,34.9119],[135.4226,34.9106],[135.4191,34.9098],[135.4187,34.9085],[135.42,34.9065],[135.4244,34.9064],[135.4257,34.9067],[135.4275,34.9056],[135.4274,34.9044],[135.4311,34.8972],[135.4324,34.8958],[135.4305,34.8935],[135.4307,34.8924],[135.4326,34.8917],[135.4356,34.895],[135.438,34.8961],[135.4395,34.896],[135.4436,34.8989],[135.4452,34.8984],[135.4458,34.8965],[135.4451,34.8954],[135.4472,34.8961],[135.4511,34.8956],[135.4529,34.8948],[135.4546,34.8968],[135.4579,34.8972],[135.4583,34.9005],[135.4611,34.9011],[135.4639,34.9033],[135.4658,34.9069],[135.4651,34.9078],[135.4657,34.9095],[135.4671,34.91],[135.4705,34.91],[135.472,34.9109],[135.4734,34.9104],[135.4734,34.9088],[135.4752,34.9083],[135.4749,34.9064],[135.476,34.9052],[135.4757,34.9036],[135.4801,34.8999],[135.4823,34.8985],[135.4869,34.8984],[135.4872,34.8958],[135.486,34.8958],[135.4824,34.8942],[135.48,34.8927],[135.4796,34.8914],[135.4777,34.89],[135.478,34.8879],[135.4805,34.8841],[135.4817,34.8807],[135.4811,34.8793],[135.482,34.8748],[135.4848,34.8734],[135.4872,34.8738],[135.489,34.8772],[135.4926,34.8784],[135.4938,34.8795],[135.4955,34.879],[135.4971,34.8775],[135.4995,34.8775],[135.4985,34.88],[135.4959,34.8811],[135.4965,34.8834],[135.4981,34.884],[135.5006,34.8879],[135.5005,34.8899],[135.5015,34.8933],[135.5006,34.896],[135.5028,34.896],[135.509,34.8988],[135.5113,34.8981],[135.5113,34.9],[135.5137,34.903],[135.5167,34.9033],[135.5183,34.9049],[135.5163,34.9071],[135.517,34.9114],[135.5199,34.9124],[135.5197,34.9144],[135.5204,34.9156],[135.5226,34.9173],[135.5231,34.919],[135.5249,34.9203],[135.5255,34.9236],[135.5254,34.9288],[135.5226,34.9303],[135.5212,34.9333],[135.5173,34.9335],[135.515,34.9369],[135.5147,34.9437],[135.5077,34.9446],[135.5062,34.9457],[135.504,34.9463],[135.5022,34.9433],[135.4997,34.9413],[135.4975,34.9407],[135.4946,34.9408],[135.4927,34.9417],[135.4904,34.9418],[135.4883,34.9464],[135.4846,34.9474]]]},"properties":{"prefectureCode":"27","prefectureName":"大阪府","municipalityName":"豊能町","municipalityCode":"27321"}},
{"type":"Feature","geometry":{"type":"Polygon","coordinates":[[[135.3821,35.0309],[135.3799,35.0352],[135.3806,35.0369],[135.38,35.0391],[135.3782,35.0403],[135.376,35.0441],[135.3712,35.0453],[135.3676,35.044],[135.3643,35.0458],[135.3617,35.0465],[135.362,35.0474],[135.3595,35.0501],[135.3576,35.0499],[135.3546,35.051],[135.3523,35.0513],[135.3495,35.0509],[135.35,35.0488],[135.3491,35.0462],[135.3469,35.0449],[135.3442,35.0449],[135.3415,35.0431],[135.3379,35.0426],[135.3366,35.0412],[135.3337,35.0396],[135.3327,35.0373],[135.3311,35.0357],[135.3336,35.0352],[135.3363,35.0329],[135.338,35.0305],[135.3398,35.0259],[135.343,35.0254],[135.3454,35.0258],[135.3466,35.0267],[135.3492,35.0269],[135.3496,35.0261],[135.3526,35.0256],[135.3547,35.0246],[135.3546,35.0215],[135.3554,35.0197],[135.3548,35.0187],[135.3558,35.0165],[135.3553,35.0141],[135.3537,35.0132],[135.3543,35.0112],[135.3541,35.0088],[135.3547,35.0066],[135.3522,35.0058],[135.3515,35.0043],[135.3536,35.0008],[135.3527,34.9994],[135.3537,34.9982],[135.3528,34.9936],[135.3539,34.9921],[135.3526,34.9904],[135.3533,34.9886],[135.3557,34.9857],[135.3581,34.9845],[135.3595,34.9825],[135.3582,34.9812],[135.3568,34.9812],[135.3522,34.9795],[135.3505,34.9802],[135.3493,34.9785],[135.3485,34.9758],[135.3487,34.972],[135.3467,34.9697],[135.3451,34.9668],[135.3464,34.9647],[135.3484,34.9651],[135.3509,34.9633],[135.3542,34.9626],[135.3578,34.9579],[135.3582,34.9559],[135.3607,34.9544],[135.3639,34.9562],[135.3693,34.9557],[135.3699,34.9546],[135.3732,34.9535],[135.3753,34.9551],[135.3759,34.9563],[135.378,34.9552],[135.3819,34.9562],[135.3832,34.9546],[135.3855,34.9543],[135.3863,34.9516],[135.3875,34.951],[135.3879,34.9476],[135.3872,34.9466],[135.389,34.9436],[135.3905,34.9434],[135.3924,34.9414],[135.3946,34.9427],[135.396,34.9444],[135.4038,34.9434],[135.4054,34.944],[135.4073,34.9437],[135.4095,34.9417],[135.4104,34.9399],[135.4158,34.9408],[135.4175,34.9418],[135.4178,34.9395],[135.4169,34.938],[135.4178,34.9366],[135.4185,34.9339],[135.4215,34.9339],[135.4234,34.9345],[135.4253,34.9364],[135.427,34.9371],[135.4286,34.9365],[135.4323,34.937],[135.4329,34.938],[135.435,34.9383],[135.4385,34.9369],[135.4416,34.9394],[135.448,34.9343],[135.4492,34.9344],[135.4503,34.9326],[135.4519,34.9317],[135.4528,34.9297],[135.4571,34.9291],[135.461,34.9263],[135.4636,34.9277],[135.4671,34.9288],[135.4675,34.9294],[135.4718,34.9292],[135.4752,34.9307],[135.4748,34.9325],[135.4769,34.9354],[135.4769,34.9389],[135.4781,34.9401],[135.4784,34.9431],[135.4798,34.9449],[135.4827,34.9451],[135.4849,34.9463],[135.4846,34.9474],[135.4809,34.9503],[135.4848,34.9546],[135.4869,34.9573],[135.4853,34.9573],[135.4844,34.9605],[135.4832,34.9605],[135.4812,34.9624],[135.4819,34.9652],[135.4838,34.9648],[135.4855,34.9665],[135.4885,34.9666],[135.4874,34.9691],[135.4874,34.9714],[135.4867,34.9738],[135.4874,34.9754],[135.4844,34.9785],[135.4842,34.9808],[135.4832,34.9819],[135.4867,34.9853],[135.4907,34.9864],[135.4931,34.9877],[135.4926,34.9893],[135.4889,34.99],[135.4874,34.9923],[135.483,34.9928],[135.4819,34.9951],[135.4794,34.995],[135.4766,34.9942],[135.4712,34.9948],[135.4664,34.9973],[135.4599,35.0016],[135.4576,35.0016],[135.4552,35.0024],[135.452,35.0018],[135.4495,35.0039],[135.4468,35.0055],[135.4461,35.0051],[135.4427,35.0057],[135.442,35.0067],[135.4362,35.0084],[135.4335,35.0079],[135.4284,35.0053],[135.4277,35.0044],[135.4256,35.0039],[135.4228,35.0021],[135.4204,35.0022],[135.4181,35.0032],[135.4166,35.0058],[135.415,35.007],[135.4134,35.0091],[135.412,35.0094],[135.4098,35.0115],[135.4032,35.0067],[135.3993,35.0084],[135.3975,35.0106],[135.3942,35.0088],[135.3913,35.0097],[135.3891,35.0114],[135.3855,35.0112],[135.3845,35.0104],[135.3816,35.0104],[135.3814,35.0125],[135.3801,35.0155],[135.3793,35.0156],[135.3779,35.0182],[135.3777,35.0206],[135.38,35.0221],[135.3793,35.0239],[135.3798,35.0251],[135.3817,35.0262],[135.3821,35.0309]]]},"properties":{"prefectureCode":"27","prefectureName":"大阪府","municipalityName":"能勢町","municipalityCode":"27322"}},
{"type":"Feature","geometry":{"type":"Polygon","coordinates":[[[135.4151,34.4735],[135.4161,34.476],[135.4187,34.4779],[135.4177,34.4797],[135.4153,34.4815],[135.414,34.4823],[135.4113,34.4822],[135.4063,34.4873],[135.4055,34.4886],[135.4056,34.492],[135.4046,34.494],[135.4024,34.4952],[135.3969,34.496],[135.3897,34.4989],[135.3857,34.5014],[135.3848,34.5026],[135.3778,34.5078],[135.3758,34.506],[135.3737,34.5073],[135.3712,34.5036],[135.3709,34.5004],[135.3819,34.4949],[135.3835,34.4946],[135.3874,34.493],[135.3947,34.4888],[135.4059,34.4804],[135.4085,34.4786],[135.4107,34.4764],[135.4151,34.4735]]]},"properties":{"prefectureCode":"27","prefectureName":"大阪府","municipalityName":"忠岡町","municipalityCode":"27341"}},
{"type":"Feature","geometry":{"type":"Polygon","coordinates":[[[135.3572,34.4183],[135.3559,34.4163],[135.354,34.4123],[135.3532,34.4066],[135.3467,34.4102],[135.3453,34.4077],[135.3437,34.4087],[135.3423,34.4069],[135.3379,34.4067],[135.339,34.4054],[135.3381,34.4036],[135.336,34.4012],[135.3355,34.399],[135.3369,34.3955],[135.339,34.3951],[135.339,34.3927],[135.341,34.3906],[135.3433,34.3897],[135.3426,34.3881],[135.343,34.3867],[135.345,34.3852],[135.3497,34.3801],[135.351,34.3803],[135.3552,34.3785],[135.355,34.3761],[135.3556,34.3727],[135.3631,34.3681],[135.3652,34.3674],[135.3665,34.3679],[135.3703,34.3645],[135.3722,34.3656],[135.3751,34.3642],[135.3794,34.3641],[135.3812,34.3632],[135.3816,34.362],[135.3798,34.3583],[135.3814,34.3561],[135.3849,34.3549],[135.3883,34.3554],[135.3875,34.3565],[135.3876,34.3616],[135.3846,34.3656],[135.382,34.3671],[135.3834,34.3687],[135.386,34.3686],[135.3871,34.3701],[135.3852,34.3756],[135.3864,34.3783],[135.3857,34.3797],[135.3871,34.3846],[135.3836,34.3854],[135.3833,34.3874],[135.3838,34.3891],[135.3794,34.3911],[135.3801,34.392],[135.3795,34.3953],[135.3787,34.3974],[135.3786,34.4],[135.3767,34.401],[135.3767,34.4034],[135.3753,34.4047],[135.3713,34.4069],[135.3704,34.409],[135.3667,34.4116],[135.3687,34.4128],[135.3689,34.4143],[135.366,34.413],[135.3643,34.4147],[135.3624,34.4156],[135.364,34.4167],[135.3608,34.4178],[135.3607,34.4193],[135.3572,34.4183]]]},"properties":{"prefectureCode":"27","prefectureName":"大阪府","municipalityName":"熊取町","municipalityCode":"27361"}},
{"type":"Feature","geometry":{"type":"MultiPolygon","coordinates":[[[[135.2293,34.446],[135.218,34.4385],[135.2289,34.4309],[135.2305,34.4298],[135.2403,34.4229],[135.2508,34.4299],[135.252,34.4299],[135.2416,34.4373],[135.2331,34.4316],[135.2321,34.4333],[135.2399,34.4385],[135.2293,34.446]]],[[[135.2888,34.4036],[135.2863,34.401],[135.2861,34.4001],[135.2884,34.3981],[135.287,34.3963],[135.2828,34.3986],[135.2815,34.3967],[135.2798,34.3954],[135.2826,34.3934],[135.2841,34.3907],[135.2813,34.3896],[135.2822,34.388],[135.2852,34.3838],[135.2875,34.3852],[135.2896,34.3834],[135.2894,34.3842],[135.2917,34.3854],[135.2935,34.3851],[135.2951,34.3859],[135.2968,34.3845],[135.2987,34.3855],[135.2968,34.3881],[135.3004,34.39],[135.2997,34.3911],[135.2978,34.3915],[135.2982,34.3945],[135.2951,34.3978],[135.2946,34.3992],[135.2888,34.4036]]]]},"properties":{"prefectureCode":"27","prefectureName":"大阪府","municipalityName":"田尻町","municipalityCode":"27362"}},
{"type":"Feature","geometry":{"type":"Polygon","coordinates":[[[135.1932,34.3379],[135.187,34.3367],[135.1827,34.3362],[135.1781,34.3367],[135.1767,34.3379],[135.1738,34.3369],[135.1709,34.3351],[135.1695,34.3365],[135.1663,34.333],[135.1638,34.3315],[135.1602,34.331],[135.1574,34.332],[135.1529,34.3311],[135.1528,34.3301],[135.1492,34.3261],[135.1464,34.3254],[135.1481,34.3233],[135.1433,34.321],[135.1414,34.3183],[135.1402,34.3177],[135.139,34.3187],[135.134,34.319],[135.1301,34.3205],[135.1299,34.3213],[135.1331,34.3232],[135.1306,34.3262],[135.1277,34.3245],[135.1253,34.3253],[135.121,34.3237],[135.1185,34.3214],[135.1162,34.3228],[135.1137,34.3221],[135.1101,34.3219],[135.106,34.3205],[135.103,34.3201],[135.1015,34.3193],[135.0992,34.3152],[135.0969,34.3142],[135.0946,34.3139],[135.0928,34.312],[135.0946,34.3107],[135.0971,34.3079],[135.1027,34.3109],[135.1035,34.3097],[135.1059,34.3089],[135.1064,34.3058],[135.1046,34.3043],[135.1031,34.3019],[135.1003,34.3004],[135.0969,34.2971],[135.0991,34.2946],[135.0998,34.2927],[135.0987,34.289],[135.1013,34.2869],[135.1031,34.2863],[135.1055,34.2846],[135.1085,34.2842],[135.1091,34.2827],[135.1074,34.2785],[135.1103,34.2738],[135.112,34.2735],[135.1141,34.2744],[135.117,34.2731],[135.121,34.2739],[135.1227,34.2748],[135.1235,34.2763],[135.126,34.2774],[135.1282,34.2764],[135.1303,34.273],[135.1321,34.2724],[135.1366,34.2735],[135.1394,34.2794],[135.1396,34.2819],[135.141,34.282],[135.1429,34.2804],[135.1451,34.2819],[135.1465,34.2836],[135.148,34.2839],[135.1509,34.2823],[135.1532,34.2824],[135.1548,34.2809],[135.1534,34.2787],[135.154,34.2766],[135.1538,34.2743],[135.1574,34.2771],[135.1609,34.2775],[135.1633,34.2786],[135.1655,34.2788],[135.1669,34.2799],[135.1715,34.2806],[135.1769,34.2797],[135.1786,34.2789],[135.1807,34.2799],[135.1832,34.2788],[135.1845,34.2789],[135.1848,34.2809],[135.1878,34.2832],[135.1896,34.2828],[135.1916,34.2865],[135.1936,34.287],[135.1958,34.286],[135.1985,34.288],[135.1998,34.2875],[135.2016,34.2883],[135.2027,34.2876],[135.2052,34.2886],[135.2044,34.2905],[135.2049,34.2961],[135.2043,34.2979],[135.2053,34.3005],[135.2085,34.3028],[135.208,34.3082],[135.2076,34.3092],[135.2054,34.3087],[135.2031,34.309],[135.2023,34.3121],[135.199,34.3124],[135.1952,34.3109],[135.1916,34.3125],[135.1908,34.3164],[135.1908,34.3181],[135.1887,34.3199],[135.1924,34.3213],[135.1935,34.3211],[135.1939,34.3251],[135.193,34.3264],[135.1928,34.3289],[135.1895,34.329],[135.1881,34.3319],[135.1894,34.3324],[135.192,34.3354],[135.1939,34.3361],[135.1932,34.3379]]]},"properties":{"prefectureCode":"27","prefectureName":"大阪府","municipalityName":"岬町","municipalityCode":"27366"}},
{"type":"Feature","geometry":{"type":"Polygon","coordinates":[[[135.6204,34.5148],[135.6294,34.5147],[135.6305,34.5142],[135.6364,34.5088],[135.6366,34.5069],[135.6395,34.5061],[135.6403,34.5019],[135.6418,34.5039],[135.6441,34.5031],[135.6493,34.5003],[135.649,34.4979],[135.6524,34.4984],[135.6554,34.4973],[135.6597,34.4984],[135.6607,34.5007],[135.6621,34.5023],[135.6643,34.5038],[135.666,34.504],[135.6686,34.5053],[135.6712,34.5059],[135.672,34.5054],[135.6753,34.5057],[135.6768,34.5067],[135.676,34.5088],[135.6775,34.5096],[135.6768,34.5153],[135.6774,34.5182],[135.6758,34.5223],[135.6772,34.5249],[135.6769,34.5255],[135.673,34.5286],[135.6726,34.5295],[135.6697,34.5307],[135.6675,34.5309],[135.6661,34.5294],[135.6641,34.5302],[135.6628,34.5296],[135.6615,34.5319],[135.6612,34.534],[135.6619,34.535],[135.661,34.5377],[135.6597,34.5386],[135.6601,34.5411],[135.6579,34.5401],[135.6562,34.5385],[135.6555,34.5367],[135.653,34.5346],[135.65,34.5331],[135.6471,34.5346],[135.6452,34.5321],[135.643,34.5302],[135.6395,34.531],[135.6383,34.5297],[135.6348,34.5272],[135.6316,34.5275],[135.6304,34.5263],[135.6271,34.5255],[135.6244,34.5228],[135.6217,34.5228],[135.6213,34.5206],[135.622,34.5168],[135.6204,34.5148]]]},"properties":{"prefectureCode":"27","prefectureName":"大阪府","municipalityName":"太子町","municipalityCode":"27381"}},
{"type":"Feature","geometry":{"type":"Polygon","coordinates":[[[135.6168,34.4743],[135.6192,34.4744],[135.6209,34.4762],[135.6258,34.4766],[135.6271,34.4763],[135.6273,34.4701],[135.628,34.4675],[135.6355,34.4675],[135.6368,34.4663],[135.6371,34.4642],[135.6407,34.4632],[135.6428,34.4595],[135.6467,34.458],[135.6471,34.4547],[135.6484,34.4556],[135.6527,34.4563],[135.6545,34.4559],[135.6571,34.4533],[135.6598,34.4513],[135.6614,34.4497],[135.6637,34.4486],[135.6651,34.4466],[135.6668,34.4473],[135.6661,34.4486],[135.6625,34.4509],[135.6617,34.4528],[135.6595,34.4542],[135.6591,34.4568],[135.6551,34.4581],[135.6539,34.4598],[135.6559,34.4612],[135.6585,34.461],[135.6592,34.4617],[135.6579,34.4638],[135.6579,34.4667],[135.6629,34.4676],[135.6641,34.4665],[135.667,34.4666],[135.666,34.4678],[135.6666,34.469],[135.6699,34.4683],[135.6752,34.4694],[135.6777,34.4687],[135.6822,34.4652],[135.6826,34.4714],[135.6834,34.4761],[135.6821,34.4773],[135.6812,34.4802],[135.6831,34.4816],[135.6848,34.4836],[135.6825,34.4879],[135.6811,34.4885],[135.6794,34.4914],[135.679,34.4931],[135.68,34.4953],[135.6786,34.4969],[135.6783,34.4995],[135.6758,34.5013],[135.6747,34.5014],[135.673,34.5029],[135.6753,34.5057],[135.672,34.5054],[135.6712,34.5059],[135.6686,34.5053],[135.666,34.504],[135.6643,34.5038],[135.6621,34.5023],[135.6607,34.5007],[135.6597,34.4984],[135.6554,34.4973],[135.6524,34.4984],[135.649,34.4979],[135.6493,34.5003],[135.6441,34.5031],[135.6418,34.5039],[135.6403,34.5019],[135.6395,34.5061],[135.6366,34.5069],[135.6364,34.5088],[135.6305,34.5142],[135.6294,34.5147],[135.6204,34.5148],[135.618,34.5128],[135.6175,34.5102],[135.6177,34.5071],[135.6216,34.5018],[135.6219,34.5001],[135.6241,34.4997],[135.6255,34.4981],[135.6277,34.4979],[135.6278,34.4902],[135.6269,34.4902],[135.6271,34.4862],[135.6256,34.4863],[135.6255,34.4882],[135.6229,34.4886],[135.6233,34.49],[135.6216,34.4915],[135.6213,34.4939],[135.6193,34.4938],[135.6185,34.493],[135.6183,34.4904],[135.6173,34.4898],[135.6154,34.4904],[135.613,34.4904],[135.6129,34.4876],[135.614,34.4861],[135.6126,34.4846],[135.6128,34.4822],[135.6154,34.4809],[135.6174,34.4778],[135.6168,34.4743]]]},"properties":{"prefectureCode":"27","prefectureName":"大阪府","municipalityName":"河南町","municipalityCode":"27382"}},
{"type":"Feature","geometry":{"type":"Polygon","coordinates":[[[135.6025,34.4392],[135.6021,34.4381],[135.6046,34.4358],[135.6048,34.4348],[135.6073,34.433],[135.6079,34.432],[135.6105,34.4304],[135.6156,34.4305],[135.6166,34.4293],[135.6188,34.4282],[135.6208,34.426],[135.6229,34.4252],[135.6259,34.4217],[135.6294,34.4198],[135.6332,34.4191],[135.6366,34.4202],[135.6396,34.4181],[135.6414,34.4155],[135.6412,34.4139],[135.6426,34.4122],[135.6445,34.4114],[135.6467,34.4075],[135.6498,34.4037],[135.6515,34.4009],[135.655,34.3998],[135.6567,34.3978],[135.6555,34.3961],[135.6593,34.3955],[135.6634,34.3965],[135.6673,34.3978],[135.6692,34.3978],[135.6756,34.3995],[135.6766,34.4023],[135.676,34.4056],[135.68,34.4083],[135.6802,34.4089],[135.6777,34.4117],[135.6778,34.4133],[135.6756,34.4137],[135.6731,34.4126],[135.6694,34.4137],[135.6671,34.4169],[135.6661,34.4225],[135.6643,34.4231],[135.6653,34.4242],[135.6692,34.4269],[135.6722,34.4259],[135.674,34.4288],[135.676,34.4299],[135.6786,34.4324],[135.6797,34.434],[135.6803,34.4361],[135.6815,34.4379],[135.6809,34.4398],[135.681,34.442],[135.6817,34.4433],[135.6847,34.446],[135.6867,34.4488],[135.687,34.4515],[135.6824,34.456],[135.6831,34.4571],[135.6819,34.461],[135.6825,34.4637],[135.6822,34.4649],[135.6822,34.4652],[135.6777,34.4687],[135.6752,34.4694],[135.6699,34.4683],[135.6666,34.469],[135.666,34.4678],[135.667,34.4666],[135.6641,34.4665],[135.6629,34.4676],[135.6579,34.4667],[135.6579,34.4638],[135.6592,34.4617],[135.6585,34.461],[135.6559,34.4612],[135.6539,34.4598],[135.6551,34.4581],[135.6591,34.4568],[135.6595,34.4542],[135.6617,34.4528],[135.6625,34.4509],[135.6661,34.4486],[135.6668,34.4473],[135.6651,34.4466],[135.6637,34.4486],[135.6614,34.4497],[135.6598,34.4513],[135.6571,34.4533],[135.6545,34.4559],[135.6527,34.4563],[135.6484,34.4556],[135.6471,34.4547],[135.6467,34.458],[135.6428,34.4595],[135.6407,34.4632],[135.6371,34.4642],[135.6368,34.4663],[135.6355,34.4675],[135.628,34.4675],[135.6273,34.4701],[135.6271,34.4763],[135.6258,34.4766],[135.6209,34.4762],[135.6192,34.4744],[135.6168,34.4743],[135.6154,34.4725],[135.6149,34.4703],[135.6157,34.4667],[135.6171,34.465],[135.6179,34.4623],[135.6165,34.4606],[135.6166,34.4581],[135.6149,34.4573],[135.6166,34.456],[135.6155,34.4545],[135.616,34.4518],[135.6148,34.451],[135.6142,34.449],[135.6108,34.4455],[135.6072,34.4457],[135.6059,34.4431],[135.6047,34.4425],[135.6038,34.4396],[135.6025,34.4392]]]},"properties":{"prefectureCode":"27","prefectureName":"大阪府","municipalityName":"千早赤阪村","municipalityCode":"27383"}},
{"type":"Feature","geometry":{"type":"MultiPolygon","coordinates":[[[[135.275,34.6624],[135.2768,34.6513],[135.2828,34.6514],[135.2805,34.6661],[135.2745,34.6654],[135.275,34.6624]]],[[[135.3,34.7053],[135.3043,34.7059],[135.3033,34.7169],[135.2984,34.7176],[135.2969,34.7186],[135.2948,34.7186],[135.2939,34.7176],[135.2951,34.7155],[135.2933,34.7148],[135.2922,34.712],[135.2934,34.7047],[135.3,34.7053]]],[[[135.2668,34.7803],[135.2675,34.781],[135.2687,34.7835],[135.2685,34.7859],[135.2696,34.7896],[135.269,34.7906],[135.2709,34.7918],[135.2699,34.794],[135.2704,34.796],[135.2686,34.7968],[135.2698,34.8018],[135.2669,34.8025],[135.2648,34.8021],[135.2642,34.8033],[135.2609,34.8053],[135.2591,34.805],[135.2571,34.8058],[135.2551,34.8058],[135.2531,34.8047],[135.2515,34.8058],[135.2506,34.8082],[135.2488,34.8087],[135.2483,34.8065],[135.2467,34.8039],[135.2439,34.8037],[135.241,34.8026],[135.2409,34.8044],[135.242,34.8068],[135.2411,34.8086],[135.2397,34.8087],[135.2377,34.8104],[135.2367,34.8105],[135.2332,34.8127],[135.2326,34.814],[135.2333,34.8162],[135.2328,34.819],[135.2308,34.8206],[135.2297,34.8247],[135.2298,34.8267],[135.2311,34.8276],[135.2307,34.8317],[135.232,34.8335],[135.2319,34.8358],[135.2328,34.8372],[135.2329,34.8415],[135.2336,34.8429],[135.2332,34.8454],[135.2341,34.8455],[135.2399,34.8479],[135.2419,34.8477],[135.244,34.8481],[135.2477,34.8453],[135.252,34.844],[135.2572,34.8431],[135.2595,34.8419],[135.2606,34.842],[135.262,34.8441],[135.2643,34.8463],[135.2645,34.848],[135.2656,34.8484],[135.2697,34.8482],[135.2728,34.8468],[135.2749,34.8479],[135.2802,34.8476],[135.2829,34.849],[135.2822,34.852],[135.2838,34.8527],[135.2859,34.8555],[135.2886,34.8547],[135.2898,34.8556],[135.2915,34.8604],[135.2938,34.8613],[135.2919,34.8638],[135.292,34.8661],[135.2908,34.8666],[135.2898,34.8686],[135.288,34.8693],[135.2868,34.8708],[135.2857,34.8738],[135.2851,34.8769],[135.2856,34.8789],[135.284,34.8807],[135.2823,34.8839],[135.2804,34.8857],[135.2789,34.8866],[135.2777,34.8861],[135.263,34.8848],[135.2615,34.8852],[135.258,34.8833],[135.2572,34.8821],[135.2521,34.8792],[135.2481,34.8778],[135.2462,34.8787],[135.2449,34.8778],[135.2419,34.8784],[135.2391,34.877],[135.2369,34.8771],[135.2348,34.8759],[135.2337,34.8741],[135.2325,34.8734],[135.2297,34.8734],[135.2287,34.8726],[135.2264,34.8729],[135.2258,34.8737],[135.2219,34.8751],[135.2181,34.8757],[135.2162,34.8749],[135.2131,34.8765],[135.2121,34.8783],[135.2099,34.8784],[135.2079,34.877],[135.2066,34.8775],[135.2043,34.8765],[135.2012,34.876],[135.1976,34.8773],[135.1976,34.8792],[135.1957,34.8795],[135.1939,34.8809],[135.1922,34.8804],[135.189,34.8832],[135.1883,34.8849],[135.1861,34.8846],[135.1858,34.8869],[135.1824,34.8886],[135.1786,34.8877],[135.1744,34.8885],[135.1727,34.8881],[135.1705,34.8892],[135.17,34.8905],[135.1675,34.8891],[135.1626,34.8854],[135.1604,34.8849],[135.1572,34.883],[135.1551,34.8821],[135.1563,34.8782],[135.1576,34.878],[135.1585,34.8762],[135.1562,34.8713],[135.1573,34.8701],[135.1559,34.8658],[135.1562,34.8635],[135.1577,34.8616],[135.1565,34.8601],[135.1576,34.8545],[135.1572,34.8523],[135.1583,34.8512],[135.1577,34.8501],[135.1579,34.8482],[135.1565,34.8465],[135.1554,34.8435],[135.1554,34.8411],[135.1531,34.8397],[135.1526,34.8415],[135.1513,34.8419],[135.1496,34.8405],[135.1436,34.8369],[135.1429,34.8349],[135.1402,34.8345],[135.1376,34.8361],[135.1343,34.8357],[135.1332,34.8371],[135.1312,34.8368],[135.1252,34.8371],[135.1227,34.8376],[135.1196,34.8405],[135.1186,34.8427],[135.1164,34.8442],[135.1153,34.8456],[135.1134,34.8465],[135.1114,34.8464],[135.106,34.8436],[135.1058,34.8418],[135.1027,34.8366],[135.101,34.8345],[135.0965,34.8328],[135.0943,34.8331],[135.0924,34.8323],[135.0929,34.8308],[135.0923,34.8282],[135.0911,34.827],[135.0885,34.826],[135.0869,34.8263],[135.085,34.8243],[135.0856,34.8217],[135.0812,34.8171],[135.0774,34.817],[135.076,34.8161],[135.0767,34.8128],[135.0773,34.8121],[135.075,34.8057],[135.0771,34.8048],[135.0775,34.8036],[135.0799,34.8029],[135.0819,34.8015],[135.0833,34.7974],[135.0846,34.796],[135.0857,34.7936],[135.0871,34.7925],[135.0905,34.7917],[135.0941,34.7897],[135.0958,34.7878],[135.0958,34.7863],[135.094,34.7864],[135.0925,34.7855],[135.0933,34.7832],[135.0928,34.7818],[135.0946,34.7786],[135.0928,34.7782],[135.0904,34.7791],[135.0883,34.7785],[135.086,34.7792],[135.0827,34.7784],[135.0792,34.7744],[135.0776,34.7735],[135.0783,34.7713],[135.0762,34.771],[135.071,34.7689],[135.0696,34.7674],[135.0669,34.7678],[135.0651,34.767],[135.065,34.7657],[135.062,34.764],[135.059,34.7643],[135.0565,34.7639],[135.054,34.7651],[135.0539,34.7664],[135.0516,34.7677],[135.051,34.7697],[135.0488,34.7703],[135.0475,34.7716],[135.0405,34.7697],[135.0406,34.7674],[135.0387,34.7647],[135.0339,34.766],[135.0317,34.7657],[135.0298,34.7648],[135.0256,34.7641],[135.0255,34.7626],[135.0166,34.7662],[135.0137,34.7663],[135.0075,34.7678],[135.0055,34.7702],[135.0006,34.7703],[135.0005,34.7716],[135.0018,34.7734],[135.0018,34.7756],[135.0006,34.7756],[134.9966,34.7742],[134.9931,34.7741],[134.9915,34.7735],[134.9901,34.774],[134.9879,34.773],[134.9861,34.7729],[134.9852,34.7719],[134.9826,34.7722],[134.9806,34.7695],[134.9777,34.7689],[134.9767,34.7662],[134.9746,34.7649],[134.9725,34.7628],[134.9699,34.7637],[134.969,34.7624],[134.966,34.7633],[134.964,34.7623],[134.9614,34.763],[134.9626,34.7613],[134.9645,34.756],[134.9643,34.7552],[134.9664,34.7525],[134.9661,34.7512],[134.9599,34.7449],[134.9541,34.737],[134.9513,34.7345],[134.9485,34.7326],[134.9441,34.7324],[134.9358,34.7308],[134.9351,34.7299],[134.9268,34.7271],[134.9236,34.7278],[134.9183,34.7261],[134.9151,34.7229],[134.9125,34.7213],[134.9101,34.7203],[134.9115,34.7168],[134.9124,34.7167],[134.9134,34.7145],[134.9119,34.7131],[134.9123,34.7112],[134.9147,34.7109],[134.9171,34.7073],[134.919,34.7088],[134.9215,34.7088],[134.9216,34.7069],[134.9227,34.7064],[134.9253,34.7037],[134.9247,34.7026],[134.9281,34.7022],[134.9306,34.6991],[134.9326,34.7003],[134.9328,34.7021],[134.9345,34.7022],[134.9342,34.7036],[134.9366,34.7054],[134.9374,34.7053],[134.9405,34.7082],[134.9429,34.7126],[134.9455,34.7128],[134.9487,34.7119],[134.9516,34.7116],[134.9519,34.7131],[134.9552,34.7125],[134.9597,34.7134],[134.9621,34.7131],[134.9649,34.7116],[134.9649,34.7104],[134.966,34.7077],[134.9651,34.7074],[134.9655,34.7049],[134.9633,34.7041],[134.9631,34.703],[134.9647,34.7011],[134.9647,34.6992],[134.9659,34.6976],[134.9642,34.6965],[134.9646,34.6944],[134.9663,34.6918],[134.9666,34.6894],[134.9659,34.6892],[134.9652,34.6856],[134.9656,34.6835],[134.9673,34.68],[134.9695,34.678],[134.9714,34.6775],[134.9721,34.6742],[134.9703,34.6734],[134.97,34.6715],[134.9716,34.6694],[134.9718,34.6682],[134.9744,34.666],[134.9753,34.6638],[134.9756,34.6609],[134.9767,34.6586],[134.9799,34.6577],[134.9817,34.6607],[134.9837,34.661],[134.9869,34.6574],[134.9889,34.658],[134.9924,34.6576],[134.9963,34.659],[134.9973,34.6589],[134.9997,34.6569],[135.0025,34.6591],[135.0046,34.658],[135.0062,34.658],[135.0075,34.6598],[135.0106,34.6615],[135.014,34.6616],[135.0139,34.6582],[135.0156,34.6574],[135.0179,34.659],[135.0223,34.6574],[135.0264,34.6606],[135.0269,34.6619],[135.0309,34.6596],[135.0325,34.6585],[135.0297,34.6553],[135.0248,34.6515],[135.0235,34.65],[135.0201,34.6474],[135.0203,34.6468],[135.0187,34.6432],[135.0224,34.6415],[135.0273,34.6377],[135.0323,34.6332],[135.0319,34.6313],[135.0364,34.6286],[135.0396,34.6272],[135.042,34.6266],[135.0456,34.6248],[135.0517,34.6245],[135.0513,34.6268],[135.0573,34.6272],[135.0561,34.6262],[135.0565,34.6244],[135.0582,34.6248],[135.0581,34.6273],[135.0592,34.6275],[135.0601,34.6256],[135.0745,34.6283],[135.0743,34.6308],[135.0799,34.6319],[135.0854,34.6337],[135.0929,34.6344],[135.0931,34.6347],[135.0966,34.6353],[135.1023,34.6371],[135.1042,34.6388],[135.1064,34.64],[135.1085,34.6399],[135.1111,34.641],[135.1159,34.6413],[135.1174,34.6418],[135.1195,34.6413],[135.1229,34.6424],[135.1244,34.6416],[135.1258,34.6424],[135.132,34.6424],[135.1321,34.6412],[135.1341,34.6412],[135.1355,34.6428],[135.1369,34.6414],[135.1396,34.6426],[135.1475,34.6458],[135.1462,34.6477],[135.1493,34.649],[135.1509,34.6462],[135.1671,34.6479],[135.1833,34.6496],[135.187,34.6527],[135.1843,34.6542],[135.1851,34.6555],[135.1832,34.6567],[135.1826,34.6556],[135.1805,34.6556],[135.1806,34.6585],[135.1795,34.6591],[135.1774,34.6638],[135.1787,34.6638],[135.1798,34.6624],[135.1827,34.6617],[135.1836,34.6638],[135.186,34.6632],[135.1874,34.6669],[135.1826,34.6682],[135.1782,34.6678],[135.1777,34.6704],[135.1809,34.6707],[135.1831,34.6702],[135.1873,34.6702],[135.1894,34.6723],[135.186,34.678],[135.1844,34.682],[135.1863,34.6826],[135.1888,34.6789],[135.1898,34.6795],[135.1884,34.6811],[135.1903,34.6813],[135.1901,34.6855],[135.1923,34.6846],[135.1931,34.6794],[135.1943,34.6796],[135.1938,34.6827],[135.1953,34.6829],[135.1958,34.6798],[135.1969,34.6799],[135.1964,34.683],[135.198,34.6828],[135.1985,34.6801],[135.1996,34.6802],[135.1992,34.6825],[135.201,34.6829],[135.2023,34.6787],[135.2036,34.6793],[135.2018,34.685],[135.2039,34.6869],[135.2075,34.6843],[135.2182,34.69],[135.2145,34.6928],[135.2163,34.6941],[135.2189,34.6955],[135.224,34.6917],[135.2383,34.6933],[135.235,34.6985],[135.2282,34.6988],[135.228,34.7],[135.2398,34.7014],[135.2454,34.6994],[135.2543,34.7003],[135.2682,34.7018],[135.2678,34.7059],[135.271,34.7068],[135.2719,34.7022],[135.2881,34.704],[135.2868,34.7119],[135.2835,34.7116],[135.2817,34.7124],[135.2873,34.7146],[135.2917,34.7154],[135.2913,34.7177],[135.2943,34.7195],[135.2976,34.7195],[135.3005,34.719],[135.3035,34.7191],[135.3011,34.7256],[135.2996,34.7284],[135.2962,34.7272],[135.2961,34.7284],[135.2935,34.7334],[135.2926,34.7334],[135.2921,34.7358],[135.2907,34.7386],[135.2904,34.7409],[135.2885,34.7408],[135.2843,34.7444],[135.2893,34.7446],[135.2871,34.7479],[135.2853,34.7485],[135.2812,34.7508],[135.2802,34.7519],[135.281,34.7532],[135.2805,34.7544],[135.2806,34.7586],[135.28,34.7605],[135.2778,34.7623],[135.2775,34.7641],[135.2758,34.7664],[135.2737,34.7678],[135.2724,34.7696],[135.2685,34.7768],[135.2685,34.7778],[135.2668,34.7803]]],[[[135.2583,34.6782],[135.2735,34.6801],[135.277,34.6802],[135.2905,34.6817],[135.2895,34.688],[135.2788,34.6897],[135.2783,34.6924],[135.2891,34.6909],[135.2882,34.6967],[135.2728,34.6988],[135.2724,34.6966],[135.2653,34.6958],[135.2642,34.6978],[135.2522,34.6933],[135.2527,34.6885],[135.2545,34.6778],[135.2583,34.6782]]],[[[135.2019,34.6667],[135.2024,34.6592],[135.2042,34.6593],[135.2043,34.6572],[135.2067,34.6569],[135.2172,34.6501],[135.2196,34.6502],[135.2451,34.6508],[135.2389,34.6612],[135.2281,34.658],[135.2257,34.662],[135.2364,34.6653],[135.234,34.6693],[135.2334,34.671],[135.2211,34.6673],[135.2196,34.6697],[135.2319,34.6734],[135.228,34.6758],[135.2178,34.6727],[135.2163,34.6751],[135.2255,34.6779],[135.2253,34.6783],[135.22,34.6828],[135.2103,34.6813],[135.2107,34.6789],[135.2065,34.6768],[135.2048,34.678],[135.2032,34.6771],[135.2042,34.6759],[135.2014,34.6736],[135.2019,34.6667]]],[[[135.2091,34.6316],[135.2093,34.6301],[135.211,34.6294],[135.2148,34.6305],[135.2271,34.6315],[135.2284,34.6306],[135.2297,34.6317],[135.2387,34.6324],[135.2405,34.6331],[135.2403,34.6348],[135.2385,34.6353],[135.2381,34.6378],[135.2357,34.6417],[135.232,34.6414],[135.2321,34.6403],[135.228,34.64],[135.2278,34.6411],[135.2135,34.64],[135.2128,34.6396],[135.209,34.6341],[135.2091,34.6316]]]]},"properties":{"prefectureCode":"28","prefectureName":"兵庫県","municipalityName":"神戸市","municipalityCode":"28100"}},
{"type":"Feature","geometry":{"type":"MultiPolygon","coordinates":[[[[134.4333,34.6485],[134.435,34.6472],[134.4376,34.649],[134.4392,34.6494],[134.4413,34.6488],[134.4413,34.6515],[134.4399,34.6539],[134.4385,34.6523],[134.4372,34.653],[134.4346,34.6519],[134.4333,34.6485]]],[[[134.5319,34.6427],[134.5343,34.6433],[134.5347,34.6451],[134.5337,34.6465],[134.5306,34.6457],[134.5295,34.6448],[134.5292,34.6427],[134.5305,34.642],[134.5319,34.6427]]],[[[134.5917,34.7691],[134.5931,34.7695],[134.5963,34.7597],[134.5994,34.7597],[134.5984,34.7624],[134.601,34.763],[134.6003,34.7651],[134.6063,34.7664],[134.6044,34.7722],[134.5917,34.7691]]],[[[134.6583,34.7649],[134.6624,34.7643],[134.6674,34.7702],[134.6623,34.7725],[134.6618,34.7724],[134.6572,34.7652],[134.6583,34.7649]]],[[[134.6881,34.7583],[134.6895,34.7592],[134.6898,34.7602],[134.6979,34.76],[134.7013,34.7707],[134.6949,34.7693],[134.6927,34.7683],[134.6906,34.7614],[134.6909,34.7602],[134.6897,34.7602],[134.6894,34.7592],[134.6881,34.7583]]],[[[134.5,34.6339],[134.501,34.636],[134.4995,34.6361],[134.4977,34.6352],[134.4979,34.6341],[134.4967,34.6326],[134.4963,34.6309],[134.497,34.6299],[134.4989,34.6293],[134.5003,34.6308],[134.5,34.6339]]],[[[134.5,34.6444],[134.5009,34.6455],[134.4985,34.6498],[134.499,34.6506],[134.4975,34.6532],[134.4952,34.6527],[134.4948,34.6542],[134.4956,34.6577],[134.4951,34.6594],[134.4929,34.6594],[134.4911,34.658],[134.4901,34.6583],[134.4904,34.6611],[134.4926,34.6629],[134.4932,34.6646],[134.4948,34.6659],[134.496,34.6679],[134.4926,34.6681],[134.493,34.6698],[134.4894,34.6698],[134.486,34.671],[134.4849,34.6678],[134.486,34.6669],[134.486,34.6647],[134.4871,34.6642],[134.4862,34.6614],[134.4826,34.6597],[134.4819,34.6583],[134.4804,34.6589],[134.4802,34.6608],[134.4807,34.6625],[134.4787,34.6638],[134.476,34.6621],[134.4763,34.6596],[134.4755,34.6581],[134.4742,34.6586],[134.4739,34.66],[134.4708,34.6602],[134.4671,34.6616],[134.4669,34.6628],[134.4686,34.6635],[134.4704,34.6666],[134.4693,34.6671],[134.468,34.6652],[134.4638,34.6642],[134.463,34.662],[134.4641,34.6594],[134.4633,34.657],[134.4615,34.6575],[134.4604,34.6558],[134.4618,34.6535],[134.4618,34.6516],[134.4603,34.6509],[134.4616,34.6482],[134.4609,34.6462],[134.4585,34.6453],[134.4633,34.6434],[134.4649,34.6411],[134.4676,34.6404],[134.4694,34.6426],[134.4738,34.6461],[134.4789,34.6491],[134.4808,34.6499],[134.4827,34.6491],[134.4821,34.6468],[134.484,34.6465],[134.4853,34.6487],[134.4868,34.6485],[134.4884,34.6494],[134.4899,34.649],[134.4908,34.6477],[134.4881,34.644],[134.4863,34.6437],[134.4841,34.6417],[134.4899,34.6418],[134.4925,34.6451],[134.4947,34.645],[134.496,34.6438],[134.4977,34.6434],[134.5,34.6444]]],[[[134.5078,34.64],[134.5077,34.6392],[134.511,34.639],[134.5146,34.6365],[134.5152,34.6387],[134.5184,34.6405],[134.5165,34.6418],[134.5179,34.644],[134.5174,34.6448],[134.5146,34.645],[134.5132,34.6444],[134.5123,34.647],[134.5127,34.6504],[134.5138,34.651],[134.5152,34.65],[134.5182,34.6502],[134.519,34.6545],[134.5165,34.6555],[134.5158,34.657],[134.516,34.6589],[134.5151,34.6595],[134.5133,34.6587],[134.5139,34.6545],[134.5114,34.6538],[134.5109,34.6527],[134.5085,34.6513],[134.5072,34.652],[134.5025,34.6494],[134.5027,34.6472],[134.5019,34.6456],[134.5022,34.6433],[134.5042,34.6418],[134.5078,34.6406],[134.5078,34.64]]],[[[134.5265,34.6667],[134.5267,34.6651],[134.5287,34.6648],[134.531,34.6626],[134.5338,34.6618],[134.5349,34.6609],[134.5361,34.6584],[134.5392,34.6585],[134.5419,34.6582],[134.544,34.661],[134.5455,34.6609],[134.546,34.6626],[134.5456,34.6645],[134.5429,34.67],[134.5446,34.6713],[134.5454,34.6741],[134.5446,34.6763],[134.5461,34.6793],[134.544,34.6797],[134.543,34.6783],[134.5409,34.6773],[134.5381,34.6787],[134.5341,34.6777],[134.5321,34.6768],[134.5307,34.6773],[134.5282,34.677],[134.5283,34.6789],[134.5328,34.6806],[134.5344,34.6832],[134.5376,34.6846],[134.5354,34.6865],[134.534,34.6844],[134.532,34.6835],[134.5304,34.6842],[134.5297,34.6857],[134.5259,34.6845],[134.524,34.6814],[134.5218,34.6806],[134.5202,34.6813],[134.5184,34.6806],[134.5163,34.6816],[134.5137,34.6795],[134.5116,34.6799],[134.5105,34.6767],[134.5114,34.6755],[134.5141,34.6746],[134.5136,34.6707],[134.5166,34.6699],[134.5174,34.6682],[134.5217,34.6682],[134.5228,34.6675],[134.5236,34.6654],[134.5253,34.6667],[134.5265,34.6667]]],[[[134.5627,34.6667],[134.5631,34.6647],[134.5624,34.6638],[134.5652,34.6612],[134.5662,34.6609],[134.5667,34.6588],[134.5679,34.6588],[134.569,34.657],[134.5696,34.6545],[134.571,34.6524],[134.573,34.6513],[134.576,34.6509],[134.5779,34.6521],[134.5775,34.6536],[134.578,34.6558],[134.5808,34.6566],[134.5848,34.6551],[134.5854,34.6578],[134.5875,34.6597],[134.5896,34.6607],[134.5908,34.662],[134.5912,34.6654],[134.5904,34.6681],[134.5859,34.671],[134.5843,34.6704],[134.5834,34.6691],[134.5806,34.6708],[134.5793,34.6728],[134.5795,34.6742],[134.5767,34.6744],[134.5739,34.6769],[134.5711,34.6768],[134.5691,34.6757],[134.5704,34.6731],[134.569,34.6717],[134.5657,34.6715],[134.5621,34.6694],[134.5618,34.668],[134.5627,34.6667]]],[[[134.625,34.8207],[134.6229,34.8212],[134.6195,34.8178],[134.6138,34.8175],[134.6129,34.8187],[134.6088,34.8191],[134.6069,34.8198],[134.6031,34.8201],[134.604,34.8222],[134.6063,34.8223],[134.6061,34.8243],[134.605,34.8244],[134.6044,34.8264],[134.6,34.8264],[134.5955,34.8276],[134.5905,34.8241],[134.5884,34.8234],[134.5835,34.8232],[134.5811,34.8223],[134.5814,34.8203],[134.5889,34.8207],[134.5886,34.8199],[134.585,34.819],[134.5846,34.8182],[134.5821,34.8176],[134.5822,34.8155],[134.5814,34.8135],[134.5779,34.8133],[134.5771,34.8116],[134.5781,34.8104],[134.5775,34.809],[134.5754,34.8081],[134.5687,34.8078],[134.5653,34.8068],[134.5635,34.8078],[134.5615,34.8079],[134.5589,34.8096],[134.5575,34.8093],[134.5592,34.8059],[134.5618,34.8032],[134.5642,34.8016],[134.5697,34.7964],[134.5713,34.7925],[134.573,34.7892],[134.5738,34.7793],[134.5728,34.7761],[134.5705,34.7727],[134.5714,34.7655],[134.5699,34.758],[134.573,34.758],[134.5864,34.7619],[134.5848,34.7687],[134.5869,34.7699],[134.5895,34.7701],[134.5941,34.7712],[134.6012,34.7741],[134.6035,34.7747],[134.6042,34.7766],[134.6036,34.7787],[134.6054,34.7795],[134.6067,34.7773],[134.6093,34.7788],[134.6103,34.7779],[134.613,34.7771],[134.6088,34.775],[134.6115,34.7678],[134.6204,34.7716],[134.6235,34.7716],[134.624,34.7732],[134.6286,34.7731],[134.6287,34.7784],[134.6261,34.7801],[134.6235,34.7797],[134.6224,34.7838],[134.6423,34.7838],[134.6439,34.7834],[134.6439,34.7803],[134.6343,34.7795],[134.6319,34.7775],[134.632,34.7726],[134.6333,34.7726],[134.6334,34.7673],[134.6457,34.7673],[134.6461,34.7725],[134.6462,34.7794],[134.6502,34.7796],[134.6543,34.7828],[134.6553,34.7855],[134.6555,34.7884],[134.658,34.7872],[134.6539,34.7795],[134.6501,34.7744],[134.6501,34.7707],[134.6526,34.7706],[134.6608,34.7838],[134.6618,34.7834],[134.6635,34.7847],[134.6703,34.78],[134.6664,34.7765],[134.6639,34.7776],[134.6617,34.777],[134.6597,34.7738],[134.6679,34.7706],[134.6707,34.7738],[134.6737,34.7765],[134.6766,34.7748],[134.6768,34.7735],[134.6833,34.7721],[134.6853,34.7782],[134.6891,34.7775],[134.6892,34.7764],[134.6877,34.7712],[134.6928,34.7702],[134.6956,34.7706],[134.7019,34.7721],[134.7022,34.7734],[134.7007,34.7742],[134.7008,34.7756],[134.6994,34.7761],[134.7002,34.7778],[134.7037,34.7765],[134.7079,34.7769],[134.7115,34.7766],[134.722,34.7728],[134.7254,34.7712],[134.7285,34.7703],[134.7301,34.7703],[134.7335,34.7671],[134.7343,34.769],[134.7408,34.7682],[134.7424,34.7694],[134.7463,34.7688],[134.7545,34.7656],[134.7613,34.7622],[134.7649,34.7719],[134.7657,34.7753],[134.7675,34.7769],[134.7666,34.7797],[134.7672,34.782],[134.7628,34.7855],[134.7634,34.7867],[134.763,34.7885],[134.7597,34.792],[134.7579,34.7922],[134.7577,34.7895],[134.7584,34.7885],[134.7568,34.787],[134.7565,34.7858],[134.7533,34.7846],[134.7522,34.783],[134.7529,34.782],[134.7516,34.7795],[134.7515,34.7752],[134.7521,34.7737],[134.7501,34.7737],[134.75,34.7738],[134.7498,34.775],[134.75,34.7767],[134.75,34.7769],[134.7499,34.7772],[134.75,34.7782],[134.7502,34.7798],[134.75,34.7803],[134.7499,34.7804],[134.7496,34.7807],[134.7489,34.7813],[134.7483,34.7816],[134.7481,34.7816],[134.7481,34.7817],[134.7481,34.7819],[134.7482,34.7821],[134.7482,34.7831],[134.7482,34.7838],[134.7478,34.7841],[134.7474,34.7845],[134.7473,34.7846],[134.7472,34.7847],[134.747,34.7848],[134.7467,34.7849],[134.7458,34.7851],[134.746,34.7861],[134.7461,34.7865],[134.7455,34.7873],[134.7452,34.7875],[134.7451,34.7878],[134.7456,34.788],[134.7459,34.7881],[134.7464,34.7882],[134.7473,34.7887],[134.7474,34.7888],[134.7476,34.7889],[134.748,34.7892],[134.7482,34.7896],[134.7483,34.7896],[134.7485,34.7901],[134.7485,34.7906],[134.7483,34.7911],[134.7482,34.7915],[134.7481,34.7918],[134.7477,34.792],[134.7477,34.7921],[134.7476,34.7923],[134.7475,34.7925],[134.7473,34.7929],[134.7466,34.7941],[134.7463,34.7944],[134.7455,34.795],[134.7454,34.7958],[134.7454,34.7963],[134.7449,34.7966],[134.7447,34.7967],[134.7444,34.7969],[134.744,34.7972],[134.743,34.7976],[134.7428,34.7991],[134.7431,34.8],[134.7432,34.8002],[134.7433,34.8006],[134.7434,34.8009],[134.7437,34.8015],[134.7441,34.8015],[134.7443,34.8016],[134.7453,34.8038],[134.7463,34.8061],[134.7464,34.8062],[134.7465,34.8062],[134.7468,34.8059],[134.747,34.8058],[134.7471,34.8057],[134.7475,34.8055],[134.7477,34.8054],[134.7486,34.8052],[134.7485,34.8051],[134.7481,34.8043],[134.7476,34.8035],[134.7477,34.8034],[134.748,34.8034],[134.7483,34.8033],[134.7485,34.8033],[134.7485,34.8032],[134.7484,34.8026],[134.7485,34.8025],[134.7484,34.8023],[134.7481,34.8022],[134.7481,34.8021],[134.748,34.802],[134.7478,34.802],[134.7477,34.8019],[134.7477,34.8017],[134.7475,34.8014],[134.7473,34.8013],[134.7471,34.8012],[134.7469,34.8007],[134.7468,34.8003],[134.7468,34.8],[134.7468,34.7999],[134.7469,34.7988],[134.7472,34.7983],[134.7473,34.7983],[134.7495,34.7972],[134.75,34.7973],[134.7515,34.7954],[134.7535,34.7951],[134.7558,34.7971],[134.7597,34.7962],[134.7606,34.7973],[134.7629,34.7976],[134.7643,34.7966],[134.7662,34.8001],[134.7661,34.8014],[134.7682,34.8046],[134.7719,34.8057],[134.7721,34.8069],[134.7736,34.8085],[134.7733,34.8106],[134.7715,34.8117],[134.7715,34.8133],[134.7738,34.8151],[134.7785,34.8158],[134.7796,34.8173],[134.7789,34.8184],[134.7761,34.8202],[134.7764,34.8229],[134.7749,34.8238],[134.7685,34.8219],[134.7675,34.8235],[134.7654,34.825],[134.7636,34.8254],[134.7648,34.8304],[134.773,34.8298],[134.775,34.8287],[134.776,34.83],[134.773,34.8309],[134.7734,34.8355],[134.7746,34.8363],[134.7751,34.8383],[134.7769,34.8393],[134.7816,34.8391],[134.7825,34.8376],[134.785,34.8367],[134.7875,34.8373],[134.7882,34.8389],[134.7903,34.8402],[134.7917,34.8385],[134.7941,34.8392],[134.7962,34.8388],[134.7965,34.8399],[134.7989,34.8399],[134.7992,34.8422],[134.7977,34.8432],[134.7988,34.8445],[134.8035,34.8434],[134.805,34.8438],[134.8017,34.846],[134.8008,34.8474],[134.8019,34.8492],[134.8009,34.8506],[134.8009,34.8535],[134.8014,34.8552],[134.7996,34.8561],[134.7976,34.8591],[134.7965,34.8595],[134.7949,34.8625],[134.796,34.865],[134.7976,34.866],[134.7993,34.8649],[134.8026,34.8638],[134.8047,34.862],[134.8071,34.8622],[134.809,34.8635],[134.8109,34.8659],[134.8136,34.8671],[134.8114,34.8679],[134.8084,34.8708],[134.8106,34.8718],[134.8089,34.8742],[134.8078,34.8749],[134.8042,34.8747],[134.7989,34.8762],[134.7975,34.8775],[134.7919,34.8796],[134.7892,34.8811],[134.7898,34.8835],[134.7887,34.8857],[134.7861,34.8874],[134.786,34.8887],[134.7879,34.8896],[134.7884,34.8912],[134.7907,34.8916],[134.7907,34.8931],[134.7921,34.8937],[134.794,34.8955],[134.7931,34.8966],[134.794,34.899],[134.7938,34.9014],[134.7954,34.9026],[134.7967,34.9056],[134.796,34.9084],[134.7947,34.9099],[134.7959,34.9106],[134.7959,34.912],[134.7931,34.9163],[134.7937,34.9179],[134.7922,34.9201],[134.7905,34.9202],[134.7868,34.9196],[134.7848,34.9176],[134.7831,34.9185],[134.783,34.9199],[134.7803,34.9216],[134.779,34.9231],[134.7753,34.9231],[134.7733,34.9239],[134.77,34.9242],[134.7682,34.9257],[134.7674,34.9282],[134.7678,34.932],[134.7674,34.9354],[134.7654,34.9348],[134.7558,34.9362],[134.756,34.9375],[134.753,34.9372],[134.753,34.9361],[134.7507,34.9346],[134.7479,34.9357],[134.7468,34.9376],[134.7442,34.9374],[134.7361,34.9378],[134.7354,34.9368],[134.7334,34.9373],[134.7314,34.9372],[134.729,34.9381],[134.7285,34.9412],[134.7291,34.9428],[134.7265,34.9442],[134.7249,34.9444],[134.7252,34.9477],[134.7233,34.9491],[134.7207,34.9517],[134.7175,34.9528],[134.7171,34.9556],[134.7151,34.9573],[134.7162,34.9597],[134.7175,34.96],[134.7183,34.9623],[134.7173,34.9639],[134.7174,34.9661],[134.7161,34.9675],[134.7129,34.9729],[134.7105,34.9741],[134.7077,34.9732],[134.7065,34.9739],[134.7064,34.977],[134.705,34.9801],[134.7072,34.9815],[134.7094,34.9835],[134.7095,34.9858],[134.7111,34.9878],[134.7123,34.9938],[134.7093,34.9971],[134.7084,34.9991],[134.7074,34.9998],[134.705,34.9998],[134.7008,35.0013],[134.7012,35.0026],[134.6997,35.0045],[134.6985,35.0095],[134.6973,35.0109],[134.6951,35.0117],[134.6952,35.0137],[134.6965,35.0141],[134.6983,35.0176],[134.7006,35.0187],[134.7025,35.018],[134.706,35.0199],[134.7063,35.0211],[134.7081,35.0231],[134.7075,35.0244],[134.709,35.0268],[134.709,35.0286],[134.7103,35.0316],[134.7142,35.0344],[134.7154,35.0333],[134.7177,35.0344],[134.7186,35.0357],[134.7206,35.0355],[134.7222,35.0382],[134.721,35.04],[134.7215,35.042],[134.7184,35.0437],[134.7194,35.0482],[134.719,35.0519],[134.7203,35.0532],[134.7186,35.0541],[134.7174,35.0565],[134.7147,35.056],[134.7126,35.0544],[134.71,35.0537],[134.7067,35.0554],[134.7057,35.0551],[134.7043,35.0574],[134.7015,35.0585],[134.7003,35.061],[134.7015,35.0619],[134.7017,35.0641],[134.6997,35.0673],[134.6985,35.0685],[134.6983,35.0716],[134.6989,35.0733],[134.7005,35.0756],[134.6989,35.0775],[134.6963,35.078],[134.6911,35.0802],[134.6856,35.082],[134.6832,35.0852],[134.6843,35.089],[134.6843,35.0907],[134.6856,35.0918],[134.6833,35.0927],[134.679,35.0935],[134.6762,35.0935],[134.6754,35.0943],[134.6718,35.0932],[134.6676,35.092],[134.6639,35.0899],[134.6626,35.0898],[134.6633,35.0876],[134.6616,35.0856],[134.6601,35.0813],[134.6589,35.0811],[134.6562,35.0835],[134.6539,35.0834],[134.6518,35.0848],[134.6502,35.0875],[134.6481,35.0885],[134.6467,35.088],[134.6411,35.0884],[134.6389,35.0879],[134.637,35.0881],[134.6347,35.087],[134.6334,35.0855],[134.6307,35.085],[134.6299,35.0826],[134.6273,35.082],[134.6251,35.0821],[134.6248,35.0848],[134.6237,35.0865],[134.6182,35.0851],[134.6181,35.0839],[134.6148,35.0809],[134.6137,35.0775],[134.6107,35.0748],[134.6082,35.071],[134.6062,35.0693],[134.6067,35.0674],[134.6053,35.0619],[134.6062,35.0607],[134.61,35.0617],[134.6102,35.0605],[134.6087,35.0586],[134.6072,35.0582],[134.6034,35.0592],[134.6015,35.0584],[134.5992,35.0587],[134.6006,35.0557],[134.5986,35.0542],[134.598,35.0504],[134.5948,35.0484],[134.5916,35.0443],[134.5914,35.0434],[134.5939,35.0417],[134.5941,35.0407],[134.5913,35.0352],[134.5923,35.0305],[134.5922,35.026],[134.5944,35.0226],[134.5926,35.0188],[134.5925,35.0164],[134.5895,35.0117],[134.5852,35.0086],[134.5829,35.0056],[134.5848,35.0032],[134.5846,35],[134.5818,34.9958],[134.5793,34.9942],[134.5795,34.992],[134.5792,34.9883],[134.5787,34.9871],[134.5754,34.9883],[134.5723,34.9863],[134.5704,34.9858],[134.5694,34.9839],[134.5667,34.9819],[134.5658,34.9805],[134.5657,34.9782],[134.5642,34.9769],[134.5657,34.9748],[134.5655,34.9731],[134.5644,34.9721],[134.5653,34.9709],[134.5679,34.9693],[134.57,34.9687],[134.5714,34.9691],[134.5734,34.968],[134.5742,34.9643],[134.5728,34.9604],[134.5707,34.9567],[134.5704,34.9543],[134.5703,34.9518],[134.5712,34.9487],[134.5725,34.948],[134.5723,34.9462],[134.5726,34.9418],[134.5738,34.9406],[134.5737,34.9372],[134.5732,34.935],[134.5719,34.9343],[134.5705,34.9321],[134.5682,34.931],[134.5679,34.9275],[134.5685,34.9246],[134.5696,34.9236],[134.5702,34.9199],[134.5688,34.9184],[134.5691,34.9158],[134.571,34.9153],[134.5718,34.9135],[134.5719,34.9114],[134.5697,34.9111],[134.5676,34.9101],[134.5661,34.9087],[134.5658,34.9057],[134.5634,34.9032],[134.5654,34.9011],[134.5686,34.8996],[134.5705,34.8979],[134.5711,34.8964],[134.5732,34.8963],[134.5747,34.8955],[134.5775,34.8952],[134.5779,34.8962],[134.5811,34.8963],[134.5819,34.8946],[134.5856,34.8964],[134.588,34.8947],[134.5894,34.897],[134.5934,34.8983],[134.5966,34.8969],[134.598,34.8949],[134.598,34.8874],[134.5977,34.8849],[134.5967,34.8831],[134.5984,34.8804],[134.5966,34.8795],[134.596,34.8782],[134.5945,34.8782],[134.5914,34.876],[134.5922,34.8744],[134.5916,34.8732],[134.5896,34.8725],[134.5874,34.8702],[134.5886,34.8687],[134.5871,34.8676],[134.5845,34.864],[134.5853,34.8614],[134.5847,34.8602],[134.5885,34.8591],[134.5888,34.8564],[134.5905,34.857],[134.5936,34.8571],[134.5945,34.8589],[134.5966,34.8585],[134.5999,34.8557],[134.5995,34.8524],[134.6011,34.8522],[134.607,34.8496],[134.6088,34.8507],[134.6097,34.8521],[134.613,34.8518],[134.6149,34.8533],[134.6169,34.8528],[134.619,34.8505],[134.6183,34.8483],[134.6157,34.8485],[134.6153,34.8462],[134.6204,34.845],[134.6217,34.843],[134.6232,34.843],[134.6232,34.8395],[134.6284,34.8375],[134.6317,34.837],[134.6283,34.8348],[134.628,34.8334],[134.628,34.832],[134.628,34.8319],[134.6291,34.8302],[134.6301,34.8273],[134.6301,34.8268],[134.63,34.8261],[134.6291,34.825],[134.6284,34.8243],[134.6279,34.8239],[134.6278,34.8233],[134.6277,34.822],[134.6277,34.8219],[134.6276,34.8214],[134.6273,34.8208],[134.6267,34.8205],[134.6258,34.8202],[134.6255,34.8202],[134.6252,34.8202],[134.6251,34.8203],[134.625,34.8205],[134.625,34.8207]]],[[[134.4814,34.5947],[134.4822,34.5939],[134.4847,34.5964],[134.4855,34.5984],[134.4846,34.5998],[134.4814,34.5993],[134.4795,34.5996],[134.4793,34.5975],[134.4765,34.5958],[134.4764,34.5931],[134.4786,34.593],[134.4814,34.5947]]],[[[134.6385,34.6833],[134.64,34.6834],[134.6408,34.6853],[134.6392,34.6868],[134.6373,34.6874],[134.6361,34.6855],[134.6384,34.6855],[134.6385,34.6833]]],[[[134.7141,34.6885],[134.713,34.6874],[134.7136,34.6854],[134.7149,34.6855],[134.7153,34.6882],[134.7141,34.6885]]],[[[134.6083,34.6784],[134.6068,34.6787],[134.6065,34.6769],[134.6096,34.677],[134.6111,34.6777],[134.6096,34.6789],[134.6083,34.6784]]]]},"properties":{"prefectureCode":"28","prefectureName":"兵庫県","municipalityName":"姫路市","municipalityCode":"28201"}},
{"type":"Feature","geometry":{"type":"Polygon","coordinates":[[[135.4603,34.7331],[135.4589,34.7352],[135.4602,34.7479],[135.4592,34.7504],[135.4594,34.752],[135.4567,34.7517],[135.4558,34.7549],[135.4567,34.7582],[135.4559,34.7605],[135.454,34.7595],[135.4531,34.7579],[135.4511,34.7589],[135.4501,34.76],[135.4505,34.7621],[135.4499,34.765],[135.4504,34.7663],[135.4477,34.7685],[135.4447,34.7685],[135.4413,34.7684],[135.4399,34.7698],[135.4433,34.7708],[135.4432,34.7726],[135.4422,34.7735],[135.4397,34.7737],[135.4385,34.7725],[135.4363,34.7716],[135.4319,34.771],[135.4279,34.7693],[135.4213,34.7708],[135.4217,34.7678],[135.4202,34.7659],[135.4181,34.7658],[135.4189,34.7626],[135.4162,34.7625],[135.416,34.7602],[135.4169,34.758],[135.4154,34.7568],[135.4142,34.7592],[135.4111,34.7601],[135.4104,34.7611],[135.4071,34.7609],[135.4057,34.7638],[135.4028,34.7657],[135.4023,34.7624],[135.4009,34.7613],[135.3985,34.7609],[135.3963,34.7619],[135.3921,34.7652],[135.39,34.7655],[135.3907,34.7679],[135.3896,34.7708],[135.3874,34.7706],[135.387,34.7689],[135.384,34.7687],[135.3826,34.7697],[135.3839,34.7717],[135.3828,34.7738],[135.3816,34.7743],[135.3796,34.7762],[135.3789,34.7788],[135.3765,34.7788],[135.3763,34.7804],[135.3735,34.7812],[135.3738,34.78],[135.3744,34.7697],[135.3743,34.7666],[135.3733,34.7614],[135.3734,34.7573],[135.3767,34.7455],[135.3801,34.7398],[135.3808,34.7359],[135.3796,34.7309],[135.3805,34.7283],[135.3839,34.7238],[135.3842,34.7212],[135.3819,34.7158],[135.3785,34.7063],[135.3724,34.6936],[135.3738,34.693],[135.3724,34.6899],[135.3686,34.6832],[135.3713,34.6809],[135.3767,34.6857],[135.3753,34.6874],[135.3776,34.6927],[135.3789,34.6916],[135.3811,34.6913],[135.3824,34.6936],[135.3835,34.6938],[135.3853,34.6964],[135.3867,34.6959],[135.3852,34.6928],[135.3893,34.6919],[135.3921,34.6947],[135.3938,34.697],[135.3939,34.698],[135.3921,34.7005],[135.3931,34.7011],[135.3947,34.6988],[135.396,34.7003],[135.3981,34.7003],[135.4012,34.6992],[135.4001,34.6976],[135.3927,34.6882],[135.382,34.6823],[135.3757,34.68],[135.3739,34.6786],[135.3762,34.6767],[135.392,34.6801],[135.4045,34.6955],[135.4064,34.6976],[135.4073,34.6971],[135.4086,34.6988],[135.4129,34.702],[135.4164,34.7034],[135.4246,34.7059],[135.4259,34.7068],[135.4296,34.7113],[135.4311,34.7123],[135.437,34.715],[135.442,34.7165],[135.4458,34.7181],[135.447,34.7191],[135.4481,34.7217],[135.4476,34.7239],[135.4464,34.7258],[135.4456,34.7291],[135.4471,34.733],[135.449,34.7341],[135.4554,34.7343],[135.4603,34.7331]]]},"properties":{"prefectureCode":"28","prefectureName":"兵庫県","municipalityName":"尼崎市","municipalityCode":"28202"}},
{"type":"Feature","geometry":{"type":"MultiPolygon","coordinates":[[[[134.9125,34.7213],[134.9115,34.7212],[134.9081,34.7222],[134.9069,34.7248],[134.9043,34.7256],[134.9,34.7256],[134.8975,34.7254],[134.8948,34.7244],[134.8929,34.7243],[134.8909,34.7226],[134.8907,34.7212],[134.8892,34.7195],[134.8875,34.7188],[134.8854,34.719],[134.8846,34.7158],[134.8827,34.7137],[134.8806,34.7102],[134.8782,34.709],[134.8756,34.7085],[134.8745,34.7064],[134.8723,34.7054],[134.8705,34.7028],[134.8723,34.7015],[134.8768,34.7],[134.8839,34.6954],[134.8861,34.6934],[134.8866,34.6944],[134.8909,34.6921],[134.8925,34.6905],[134.8956,34.689],[134.9007,34.6843],[134.9035,34.6815],[134.9076,34.6765],[134.9103,34.6753],[134.9137,34.6758],[134.9163,34.6753],[134.9297,34.671],[134.9327,34.6691],[134.936,34.6664],[134.943,34.6632],[134.9447,34.6617],[134.9472,34.6596],[134.9497,34.6584],[134.9572,34.6521],[134.9629,34.6493],[134.9638,34.6472],[134.9656,34.6463],[134.9666,34.6475],[134.9726,34.6438],[134.9756,34.6437],[134.9814,34.6422],[134.9878,34.6417],[134.9901,34.6423],[134.9894,34.6436],[134.9903,34.6453],[134.9948,34.6449],[134.9953,34.6442],[134.9946,34.642],[135.0035,34.6425],[135.0118,34.6421],[135.0164,34.6426],[135.0172,34.641],[135.0187,34.6432],[135.0203,34.6468],[135.0201,34.6474],[135.0235,34.65],[135.0248,34.6515],[135.0297,34.6553],[135.0325,34.6585],[135.0309,34.6596],[135.0269,34.6619],[135.0264,34.6606],[135.0223,34.6574],[135.0179,34.659],[135.0156,34.6574],[135.0139,34.6582],[135.014,34.6616],[135.0106,34.6615],[135.0075,34.6598],[135.0062,34.658],[135.0046,34.658],[135.0025,34.6591],[134.9997,34.6569],[134.9973,34.6589],[134.9963,34.659],[134.9924,34.6576],[134.9889,34.658],[134.9869,34.6574],[134.9837,34.661],[134.9817,34.6607],[134.9799,34.6577],[134.9767,34.6586],[134.9756,34.6609],[134.9753,34.6638],[134.9744,34.666],[134.9718,34.6682],[134.9716,34.6694],[134.97,34.6715],[134.9703,34.6734],[134.9721,34.6742],[134.9714,34.6775],[134.9695,34.678],[134.9673,34.68],[134.9656,34.6835],[134.9652,34.6856],[134.9659,34.6892],[134.9666,34.6894],[134.9663,34.6918],[134.9646,34.6944],[134.9642,34.6965],[134.9659,34.6976],[134.9647,34.6992],[134.9647,34.7011],[134.9631,34.703],[134.9633,34.7041],[134.9655,34.7049],[134.9651,34.7074],[134.966,34.7077],[134.9649,34.7104],[134.9649,34.7116],[134.9621,34.7131],[134.9597,34.7134],[134.9552,34.7125],[134.9519,34.7131],[134.9516,34.7116],[134.9487,34.7119],[134.9455,34.7128],[134.9429,34.7126],[134.9405,34.7082],[134.9374,34.7053],[134.9366,34.7054],[134.9342,34.7036],[134.9345,34.7022],[134.9328,34.7021],[134.9326,34.7003],[134.9306,34.6991],[134.9281,34.7022],[134.9247,34.7026],[134.9253,34.7037],[134.9227,34.7064],[134.9216,34.7069],[134.9215,34.7088],[134.919,34.7088],[134.9171,34.7073],[134.9147,34.7109],[134.9123,34.7112],[134.9119,34.7131],[134.9134,34.7145],[134.9124,34.7167],[134.9115,34.7168],[134.9101,34.7203],[134.9125,34.7213]]],[[[134.8629,34.6899],[134.8776,34.6844],[134.884,34.6919],[134.881,34.6948],[134.8724,34.7005],[134.8697,34.7014],[134.8683,34.6992],[134.8703,34.6985],[134.869,34.6958],[134.8666,34.6964],[134.8629,34.6899]]]]},"properties":{"prefectureCode":"28","prefectureName":"兵庫県","municipalityName":"明石市","municipalityCode":"28203"}},
{"type":"Feature","geometry":{"type":"MultiPolygon","coordinates":[[[[135.2675,34.781],[135.2694,34.7804],[135.2719,34.7812],[135.2845,34.7807],[135.2843,34.7794],[135.2869,34.7771],[135.289,34.7771],[135.2948,34.7754],[135.2955,34.7731],[135.2971,34.7731],[135.2968,34.771],[135.2985,34.7701],[135.2984,34.7687],[135.2997,34.7659],[135.3045,34.7635],[135.3056,34.7621],[135.3063,34.7598],[135.3087,34.7571],[135.3119,34.754],[135.3149,34.7485],[135.3174,34.7461],[135.3164,34.7448],[135.3174,34.7395],[135.3205,34.7366],[135.3209,34.7349],[135.3239,34.7306],[135.3247,34.7269],[135.3243,34.7258],[135.3283,34.7244],[135.3326,34.7231],[135.3347,34.7218],[135.3359,34.7257],[135.3389,34.724],[135.3389,34.7223],[135.3433,34.7197],[135.3437,34.7186],[135.349,34.7147],[135.3503,34.7152],[135.3526,34.713],[135.3585,34.7081],[135.3609,34.7058],[135.3628,34.7061],[135.3639,34.7051],[135.3617,34.7028],[135.363,34.7016],[135.3614,34.7004],[135.3597,34.7012],[135.3539,34.6968],[135.3632,34.6885],[135.3686,34.6927],[135.3674,34.6939],[135.3652,34.6939],[135.3685,34.6964],[135.3724,34.6936],[135.3785,34.7063],[135.3819,34.7158],[135.3842,34.7212],[135.3839,34.7238],[135.3805,34.7283],[135.3796,34.7309],[135.3808,34.7359],[135.3801,34.7398],[135.3767,34.7455],[135.3734,34.7573],[135.3733,34.7614],[135.3743,34.7666],[135.3744,34.7697],[135.3738,34.78],[135.3735,34.7812],[135.3724,34.7845],[135.3702,34.7827],[135.3707,34.7814],[135.3691,34.7809],[135.37,34.7783],[135.3696,34.7762],[135.3686,34.7757],[135.3664,34.7763],[135.3633,34.7761],[135.3573,34.7742],[135.3536,34.7721],[135.3531,34.7732],[135.3495,34.7734],[135.3474,34.7746],[135.3464,34.7744],[135.3425,34.7753],[135.3417,34.7776],[135.3417,34.7796],[135.3407,34.7804],[135.333,34.7824],[135.3263,34.7809],[135.3247,34.7826],[135.3203,34.7851],[135.3184,34.7853],[135.317,34.7877],[135.312,34.7891],[135.308,34.7885],[135.3068,34.7889],[135.3041,34.7879],[135.3009,34.7879],[135.303,34.7905],[135.307,34.7921],[135.305,34.795],[135.3033,34.7993],[135.302,34.801],[135.3024,34.8024],[135.3042,34.8024],[135.3113,34.8053],[135.3123,34.8054],[135.3156,34.8077],[135.3175,34.8079],[135.3183,34.807],[135.3215,34.8075],[135.3288,34.8107],[135.3323,34.8136],[135.3338,34.8129],[135.3355,34.8136],[135.3377,34.8155],[135.3372,34.8172],[135.3348,34.8178],[135.3322,34.821],[135.333,34.8221],[135.3301,34.8247],[135.329,34.8264],[135.3277,34.8264],[135.3258,34.8244],[135.3248,34.8257],[135.3231,34.8262],[135.3253,34.8294],[135.325,34.8322],[135.3243,34.8344],[135.3209,34.8368],[135.321,34.8387],[135.316,34.8469],[135.3137,34.8489],[135.3161,34.853],[135.3155,34.8562],[135.3139,34.8582],[135.3118,34.8579],[135.3085,34.8557],[135.3057,34.8547],[135.3007,34.8541],[135.2996,34.8551],[135.3,34.8566],[135.3018,34.8584],[135.3007,34.8593],[135.2966,34.8587],[135.2937,34.8592],[135.2938,34.8613],[135.2915,34.8604],[135.2898,34.8556],[135.2886,34.8547],[135.2859,34.8555],[135.2838,34.8527],[135.2822,34.852],[135.2829,34.849],[135.2802,34.8476],[135.2749,34.8479],[135.2728,34.8468],[135.2697,34.8482],[135.2656,34.8484],[135.2645,34.848],[135.2643,34.8463],[135.262,34.8441],[135.2606,34.842],[135.2595,34.8419],[135.2572,34.8431],[135.252,34.844],[135.2477,34.8453],[135.244,34.8481],[135.2419,34.8477],[135.2399,34.8479],[135.2341,34.8455],[135.2332,34.8454],[135.2336,34.8429],[135.2329,34.8415],[135.2328,34.8372],[135.2319,34.8358],[135.232,34.8335],[135.2307,34.8317],[135.2311,34.8276],[135.2298,34.8267],[135.2297,34.8247],[135.2308,34.8206],[135.2328,34.819],[135.2333,34.8162],[135.2326,34.814],[135.2332,34.8127],[135.2367,34.8105],[135.2377,34.8104],[135.2397,34.8087],[135.2411,34.8086],[135.242,34.8068],[135.2409,34.8044],[135.241,34.8026],[135.2439,34.8037],[135.2467,34.8039],[135.2483,34.8065],[135.2488,34.8087],[135.2506,34.8082],[135.2515,34.8058],[135.2531,34.8047],[135.2551,34.8058],[135.2571,34.8058],[135.2591,34.805],[135.2609,34.8053],[135.2642,34.8033],[135.2648,34.8021],[135.2669,34.8025],[135.2698,34.8018],[135.2686,34.7968],[135.2704,34.796],[135.2699,34.794],[135.2709,34.7918],[135.269,34.7906],[135.2696,34.7896],[135.2685,34.7859],[135.2687,34.7835],[135.2675,34.781]]],[[[135.325,34.7104],[135.3335,34.7104],[135.3388,34.7109],[135.3412,34.7158],[135.3402,34.718],[135.3347,34.7213],[135.3302,34.7217],[135.3248,34.717],[135.325,34.7104]]],[[[135.35,34.705],[135.3531,34.7073],[135.3524,34.7087],[135.3501,34.7103],[135.3477,34.7127],[135.3475,34.7141],[135.3432,34.7154],[135.3424,34.7137],[135.345,34.7048],[135.3471,34.7029],[135.35,34.705]]]]},"properties":{"prefectureCode":"28","prefectureName":"兵庫県","municipalityName":"西宮市","municipalityCode":"28204"}},
{"type":"Feature","geometry":{"type":"MultiPolygon","coordinates":[[[[134.9453,34.2976],[134.9455,34.2955],[134.9472,34.2931],[134.9484,34.2935],[134.9521,34.2924],[134.9524,34.2878],[134.9539,34.2858],[134.9575,34.283],[134.9582,34.2806],[134.9572,34.2779],[134.9585,34.2776],[134.9583,34.2817],[134.9577,34.2831],[134.9558,34.2849],[134.9534,34.2891],[134.9525,34.2927],[134.9492,34.2958],[134.9482,34.2979],[134.9453,34.2976]]],[[[134.7406,34.3525],[134.7426,34.3522],[134.744,34.3533],[134.7481,34.3541],[134.7528,34.3536],[134.755,34.354],[134.7577,34.3533],[134.7585,34.3484],[134.7616,34.3478],[134.7665,34.3487],[134.772,34.3515],[134.7724,34.3529],[134.7748,34.3546],[134.7759,34.3494],[134.7771,34.3483],[134.7797,34.3489],[134.7809,34.35],[134.7837,34.3513],[134.786,34.3503],[134.7882,34.3481],[134.7911,34.3478],[134.7941,34.3485],[134.7973,34.3482],[134.8007,34.3486],[134.8011,34.35],[134.8067,34.3512],[134.8085,34.3524],[134.8103,34.3527],[134.811,34.3547],[134.8135,34.3559],[134.8157,34.3556],[134.8164,34.3522],[134.8191,34.3473],[134.8203,34.3467],[134.8223,34.344],[134.8265,34.3425],[134.8259,34.3388],[134.8283,34.3378],[134.8312,34.3379],[134.8327,34.337],[134.8355,34.3367],[134.8401,34.3341],[134.8411,34.333],[134.8424,34.3341],[134.844,34.3331],[134.8466,34.3338],[134.848,34.3328],[134.8468,34.3311],[134.8447,34.3295],[134.8406,34.3274],[134.8421,34.3254],[134.8431,34.325],[134.8428,34.3229],[134.8435,34.3223],[134.844,34.3199],[134.8425,34.3183],[134.8412,34.316],[134.8401,34.3159],[134.8359,34.3188],[134.8353,34.3163],[134.8356,34.3102],[134.8354,34.3089],[134.8365,34.3067],[134.8395,34.3061],[134.8388,34.3031],[134.8404,34.3023],[134.8415,34.3002],[134.8411,34.2968],[134.8396,34.2958],[134.8409,34.2917],[134.8421,34.2916],[134.8442,34.2901],[134.8423,34.2869],[134.8423,34.2842],[134.8415,34.2801],[134.8388,34.2791],[134.8372,34.2774],[134.8378,34.2764],[134.8375,34.2737],[134.8358,34.2723],[134.8346,34.2696],[134.8355,34.2687],[134.8389,34.2683],[134.8442,34.2659],[134.8466,34.266],[134.8476,34.2653],[134.8477,34.2632],[134.8491,34.2619],[134.8487,34.261],[134.8504,34.2583],[134.8523,34.2564],[134.8556,34.2567],[134.8571,34.2524],[134.8591,34.2516],[134.8615,34.2489],[134.8625,34.2473],[134.8681,34.2444],[134.8693,34.243],[134.8686,34.2417],[134.8702,34.24],[134.8715,34.2399],[134.8797,34.2423],[134.8846,34.2442],[134.8907,34.2473],[134.8936,34.2495],[134.8984,34.2522],[134.9009,34.2525],[134.9068,34.2545],[134.9121,34.2554],[134.9143,34.2554],[134.9174,34.2565],[134.9241,34.258],[134.9309,34.2607],[134.935,34.2618],[134.9369,34.2628],[134.946,34.2645],[134.9483,34.2657],[134.9516,34.2665],[134.9535,34.2698],[134.9542,34.273],[134.954,34.2742],[134.9517,34.2738],[134.949,34.2743],[134.9483,34.2781],[134.949,34.2791],[134.9475,34.2806],[134.9477,34.284],[134.949,34.2844],[134.9491,34.2868],[134.9483,34.2875],[134.9471,34.2904],[134.9451,34.2935],[134.944,34.2971],[134.943,34.2982],[134.9403,34.2993],[134.9367,34.3022],[134.9344,34.3034],[134.9311,34.3039],[134.9285,34.3052],[134.9227,34.3098],[134.921,34.3114],[134.9193,34.314],[134.9182,34.3173],[134.9183,34.3203],[134.9177,34.3239],[134.9155,34.3314],[134.9149,34.3298],[134.9136,34.3296],[134.9131,34.332],[134.9133,34.3337],[134.9149,34.3365],[134.9135,34.3389],[134.9118,34.3408],[134.9099,34.3412],[134.9072,34.3405],[134.9047,34.3406],[134.9036,34.3412],[134.899,34.3459],[134.8975,34.3469],[134.8972,34.3487],[134.8949,34.3522],[134.8937,34.3532],[134.8959,34.357],[134.8955,34.3597],[134.8964,34.3612],[134.8955,34.3631],[134.8961,34.3664],[134.8977,34.3669],[134.898,34.3691],[134.897,34.3732],[134.8981,34.3745],[134.8964,34.3768],[134.8961,34.381],[134.897,34.3821],[134.8958,34.3855],[134.8958,34.3878],[134.8947,34.399],[134.8914,34.3985],[134.889,34.3959],[134.8869,34.3963],[134.8805,34.3944],[134.879,34.3944],[134.8803,34.3972],[134.8802,34.3995],[134.8812,34.4036],[134.8782,34.4069],[134.8776,34.4094],[134.8744,34.412],[134.8723,34.4109],[134.8711,34.4125],[134.8678,34.4133],[134.864,34.4136],[134.8631,34.4107],[134.8596,34.407],[134.8582,34.4039],[134.8544,34.4017],[134.8508,34.402],[134.8481,34.4036],[134.8463,34.4058],[134.8456,34.4079],[134.8432,34.41],[134.8417,34.4124],[134.8422,34.4135],[134.8424,34.4165],[134.8444,34.4182],[134.8438,34.4192],[134.8434,34.4194],[134.8433,34.4195],[134.8433,34.4197],[134.8432,34.4201],[134.8432,34.4203],[134.8431,34.4203],[134.8427,34.4204],[134.8421,34.4207],[134.8417,34.421],[134.8412,34.4211],[134.8409,34.4213],[134.8405,34.4215],[134.84,34.4217],[134.8398,34.4218],[134.839,34.4221],[134.8379,34.4221],[134.8371,34.4222],[134.8367,34.4224],[134.8359,34.4225],[134.8357,34.4223],[134.8356,34.4222],[134.8356,34.4217],[134.8355,34.4215],[134.8353,34.4214],[134.8349,34.4215],[134.8343,34.4219],[134.834,34.4221],[134.8336,34.4222],[134.8334,34.4222],[134.8333,34.4222],[134.8328,34.4222],[134.8304,34.4213],[134.8292,34.4209],[134.8289,34.4209],[134.8288,34.4209],[134.8282,34.4207],[134.828,34.4206],[134.828,34.4205],[134.8277,34.4203],[134.8272,34.4201],[134.8269,34.4202],[134.8263,34.4204],[134.8255,34.4204],[134.8242,34.4201],[134.8238,34.42],[134.8227,34.4204],[134.8219,34.4201],[134.8208,34.4202],[134.8204,34.4204],[134.8202,34.4206],[134.8196,34.4211],[134.8195,34.4213],[134.8193,34.4215],[134.8191,34.4217],[134.8179,34.4221],[134.8177,34.4221],[134.8174,34.422],[134.817,34.4218],[134.8167,34.4219],[134.8151,34.4217],[134.8149,34.4217],[134.8142,34.422],[134.8135,34.4225],[134.8134,34.4232],[134.8133,34.4235],[134.8133,34.4237],[134.8132,34.4237],[134.8131,34.4239],[134.813,34.4243],[134.8129,34.4245],[134.8129,34.425],[134.8129,34.4253],[134.8128,34.4259],[134.8125,34.4265],[134.8124,34.4265],[134.8122,34.4265],[134.8118,34.4264],[134.8112,34.4263],[134.8099,34.426],[134.8089,34.4253],[134.8086,34.425],[134.8085,34.4248],[134.8082,34.4244],[134.808,34.4242],[134.8079,34.4241],[134.8065,34.4231],[134.8064,34.4231],[134.8063,34.4233],[134.8064,34.4235],[134.8064,34.4237],[134.8062,34.4238],[134.8059,34.4239],[134.8054,34.424],[134.8047,34.424],[134.8039,34.424],[134.8026,34.424],[134.8012,34.424],[134.8007,34.4237],[134.7991,34.4243],[134.7988,34.4247],[134.7983,34.425],[134.798,34.4253],[134.7975,34.4256],[134.7971,34.4257],[134.7968,34.4258],[134.7966,34.4259],[134.7959,34.4264],[134.7956,34.4264],[134.7948,34.426],[134.7942,34.426],[134.7938,34.4261],[134.7935,34.4265],[134.7933,34.4266],[134.7927,34.4265],[134.7924,34.4267],[134.7923,34.4267],[134.7917,34.4272],[134.7916,34.4273],[134.7914,34.4273],[134.7907,34.4273],[134.7904,34.4273],[134.7898,34.4272],[134.7891,34.4272],[134.7889,34.4272],[134.7883,34.4272],[134.7879,34.4272],[134.7853,34.4206],[134.7832,34.417],[134.7797,34.4134],[134.7758,34.4165],[134.7753,34.4157],[134.7761,34.4136],[134.7756,34.4114],[134.7716,34.4017],[134.7686,34.395],[134.7667,34.3914],[134.7638,34.3869],[134.7613,34.3851],[134.7595,34.3845],[134.7564,34.3856],[134.755,34.3848],[134.7526,34.3789],[134.7514,34.3774],[134.7505,34.3741],[134.746,34.3643],[134.7452,34.3619],[134.7415,34.3551],[134.7406,34.3525]]]]},"properties":{"prefectureCode":"28","prefectureName":"兵庫県","municipalityName":"洲本市","municipalityCode":"28205"}},
{"type":"Feature","geometry":{"type":"MultiPolygon","coordinates":[[[[135.3035,34.7191],[135.3055,34.7185],[135.306,34.7145],[135.3239,34.7181],[135.3239,34.7247],[135.3243,34.7258],[135.3247,34.7269],[135.3239,34.7306],[135.3209,34.7349],[135.3205,34.7366],[135.3174,34.7395],[135.3164,34.7448],[135.3174,34.7461],[135.3149,34.7485],[135.3119,34.754],[135.3087,34.7571],[135.3063,34.7598],[135.3056,34.7621],[135.3045,34.7635],[135.2997,34.7659],[135.2984,34.7687],[135.2985,34.7701],[135.2968,34.771],[135.2971,34.7731],[135.2955,34.7731],[135.2948,34.7754],[135.289,34.7771],[135.2869,34.7771],[135.2843,34.7794],[135.2845,34.7807],[135.2719,34.7812],[135.2694,34.7804],[135.2675,34.781],[135.2668,34.7803],[135.2685,34.7778],[135.2685,34.7768],[135.2724,34.7696],[135.2737,34.7678],[135.2758,34.7664],[135.2775,34.7641],[135.2778,34.7623],[135.28,34.7605],[135.2806,34.7586],[135.2805,34.7544],[135.281,34.7532],[135.2802,34.7519],[135.2812,34.7508],[135.2853,34.7485],[135.2871,34.7479],[135.2893,34.7446],[135.2843,34.7444],[135.2885,34.7408],[135.2904,34.7409],[135.2907,34.7386],[135.2921,34.7358],[135.2926,34.7334],[135.2935,34.7334],[135.2961,34.7284],[135.2962,34.7272],[135.2996,34.7284],[135.3011,34.7256],[135.3035,34.7191]]],[[[135.3066,34.7083],[135.3109,34.7074],[135.3118,34.7056],[135.321,34.7049],[135.3221,34.7057],[135.3221,34.7079],[135.3202,34.7084],[135.3193,34.7115],[135.3207,34.712],[135.3212,34.7086],[135.3221,34.7085],[135.3219,34.7164],[135.3062,34.7133],[135.3066,34.7083]]]]},"properties":{"prefectureCode":"28","prefectureName":"兵庫県","municipalityName":"芦屋市","municipalityCode":"28206"}},
{"type":"Feature","geometry":{"type":"Polygon","coordinates":[[[135.4411,34.7919],[135.4385,34.792],[135.4291,34.8015],[135.4276,34.8023],[135.4237,34.8021],[135.4231,34.8014],[135.4186,34.8018],[135.4127,34.8014],[135.4099,34.8017],[135.4041,34.8005],[135.4013,34.8058],[135.4006,34.8083],[135.3979,34.8079],[135.3975,34.8068],[135.3948,34.8057],[135.3932,34.8073],[135.3917,34.8109],[135.3892,34.8148],[135.3875,34.8154],[135.3862,34.8144],[135.3799,34.8123],[135.3771,34.8117],[135.3754,34.8108],[135.3788,34.804],[135.3821,34.7979],[135.3834,34.7961],[135.3808,34.7952],[135.3798,34.794],[135.3784,34.7909],[135.3734,34.7923],[135.3727,34.7939],[135.3698,34.7924],[135.37,34.7901],[135.3712,34.7866],[135.3724,34.7845],[135.3735,34.7812],[135.3763,34.7804],[135.3765,34.7788],[135.3789,34.7788],[135.3796,34.7762],[135.3816,34.7743],[135.3828,34.7738],[135.3839,34.7717],[135.3826,34.7697],[135.384,34.7687],[135.387,34.7689],[135.3874,34.7706],[135.3896,34.7708],[135.3907,34.7679],[135.39,34.7655],[135.3921,34.7652],[135.3963,34.7619],[135.3985,34.7609],[135.4009,34.7613],[135.4023,34.7624],[135.4028,34.7657],[135.4057,34.7638],[135.4071,34.7609],[135.4104,34.7611],[135.4111,34.7601],[135.4142,34.7592],[135.4154,34.7568],[135.4169,34.758],[135.416,34.7602],[135.4162,34.7625],[135.4189,34.7626],[135.4181,34.7658],[135.4202,34.7659],[135.4217,34.7678],[135.4213,34.7708],[135.4279,34.7693],[135.4319,34.771],[135.4363,34.7716],[135.4385,34.7725],[135.4397,34.7737],[135.4422,34.7735],[135.4432,34.7726],[135.4433,34.7708],[135.4399,34.7698],[135.4413,34.7684],[135.4447,34.7685],[135.4445,34.7698],[135.4454,34.7714],[135.4455,34.774],[135.4462,34.7753],[135.4451,34.7807],[135.4438,34.7824],[135.4438,34.7842],[135.4425,34.7843],[135.4428,34.7862],[135.4417,34.7889],[135.4427,34.791],[135.4411,34.7919]]]},"properties":{"prefectureCode":"28","prefectureName":"兵庫県","municipalityName":"伊丹市","municipalityCode":"28207"}},
{"type":"Feature","geometry":{"type":"Polygon","coordinates":[[[134.475,34.7578],[134.475,34.7581],[134.4751,34.7587],[134.4751,34.759],[134.4752,34.7594],[134.476,34.7602],[134.4761,34.7605],[134.4758,34.761],[134.4753,34.7619],[134.4755,34.7619],[134.476,34.7622],[134.4761,34.7623],[134.4765,34.7629],[134.4767,34.7634],[134.477,34.7638],[134.4774,34.7641],[134.4777,34.7646],[134.4778,34.765],[134.4772,34.7657],[134.4769,34.766],[134.4768,34.7664],[134.4767,34.7664],[134.4765,34.7667],[134.476,34.767],[134.476,34.7672],[134.4762,34.7674],[134.4762,34.7678],[134.4765,34.7692],[134.4763,34.7698],[134.4769,34.7716],[134.4775,34.7717],[134.4796,34.7722],[134.4802,34.7722],[134.4803,34.7723],[134.4804,34.7724],[134.4805,34.7729],[134.4816,34.7745],[134.4819,34.7747],[134.482,34.7748],[134.4822,34.7752],[134.4824,34.7756],[134.4829,34.776],[134.4832,34.7761],[134.4833,34.7761],[134.4842,34.7761],[134.4845,34.7761],[134.4855,34.7764],[134.4857,34.7764],[134.486,34.7764],[134.4871,34.7764],[134.4886,34.7767],[134.4888,34.7769],[134.4897,34.7775],[134.4904,34.7778],[134.4908,34.7783],[134.4917,34.7787],[134.4925,34.7791],[134.4929,34.7791],[134.4935,34.7789],[134.4945,34.7791],[134.4973,34.78],[134.4983,34.7806],[134.4994,34.7829],[134.5,34.783],[134.5003,34.783],[134.5025,34.7837],[134.503,34.7853],[134.5012,34.7891],[134.5,34.7906],[134.5,34.7909],[134.4996,34.7915],[134.4995,34.7917],[134.499,34.7926],[134.4982,34.7932],[134.498,34.7938],[134.4979,34.7949],[134.4978,34.7958],[134.4977,34.797],[134.4977,34.7976],[134.4978,34.7978],[134.4991,34.7986],[134.4992,34.7986],[134.4992,34.7999],[134.4993,34.8],[134.4994,34.8],[134.5001,34.8001],[134.502,34.8018],[134.5019,34.8071],[134.501,34.8088],[134.5015,34.8103],[134.5036,34.8133],[134.5028,34.8155],[134.5,34.8188],[134.4998,34.8189],[134.4994,34.8191],[134.4992,34.8199],[134.4993,34.8202],[134.4994,34.8205],[134.4989,34.821],[134.4986,34.8216],[134.4981,34.8225],[134.4981,34.8228],[134.4983,34.8236],[134.4983,34.825],[134.4984,34.8277],[134.4985,34.8281],[134.4985,34.8284],[134.4984,34.8293],[134.4987,34.8294],[134.4984,34.83],[134.4983,34.8303],[134.4981,34.8303],[134.4973,34.8302],[134.4972,34.8302],[134.497,34.83],[134.4968,34.8299],[134.4965,34.8295],[134.4962,34.8292],[134.4961,34.8291],[134.4958,34.8289],[134.4957,34.8289],[134.4953,34.8289],[134.4945,34.8288],[134.4943,34.8284],[134.4928,34.8272],[134.4919,34.8266],[134.4917,34.8264],[134.4913,34.8262],[134.4912,34.8261],[134.4909,34.826],[134.49,34.8259],[134.4894,34.826],[134.4886,34.8259],[134.4879,34.8258],[134.4876,34.8258],[134.4871,34.8262],[134.4864,34.8267],[134.4854,34.8275],[134.4845,34.8284],[134.4843,34.8286],[134.4842,34.8287],[134.4841,34.8288],[134.4838,34.8291],[134.4835,34.8295],[134.4822,34.8306],[134.4822,34.8308],[134.4823,34.8311],[134.4824,34.8313],[134.4822,34.8316],[134.482,34.8317],[134.4801,34.8334],[134.4793,34.8353],[134.4811,34.8391],[134.4794,34.8419],[134.4746,34.8425],[134.4757,34.8433],[134.4757,34.8459],[134.4749,34.8473],[134.4712,34.8492],[134.4669,34.8476],[134.4645,34.8505],[134.4651,34.8532],[134.4639,34.8614],[134.4656,34.8638],[134.4683,34.863],[134.4706,34.8633],[134.4724,34.8652],[134.4757,34.8651],[134.4783,34.8683],[134.4811,34.8695],[134.4836,34.8742],[134.4841,34.8772],[134.4827,34.8788],[134.4846,34.8798],[134.487,34.8792],[134.4887,34.8823],[134.4922,34.883],[134.4918,34.8844],[134.49,34.8851],[134.4882,34.8866],[134.488,34.8889],[134.4902,34.891],[134.4944,34.8913],[134.496,34.8932],[134.4941,34.8947],[134.4935,34.8962],[134.4914,34.897],[134.4894,34.8997],[134.4912,34.9018],[134.4914,34.9047],[134.4892,34.905],[134.4884,34.9064],[134.4857,34.9074],[134.4839,34.9103],[134.4804,34.9111],[134.4795,34.9122],[134.4806,34.9143],[134.4799,34.9164],[134.4808,34.9174],[134.4843,34.917],[134.4868,34.9193],[134.4846,34.9217],[134.4803,34.9218],[134.4749,34.9212],[134.4736,34.9179],[134.4719,34.9155],[134.4706,34.9107],[134.4707,34.9077],[134.4685,34.9082],[134.4688,34.9096],[134.4676,34.9102],[134.4661,34.9095],[134.4625,34.9089],[134.4609,34.9104],[134.459,34.9092],[134.4576,34.9102],[134.4547,34.9092],[134.4496,34.9086],[134.4486,34.909],[134.4455,34.9094],[134.4451,34.9079],[134.4429,34.9064],[134.4429,34.9046],[134.4399,34.9031],[134.4375,34.903],[134.4341,34.9041],[134.4335,34.9006],[134.432,34.9],[134.4332,34.8968],[134.4296,34.8968],[134.4289,34.8952],[134.4261,34.8945],[134.4254,34.8927],[134.4234,34.8899],[134.4199,34.8871],[134.42,34.8853],[134.4189,34.8835],[134.4192,34.8817],[134.4227,34.8806],[134.4244,34.8791],[134.4227,34.8772],[134.4201,34.8757],[134.4212,34.8738],[134.4208,34.8721],[134.4195,34.871],[134.4194,34.8697],[134.4177,34.8691],[134.4178,34.8674],[134.4159,34.8641],[134.417,34.8629],[134.4154,34.8592],[134.416,34.8571],[134.4156,34.8548],[134.4122,34.8515],[134.4091,34.8493],[134.4091,34.8467],[134.4096,34.8443],[134.4085,34.8383],[134.4123,34.8356],[134.4126,34.8337],[134.4126,34.8333],[134.4127,34.8332],[134.4127,34.8329],[134.4128,34.8324],[134.413,34.8316],[134.4134,34.8307],[134.4131,34.8293],[134.413,34.8291],[134.4128,34.8288],[134.4127,34.8286],[134.4116,34.8279],[134.4109,34.8276],[134.4097,34.8259],[134.4095,34.8257],[134.4095,34.8256],[134.4094,34.8253],[134.4094,34.8251],[134.4093,34.825],[134.4092,34.8249],[134.4092,34.8244],[134.4093,34.8239],[134.4096,34.8234],[134.4098,34.823],[134.4099,34.8226],[134.4105,34.8219],[134.4112,34.8215],[134.4128,34.8205],[134.4136,34.8205],[134.4137,34.8201],[134.4137,34.82],[134.4139,34.8195],[134.4139,34.8193],[134.4141,34.8191],[134.4152,34.8181],[134.4156,34.8176],[134.4162,34.8175],[134.4166,34.8173],[134.4168,34.8172],[134.4172,34.8163],[134.4172,34.8159],[134.4172,34.8157],[134.4176,34.8154],[134.4183,34.8152],[134.4187,34.8151],[134.4203,34.8147],[134.4205,34.8143],[134.4206,34.8139],[134.4206,34.8137],[134.4208,34.8133],[134.421,34.8129],[134.4214,34.8125],[134.4216,34.8122],[134.4221,34.812],[134.4223,34.812],[134.4225,34.812],[134.4229,34.8121],[134.4233,34.8121],[134.4234,34.812],[134.4235,34.8118],[134.4237,34.8113],[134.4238,34.8106],[134.4246,34.8104],[134.425,34.8099],[134.4252,34.8096],[134.4254,34.8093],[134.4255,34.8091],[134.4253,34.8086],[134.4247,34.8069],[134.425,34.806],[134.425,34.8059],[134.4245,34.8049],[134.4246,34.8045],[134.4249,34.8041],[134.425,34.804],[134.425,34.8039],[134.4248,34.8038],[134.4239,34.8034],[134.4237,34.8033],[134.4236,34.8032],[134.4235,34.8029],[134.4234,34.8027],[134.4233,34.8023],[134.4232,34.8021],[134.4232,34.8019],[134.4233,34.8018],[134.4235,34.8015],[134.4238,34.8011],[134.4237,34.801],[134.4236,34.8008],[134.4234,34.8006],[134.4234,34.8004],[134.4235,34.8001],[134.4234,34.8],[134.4233,34.7998],[134.4235,34.7993],[134.4236,34.7991],[134.4233,34.7987],[134.423,34.7985],[134.4228,34.7985],[134.4228,34.7984],[134.4226,34.798],[134.4223,34.7978],[134.4223,34.7977],[134.4231,34.7958],[134.4232,34.7954],[134.4237,34.795],[134.4237,34.7949],[134.4238,34.7948],[134.4244,34.7934],[134.4246,34.7929],[134.4252,34.7925],[134.4253,34.7924],[134.4254,34.7923],[134.4253,34.792],[134.4252,34.7917],[134.4253,34.7911],[134.4259,34.7895],[134.4257,34.789],[134.4256,34.7889],[134.4257,34.7889],[134.4275,34.7886],[134.4279,34.7885],[134.4285,34.7882],[134.4286,34.7881],[134.4287,34.7876],[134.4288,34.7873],[134.4292,34.787],[134.4295,34.7865],[134.4295,34.7864],[134.4296,34.7863],[134.4297,34.7863],[134.4304,34.7866],[134.4306,34.7866],[134.4308,34.7867],[134.4312,34.787],[134.4314,34.7873],[134.4319,34.7875],[134.4321,34.7878],[134.4322,34.788],[134.4324,34.7881],[134.4331,34.7884],[134.4333,34.7886],[134.4342,34.7896],[134.435,34.7897],[134.4354,34.7898],[134.4381,34.79],[134.4382,34.7899],[134.4394,34.7899],[134.4401,34.79],[134.4411,34.7905],[134.4415,34.7906],[134.4419,34.7907],[134.4421,34.7907],[134.4422,34.7907],[134.4423,34.7907],[134.4424,34.7905],[134.4431,34.7898],[134.4439,34.7892],[134.4446,34.7887],[134.4449,34.7884],[134.4455,34.7878],[134.4456,34.7877],[134.4445,34.7875],[134.4443,34.7875],[134.4434,34.7871],[134.4433,34.787],[134.443,34.7864],[134.4428,34.7861],[134.4425,34.786],[134.4423,34.7858],[134.4421,34.7855],[134.442,34.7853],[134.4417,34.7846],[134.4413,34.7844],[134.4414,34.7841],[134.4416,34.7836],[134.4415,34.7833],[134.4415,34.7824],[134.4414,34.782],[134.4412,34.7816],[134.4407,34.7812],[134.4407,34.7811],[134.4406,34.7802],[134.4405,34.7794],[134.4405,34.7793],[134.4411,34.7792],[134.4412,34.778],[134.4407,34.7765],[134.4405,34.776],[134.4405,34.7758],[134.4406,34.7753],[134.4406,34.7752],[134.4415,34.775],[134.4421,34.7749],[134.4425,34.775],[134.4432,34.775],[134.4439,34.7746],[134.4441,34.7745],[134.4448,34.7743],[134.4453,34.7744],[134.4465,34.7746],[134.4471,34.7747],[134.4474,34.7747],[134.4475,34.7747],[134.4476,34.7747],[134.448,34.7745],[134.4496,34.7744],[134.45,34.7743],[134.4501,34.7742],[134.4505,34.7736],[134.4509,34.7731],[134.4511,34.7731],[134.4517,34.7731],[134.4522,34.7732],[134.4523,34.7733],[134.4535,34.7725],[134.4538,34.7723],[134.4545,34.7719],[134.4551,34.7716],[134.4563,34.7709],[134.4566,34.7705],[134.4575,34.77],[134.4577,34.7699],[134.4579,34.7697],[134.4583,34.7694],[134.4587,34.7691],[134.4591,34.7689],[134.4594,34.7688],[134.4587,34.768],[134.4583,34.7674],[134.4583,34.7667],[134.4583,34.7657],[134.4581,34.7652],[134.458,34.7648],[134.4577,34.7644],[134.4576,34.7641],[134.4576,34.7629],[134.4569,34.7618],[134.4565,34.7616],[134.4561,34.7611],[134.4559,34.7607],[134.4556,34.7603],[134.4554,34.7601],[134.4549,34.7597],[134.4547,34.7591],[134.4545,34.7586],[134.4543,34.7583],[134.4543,34.758],[134.4544,34.7577],[134.4544,34.7572],[134.4543,34.7571],[134.4541,34.7569],[134.454,34.7568],[134.4539,34.7568],[134.4519,34.7554],[134.4515,34.7552],[134.4512,34.755],[134.4512,34.7549],[134.4511,34.7544],[134.4511,34.7542],[134.4508,34.7537],[134.4518,34.7537],[134.456,34.7561],[134.4569,34.7561],[134.458,34.76],[134.4599,34.7608],[134.4614,34.7625],[134.4626,34.7627],[134.4643,34.7643],[134.4603,34.7677],[134.4607,34.7689],[134.4588,34.7719],[134.4593,34.7729],[134.4568,34.7789],[134.4566,34.7804],[134.4582,34.7807],[134.4574,34.7833],[134.4573,34.7858],[134.4602,34.7867],[134.4614,34.7886],[134.4647,34.788],[134.4656,34.7893],[134.4661,34.7917],[134.4654,34.7925],[134.4662,34.795],[134.4679,34.7983],[134.4662,34.799],[134.4629,34.8025],[134.4595,34.8032],[134.4595,34.8039],[134.4645,34.8045],[134.4655,34.8074],[134.4666,34.8049],[134.4649,34.8033],[134.4681,34.8003],[134.4693,34.7997],[134.4701,34.7978],[134.4696,34.7958],[134.468,34.7927],[134.4695,34.7908],[134.4724,34.7887],[134.4761,34.7871],[134.4772,34.7856],[134.476,34.7845],[134.4697,34.7843],[134.4697,34.7784],[134.4722,34.777],[134.4712,34.7732],[134.47,34.7717],[134.4699,34.7684],[134.4716,34.7674],[134.4706,34.7658],[134.4723,34.7633],[134.4727,34.7609],[134.4735,34.76],[134.4735,34.756],[134.4743,34.7552],[134.4743,34.7556],[134.4745,34.7562],[134.4746,34.7564],[134.4749,34.7569],[134.475,34.7578]]]},"properties":{"prefectureCode":"28","prefectureName":"兵庫県","municipalityName":"相生市","municipalityCode":"28208"}},
{"type":"Feature","geometry":{"type":"Polygon","coordinates":[[[135.0498,35.4507],[135.0474,35.4526],[135.0473,35.4535],[135.0454,35.4551],[135.0449,35.4597],[135.0435,35.4623],[135.0444,35.4629],[135.0437,35.466],[135.0418,35.4674],[135.041,35.4697],[135.041,35.4733],[135.0395,35.4748],[135.0368,35.4755],[135.0353,35.475],[135.0351,35.477],[135.0357,35.4802],[135.0385,35.4804],[135.0401,35.4817],[135.0422,35.4891],[135.0418,35.4908],[135.0427,35.4923],[135.0422,35.4941],[135.0402,35.495],[135.0354,35.4958],[135.0324,35.4976],[135.035,35.4997],[135.0378,35.5015],[135.0378,35.5024],[135.0413,35.5037],[135.0424,35.5056],[135.0439,35.5067],[135.0452,35.5087],[135.0435,35.5099],[135.0429,35.5114],[135.0436,35.513],[135.0428,35.5156],[135.0436,35.5177],[135.043,35.52],[135.0408,35.5217],[135.0408,35.5241],[135.0396,35.5249],[135.04,35.5262],[135.0394,35.5285],[135.0379,35.5289],[135.0362,35.5306],[135.0362,35.5339],[135.0371,35.5373],[135.0369,35.5386],[135.0355,35.5398],[135.0315,35.5392],[135.03,35.5403],[135.0272,35.54],[135.0244,35.5385],[135.0223,35.5386],[135.0175,35.538],[135.0142,35.5369],[135.0133,35.5358],[135.0103,35.535],[135.008,35.5336],[135.0051,35.5356],[135.0016,35.5343],[134.9972,35.5352],[134.9952,35.5344],[134.9934,35.5343],[134.9922,35.5324],[134.9889,35.5314],[134.9882,35.5295],[134.985,35.5296],[134.982,35.5285],[134.9808,35.5253],[134.9793,35.524],[134.9741,35.5251],[134.9716,35.5241],[134.9711,35.5228],[134.9685,35.5219],[134.967,35.5203],[134.9653,35.5198],[134.9634,35.5145],[134.9607,35.513],[134.9582,35.513],[134.957,35.5147],[134.955,35.5161],[134.9527,35.5156],[134.9526,35.5145],[134.9478,35.5148],[134.9449,35.5143],[134.9441,35.5136],[134.9421,35.5142],[134.9364,35.5124],[134.9336,35.5132],[134.9301,35.5117],[134.9269,35.5125],[134.927,35.5132],[134.9234,35.5163],[134.9232,35.5217],[134.9219,35.523],[134.9199,35.5235],[134.9184,35.5251],[134.9151,35.5277],[134.9156,35.5291],[134.9172,35.5295],[134.9181,35.5308],[134.9182,35.5326],[134.9174,35.5345],[134.9193,35.5381],[134.919,35.5395],[134.917,35.5415],[134.9149,35.5418],[134.9148,35.5449],[134.9105,35.5466],[134.9075,35.5467],[134.9069,35.5482],[134.9031,35.5494],[134.9028,35.5519],[134.9013,35.5542],[134.9009,35.5561],[134.8966,35.558],[134.892,35.5596],[134.8902,35.5613],[134.8883,35.5602],[134.887,35.5604],[134.8841,35.5622],[134.8836,35.5631],[134.8811,35.564],[134.8806,35.5663],[134.8812,35.5674],[134.8798,35.5698],[134.8785,35.5706],[134.8758,35.574],[134.8733,35.5752],[134.8721,35.5763],[134.8703,35.5755],[134.868,35.576],[134.8691,35.5784],[134.8688,35.58],[134.8661,35.5811],[134.8643,35.5833],[134.8642,35.5836],[134.8639,35.5838],[134.8638,35.5838],[134.8632,35.584],[134.8625,35.584],[134.8624,35.584],[134.8625,35.5847],[134.8626,35.5852],[134.8627,35.5869],[134.8604,35.5868],[134.8601,35.5869],[134.8598,35.587],[134.8594,35.5869],[134.8591,35.5868],[134.8579,35.5867],[134.8577,35.5868],[134.8572,35.587],[134.8569,35.5869],[134.8563,35.5866],[134.8556,35.5873],[134.8554,35.5876],[134.8551,35.588],[134.8542,35.5884],[134.8541,35.5886],[134.854,35.5893],[134.8541,35.5894],[134.8552,35.5906],[134.8556,35.591],[134.8564,35.5918],[134.8561,35.5922],[134.8552,35.5929],[134.8557,35.5934],[134.8559,35.5935],[134.8565,35.5935],[134.857,35.5934],[134.8577,35.5934],[134.8583,35.5937],[134.8585,35.5937],[134.8596,35.5944],[134.8599,35.5944],[134.8601,35.5944],[134.8611,35.5952],[134.8612,35.5955],[134.8617,35.5965],[134.8621,35.5967],[134.8628,35.5969],[134.863,35.5969],[134.8633,35.5968],[134.8637,35.5969],[134.8639,35.5971],[134.8642,35.5975],[134.8646,35.5979],[134.8646,35.598],[134.8647,35.5981],[134.8649,35.5985],[134.8651,35.5988],[134.8655,35.5994],[134.8656,35.5999],[134.8656,35.6007],[134.8657,35.6011],[134.866,35.6019],[134.866,35.6023],[134.8659,35.6025],[134.8659,35.6029],[134.8664,35.6039],[134.8667,35.6048],[134.8666,35.6053],[134.8665,35.6058],[134.8665,35.6059],[134.8664,35.6061],[134.8662,35.6065],[134.8662,35.6067],[134.8665,35.6072],[134.8666,35.6074],[134.867,35.6078],[134.8671,35.608],[134.8672,35.6081],[134.8672,35.6082],[134.8674,35.6084],[134.8674,35.6092],[134.8673,35.6095],[134.8672,35.6098],[134.8672,35.61],[134.8672,35.6106],[134.867,35.6113],[134.8669,35.6116],[134.8667,35.612],[134.867,35.6137],[134.8672,35.6139],[134.868,35.6144],[134.8682,35.6145],[134.8682,35.6146],[134.8683,35.6146],[134.8693,35.6147],[134.8697,35.6147],[134.871,35.6152],[134.8712,35.6156],[134.8714,35.6158],[134.8716,35.616],[134.8717,35.6161],[134.872,35.6165],[134.872,35.6167],[134.8721,35.6175],[134.8721,35.6177],[134.8723,35.6178],[134.8724,35.6181],[134.8726,35.6189],[134.8728,35.6192],[134.8733,35.6202],[134.8735,35.6205],[134.8737,35.6206],[134.8738,35.6208],[134.8739,35.6209],[134.8739,35.6211],[134.8736,35.6217],[134.8735,35.6218],[134.8734,35.622],[134.8733,35.6224],[134.8728,35.623],[134.873,35.6238],[134.8729,35.6242],[134.8722,35.6244],[134.8719,35.6248],[134.8719,35.625],[134.872,35.6255],[134.872,35.6259],[134.872,35.6265],[134.8714,35.6274],[134.8713,35.6275],[134.8711,35.6283],[134.871,35.6293],[134.871,35.6295],[134.8709,35.6299],[134.8708,35.6302],[134.8708,35.6304],[134.8705,35.6308],[134.8704,35.631],[134.8703,35.6316],[134.8706,35.6323],[134.8709,35.6333],[134.871,35.6343],[134.8711,35.6346],[134.8713,35.6358],[134.8713,35.6363],[134.8703,35.6366],[134.8694,35.6365],[134.8689,35.6366],[134.8687,35.6366],[134.8681,35.6364],[134.8676,35.6361],[134.8674,35.6361],[134.8672,35.6363],[134.867,35.6366],[134.8667,35.6369],[134.8664,35.6371],[134.8662,35.6373],[134.8661,35.6375],[134.8659,35.6378],[134.8659,35.638],[134.8658,35.6383],[134.8659,35.6389],[134.8658,35.6392],[134.8657,35.6394],[134.8658,35.6395],[134.8659,35.6398],[134.8661,35.6402],[134.8667,35.6408],[134.8671,35.6414],[134.8671,35.6417],[134.8669,35.6424],[134.8668,35.6433],[134.8667,35.644],[134.8662,35.6446],[134.866,35.6448],[134.8658,35.645],[134.8658,35.6455],[134.8659,35.6457],[134.8661,35.6463],[134.8668,35.6471],[134.867,35.6473],[134.867,35.6476],[134.8677,35.6494],[134.8677,35.6497],[134.8675,35.6499],[134.8673,35.65],[134.8667,35.6505],[134.8664,35.6506],[134.8656,35.6507],[134.8648,35.6511],[134.8645,35.6512],[134.8641,35.6516],[134.8641,35.6517],[134.8643,35.652],[134.8651,35.6527],[134.8655,35.6531],[134.8657,35.6533],[134.8658,35.6535],[134.8658,35.6536],[134.866,35.6541],[134.8661,35.6548],[134.8663,35.655],[134.8665,35.6552],[134.8673,35.6561],[134.8675,35.6567],[134.8675,35.6572],[134.8676,35.6575],[134.8675,35.6581],[134.8675,35.6582],[134.8667,35.6587],[134.8614,35.6581],[134.8598,35.6593],[134.8572,35.6595],[134.8549,35.6579],[134.8531,35.6595],[134.8523,35.6569],[134.8508,35.6558],[134.848,35.6513],[134.8454,35.6493],[134.8438,35.6462],[134.8442,35.6446],[134.8424,35.6427],[134.8394,35.6429],[134.8372,35.6447],[134.8355,35.6473],[134.8336,35.6488],[134.8373,35.6513],[134.8393,35.6557],[134.8372,35.6557],[134.8363,35.6567],[134.8318,35.6557],[134.8263,35.6554],[134.8247,35.657],[134.821,35.6573],[134.8224,35.6585],[134.8215,35.6596],[134.8193,35.6604],[134.8163,35.6602],[134.8144,35.6636],[134.8118,35.6632],[134.81,35.6635],[134.809,35.665],[134.8045,35.664],[134.8008,35.6664],[134.7992,35.6668],[134.7986,35.6685],[134.7994,35.6702],[134.7954,35.6696],[134.7943,35.6679],[134.7927,35.6667],[134.7898,35.6674],[134.7864,35.6664],[134.7844,35.6666],[134.7827,35.6647],[134.7842,35.661],[134.781,35.6621],[134.778,35.6615],[134.7768,35.6619],[134.7749,35.6609],[134.775,35.6594],[134.7727,35.6599],[134.7706,35.6589],[134.7687,35.6599],[134.7651,35.6607],[134.7632,35.6619],[134.761,35.6642],[134.7627,35.6679],[134.7645,35.6695],[134.764,35.6719],[134.765,35.6743],[134.7638,35.6747],[134.7622,35.6737],[134.7612,35.6707],[134.7618,35.6696],[134.7586,35.6653],[134.7587,35.6638],[134.7601,35.6633],[134.7574,35.6612],[134.7547,35.6618],[134.7528,35.6639],[134.7517,35.6634],[134.7528,35.6618],[134.7508,35.6614],[134.7489,35.6598],[134.7467,35.6616],[134.7474,35.6639],[134.746,35.6662],[134.7435,35.665],[134.7434,35.6638],[134.745,35.6619],[134.7439,35.6595],[134.7396,35.6592],[134.7368,35.6599],[134.7354,35.6583],[134.7332,35.6585],[134.733,35.6583],[134.7323,35.6578],[134.732,35.6575],[134.7318,35.6573],[134.7317,35.657],[134.7314,35.6564],[134.7313,35.6561],[134.7311,35.6556],[134.7309,35.655],[134.7307,35.6545],[134.7307,35.6541],[134.7307,35.6539],[134.7308,35.6532],[134.7308,35.6524],[134.7298,35.6518],[134.7296,35.6516],[134.7277,35.6498],[134.7275,35.6496],[134.7265,35.6491],[134.7263,35.6491],[134.7261,35.649],[134.7256,35.6487],[134.7255,35.6485],[134.7254,35.6484],[134.725,35.6484],[134.7246,35.6483],[134.7242,35.648],[134.7231,35.6472],[134.7229,35.647],[134.7228,35.6468],[134.7225,35.6461],[134.7225,35.646],[134.7219,35.6454],[134.7217,35.6453],[134.7214,35.6451],[134.7212,35.645],[134.7211,35.6448],[134.7209,35.6443],[134.7208,35.6441],[134.7203,35.6431],[134.7201,35.6429],[134.7198,35.6426],[134.7197,35.6422],[134.7197,35.6417],[134.7198,35.6416],[134.7198,35.6414],[134.7198,35.6413],[134.7198,35.6411],[134.7196,35.6408],[134.7195,35.6407],[134.7193,35.64],[134.7193,35.6398],[134.7186,35.6394],[134.7183,35.6387],[134.718,35.6385],[134.7179,35.6384],[134.7179,35.6383],[134.7179,35.638],[134.7179,35.6375],[134.7179,35.6374],[134.7176,35.637],[134.7174,35.6369],[134.7173,35.6368],[134.7167,35.6366],[134.7166,35.6366],[134.7163,35.6367],[134.7155,35.6369],[134.7154,35.6368],[134.7151,35.6366],[134.7149,35.6365],[134.7146,35.6365],[134.7144,35.6363],[134.7144,35.6362],[134.7144,35.6359],[134.7144,35.6357],[134.7143,35.6356],[134.7141,35.6354],[134.7139,35.6353],[134.7137,35.6351],[134.7133,35.6348],[134.7128,35.6346],[134.7128,35.6345],[134.713,35.6343],[134.7129,35.6336],[134.7132,35.6332],[134.7131,35.6331],[134.7131,35.6326],[134.713,35.6324],[134.7131,35.6322],[134.7132,35.6321],[134.7135,35.6319],[134.714,35.6316],[134.7143,35.6315],[134.7144,35.6312],[134.715,35.6301],[134.715,35.6299],[134.7149,35.6292],[134.7148,35.629],[134.7146,35.6284],[134.7147,35.6282],[134.7148,35.6281],[134.7152,35.6278],[134.7152,35.6276],[134.7151,35.6275],[134.7151,35.6272],[134.7154,35.6268],[134.7155,35.6264],[134.7155,35.626],[134.7157,35.626],[134.7159,35.626],[134.7167,35.6253],[134.7169,35.6253],[134.7173,35.6252],[134.7175,35.625],[134.7178,35.6245],[134.7179,35.6244],[134.718,35.6242],[134.7181,35.6237],[134.7181,35.6235],[134.7184,35.6229],[134.7186,35.6227],[134.719,35.6223],[134.7191,35.622],[134.7192,35.6217],[134.7194,35.6214],[134.7194,35.621],[134.7194,35.6208],[134.7194,35.6206],[134.7185,35.6202],[134.7175,35.62],[134.7167,35.6197],[134.7167,35.6196],[134.7165,35.6195],[134.7158,35.6185],[134.7158,35.6184],[134.7158,35.6182],[134.7155,35.6181],[134.7151,35.6178],[134.7148,35.6172],[134.7146,35.6171],[134.7143,35.6166],[134.7142,35.6164],[134.7135,35.6165],[134.7133,35.6165],[134.7126,35.6153],[134.7126,35.6151],[134.7128,35.6146],[134.7129,35.6143],[134.7129,35.6138],[134.7128,35.6134],[134.7117,35.6124],[134.7113,35.6123],[134.711,35.6121],[134.7107,35.612],[134.7105,35.6119],[134.7099,35.6113],[134.7097,35.6104],[134.7098,35.6102],[134.71,35.61],[134.7101,35.6099],[134.7105,35.6094],[134.7108,35.609],[134.711,35.6085],[134.7101,35.6084],[134.7101,35.6083],[134.7099,35.6083],[134.7097,35.6079],[134.7099,35.6075],[134.71,35.6072],[134.7108,35.606],[134.7109,35.6058],[134.7112,35.6052],[134.7112,35.605],[134.7118,35.605],[134.712,35.6051],[134.712,35.605],[134.7118,35.6048],[134.712,35.6046],[134.7123,35.6046],[134.7131,35.6047],[134.7133,35.6047],[134.7135,35.6047],[134.7139,35.6049],[134.7143,35.6048],[134.7144,35.6045],[134.7145,35.6045],[134.7146,35.6045],[134.7147,35.6043],[134.7146,35.6043],[134.7145,35.6042],[134.7144,35.6043],[134.7141,35.6034],[134.7142,35.6033],[134.7139,35.6025],[134.7139,35.6021],[134.7138,35.6019],[134.7137,35.6015],[134.7137,35.6014],[134.7131,35.6012],[134.7122,35.6012],[134.7118,35.6012],[134.7114,35.601],[134.7108,35.6009],[134.71,35.6004],[134.7098,35.6],[134.7096,35.5998],[134.7089,35.5993],[134.7085,35.5985],[134.7085,35.5984],[134.7083,35.5982],[134.7075,35.598],[134.7073,35.598],[134.7067,35.5981],[134.7065,35.5981],[134.706,35.598],[134.7059,35.598],[134.7055,35.5976],[134.7054,35.5967],[134.7053,35.5964],[134.7039,35.595],[134.7037,35.5948],[134.7033,35.5945],[134.7024,35.5932],[134.7023,35.5931],[134.7023,35.593],[134.702,35.5928],[134.7015,35.5925],[134.7011,35.5924],[134.7012,35.5922],[134.7012,35.5918],[134.7012,35.5917],[134.7011,35.5913],[134.7011,35.591],[134.7011,35.5907],[134.7007,35.5903],[134.7003,35.59],[134.6998,35.5897],[134.6996,35.5895],[134.699,35.5892],[134.6986,35.589],[134.6982,35.5885],[134.6981,35.5883],[134.6976,35.5879],[134.6974,35.5878],[134.6972,35.5877],[134.6968,35.5872],[134.6956,35.5855],[134.6954,35.5853],[134.6953,35.5846],[134.6952,35.5844],[134.6948,35.5838],[134.6944,35.5833],[134.6933,35.5822],[134.6915,35.5785],[134.6889,35.5765],[134.688,35.5751],[134.6816,35.5734],[134.6795,35.5737],[134.6764,35.5733],[134.6748,35.5749],[134.6706,35.5743],[134.6677,35.5718],[134.6642,35.5726],[134.6619,35.572],[134.6601,35.5693],[134.6584,35.5679],[134.6575,35.5662],[134.6538,35.5648],[134.6539,35.5624],[134.6528,35.5596],[134.6523,35.555],[134.6508,35.5524],[134.651,35.5502],[134.65,35.5492],[134.6494,35.547],[134.6476,35.5444],[134.6454,35.5419],[134.6401,35.5419],[134.6384,35.541],[134.639,35.5391],[134.6372,35.5388],[134.6366,35.5375],[134.6391,35.5347],[134.6391,35.5329],[134.6371,35.527],[134.6327,35.5246],[134.6286,35.525],[134.6255,35.5227],[134.6241,35.5225],[134.6212,35.5242],[134.6197,35.5237],[134.6174,35.5239],[134.6168,35.5197],[134.6179,35.5185],[134.6176,35.5172],[134.6189,35.5152],[134.6193,35.5129],[134.6165,35.5107],[134.6168,35.5086],[134.6188,35.5052],[134.6181,35.5043],[134.6184,35.502],[134.6218,35.5006],[134.6241,35.5011],[134.6267,35.4979],[134.6312,35.4956],[134.6366,35.4942],[134.6363,35.4918],[134.6377,35.4902],[134.637,35.4886],[134.64,35.4856],[134.6419,35.482],[134.6415,35.4811],[134.644,35.4781],[134.6427,35.4762],[134.6413,35.476],[134.6394,35.4711],[134.6379,35.4708],[134.6373,35.4686],[134.6354,35.4659],[134.6367,35.4638],[134.6361,35.4627],[134.6357,35.4589],[134.6341,35.4571],[134.6313,35.4552],[134.6317,35.454],[134.6311,35.4513],[134.6329,35.449],[134.6309,35.4468],[134.6319,35.4429],[134.6335,35.441],[134.6338,35.437],[134.636,35.4323],[134.6398,35.4299],[134.6427,35.4277],[134.6446,35.428],[134.6448,35.4296],[134.6503,35.4298],[134.6538,35.4294],[134.6579,35.4305],[134.6602,35.4327],[134.6634,35.4333],[134.6637,35.4317],[134.6677,35.4291],[134.675,35.4285],[134.6753,35.4279],[134.6793,35.4262],[134.6836,35.428],[134.686,35.4267],[134.6875,35.4266],[134.6912,35.4288],[134.6964,35.4293],[134.6993,35.428],[134.7038,35.4282],[134.7047,35.4257],[134.707,35.425],[134.7101,35.4248],[134.7107,35.4243],[134.7168,35.4245],[134.7186,35.4259],[134.7197,35.4258],[134.7222,35.4284],[134.7258,35.426],[134.7278,35.4233],[134.7296,35.4232],[134.7328,35.4223],[134.7348,35.4223],[134.7386,35.421],[134.7399,35.4217],[134.7431,35.4215],[134.7455,35.4226],[134.7474,35.4243],[134.7491,35.4274],[134.7486,35.4285],[134.7514,35.4305],[134.7494,35.4319],[134.7478,35.4344],[134.7452,35.4364],[134.7465,35.4381],[134.7456,35.4401],[134.7478,35.4427],[134.7488,35.4433],[134.752,35.4429],[134.7565,35.4433],[134.7584,35.4448],[134.7601,35.4432],[134.7632,35.4435],[134.7654,35.445],[134.7674,35.4471],[134.7698,35.4457],[134.7721,35.4476],[134.776,35.4452],[134.781,35.4433],[134.7846,35.4422],[134.7919,35.4415],[134.7925,35.4427],[134.7905,35.4476],[134.7916,35.4488],[134.7966,35.4485],[134.8012,35.4512],[134.8065,35.4509],[134.8087,35.4518],[134.8108,35.4505],[134.813,35.4481],[134.8152,35.4469],[134.8174,35.4465],[134.8171,35.4436],[134.819,35.4428],[134.8199,35.4381],[134.8192,35.4364],[134.8228,35.4364],[134.8246,35.4356],[134.8264,35.4358],[134.8293,35.4337],[134.8314,35.4334],[134.833,35.4315],[134.8339,35.4315],[134.8356,35.4271],[134.8386,35.4264],[134.8397,35.4254],[134.8411,35.4196],[134.8423,35.4186],[134.8417,35.4171],[134.8444,35.4148],[134.8452,35.4116],[134.8466,35.4102],[134.8493,35.4089],[134.8536,35.408],[134.857,35.4076],[134.8608,35.4086],[134.8625,35.4099],[134.8673,35.4088],[134.8708,35.4077],[134.8717,35.4056],[134.8738,35.4053],[134.8776,35.4057],[134.879,35.4036],[134.8828,35.4044],[134.8854,35.4035],[134.889,35.4045],[134.896,35.4047],[134.9019,35.4043],[134.9035,35.4062],[134.9018,35.4103],[134.9031,35.4137],[134.9053,35.4146],[134.9075,35.4164],[134.9106,35.4176],[134.9133,35.4176],[134.913,35.4195],[134.9154,35.4217],[134.9199,35.4211],[134.9216,35.4203],[134.9237,35.418],[134.9239,35.4167],[134.9293,35.4136],[134.9303,35.4117],[134.9334,35.4092],[134.9344,35.4074],[134.9374,35.4081],[134.9398,35.4104],[134.9427,35.4116],[134.9444,35.4118],[134.9461,35.4133],[134.9499,35.4114],[134.9504,35.4105],[134.9549,35.4085],[134.9589,35.4091],[134.9631,35.407],[134.964,35.4061],[134.9651,35.4034],[134.9709,35.399],[134.975,35.3989],[134.9763,35.3983],[134.9808,35.3984],[134.9855,35.3962],[134.9861,35.3951],[134.9879,35.3942],[134.9886,35.3928],[134.9871,35.3906],[134.9871,35.3889],[134.9906,35.3857],[134.9976,35.3871],[135.0001,35.3867],[135.002,35.3871],[135.0045,35.3887],[135.0054,35.3907],[135.0083,35.3909],[135.0099,35.3918],[135.0119,35.3917],[135.013,35.3936],[135.0144,35.3941],[135.0168,35.3931],[135.0192,35.3941],[135.0214,35.3967],[135.0236,35.401],[135.0259,35.4024],[135.028,35.4047],[135.0297,35.4056],[135.0293,35.4087],[135.03,35.4101],[135.0358,35.4097],[135.0384,35.4098],[135.0405,35.4088],[135.0445,35.4086],[135.0467,35.4071],[135.0487,35.4074],[135.0498,35.4096],[135.0488,35.4114],[135.0503,35.4137],[135.0498,35.4158],[135.0502,35.417],[135.0494,35.4203],[135.047,35.4239],[135.0476,35.4259],[135.0469,35.4274],[135.0477,35.4286],[135.0471,35.4299],[135.0486,35.432],[135.048,35.4351],[135.0496,35.4388],[135.0494,35.4401],[135.0518,35.4425],[135.0503,35.4462],[135.0507,35.448],[135.0498,35.4507]]]},"properties":{"prefectureCode":"28","prefectureName":"兵庫県","municipalityName":"豊岡市","municipalityCode":"28209"}},
{"type":"Feature","geometry":{"type":"Polygon","coordinates":[[[134.7785,34.8158],[134.7824,34.8144],[134.7873,34.8149],[134.7906,34.8145],[134.7923,34.8131],[134.7946,34.8126],[134.7958,34.8108],[134.7976,34.8094],[134.7992,34.8055],[134.7986,34.8036],[134.7972,34.8028],[134.7978,34.8012],[134.8008,34.7997],[134.8032,34.7991],[134.8014,34.7974],[134.8017,34.795],[134.8032,34.7952],[134.8046,34.7932],[134.8035,34.7913],[134.8064,34.7896],[134.8078,34.7875],[134.8089,34.7869],[134.8107,34.7883],[134.8143,34.7866],[134.8129,34.784],[134.811,34.7847],[134.8101,34.7839],[134.8122,34.7812],[134.8149,34.7805],[134.8175,34.7807],[134.8193,34.7802],[134.8206,34.7789],[134.8209,34.7742],[134.8227,34.7743],[134.8233,34.7713],[134.8198,34.771],[134.8161,34.7718],[134.8134,34.7711],[134.8108,34.7684],[134.8095,34.7657],[134.8094,34.7624],[134.8087,34.7599],[134.8069,34.7573],[134.8082,34.7563],[134.809,34.7538],[134.8106,34.746],[134.8087,34.7321],[134.811,34.732],[134.8121,34.733],[134.8154,34.7312],[134.8129,34.7307],[134.8088,34.7185],[134.8119,34.7168],[134.8266,34.7064],[134.8285,34.7102],[134.8366,34.7074],[134.8387,34.711],[134.8436,34.7206],[134.8464,34.7196],[134.8482,34.7196],[134.8473,34.7153],[134.8491,34.7182],[134.8493,34.7212],[134.8531,34.723],[134.8535,34.7257],[134.8572,34.7257],[134.8597,34.727],[134.8637,34.7273],[134.8648,34.7282],[134.8677,34.727],[134.869,34.7281],[134.8712,34.7272],[134.8722,34.728],[134.8741,34.727],[134.8767,34.7289],[134.8784,34.7274],[134.8799,34.7303],[134.8829,34.7276],[134.8857,34.7245],[134.8882,34.7232],[134.8907,34.7212],[134.8909,34.7226],[134.8929,34.7243],[134.8948,34.7244],[134.8975,34.7254],[134.9,34.7256],[134.8985,34.729],[134.8932,34.7325],[134.8913,34.7315],[134.8896,34.7326],[134.8877,34.7358],[134.8858,34.7373],[134.8878,34.7386],[134.8836,34.7426],[134.8851,34.7451],[134.8883,34.7449],[134.8872,34.7471],[134.8871,34.7496],[134.8847,34.7495],[134.8822,34.7521],[134.8817,34.7541],[134.8801,34.7558],[134.8814,34.7571],[134.8803,34.7584],[134.8805,34.7604],[134.8821,34.7612],[134.884,34.7638],[134.8859,34.7627],[134.8901,34.7627],[134.8925,34.7653],[134.8944,34.7655],[134.8919,34.7694],[134.8918,34.7713],[134.8951,34.7734],[134.8952,34.7756],[134.8968,34.7774],[134.9003,34.7751],[134.9034,34.774],[134.9046,34.7731],[134.9075,34.7723],[134.9074,34.7749],[134.9106,34.7758],[134.9113,34.7747],[134.9158,34.776],[134.9178,34.7752],[134.9188,34.7761],[134.9221,34.7743],[134.9236,34.7729],[134.9268,34.7718],[134.9321,34.7685],[134.9334,34.7716],[134.9331,34.7776],[134.9351,34.7791],[134.9332,34.7811],[134.9329,34.7831],[134.9292,34.7901],[134.9271,34.7923],[134.9278,34.7949],[134.9257,34.7957],[134.9254,34.7997],[134.9256,34.8015],[134.9272,34.8049],[134.9285,34.8067],[134.9274,34.8103],[134.9262,34.813],[134.9233,34.8158],[134.9217,34.8189],[134.9199,34.82],[134.9197,34.8217],[134.9205,34.8243],[134.9179,34.8247],[134.9159,34.8262],[134.9137,34.8252],[134.911,34.8262],[134.9069,34.8259],[134.9056,34.8245],[134.9007,34.8249],[134.8987,34.8256],[134.8975,34.8285],[134.8961,34.8277],[134.8901,34.8287],[134.8899,34.8307],[134.8882,34.8306],[134.8884,34.8329],[134.8866,34.8348],[134.8842,34.8352],[134.884,34.8373],[134.8826,34.8398],[134.8776,34.8405],[134.8728,34.8401],[134.8707,34.8417],[134.8706,34.8437],[134.8676,34.8436],[134.8666,34.846],[134.8654,34.8463],[134.8644,34.8496],[134.8648,34.8516],[134.8624,34.8516],[134.8617,34.8526],[134.8592,34.853],[134.8577,34.8541],[134.8557,34.853],[134.8521,34.8523],[134.852,34.8504],[134.8501,34.85],[134.8481,34.8536],[134.8441,34.8529],[134.8417,34.8533],[134.8424,34.855],[134.8375,34.8545],[134.8368,34.8564],[134.8338,34.8572],[134.8287,34.8575],[134.8284,34.8563],[134.8247,34.854],[134.8223,34.8542],[134.821,34.8536],[134.8186,34.8538],[134.818,34.8527],[134.8161,34.8531],[134.8144,34.8562],[134.8119,34.8566],[134.8145,34.8592],[134.8163,34.8603],[134.8169,34.8644],[134.8148,34.867],[134.8136,34.8671],[134.8109,34.8659],[134.809,34.8635],[134.8071,34.8622],[134.8047,34.862],[134.8026,34.8638],[134.7993,34.8649],[134.7976,34.866],[134.796,34.865],[134.7949,34.8625],[134.7965,34.8595],[134.7976,34.8591],[134.7996,34.8561],[134.8014,34.8552],[134.8009,34.8535],[134.8009,34.8506],[134.8019,34.8492],[134.8008,34.8474],[134.8017,34.846],[134.805,34.8438],[134.8035,34.8434],[134.7988,34.8445],[134.7977,34.8432],[134.7992,34.8422],[134.7989,34.8399],[134.7965,34.8399],[134.7962,34.8388],[134.7941,34.8392],[134.7917,34.8385],[134.7903,34.8402],[134.7882,34.8389],[134.7875,34.8373],[134.785,34.8367],[134.7825,34.8376],[134.7816,34.8391],[134.7769,34.8393],[134.7751,34.8383],[134.7746,34.8363],[134.7734,34.8355],[134.773,34.8309],[134.776,34.83],[134.775,34.8287],[134.773,34.8298],[134.7648,34.8304],[134.7636,34.8254],[134.7654,34.825],[134.7675,34.8235],[134.7685,34.8219],[134.7749,34.8238],[134.7764,34.8229],[134.7761,34.8202],[134.7789,34.8184],[134.7796,34.8173],[134.7785,34.8158]]]},"properties":{"prefectureCode":"28","prefectureName":"兵庫県","municipalityName":"加古川市","municipalityCode":"28210"}},
{"type":"Feature","geometry":{"type":"MultiPolygon","coordinates":[[[[134.4122,34.8515],[134.41,34.8513],[134.4083,34.8542],[134.4059,34.8534],[134.4044,34.8515],[134.4022,34.8504],[134.3987,34.8459],[134.396,34.8444],[134.3918,34.844],[134.3902,34.8419],[134.3864,34.8398],[134.3828,34.8409],[134.3817,34.8446],[134.3791,34.8496],[134.3751,34.8522],[134.3733,34.8556],[134.369,34.8596],[134.369,34.8563],[134.3658,34.8563],[134.3654,34.853],[134.3667,34.8469],[134.3654,34.8422],[134.3643,34.8419],[134.3628,34.844],[134.3608,34.8441],[134.3586,34.8451],[134.3572,34.8465],[134.3553,34.8464],[134.3523,34.8474],[134.3508,34.8465],[134.349,34.8469],[134.3477,34.8454],[134.3466,34.8459],[134.3441,34.8455],[134.3413,34.8486],[134.3406,34.8502],[134.3376,34.8527],[134.3359,34.8519],[134.3337,34.8495],[134.3289,34.8492],[134.3264,34.8494],[134.326,34.8482],[134.3243,34.8474],[134.3233,34.846],[134.3237,34.8442],[134.3227,34.8414],[134.3207,34.8417],[134.3208,34.8387],[134.3187,34.8393],[134.3172,34.8382],[134.3182,34.837],[134.3215,34.8362],[134.3227,34.8328],[134.3222,34.8269],[134.3195,34.8259],[134.3167,34.8264],[134.3146,34.8261],[134.315,34.8245],[134.3139,34.8227],[134.312,34.8231],[134.3103,34.8249],[134.3077,34.8253],[134.3062,34.8245],[134.3054,34.8225],[134.3033,34.8236],[134.2987,34.8231],[134.2986,34.8213],[134.2968,34.8198],[134.2956,34.8181],[134.2958,34.8157],[134.2977,34.8149],[134.2981,34.8136],[134.3015,34.8146],[134.3038,34.8137],[134.3074,34.8109],[134.3063,34.8086],[134.3086,34.8072],[134.3084,34.8056],[134.3104,34.8042],[134.3113,34.8026],[134.3142,34.8031],[134.3164,34.8026],[134.3174,34.799],[134.3165,34.7972],[134.3177,34.7957],[134.3181,34.793],[134.3161,34.7921],[134.3192,34.7882],[134.319,34.785],[134.3166,34.783],[134.3158,34.781],[134.3177,34.7794],[134.3177,34.7781],[134.3197,34.778],[134.3201,34.7761],[134.3233,34.7743],[134.3259,34.7752],[134.3281,34.7742],[134.3296,34.7742],[134.331,34.7726],[134.3307,34.7711],[134.3348,34.7689],[134.3331,34.7657],[134.3311,34.7665],[134.3274,34.7666],[134.3278,34.7642],[134.3245,34.7636],[134.3215,34.7617],[134.3202,34.758],[134.3184,34.7563],[134.3178,34.7535],[134.3182,34.7511],[134.3171,34.7495],[134.3166,34.7441],[134.3135,34.74],[134.313,34.7384],[134.3153,34.7363],[134.3176,34.7352],[134.3208,34.7354],[134.3218,34.7333],[134.3235,34.7325],[134.3237,34.731],[134.321,34.7292],[134.3217,34.7266],[134.3221,34.722],[134.3239,34.7248],[134.3261,34.726],[134.3278,34.7278],[134.3269,34.7285],[134.3288,34.7307],[134.3358,34.7355],[134.3362,34.7371],[134.3397,34.7389],[134.3441,34.7388],[134.3443,34.7378],[134.3424,34.7358],[134.345,34.7355],[134.347,34.7363],[134.3489,34.7359],[134.3524,34.7366],[134.3545,34.7378],[134.3549,34.7393],[134.3592,34.7404],[134.3638,34.7408],[134.3631,34.7461],[134.3581,34.7466],[134.3577,34.7478],[134.3586,34.7489],[134.3577,34.751],[134.3608,34.751],[134.3671,34.7457],[134.3685,34.7448],[134.3723,34.7393],[134.3739,34.7366],[134.372,34.7352],[134.3734,34.7329],[134.3783,34.7368],[134.3799,34.7362],[134.3756,34.7315],[134.3758,34.7313],[134.3853,34.7261],[134.3875,34.7306],[134.3929,34.729],[134.3958,34.7293],[134.4051,34.7296],[134.4063,34.7292],[134.4065,34.7269],[134.4088,34.7265],[134.4108,34.7271],[134.4108,34.7286],[134.4128,34.7295],[134.4141,34.729],[134.4149,34.7308],[134.4163,34.7312],[134.4175,34.734],[134.4231,34.7373],[134.4252,34.7401],[134.4249,34.7421],[134.4262,34.7441],[134.4279,34.7454],[134.4316,34.7462],[134.4343,34.7476],[134.4287,34.7524],[134.4264,34.7532],[134.4261,34.7552],[134.4286,34.7574],[134.4321,34.7559],[134.4329,34.7581],[134.4323,34.7607],[134.4299,34.7625],[134.4311,34.7645],[134.4331,34.7662],[134.4361,34.7665],[134.4372,34.766],[134.4446,34.7681],[134.4474,34.768],[134.4497,34.7689],[134.4525,34.7678],[134.4553,34.7682],[134.4554,34.7671],[134.4539,34.7641],[134.4528,34.7627],[134.4533,34.7612],[134.4503,34.7593],[134.4495,34.7577],[134.4508,34.7567],[134.45,34.7555],[134.4508,34.7537],[134.4511,34.7542],[134.4511,34.7544],[134.4512,34.7549],[134.4512,34.755],[134.4515,34.7552],[134.4519,34.7554],[134.4539,34.7568],[134.454,34.7568],[134.4541,34.7569],[134.4543,34.7571],[134.4544,34.7572],[134.4544,34.7577],[134.4543,34.758],[134.4543,34.7583],[134.4545,34.7586],[134.4547,34.7591],[134.4549,34.7597],[134.4554,34.7601],[134.4556,34.7603],[134.4559,34.7607],[134.4561,34.7611],[134.4565,34.7616],[134.4569,34.7618],[134.4576,34.7629],[134.4576,34.7641],[134.4577,34.7644],[134.458,34.7648],[134.4581,34.7652],[134.4583,34.7657],[134.4583,34.7667],[134.4583,34.7674],[134.4587,34.768],[134.4594,34.7688],[134.4591,34.7689],[134.4587,34.7691],[134.4583,34.7694],[134.4579,34.7697],[134.4577,34.7699],[134.4575,34.77],[134.4566,34.7705],[134.4563,34.7709],[134.4551,34.7716],[134.4545,34.7719],[134.4538,34.7723],[134.4535,34.7725],[134.4523,34.7733],[134.4522,34.7732],[134.4517,34.7731],[134.4511,34.7731],[134.4509,34.7731],[134.4505,34.7736],[134.4501,34.7742],[134.45,34.7743],[134.4496,34.7744],[134.448,34.7745],[134.4476,34.7747],[134.4475,34.7747],[134.4474,34.7747],[134.4471,34.7747],[134.4465,34.7746],[134.4453,34.7744],[134.4448,34.7743],[134.4441,34.7745],[134.4439,34.7746],[134.4432,34.775],[134.4425,34.775],[134.4421,34.7749],[134.4415,34.775],[134.4406,34.7752],[134.4406,34.7753],[134.4405,34.7758],[134.4405,34.776],[134.4407,34.7765],[134.4412,34.778],[134.4411,34.7792],[134.4405,34.7793],[134.4405,34.7794],[134.4406,34.7802],[134.4407,34.7811],[134.4407,34.7812],[134.4412,34.7816],[134.4414,34.782],[134.4415,34.7824],[134.4415,34.7833],[134.4416,34.7836],[134.4414,34.7841],[134.4413,34.7844],[134.4417,34.7846],[134.442,34.7853],[134.4421,34.7855],[134.4423,34.7858],[134.4425,34.786],[134.4428,34.7861],[134.443,34.7864],[134.4433,34.787],[134.4434,34.7871],[134.4443,34.7875],[134.4445,34.7875],[134.4456,34.7877],[134.4455,34.7878],[134.4449,34.7884],[134.4446,34.7887],[134.4439,34.7892],[134.4431,34.7898],[134.4424,34.7905],[134.4423,34.7907],[134.4422,34.7907],[134.4421,34.7907],[134.4419,34.7907],[134.4415,34.7906],[134.4411,34.7905],[134.4401,34.79],[134.4394,34.7899],[134.4382,34.7899],[134.4381,34.79],[134.4354,34.7898],[134.435,34.7897],[134.4342,34.7896],[134.4333,34.7886],[134.4331,34.7884],[134.4324,34.7881],[134.4322,34.788],[134.4321,34.7878],[134.4319,34.7875],[134.4314,34.7873],[134.4312,34.787],[134.4308,34.7867],[134.4306,34.7866],[134.4304,34.7866],[134.4297,34.7863],[134.4296,34.7863],[134.4295,34.7864],[134.4295,34.7865],[134.4292,34.787],[134.4288,34.7873],[134.4287,34.7876],[134.4286,34.7881],[134.4285,34.7882],[134.4279,34.7885],[134.4275,34.7886],[134.4257,34.7889],[134.4256,34.7889],[134.4257,34.789],[134.4259,34.7895],[134.4253,34.7911],[134.4252,34.7917],[134.4253,34.792],[134.4254,34.7923],[134.4253,34.7924],[134.4252,34.7925],[134.4246,34.7929],[134.4244,34.7934],[134.4238,34.7948],[134.4237,34.7949],[134.4237,34.795],[134.4232,34.7954],[134.4231,34.7958],[134.4223,34.7977],[134.4223,34.7978],[134.4226,34.798],[134.4228,34.7984],[134.4228,34.7985],[134.423,34.7985],[134.4233,34.7987],[134.4236,34.7991],[134.4235,34.7993],[134.4233,34.7998],[134.4234,34.8],[134.4235,34.8001],[134.4234,34.8004],[134.4234,34.8006],[134.4236,34.8008],[134.4237,34.801],[134.4238,34.8011],[134.4235,34.8015],[134.4233,34.8018],[134.4232,34.8019],[134.4232,34.8021],[134.4233,34.8023],[134.4234,34.8027],[134.4235,34.8029],[134.4236,34.8032],[134.4237,34.8033],[134.4239,34.8034],[134.4248,34.8038],[134.425,34.8039],[134.425,34.804],[134.4249,34.8041],[134.4246,34.8045],[134.4245,34.8049],[134.425,34.8059],[134.425,34.806],[134.4247,34.8069],[134.4253,34.8086],[134.4255,34.8091],[134.4254,34.8093],[134.4252,34.8096],[134.425,34.8099],[134.4246,34.8104],[134.4238,34.8106],[134.4237,34.8113],[134.4235,34.8118],[134.4234,34.812],[134.4233,34.8121],[134.4229,34.8121],[134.4225,34.812],[134.4223,34.812],[134.4221,34.812],[134.4216,34.8122],[134.4214,34.8125],[134.421,34.8129],[134.4208,34.8133],[134.4206,34.8137],[134.4206,34.8139],[134.4205,34.8143],[134.4203,34.8147],[134.4187,34.8151],[134.4183,34.8152],[134.4176,34.8154],[134.4172,34.8157],[134.4172,34.8159],[134.4172,34.8163],[134.4168,34.8172],[134.4166,34.8173],[134.4162,34.8175],[134.4156,34.8176],[134.4152,34.8181],[134.4141,34.8191],[134.4139,34.8193],[134.4139,34.8195],[134.4137,34.82],[134.4137,34.8201],[134.4136,34.8205],[134.4128,34.8205],[134.4112,34.8215],[134.4105,34.8219],[134.4099,34.8226],[134.4098,34.823],[134.4096,34.8234],[134.4093,34.8239],[134.4092,34.8244],[134.4092,34.8249],[134.4093,34.825],[134.4094,34.8251],[134.4094,34.8253],[134.4095,34.8256],[134.4095,34.8257],[134.4097,34.8259],[134.4109,34.8276],[134.4116,34.8279],[134.4127,34.8286],[134.4128,34.8288],[134.413,34.8291],[134.4131,34.8293],[134.4134,34.8307],[134.413,34.8316],[134.4128,34.8324],[134.4127,34.8329],[134.4127,34.8332],[134.4126,34.8333],[134.4126,34.8337],[134.4123,34.8356],[134.4085,34.8383],[134.4096,34.8443],[134.4091,34.8467],[134.4091,34.8493],[134.4122,34.8515]]],[[[134.4395,34.7639],[134.4384,34.7655],[134.4354,34.7631],[134.4371,34.7615],[134.4382,34.7614],[134.4395,34.7639]]]]},"properties":{"prefectureCode":"28","prefectureName":"兵庫県","municipalityName":"赤穂市","municipalityCode":"28212"}},
{"type":"Feature","geometry":{"type":"Polygon","coordinates":[[[134.892,34.9812],[134.8935,34.9786],[134.8918,34.9766],[134.8921,34.9734],[134.8938,34.9713],[134.893,34.9678],[134.8944,34.9658],[134.8945,34.9646],[134.8964,34.964],[134.8997,34.9653],[134.9015,34.9638],[134.9014,34.9629],[134.9046,34.9623],[134.9065,34.9611],[134.908,34.9614],[134.9097,34.9593],[134.9121,34.9583],[134.9136,34.9591],[134.9157,34.9588],[134.9169,34.9596],[134.9204,34.9585],[134.9213,34.9574],[134.9241,34.9573],[134.9259,34.9565],[134.9273,34.958],[134.9299,34.9579],[134.933,34.9596],[134.9338,34.9606],[134.9374,34.9588],[134.9403,34.9591],[134.9437,34.9589],[134.9454,34.9605],[134.9504,34.9601],[134.953,34.9589],[134.9557,34.9587],[134.9591,34.959],[134.9629,34.9611],[134.9652,34.9589],[134.9657,34.9558],[134.9669,34.9548],[134.9731,34.9528],[134.9737,34.9537],[134.9769,34.9542],[134.9775,34.9557],[134.9815,34.9564],[134.984,34.9597],[134.9869,34.9601],[134.9895,34.9589],[134.9911,34.9595],[134.993,34.9592],[134.9947,34.9599],[134.9956,34.9588],[134.9975,34.9607],[134.9999,34.9601],[135.0013,34.9605],[135.0025,34.963],[135.004,34.9647],[135.0072,34.9648],[135.0098,34.9624],[135.0121,34.9633],[135.0132,34.9649],[135.015,34.9661],[135.0178,34.9666],[135.0244,34.9648],[135.0263,34.9667],[135.0278,34.967],[135.0294,34.9658],[135.0317,34.9654],[135.0365,34.9682],[135.0411,34.9686],[135.0442,34.9709],[135.0438,34.972],[135.0453,34.9738],[135.0484,34.9751],[135.0495,34.9765],[135.0514,34.9769],[135.0514,34.9794],[135.0524,34.9817],[135.0508,34.9834],[135.0503,34.9854],[135.0479,34.9868],[135.0452,34.987],[135.0464,34.9894],[135.0446,34.9918],[135.0443,34.994],[135.045,34.9966],[135.0469,34.9992],[135.05,35.0019],[135.0504,35.0027],[135.0549,35.0036],[135.0552,35.0047],[135.058,35.0072],[135.0594,35.0089],[135.0622,35.0116],[135.0625,35.0137],[135.0656,35.017],[135.0646,35.0191],[135.0663,35.0215],[135.0699,35.024],[135.0709,35.0258],[135.0739,35.0274],[135.0777,35.0275],[135.0791,35.0315],[135.0815,35.0326],[135.0835,35.0355],[135.085,35.0368],[135.088,35.0364],[135.0899,35.0391],[135.092,35.0394],[135.0947,35.0405],[135.0961,35.0422],[135.0959,35.0444],[135.0972,35.0449],[135.0992,35.0475],[135.1008,35.0486],[135.0999,35.0515],[135.0986,35.0537],[135.096,35.055],[135.0948,35.0555],[135.0883,35.0533],[135.0856,35.0545],[135.0831,35.0538],[135.0807,35.0514],[135.0772,35.0509],[135.0757,35.0497],[135.0735,35.0491],[135.0719,35.0468],[135.0694,35.0477],[135.0633,35.0469],[135.0604,35.0537],[135.0589,35.0536],[135.0561,35.0524],[135.0524,35.0516],[135.0487,35.0526],[135.045,35.0528],[135.043,35.0522],[135.038,35.0526],[135.0357,35.0542],[135.0335,35.0539],[135.0311,35.0547],[135.0305,35.0574],[135.0263,35.0578],[135.0252,35.0623],[135.0253,35.0683],[135.0271,35.0711],[135.0252,35.0718],[135.0195,35.071],[135.0116,35.0718],[135.0047,35.0706],[135,35.0706],[134.9991,35.0692],[134.9914,35.0688],[134.9908,35.0692],[134.9836,35.0711],[134.9786,35.0702],[134.9785,35.0661],[134.9766,35.0619],[134.9729,35.0593],[134.9683,35.0581],[134.9641,35.0553],[134.9641,35.0536],[134.966,35.0514],[134.9695,35.0497],[134.9715,35.046],[134.9706,35.0426],[134.9707,35.0405],[134.9718,35.0383],[134.9691,35.0368],[134.9647,35.0369],[134.964,35.0352],[134.9626,35.0344],[134.962,35.0313],[134.9599,35.0305],[134.9577,35.0317],[134.9566,35.0352],[134.9549,35.0371],[134.9511,35.0378],[134.9488,35.0366],[134.946,35.0379],[134.9444,35.0373],[134.9422,35.0355],[134.9427,35.034],[134.9457,35.0346],[134.9478,35.0345],[134.9493,35.0333],[134.9457,35.0289],[134.9458,35.0265],[134.9447,35.0251],[134.9476,35.0239],[134.9414,35.0213],[134.9413,35.0209],[134.934,35.0168],[134.9342,35.0123],[134.9325,35.0115],[134.9291,35.0078],[134.928,35.0075],[134.9284,35.0027],[134.927,35.0008],[134.9284,34.998],[134.9272,34.9943],[134.9277,34.9925],[134.9256,34.9911],[134.9239,34.989],[134.9244,34.9867],[134.9232,34.9855],[134.9216,34.9825],[134.9204,34.9818],[134.915,34.9836],[134.9108,34.9836],[134.9086,34.983],[134.9061,34.9807],[134.904,34.9805],[134.9026,34.9815],[134.9013,34.986],[134.8988,34.9869],[134.8969,34.9851],[134.8952,34.9845],[134.8946,34.983],[134.892,34.9812]]]},"properties":{"prefectureCode":"28","prefectureName":"兵庫県","municipalityName":"西脇市","municipalityCode":"28213"}},
{"type":"Feature","geometry":{"type":"Polygon","coordinates":[[[135.2938,34.8613],[135.2937,34.8592],[135.2966,34.8587],[135.3007,34.8593],[135.3018,34.8584],[135.3,34.8566],[135.2996,34.8551],[135.3007,34.8541],[135.3057,34.8547],[135.3085,34.8557],[135.3118,34.8579],[135.3139,34.8582],[135.3155,34.8562],[135.3161,34.853],[135.3137,34.8489],[135.316,34.8469],[135.321,34.8387],[135.3209,34.8368],[135.3243,34.8344],[135.325,34.8322],[135.3253,34.8294],[135.3231,34.8262],[135.3248,34.8257],[135.3258,34.8244],[135.3277,34.8264],[135.329,34.8264],[135.3301,34.8247],[135.333,34.8221],[135.3322,34.821],[135.3348,34.8178],[135.3372,34.8172],[135.3377,34.8155],[135.3355,34.8136],[135.3338,34.8129],[135.3323,34.8136],[135.3288,34.8107],[135.3215,34.8075],[135.3183,34.807],[135.3175,34.8079],[135.3156,34.8077],[135.3123,34.8054],[135.3113,34.8053],[135.3042,34.8024],[135.3024,34.8024],[135.302,34.801],[135.3033,34.7993],[135.305,34.795],[135.307,34.7921],[135.303,34.7905],[135.3009,34.7879],[135.3041,34.7879],[135.3068,34.7889],[135.308,34.7885],[135.312,34.7891],[135.317,34.7877],[135.3184,34.7853],[135.3203,34.7851],[135.3247,34.7826],[135.3263,34.7809],[135.333,34.7824],[135.3407,34.7804],[135.3417,34.7796],[135.3417,34.7776],[135.3425,34.7753],[135.3464,34.7744],[135.3474,34.7746],[135.3495,34.7734],[135.3531,34.7732],[135.3536,34.7721],[135.3573,34.7742],[135.3633,34.7761],[135.3664,34.7763],[135.3686,34.7757],[135.3696,34.7762],[135.37,34.7783],[135.3691,34.7809],[135.3707,34.7814],[135.3702,34.7827],[135.3724,34.7845],[135.3712,34.7866],[135.37,34.7901],[135.3698,34.7924],[135.3727,34.7939],[135.3734,34.7923],[135.3784,34.7909],[135.3798,34.794],[135.3808,34.7952],[135.3834,34.7961],[135.3821,34.7979],[135.3788,34.804],[135.3754,34.8108],[135.3771,34.8117],[135.3799,34.8123],[135.3862,34.8144],[135.3875,34.8154],[135.3892,34.8148],[135.3917,34.8109],[135.3932,34.8073],[135.3948,34.8057],[135.3975,34.8068],[135.3979,34.8079],[135.4006,34.8083],[135.4037,34.8095],[135.4017,34.8116],[135.402,34.8132],[135.4009,34.8158],[135.4002,34.8208],[135.4006,34.8222],[135.4,34.8242],[135.4027,34.827],[135.4024,34.8284],[135.4035,34.8292],[135.4063,34.8296],[135.4062,34.8312],[135.4079,34.8344],[135.4098,34.8334],[135.4111,34.8344],[135.4099,34.836],[135.4113,34.8378],[135.4103,34.8407],[135.412,34.8418],[135.4101,34.8426],[135.4083,34.8423],[135.4064,34.8438],[135.4028,34.844],[135.3994,34.8458],[135.3974,34.8453],[135.3956,34.8433],[135.3876,34.8437],[135.3841,34.8467],[135.3826,34.8464],[135.3798,34.8504],[135.3773,34.8471],[135.3754,34.8492],[135.3704,34.8494],[135.368,34.8512],[135.3702,34.855],[135.3732,34.8541],[135.3744,34.8553],[135.3736,34.8574],[135.3707,34.8584],[135.3698,34.8598],[135.3681,34.861],[135.3653,34.8607],[135.3623,34.8623],[135.3608,34.8638],[135.3565,34.8649],[135.3505,34.8642],[135.3485,34.8661],[135.3486,34.869],[135.3453,34.8724],[135.3436,34.8748],[135.3393,34.8757],[135.339,34.8778],[135.3396,34.8797],[135.3376,34.8822],[135.3372,34.8843],[135.3375,34.8874],[135.3364,34.8884],[135.3371,34.8897],[135.3361,34.8916],[135.3339,34.8934],[135.332,34.8916],[135.3303,34.8925],[135.3239,34.8938],[135.3233,34.8943],[135.3241,34.8967],[135.3223,34.8985],[135.325,34.8988],[135.3286,34.8979],[135.3298,34.8981],[135.3316,34.9006],[135.3321,34.9023],[135.3387,34.9031],[135.3394,34.9076],[135.3415,34.908],[135.3421,34.9114],[135.3409,34.9132],[135.341,34.9148],[135.3396,34.9165],[135.3366,34.9161],[135.3339,34.9166],[135.3316,34.9221],[135.3327,34.9248],[135.3314,34.9282],[135.3303,34.9299],[135.3306,34.9323],[135.3274,34.9331],[135.3251,34.9342],[135.3244,34.9366],[135.3248,34.9386],[135.3262,34.9391],[135.3265,34.9413],[135.3238,34.9417],[135.3209,34.944],[135.3206,34.9454],[135.3176,34.9492],[135.3164,34.9523],[135.314,34.9531],[135.3155,34.9572],[135.3145,34.9596],[135.3123,34.9589],[135.3093,34.9596],[135.3053,34.9624],[135.3042,34.9608],[135.3039,34.9567],[135.305,34.9542],[135.3027,34.9518],[135.303,34.9493],[135.3049,34.949],[135.3083,34.9464],[135.3088,34.9431],[135.3084,34.9416],[135.3094,34.9399],[135.3089,34.9376],[135.3069,34.9369],[135.3088,34.932],[135.3078,34.929],[135.3055,34.9255],[135.3056,34.9236],[135.3035,34.9214],[135.3011,34.9232],[135.2995,34.926],[135.2961,34.9278],[135.2945,34.9282],[135.292,34.9272],[135.2901,34.927],[135.287,34.9257],[135.2869,34.9237],[135.284,34.9231],[135.2805,34.9207],[135.2768,34.9206],[135.2759,34.9199],[135.2752,34.9173],[135.2765,34.9124],[135.2779,34.9107],[135.2762,34.9091],[135.2765,34.9068],[135.2777,34.9057],[135.2757,34.899],[135.2762,34.8979],[135.2745,34.8947],[135.2747,34.893],[135.276,34.8916],[135.2795,34.889],[135.2804,34.8872],[135.2804,34.8857],[135.2823,34.8839],[135.284,34.8807],[135.2856,34.8789],[135.2851,34.8769],[135.2857,34.8738],[135.2868,34.8708],[135.288,34.8693],[135.2898,34.8686],[135.2908,34.8666],[135.292,34.8661],[135.2919,34.8638],[135.2938,34.8613]],[[135.3892,34.8342],[135.3908,34.8371],[135.3927,34.8377],[135.395,34.8361],[135.3908,34.8358],[135.3892,34.8342]]]},"properties":{"prefectureCode":"28","prefectureName":"兵庫県","municipalityName":"宝塚市","municipalityCode":"28214"}},
{"type":"Feature","geometry":{"type":"Polygon","coordinates":[[[135.1675,34.8891],[135.1651,34.889],[135.1631,34.8901],[135.1595,34.8937],[135.1593,34.8983],[135.1579,34.8988],[135.158,34.9],[135.1566,34.9011],[135.1564,34.9027],[135.1573,34.9043],[135.1566,34.9092],[135.1555,34.9107],[135.1551,34.9123],[135.1522,34.9126],[135.1507,34.9146],[135.1507,34.9168],[135.1528,34.9186],[135.1516,34.9204],[135.1511,34.9226],[135.1528,34.9242],[135.1523,34.9259],[135.151,34.927],[135.15,34.9291],[135.1489,34.9301],[135.1474,34.9347],[135.1479,34.9384],[135.1467,34.9416],[135.1455,34.9427],[135.1419,34.9423],[135.1403,34.9414],[135.1406,34.9391],[135.1382,34.9382],[135.1349,34.9378],[135.1326,34.9369],[135.1298,34.9351],[135.1267,34.9344],[135.1245,34.9332],[135.1216,34.9291],[135.1184,34.9289],[135.1137,34.9252],[135.1115,34.924],[135.1098,34.9219],[135.1093,34.9193],[135.1085,34.9182],[135.1082,34.9162],[135.107,34.9142],[135.1047,34.9135],[135.1038,34.9086],[135.1024,34.907],[135.1025,34.906],[135.1002,34.9032],[135.0984,34.9032],[135.0968,34.9007],[135.0979,34.9001],[135.0965,34.8978],[135.0945,34.896],[135.0942,34.8918],[135.0892,34.8882],[135.0859,34.8865],[135.0833,34.8865],[135.0814,34.8852],[135.0807,34.8864],[135.0782,34.8871],[135.0763,34.886],[135.0745,34.8863],[135.0735,34.8874],[135.0685,34.8871],[135.0644,34.8843],[135.0622,34.8844],[135.0636,34.8803],[135.0638,34.8772],[135.0611,34.8739],[135.0627,34.8717],[135.0597,34.8692],[135.0585,34.8673],[135.0555,34.8659],[135.0531,34.8633],[135.0497,34.8621],[135.0474,34.8606],[135.045,34.8608],[135.0438,34.8619],[135.0413,34.8618],[135.0397,34.8609],[135.0395,34.8593],[135.0359,34.8562],[135.0304,34.8544],[135.0283,34.8544],[135.0274,34.8523],[135.0248,34.853],[135.0182,34.8552],[135.0173,34.8546],[135.0143,34.8548],[135.0097,34.8544],[135.0056,34.8511],[135.0037,34.8479],[134.9999,34.8442],[134.9969,34.8421],[135.0025,34.8381],[135.0021,34.8366],[135.0026,34.8345],[135.0017,34.8317],[134.9997,34.8307],[134.9989,34.8285],[134.9977,34.8287],[134.9942,34.8277],[134.9931,34.828],[134.9882,34.8253],[134.9877,34.8238],[134.9844,34.8237],[134.9841,34.8261],[134.9817,34.8246],[134.9789,34.8236],[134.975,34.823],[134.9739,34.8205],[134.9723,34.8189],[134.9701,34.8176],[134.9684,34.8159],[134.9648,34.8152],[134.9629,34.8142],[134.9599,34.8141],[134.9569,34.8128],[134.9542,34.813],[134.9522,34.8143],[134.95,34.8097],[134.9474,34.8106],[134.9458,34.8096],[134.9443,34.8078],[134.9411,34.8057],[134.9402,34.8084],[134.9365,34.8103],[134.9333,34.811],[134.9322,34.8104],[134.9295,34.8111],[134.9274,34.8103],[134.9285,34.8067],[134.9272,34.8049],[134.9256,34.8015],[134.9254,34.7997],[134.9257,34.7957],[134.9278,34.7949],[134.9271,34.7923],[134.9292,34.7901],[134.9329,34.7831],[134.9332,34.7811],[134.9351,34.7791],[134.9379,34.7778],[134.939,34.7793],[134.9418,34.7799],[134.9472,34.7772],[134.9484,34.779],[134.9509,34.7778],[134.9524,34.7797],[134.9537,34.7784],[134.9591,34.7781],[134.9629,34.7772],[134.9612,34.7728],[134.9593,34.7695],[134.9593,34.7662],[134.9605,34.7652],[134.9614,34.763],[134.964,34.7623],[134.966,34.7633],[134.969,34.7624],[134.9699,34.7637],[134.9725,34.7628],[134.9746,34.7649],[134.9767,34.7662],[134.9777,34.7689],[134.9806,34.7695],[134.9826,34.7722],[134.9852,34.7719],[134.9861,34.7729],[134.9879,34.773],[134.9901,34.774],[134.9915,34.7735],[134.9931,34.7741],[134.9966,34.7742],[135.0006,34.7756],[135.0018,34.7756],[135.0018,34.7734],[135.0005,34.7716],[135.0006,34.7703],[135.0055,34.7702],[135.0075,34.7678],[135.0137,34.7663],[135.0166,34.7662],[135.0255,34.7626],[135.0256,34.7641],[135.0298,34.7648],[135.0317,34.7657],[135.0339,34.766],[135.0387,34.7647],[135.0406,34.7674],[135.0405,34.7697],[135.0475,34.7716],[135.0488,34.7703],[135.051,34.7697],[135.0516,34.7677],[135.0539,34.7664],[135.054,34.7651],[135.0565,34.7639],[135.059,34.7643],[135.062,34.764],[135.065,34.7657],[135.0651,34.767],[135.0669,34.7678],[135.0696,34.7674],[135.071,34.7689],[135.0762,34.771],[135.0783,34.7713],[135.0776,34.7735],[135.0792,34.7744],[135.0827,34.7784],[135.086,34.7792],[135.0883,34.7785],[135.0904,34.7791],[135.0928,34.7782],[135.0946,34.7786],[135.0928,34.7818],[135.0933,34.7832],[135.0925,34.7855],[135.094,34.7864],[135.0958,34.7863],[135.0958,34.7878],[135.0941,34.7897],[135.0905,34.7917],[135.0871,34.7925],[135.0857,34.7936],[135.0846,34.796],[135.0833,34.7974],[135.0819,34.8015],[135.0799,34.8029],[135.0775,34.8036],[135.0771,34.8048],[135.075,34.8057],[135.0773,34.8121],[135.0767,34.8128],[135.076,34.8161],[135.0774,34.817],[135.0812,34.8171],[135.0856,34.8217],[135.085,34.8243],[135.0869,34.8263],[135.0885,34.826],[135.0911,34.827],[135.0923,34.8282],[135.0929,34.8308],[135.0924,34.8323],[135.0943,34.8331],[135.0965,34.8328],[135.101,34.8345],[135.1027,34.8366],[135.1058,34.8418],[135.106,34.8436],[135.1114,34.8464],[135.1134,34.8465],[135.1153,34.8456],[135.1164,34.8442],[135.1186,34.8427],[135.1196,34.8405],[135.1227,34.8376],[135.1252,34.8371],[135.1312,34.8368],[135.1332,34.8371],[135.1343,34.8357],[135.1376,34.8361],[135.1402,34.8345],[135.1429,34.8349],[135.1436,34.8369],[135.1496,34.8405],[135.1513,34.8419],[135.1526,34.8415],[135.1531,34.8397],[135.1554,34.8411],[135.1554,34.8435],[135.1565,34.8465],[135.1579,34.8482],[135.1577,34.8501],[135.1583,34.8512],[135.1572,34.8523],[135.1576,34.8545],[135.1565,34.8601],[135.1577,34.8616],[135.1562,34.8635],[135.1559,34.8658],[135.1573,34.8701],[135.1562,34.8713],[135.1585,34.8762],[135.1576,34.878],[135.1563,34.8782],[135.1551,34.8821],[135.1572,34.883],[135.1604,34.8849],[135.1626,34.8854],[135.1675,34.8891]]]},"properties":{"prefectureCode":"28","prefectureName":"兵庫県","municipalityName":"三木市","municipalityCode":"28215"}},
{"type":"Feature","geometry":{"type":"Polygon","coordinates":[[[134.7613,34.7622],[134.7661,34.7606],[134.7651,34.7584],[134.7624,34.759],[134.7612,34.7585],[134.7572,34.7518],[134.7633,34.7485],[134.7664,34.7526],[134.7694,34.7515],[134.7689,34.7503],[134.7855,34.7414],[134.7888,34.7446],[134.7894,34.7464],[134.792,34.7447],[134.7877,34.7401],[134.7971,34.7325],[134.7982,34.7338],[134.8017,34.7324],[134.8038,34.7325],[134.8087,34.7321],[134.8106,34.746],[134.809,34.7538],[134.8082,34.7563],[134.8069,34.7573],[134.8087,34.7599],[134.8094,34.7624],[134.8095,34.7657],[134.8108,34.7684],[134.8134,34.7711],[134.8161,34.7718],[134.8198,34.771],[134.8233,34.7713],[134.8227,34.7743],[134.8209,34.7742],[134.8206,34.7789],[134.8193,34.7802],[134.8175,34.7807],[134.8149,34.7805],[134.8122,34.7812],[134.8101,34.7839],[134.811,34.7847],[134.8129,34.784],[134.8143,34.7866],[134.8107,34.7883],[134.8089,34.7869],[134.8078,34.7875],[134.8064,34.7896],[134.8035,34.7913],[134.8046,34.7932],[134.8032,34.7952],[134.8017,34.795],[134.8014,34.7974],[134.8032,34.7991],[134.8008,34.7997],[134.7978,34.8012],[134.7972,34.8028],[134.7986,34.8036],[134.7992,34.8055],[134.7976,34.8094],[134.7958,34.8108],[134.7946,34.8126],[134.7923,34.8131],[134.7906,34.8145],[134.7873,34.8149],[134.7824,34.8144],[134.7785,34.8158],[134.7738,34.8151],[134.7715,34.8133],[134.7715,34.8117],[134.7733,34.8106],[134.7736,34.8085],[134.7721,34.8069],[134.7719,34.8057],[134.7682,34.8046],[134.7661,34.8014],[134.7662,34.8001],[134.7643,34.7966],[134.7629,34.7976],[134.7606,34.7973],[134.7597,34.7962],[134.7558,34.7971],[134.7535,34.7951],[134.7515,34.7954],[134.75,34.7973],[134.7495,34.7972],[134.7473,34.7983],[134.7472,34.7983],[134.7469,34.7988],[134.7468,34.7999],[134.7468,34.8],[134.7468,34.8003],[134.7469,34.8007],[134.7471,34.8012],[134.7473,34.8013],[134.7475,34.8014],[134.7477,34.8017],[134.7477,34.8019],[134.7478,34.802],[134.748,34.802],[134.7481,34.8021],[134.7481,34.8022],[134.7484,34.8023],[134.7485,34.8025],[134.7484,34.8026],[134.7485,34.8032],[134.7485,34.8033],[134.7483,34.8033],[134.748,34.8034],[134.7477,34.8034],[134.7476,34.8035],[134.7481,34.8043],[134.7485,34.8051],[134.7486,34.8052],[134.7477,34.8054],[134.7475,34.8055],[134.7471,34.8057],[134.747,34.8058],[134.7468,34.8059],[134.7465,34.8062],[134.7464,34.8062],[134.7463,34.8061],[134.7453,34.8038],[134.7443,34.8016],[134.7441,34.8015],[134.7437,34.8015],[134.7434,34.8009],[134.7433,34.8006],[134.7432,34.8002],[134.7431,34.8],[134.7428,34.7991],[134.743,34.7976],[134.744,34.7972],[134.7444,34.7969],[134.7447,34.7967],[134.7449,34.7966],[134.7454,34.7963],[134.7454,34.7958],[134.7455,34.795],[134.7463,34.7944],[134.7466,34.7941],[134.7473,34.7929],[134.7475,34.7925],[134.7476,34.7923],[134.7477,34.7921],[134.7477,34.792],[134.7481,34.7918],[134.7482,34.7915],[134.7483,34.7911],[134.7485,34.7906],[134.7485,34.7901],[134.7483,34.7896],[134.7482,34.7896],[134.748,34.7892],[134.7476,34.7889],[134.7474,34.7888],[134.7473,34.7887],[134.7464,34.7882],[134.7459,34.7881],[134.7456,34.788],[134.7451,34.7878],[134.7452,34.7875],[134.7455,34.7873],[134.7461,34.7865],[134.746,34.7861],[134.7458,34.7851],[134.7467,34.7849],[134.747,34.7848],[134.7472,34.7847],[134.7473,34.7846],[134.7474,34.7845],[134.7478,34.7841],[134.7482,34.7838],[134.7482,34.7831],[134.7482,34.7821],[134.7481,34.7819],[134.7481,34.7817],[134.7481,34.7816],[134.7483,34.7816],[134.7489,34.7813],[134.7496,34.7807],[134.7499,34.7804],[134.75,34.7803],[134.7502,34.7798],[134.75,34.7782],[134.7499,34.7772],[134.75,34.7769],[134.75,34.7767],[134.7498,34.775],[134.75,34.7738],[134.7501,34.7737],[134.7521,34.7737],[134.7515,34.7752],[134.7516,34.7795],[134.7529,34.782],[134.7522,34.783],[134.7533,34.7846],[134.7565,34.7858],[134.7568,34.787],[134.7584,34.7885],[134.7577,34.7895],[134.7579,34.7922],[134.7597,34.792],[134.763,34.7885],[134.7634,34.7867],[134.7628,34.7855],[134.7672,34.782],[134.7666,34.7797],[134.7675,34.7769],[134.7657,34.7753],[134.7649,34.7719],[134.7613,34.7622]]]},"properties":{"prefectureCode":"28","prefectureName":"兵庫県","municipalityName":"高砂市","municipalityCode":"28216"}},
{"type":"Feature","geometry":{"type":"MultiPolygon","coordinates":[[[[135.4375,34.8771],[135.4374,34.8799],[135.439,34.8839],[135.4409,34.8905],[135.4439,34.8914],[135.4441,34.8942],[135.4451,34.8954],[135.4458,34.8965],[135.4452,34.8984],[135.4436,34.8989],[135.4395,34.896],[135.438,34.8961],[135.4356,34.895],[135.4326,34.8917],[135.4307,34.8924],[135.4305,34.8935],[135.4324,34.8958],[135.4311,34.8972],[135.4274,34.9044],[135.4275,34.9056],[135.4257,34.9067],[135.4244,34.9064],[135.42,34.9065],[135.4187,34.9085],[135.4191,34.9098],[135.4226,34.9106],[135.4241,34.9119],[135.4245,34.9135],[135.4275,34.9147],[135.4303,34.9163],[135.4345,34.9168],[135.4365,34.918],[135.4393,34.9205],[135.4439,34.9201],[135.4463,34.9204],[135.4514,34.9199],[135.4567,34.9179],[135.4621,34.9179],[135.4654,34.9196],[135.4663,34.9217],[135.4659,34.9242],[135.4685,34.9254],[135.4682,34.9275],[135.4671,34.9288],[135.4636,34.9277],[135.461,34.9263],[135.4571,34.9291],[135.4528,34.9297],[135.4519,34.9317],[135.4503,34.9326],[135.4492,34.9344],[135.448,34.9343],[135.4416,34.9394],[135.4385,34.9369],[135.435,34.9383],[135.4329,34.938],[135.4323,34.937],[135.4286,34.9365],[135.427,34.9371],[135.4253,34.9364],[135.4234,34.9345],[135.4215,34.9339],[135.4185,34.9339],[135.4167,34.9323],[135.4163,34.9298],[135.4121,34.9286],[135.4071,34.9281],[135.4084,34.9253],[135.4104,34.9248],[135.4113,34.9227],[135.4106,34.9212],[135.4064,34.9204],[135.4073,34.9184],[135.4067,34.9157],[135.4052,34.9144],[135.4022,34.9143],[135.3992,34.9101],[135.3976,34.9115],[135.3943,34.9084],[135.3968,34.9058],[135.394,34.903],[135.3908,34.9024],[135.3888,34.8975],[135.3873,34.8961],[135.3836,34.8938],[135.385,34.8926],[135.3819,34.8923],[135.3808,34.8911],[135.3809,34.8883],[135.3794,34.8857],[135.3804,34.882],[135.3832,34.8793],[135.3837,34.8775],[135.3796,34.8753],[135.3765,34.8754],[135.3752,34.8739],[135.3719,34.8742],[135.3701,34.8725],[135.3718,34.8701],[135.3698,34.8698],[135.3681,34.8722],[135.3681,34.8738],[135.3651,34.8739],[135.3638,34.8717],[135.364,34.8692],[135.3608,34.8638],[135.3623,34.8623],[135.3653,34.8607],[135.3681,34.861],[135.3698,34.8598],[135.3707,34.8584],[135.3736,34.8574],[135.3744,34.8553],[135.3732,34.8541],[135.3702,34.855],[135.368,34.8512],[135.3704,34.8494],[135.3754,34.8492],[135.3773,34.8471],[135.3798,34.8504],[135.3826,34.8464],[135.3841,34.8467],[135.3876,34.8437],[135.3956,34.8433],[135.3974,34.8453],[135.3994,34.8458],[135.4028,34.844],[135.4064,34.8438],[135.4083,34.8423],[135.4101,34.8426],[135.412,34.8418],[135.4103,34.8407],[135.4113,34.8378],[135.4099,34.836],[135.4111,34.8344],[135.4098,34.8334],[135.4079,34.8344],[135.4062,34.8312],[135.4063,34.8296],[135.4035,34.8292],[135.4024,34.8284],[135.4027,34.827],[135.4,34.8242],[135.4006,34.8222],[135.4002,34.8208],[135.4009,34.8158],[135.402,34.8132],[135.4017,34.8116],[135.4037,34.8095],[135.4006,34.8083],[135.4013,34.8058],[135.4041,34.8005],[135.4099,34.8017],[135.4127,34.8014],[135.4186,34.8018],[135.4231,34.8014],[135.4237,34.8021],[135.4228,34.8032],[135.4218,34.806],[135.4197,34.8088],[135.416,34.8177],[135.4162,34.8205],[135.4224,34.8269],[135.4238,34.8299],[135.4236,34.8341],[135.4242,34.8382],[135.4213,34.8446],[135.4207,34.8468],[135.4186,34.8495],[135.418,34.8523],[135.4201,34.8515],[135.424,34.8522],[135.4258,34.8535],[135.4278,34.8541],[135.4314,34.8564],[135.4316,34.8582],[135.4301,34.8611],[135.4319,34.8632],[135.4327,34.8666],[135.4342,34.8683],[135.4348,34.8701],[135.434,34.8722],[135.4352,34.8744],[135.4372,34.8761],[135.4375,34.8771]]],[[[135.3892,34.8342],[135.3908,34.8358],[135.395,34.8361],[135.3927,34.8377],[135.3908,34.8371],[135.3892,34.8342]]]]},"properties":{"prefectureCode":"28","prefectureName":"兵庫県","municipalityName":"川西市","municipalityCode":"28217"}},
{"type":"Feature","geometry":{"type":"Polygon","coordinates":[[[134.9274,34.8103],[134.9295,34.8111],[134.9322,34.8104],[134.9333,34.811],[134.9365,34.8103],[134.9402,34.8084],[134.9411,34.8057],[134.9443,34.8078],[134.9458,34.8096],[134.9474,34.8106],[134.95,34.8097],[134.9522,34.8143],[134.9542,34.813],[134.9569,34.8128],[134.9599,34.8141],[134.9629,34.8142],[134.9648,34.8152],[134.9684,34.8159],[134.9701,34.8176],[134.9723,34.8189],[134.9739,34.8205],[134.975,34.823],[134.9789,34.8236],[134.9817,34.8246],[134.9841,34.8261],[134.9844,34.8237],[134.9877,34.8238],[134.9882,34.8253],[134.9931,34.828],[134.9942,34.8277],[134.9977,34.8287],[134.9989,34.8285],[134.9997,34.8307],[135.0017,34.8317],[135.0026,34.8345],[135.0021,34.8366],[135.0025,34.8381],[134.9969,34.8421],[134.9999,34.8442],[135.0037,34.8479],[135.0056,34.8511],[135.0097,34.8544],[135.0143,34.8548],[135.0173,34.8546],[135.0182,34.8552],[135.0248,34.853],[135.0252,34.8569],[135.0242,34.8581],[135.0265,34.8589],[135.0256,34.8617],[135.0265,34.8631],[135.0269,34.8655],[135.0264,34.8682],[135.0243,34.8704],[135.0237,34.8738],[135.0218,34.8759],[135.0235,34.8792],[135.0227,34.8804],[135.0203,34.8818],[135.0189,34.8835],[135.0166,34.8849],[135.0154,34.8847],[135.0136,34.8828],[135.0114,34.8831],[135.0119,34.8858],[135.0104,34.8886],[135.0073,34.8888],[135.005,34.8894],[135.0037,34.8918],[135.0027,34.8927],[135.0036,34.8949],[135.003,34.8993],[135.0014,34.9008],[134.9994,34.9],[134.9974,34.9008],[134.9941,34.8999],[134.9888,34.8992],[134.984,34.8975],[134.9807,34.8972],[134.9804,34.8985],[134.9768,34.8974],[134.973,34.8971],[134.9733,34.8936],[134.97,34.892],[134.9672,34.8918],[134.9662,34.8899],[134.9641,34.884],[134.9608,34.8848],[134.959,34.886],[134.9561,34.8867],[134.9547,34.8859],[134.9536,34.8833],[134.9501,34.8842],[134.9422,34.8854],[134.9386,34.8823],[134.9369,34.8825],[134.9339,34.8819],[134.9322,34.8809],[134.9289,34.8799],[134.9291,34.8816],[134.931,34.8854],[134.9348,34.8888],[134.9363,34.8912],[134.938,34.8981],[134.9373,34.903],[134.9342,34.9059],[134.9324,34.907],[134.9289,34.9082],[134.9285,34.9089],[134.93,34.9128],[134.9268,34.9125],[134.9219,34.9153],[134.9216,34.9136],[134.916,34.9117],[134.9149,34.909],[134.9172,34.9082],[134.9133,34.9063],[134.9112,34.9081],[134.9114,34.9103],[134.9141,34.9117],[134.914,34.9127],[134.9107,34.9121],[134.91,34.9134],[134.9103,34.9152],[134.9094,34.917],[134.908,34.9156],[134.9086,34.913],[134.9099,34.9112],[134.9085,34.9091],[134.9068,34.9089],[134.9055,34.9069],[134.9064,34.9034],[134.9044,34.9013],[134.9037,34.8952],[134.9024,34.8939],[134.8994,34.8926],[134.8982,34.8907],[134.9003,34.8895],[134.9027,34.8873],[134.9036,34.8846],[134.9052,34.8835],[134.9047,34.8806],[134.9028,34.8794],[134.9019,34.8746],[134.8983,34.8713],[134.8954,34.868],[134.8932,34.8661],[134.8919,34.8661],[134.8898,34.8642],[134.8895,34.8576],[134.8875,34.8565],[134.8876,34.8525],[134.889,34.851],[134.8891,34.8481],[134.8873,34.8475],[134.8869,34.8452],[134.8878,34.843],[134.8888,34.8424],[134.8877,34.8402],[134.8833,34.8402],[134.8826,34.8398],[134.884,34.8373],[134.8842,34.8352],[134.8866,34.8348],[134.8884,34.8329],[134.8882,34.8306],[134.8899,34.8307],[134.8901,34.8287],[134.8961,34.8277],[134.8975,34.8285],[134.8987,34.8256],[134.9007,34.8249],[134.9056,34.8245],[134.9069,34.8259],[134.911,34.8262],[134.9137,34.8252],[134.9159,34.8262],[134.9179,34.8247],[134.9205,34.8243],[134.9197,34.8217],[134.9199,34.82],[134.9217,34.8189],[134.9233,34.8158],[134.9262,34.813],[134.9274,34.8103]]]},"properties":{"prefectureCode":"28","prefectureName":"兵庫県","municipalityName":"小野市","municipalityCode":"28218"}},
{"type":"Feature","geometry":{"type":"Polygon","coordinates":[[[135.2804,34.8857],[135.2804,34.8872],[135.2795,34.889],[135.276,34.8916],[135.2747,34.893],[135.2745,34.8947],[135.2762,34.8979],[135.2757,34.899],[135.2777,34.9057],[135.2765,34.9068],[135.2762,34.9091],[135.2779,34.9107],[135.2765,34.9124],[135.2752,34.9173],[135.2759,34.9199],[135.2768,34.9206],[135.2805,34.9207],[135.284,34.9231],[135.2869,34.9237],[135.287,34.9257],[135.2901,34.927],[135.292,34.9272],[135.2945,34.9282],[135.2961,34.9278],[135.2995,34.926],[135.3011,34.9232],[135.3035,34.9214],[135.3056,34.9236],[135.3055,34.9255],[135.3078,34.929],[135.3088,34.932],[135.3069,34.9369],[135.3089,34.9376],[135.3094,34.9399],[135.3084,34.9416],[135.3088,34.9431],[135.3083,34.9464],[135.3049,34.949],[135.303,34.9493],[135.3027,34.9518],[135.305,34.9542],[135.3039,34.9567],[135.3042,34.9608],[135.3053,34.9624],[135.3021,34.9629],[135.3011,34.9661],[135.3002,34.9668],[135.2997,34.969],[135.3006,34.9714],[135.298,34.9743],[135.298,34.9758],[135.3,34.9766],[135.2988,34.978],[135.2993,34.9795],[135.3015,34.9808],[135.3017,34.9823],[135.3069,34.9836],[135.3096,34.9834],[135.3104,34.9846],[135.3075,34.9885],[135.3045,34.9897],[135.3035,34.9917],[135.3036,34.9937],[135.3029,34.9951],[135.3005,34.9954],[135.2984,34.997],[135.2967,34.9972],[135.293,34.9964],[135.2916,34.997],[135.2893,34.9961],[135.2863,34.9974],[135.2852,34.9997],[135.2871,35.0001],[135.2886,35.0024],[135.288,35.004],[135.2892,35.0081],[135.2899,35.009],[135.2878,35.0115],[135.2877,35.0136],[135.285,35.0158],[135.282,35.0148],[135.2794,35.0151],[135.2761,35.0139],[135.2737,35.0145],[135.2684,35.0148],[135.2631,35.013],[135.2618,35.0118],[135.259,35.011],[135.2549,35.0115],[135.2541,35.0133],[135.2526,35.0139],[135.2515,35.0155],[135.2545,35.0159],[135.2549,35.0179],[135.2542,35.0187],[135.2534,35.0217],[135.2517,35.0227],[135.2486,35.0234],[135.2517,35.0251],[135.25,35.0267],[135.2472,35.0282],[135.2444,35.0292],[135.2452,35.0321],[135.2439,35.0332],[135.2402,35.0354],[135.2388,35.037],[135.2374,35.036],[135.2358,35.0324],[135.2353,35.0287],[135.2339,35.0289],[135.2317,35.0282],[135.2301,35.0287],[135.2269,35.0284],[135.225,35.03],[135.2225,35.0304],[135.221,35.0328],[135.2203,35.0353],[135.2171,35.0323],[135.2158,35.0302],[135.2148,35.0297],[135.2142,35.0276],[135.213,35.0276],[135.2096,35.0263],[135.2074,35.0272],[135.2051,35.0268],[135.203,35.0254],[135.1997,35.0272],[135.1968,35.0273],[135.1951,35.0256],[135.1956,35.0241],[135.1931,35.0198],[135.1924,35.0177],[135.1892,35.0162],[135.1886,35.0144],[135.1873,35.0146],[135.1848,35.0136],[135.1832,35.0107],[135.181,35.0108],[135.1791,35.0088],[135.1755,35.0092],[135.1751,35.0075],[135.1754,35.0051],[135.1748,35.0006],[135.1769,34.9984],[135.1749,34.9964],[135.1702,34.9954],[135.1676,35.0008],[135.1665,35.0011],[135.1646,34.9991],[135.164,34.9936],[135.1613,34.9906],[135.1609,34.9891],[135.1576,34.9877],[135.1556,34.9891],[135.1499,34.9888],[135.1484,34.9912],[135.1458,34.9923],[135.1434,34.9923],[135.1415,34.9915],[135.1395,34.9899],[135.1389,34.9863],[135.1397,34.9824],[135.139,34.9794],[135.1394,34.9778],[135.1412,34.9751],[135.1399,34.9703],[135.1385,34.9681],[135.1362,34.9669],[135.1356,34.9658],[135.1332,34.9646],[135.1309,34.9602],[135.1295,34.9582],[135.1266,34.9559],[135.1232,34.955],[135.1216,34.956],[135.122,34.9575],[135.1203,34.9603],[135.1183,34.9624],[135.1169,34.9629],[135.116,34.9646],[135.1114,34.9628],[135.1042,34.9596],[135.1003,34.9582],[135.0985,34.9589],[135.096,34.9621],[135.0927,34.9646],[135.093,34.961],[135.0926,34.96],[135.0925,34.9568],[135.0936,34.9544],[135.0974,34.9491],[135.101,34.9489],[135.1037,34.9476],[135.1035,34.9461],[135.102,34.9448],[135.1027,34.9417],[135.1043,34.9396],[135.1037,34.9382],[135.1048,34.9363],[135.1075,34.9298],[135.1109,34.9296],[135.1125,34.9281],[135.1184,34.9289],[135.1216,34.9291],[135.1245,34.9332],[135.1267,34.9344],[135.1298,34.9351],[135.1326,34.9369],[135.1349,34.9378],[135.1382,34.9382],[135.1406,34.9391],[135.1403,34.9414],[135.1419,34.9423],[135.1455,34.9427],[135.1467,34.9416],[135.1479,34.9384],[135.1474,34.9347],[135.1489,34.9301],[135.15,34.9291],[135.151,34.927],[135.1523,34.9259],[135.1528,34.9242],[135.1511,34.9226],[135.1516,34.9204],[135.1528,34.9186],[135.1507,34.9168],[135.1507,34.9146],[135.1522,34.9126],[135.1551,34.9123],[135.1555,34.9107],[135.1566,34.9092],[135.1573,34.9043],[135.1564,34.9027],[135.1566,34.9011],[135.158,34.9],[135.1579,34.8988],[135.1593,34.8983],[135.1595,34.8937],[135.1631,34.8901],[135.1651,34.889],[135.1675,34.8891],[135.17,34.8905],[135.1705,34.8892],[135.1727,34.8881],[135.1744,34.8885],[135.1786,34.8877],[135.1824,34.8886],[135.1858,34.8869],[135.1861,34.8846],[135.1883,34.8849],[135.189,34.8832],[135.1922,34.8804],[135.1939,34.8809],[135.1957,34.8795],[135.1976,34.8792],[135.1976,34.8773],[135.2012,34.876],[135.2043,34.8765],[135.2066,34.8775],[135.2079,34.877],[135.2099,34.8784],[135.2121,34.8783],[135.2131,34.8765],[135.2162,34.8749],[135.2181,34.8757],[135.2219,34.8751],[135.2258,34.8737],[135.2264,34.8729],[135.2287,34.8726],[135.2297,34.8734],[135.2325,34.8734],[135.2337,34.8741],[135.2348,34.8759],[135.2369,34.8771],[135.2391,34.877],[135.2419,34.8784],[135.2449,34.8778],[135.2462,34.8787],[135.2481,34.8778],[135.2521,34.8792],[135.2572,34.8821],[135.258,34.8833],[135.2615,34.8852],[135.263,34.8848],[135.2777,34.8861],[135.2789,34.8866],[135.2804,34.8857]]]},"properties":{"prefectureCode":"28","prefectureName":"兵庫県","municipalityName":"三田市","municipalityCode":"28219"}},
{"type":"Feature","geometry":{"type":"Polygon","coordinates":[[[134.8136,34.8671],[134.8148,34.867],[134.8169,34.8644],[134.8163,34.8603],[134.8145,34.8592],[134.8119,34.8566],[134.8144,34.8562],[134.8161,34.8531],[134.818,34.8527],[134.8186,34.8538],[134.821,34.8536],[134.8223,34.8542],[134.8247,34.854],[134.8284,34.8563],[134.8287,34.8575],[134.8338,34.8572],[134.8368,34.8564],[134.8375,34.8545],[134.8424,34.855],[134.8417,34.8533],[134.8441,34.8529],[134.8481,34.8536],[134.8501,34.85],[134.852,34.8504],[134.8521,34.8523],[134.8557,34.853],[134.8577,34.8541],[134.8592,34.853],[134.8617,34.8526],[134.8624,34.8516],[134.8648,34.8516],[134.8644,34.8496],[134.8654,34.8463],[134.8666,34.846],[134.8676,34.8436],[134.8706,34.8437],[134.8707,34.8417],[134.8728,34.8401],[134.8776,34.8405],[134.8826,34.8398],[134.8833,34.8402],[134.8877,34.8402],[134.8888,34.8424],[134.8878,34.843],[134.8869,34.8452],[134.8873,34.8475],[134.8891,34.8481],[134.889,34.851],[134.8876,34.8525],[134.8875,34.8565],[134.8895,34.8576],[134.8898,34.8642],[134.8919,34.8661],[134.8932,34.8661],[134.8954,34.868],[134.8983,34.8713],[134.9019,34.8746],[134.9028,34.8794],[134.9047,34.8806],[134.9052,34.8835],[134.9036,34.8846],[134.9027,34.8873],[134.9003,34.8895],[134.8982,34.8907],[134.8994,34.8926],[134.9024,34.8939],[134.9037,34.8952],[134.9044,34.9013],[134.9064,34.9034],[134.9055,34.9069],[134.9068,34.9089],[134.9048,34.9119],[134.903,34.9113],[134.9006,34.9114],[134.899,34.9105],[134.8972,34.9114],[134.8979,34.9135],[134.8995,34.9155],[134.9006,34.9152],[134.9023,34.917],[134.904,34.9158],[134.9071,34.9146],[134.9094,34.9195],[134.9077,34.9198],[134.9063,34.9216],[134.9043,34.9227],[134.9029,34.9281],[134.9022,34.9295],[134.9043,34.9309],[134.9053,34.9339],[134.912,34.9305],[134.9156,34.9292],[134.9174,34.9302],[134.9184,34.9284],[134.9224,34.929],[134.9263,34.9299],[134.9308,34.9328],[134.9336,34.9335],[134.9335,34.937],[134.9339,34.942],[134.9333,34.9461],[134.9341,34.9498],[134.9325,34.9507],[134.9327,34.9536],[134.9301,34.956],[134.9299,34.9579],[134.9273,34.958],[134.9259,34.9565],[134.9241,34.9573],[134.9213,34.9574],[134.9204,34.9585],[134.9169,34.9596],[134.9157,34.9588],[134.9136,34.9591],[134.9121,34.9583],[134.9097,34.9593],[134.908,34.9614],[134.9065,34.9611],[134.9046,34.9623],[134.9014,34.9629],[134.9015,34.9638],[134.8997,34.9653],[134.8964,34.964],[134.8945,34.9646],[134.8944,34.9658],[134.893,34.9678],[134.8938,34.9713],[134.8921,34.9734],[134.8918,34.9766],[134.8935,34.9786],[134.892,34.9812],[134.8905,34.981],[134.8888,34.982],[134.8873,34.9818],[134.8856,34.9833],[134.8835,34.9822],[134.8791,34.9818],[134.8775,34.9825],[134.8754,34.9809],[134.8734,34.9804],[134.872,34.9828],[134.8691,34.9836],[134.8659,34.9813],[134.8639,34.9835],[134.8621,34.9847],[134.8631,34.9868],[134.8628,34.9884],[134.8607,34.9896],[134.8606,34.9947],[134.862,34.997],[134.8599,34.9994],[134.8597,35.0032],[134.8605,35.0058],[134.8572,35.0071],[134.8558,35.0081],[134.8547,35.0098],[134.8514,35.0104],[134.85,35.0121],[134.8486,35.0177],[134.8467,35.0185],[134.8443,35.0168],[134.8426,35.0142],[134.8399,35.0123],[134.8386,35.0101],[134.8368,35.0092],[134.8355,35.007],[134.8327,35.0055],[134.8334,35.0036],[134.8327,35.0028],[134.833,35.0006],[134.8342,34.9977],[134.8317,34.9952],[134.8317,34.9929],[134.8302,34.9899],[134.8283,34.991],[134.824,34.9916],[134.8213,34.9917],[134.8222,34.9893],[134.8216,34.9873],[134.8196,34.9877],[134.8134,34.9845],[134.812,34.982],[134.812,34.977],[134.811,34.9739],[134.809,34.9706],[134.8054,34.9696],[134.8043,34.9668],[134.805,34.966],[134.8039,34.964],[134.804,34.9615],[134.8023,34.9606],[134.8025,34.9592],[134.7991,34.9577],[134.7978,34.9549],[134.796,34.9534],[134.7964,34.952],[134.7988,34.949],[134.7995,34.9447],[134.7987,34.9434],[134.7997,34.9401],[134.799,34.9378],[134.8004,34.9362],[134.8004,34.9342],[134.7994,34.9325],[134.7979,34.9317],[134.796,34.9317],[134.7942,34.9291],[134.7943,34.9266],[134.7957,34.9196],[134.7955,34.9184],[134.7937,34.9179],[134.7931,34.9163],[134.7959,34.912],[134.7959,34.9106],[134.7947,34.9099],[134.796,34.9084],[134.7967,34.9056],[134.7954,34.9026],[134.7938,34.9014],[134.794,34.899],[134.7931,34.8966],[134.794,34.8955],[134.7921,34.8937],[134.7907,34.8931],[134.7907,34.8916],[134.7884,34.8912],[134.7879,34.8896],[134.786,34.8887],[134.7861,34.8874],[134.7887,34.8857],[134.7898,34.8835],[134.7892,34.8811],[134.7919,34.8796],[134.7975,34.8775],[134.7989,34.8762],[134.8042,34.8747],[134.8078,34.8749],[134.8089,34.8742],[134.8106,34.8718],[134.8084,34.8708],[134.8114,34.8679],[134.8136,34.8671]]]},"properties":{"prefectureCode":"28","prefectureName":"兵庫県","municipalityName":"加西市","municipalityCode":"28220"}},
{"type":"Feature","geometry":{"type":"Polygon","coordinates":[[[135.2249,35.1638],[135.2255,35.1614],[135.2267,35.1598],[135.2262,35.1582],[135.2281,35.1565],[135.2274,35.1539],[135.2286,35.1504],[135.2238,35.1447],[135.2206,35.1433],[135.2197,35.1413],[135.2181,35.1407],[135.2179,35.1389],[135.2197,35.1359],[135.2143,35.1316],[135.2114,35.1316],[135.2092,35.1301],[135.2088,35.1289],[135.2038,35.1286],[135.2011,35.1278],[135.1983,35.1288],[135.1973,35.1282],[135.1942,35.1283],[135.1918,35.1292],[135.1888,35.1281],[135.1866,35.129],[135.1808,35.1274],[135.1776,35.1275],[135.1725,35.1259],[135.1694,35.1271],[135.1678,35.1263],[135.1654,35.1265],[135.163,35.128],[135.1618,35.128],[135.1609,35.1296],[135.1566,35.1303],[135.1535,35.13],[135.1509,35.1307],[135.15,35.1296],[135.1503,35.1273],[135.1486,35.1249],[135.1473,35.1241],[135.1445,35.1239],[135.1415,35.1224],[135.1392,35.1229],[135.1359,35.1246],[135.1342,35.1245],[135.13,35.1231],[135.1256,35.125],[135.1224,35.1245],[135.122,35.1233],[135.1197,35.122],[135.1156,35.1142],[135.1124,35.114],[135.1093,35.1125],[135.1087,35.1085],[135.1106,35.1046],[135.1119,35.103],[135.1112,35.1008],[135.1112,35.0985],[135.1121,35.0968],[135.1156,35.0962],[135.116,35.0935],[135.1141,35.0904],[135.1158,35.0893],[135.1169,35.0859],[135.1185,35.0852],[135.1201,35.0833],[135.122,35.0827],[135.1216,35.08],[135.1225,35.0799],[135.125,35.0817],[135.1285,35.0818],[135.1275,35.0806],[135.125,35.0795],[135.1234,35.0767],[135.1232,35.0755],[135.1216,35.0732],[135.1218,35.072],[135.1237,35.0718],[135.1243,35.0703],[135.1277,35.0684],[135.1287,35.067],[135.1277,35.0642],[135.1281,35.0633],[135.1273,35.0598],[135.1279,35.0572],[135.1294,35.0541],[135.1308,35.0531],[135.131,35.0517],[135.1269,35.0502],[135.1241,35.052],[135.1222,35.0542],[135.1191,35.0544],[135.1182,35.0563],[135.1187,35.0571],[135.1144,35.0576],[135.1122,35.06],[135.1102,35.0608],[135.1088,35.0595],[135.1058,35.0592],[135.1045,35.0575],[135.1021,35.0556],[135.0988,35.0563],[135.0984,35.0551],[135.096,35.055],[135.0986,35.0537],[135.0999,35.0515],[135.1008,35.0486],[135.0992,35.0475],[135.0972,35.0449],[135.0959,35.0444],[135.0961,35.0422],[135.0947,35.0405],[135.092,35.0394],[135.0899,35.0391],[135.088,35.0364],[135.085,35.0368],[135.0835,35.0355],[135.0815,35.0326],[135.0791,35.0315],[135.0777,35.0275],[135.0739,35.0274],[135.0709,35.0258],[135.0699,35.024],[135.0663,35.0215],[135.0646,35.0191],[135.0656,35.017],[135.0625,35.0137],[135.0622,35.0116],[135.0594,35.0089],[135.0618,35.0062],[135.0643,35.0056],[135.0646,35.0041],[135.0667,35.0025],[135.0679,35.0033],[135.0702,35.0033],[135.0714,35.0019],[135.0732,34.9989],[135.0717,34.9961],[135.0725,34.9933],[135.0747,34.9936],[135.0788,34.9955],[135.0801,34.9947],[135.0808,34.9927],[135.0803,34.9897],[135.0819,34.9886],[135.0837,34.9895],[135.0865,34.9898],[135.0907,34.9917],[135.0937,34.991],[135.0943,34.9892],[135.0938,34.9869],[135.0947,34.9842],[135.0947,34.9813],[135.0938,34.9759],[135.0939,34.9722],[135.0933,34.9707],[135.0935,34.9683],[135.0927,34.9669],[135.0927,34.9646],[135.096,34.9621],[135.0985,34.9589],[135.1003,34.9582],[135.1042,34.9596],[135.1114,34.9628],[135.116,34.9646],[135.1169,34.9629],[135.1183,34.9624],[135.1203,34.9603],[135.122,34.9575],[135.1216,34.956],[135.1232,34.955],[135.1266,34.9559],[135.1295,34.9582],[135.1309,34.9602],[135.1332,34.9646],[135.1356,34.9658],[135.1362,34.9669],[135.1385,34.9681],[135.1399,34.9703],[135.1412,34.9751],[135.1394,34.9778],[135.139,34.9794],[135.1397,34.9824],[135.1389,34.9863],[135.1395,34.9899],[135.1415,34.9915],[135.1434,34.9923],[135.1458,34.9923],[135.1484,34.9912],[135.1499,34.9888],[135.1556,34.9891],[135.1576,34.9877],[135.1609,34.9891],[135.1613,34.9906],[135.164,34.9936],[135.1646,34.9991],[135.1665,35.0011],[135.1676,35.0008],[135.1702,34.9954],[135.1749,34.9964],[135.1769,34.9984],[135.1748,35.0006],[135.1754,35.0051],[135.1751,35.0075],[135.1755,35.0092],[135.1791,35.0088],[135.181,35.0108],[135.1832,35.0107],[135.1848,35.0136],[135.1873,35.0146],[135.1886,35.0144],[135.1892,35.0162],[135.1924,35.0177],[135.1931,35.0198],[135.1956,35.0241],[135.1951,35.0256],[135.1968,35.0273],[135.1997,35.0272],[135.203,35.0254],[135.2051,35.0268],[135.2074,35.0272],[135.2096,35.0263],[135.213,35.0276],[135.2142,35.0276],[135.2148,35.0297],[135.2158,35.0302],[135.2171,35.0323],[135.2203,35.0353],[135.221,35.0328],[135.2225,35.0304],[135.225,35.03],[135.2269,35.0284],[135.2301,35.0287],[135.2317,35.0282],[135.2339,35.0289],[135.2353,35.0287],[135.2358,35.0324],[135.2374,35.036],[135.2388,35.037],[135.2402,35.0354],[135.2439,35.0332],[135.2452,35.0321],[135.2444,35.0292],[135.2472,35.0282],[135.25,35.0267],[135.2517,35.0251],[135.2486,35.0234],[135.2517,35.0227],[135.2534,35.0217],[135.2542,35.0187],[135.2549,35.0179],[135.2545,35.0159],[135.2515,35.0155],[135.2526,35.0139],[135.2541,35.0133],[135.2549,35.0115],[135.259,35.011],[135.2618,35.0118],[135.2631,35.013],[135.2684,35.0148],[135.2737,35.0145],[135.2761,35.0139],[135.2794,35.0151],[135.282,35.0148],[135.285,35.0158],[135.2877,35.0136],[135.2878,35.0115],[135.2909,35.013],[135.2945,35.0136],[135.302,35.0129],[135.3048,35.0123],[135.3076,35.0098],[135.3089,35.0097],[135.3109,35.0114],[135.3145,35.0119],[135.3141,35.014],[135.3168,35.0154],[135.3214,35.0141],[135.3234,35.0162],[135.3212,35.0192],[135.3211,35.0218],[135.3228,35.0247],[135.3251,35.0244],[135.3274,35.0234],[135.3275,35.0249],[135.3304,35.0257],[135.333,35.0255],[135.3398,35.0259],[135.338,35.0305],[135.3363,35.0329],[135.3336,35.0352],[135.3311,35.0357],[135.3327,35.0373],[135.3337,35.0396],[135.3366,35.0412],[135.3379,35.0426],[135.3415,35.0431],[135.3442,35.0449],[135.3469,35.0449],[135.3491,35.0462],[135.35,35.0488],[135.3495,35.0509],[135.3523,35.0513],[135.3546,35.051],[135.3576,35.0499],[135.3595,35.0501],[135.362,35.0474],[135.3617,35.0465],[135.3643,35.0458],[135.3676,35.044],[135.3712,35.0453],[135.3693,35.0487],[135.37,35.052],[135.3687,35.0549],[135.3713,35.0586],[135.373,35.0598],[135.3772,35.0609],[135.3771,35.0632],[135.3764,35.0642],[135.3766,35.066],[135.379,35.0677],[135.3821,35.0687],[135.3834,35.0705],[135.3857,35.0711],[135.3871,35.0725],[135.3895,35.073],[135.3919,35.0727],[135.3937,35.0732],[135.3944,35.075],[135.3956,35.0757],[135.3995,35.0761],[135.4001,35.0776],[135.3987,35.0817],[135.3998,35.0832],[135.4001,35.086],[135.4016,35.0876],[135.4043,35.089],[135.4016,35.0906],[135.4007,35.0938],[135.3976,35.095],[135.3976,35.0956],[135.3916,35.098],[135.3892,35.0983],[135.3877,35.0992],[135.3885,35.103],[135.3898,35.1049],[135.3889,35.1058],[135.3892,35.1083],[135.3902,35.1092],[135.3933,35.1105],[135.3932,35.112],[135.391,35.1145],[135.3897,35.1147],[135.3872,35.1165],[135.3865,35.1177],[135.3861,35.1207],[135.3893,35.1236],[135.3897,35.1258],[135.3912,35.1265],[135.3898,35.1288],[135.3861,35.1295],[135.3847,35.1291],[135.3822,35.1298],[135.3775,35.1292],[135.3765,35.1296],[135.3727,35.129],[135.3723,35.1303],[135.3703,35.1322],[135.3682,35.1311],[135.3638,35.1319],[135.3599,35.1322],[135.3584,35.1332],[135.3575,35.1352],[135.3547,35.1367],[135.3497,35.1358],[135.3448,35.1361],[135.3432,35.1356],[135.3398,35.1378],[135.3399,35.141],[135.3374,35.1441],[135.3403,35.145],[135.3409,35.1457],[135.341,35.1497],[135.3364,35.1499],[135.3342,35.1496],[135.3311,35.1498],[135.3268,35.1492],[135.324,35.1466],[135.3208,35.1463],[135.3153,35.1463],[135.3112,35.1446],[135.3087,35.1444],[135.3035,35.1428],[135.3012,35.1427],[135.2987,35.1436],[135.2957,35.143],[135.2937,35.1416],[135.2876,35.1427],[135.286,35.1445],[135.2823,35.145],[135.2799,35.147],[135.2785,35.1511],[135.2809,35.1515],[135.2829,35.1508],[135.2856,35.1527],[135.2858,35.1544],[135.2871,35.1555],[135.2881,35.1584],[135.2917,35.1601],[135.2922,35.1613],[135.291,35.1647],[135.2902,35.1649],[135.29,35.171],[135.2893,35.1724],[135.2847,35.1712],[135.2818,35.1726],[135.2808,35.1745],[135.2787,35.1751],[135.2773,35.1746],[135.2749,35.1756],[135.2741,35.1772],[135.2686,35.1764],[135.2674,35.1757],[135.2635,35.1756],[135.2621,35.1764],[135.2597,35.176],[135.2573,35.1776],[135.2536,35.1764],[135.2501,35.178],[135.2495,35.177],[135.2463,35.1772],[135.2439,35.1767],[135.2419,35.1769],[135.2375,35.1763],[135.2366,35.1776],[135.232,35.1775],[135.2314,35.1751],[135.2296,35.1724],[135.2297,35.1715],[135.2287,35.1684],[135.2286,35.1658],[135.2266,35.1651],[135.2249,35.1638]]]},"properties":{"prefectureCode":"28","prefectureName":"兵庫県","municipalityName":"丹波篠山市","municipalityCode":"28221"}},
{"type":"Feature","geometry":{"type":"Polygon","coordinates":[[[134.6446,35.428],[134.6469,35.4256],[134.6475,35.4235],[134.6493,35.4213],[134.6493,35.42],[134.6478,35.4177],[134.6448,35.414],[134.6449,35.4109],[134.6419,35.4086],[134.6393,35.4073],[134.6356,35.4096],[134.6315,35.4097],[134.6293,35.4103],[134.6252,35.4096],[134.6228,35.4075],[134.6219,35.4078],[134.6181,35.4067],[134.6169,35.4042],[134.6146,35.4034],[134.6125,35.4015],[134.6125,35.4003],[134.6082,35.3997],[134.6084,35.3978],[134.6074,35.3942],[134.6059,35.3927],[134.6039,35.3915],[134.6045,35.3885],[134.6062,35.385],[134.6058,35.3824],[134.6038,35.3831],[134.6009,35.3882],[134.599,35.3887],[134.595,35.388],[134.5932,35.3891],[134.5903,35.3881],[134.5907,35.3896],[134.5865,35.3897],[134.5842,35.391],[134.5799,35.392],[134.5786,35.3927],[134.5787,35.395],[134.5764,35.3952],[134.5719,35.394],[134.5708,35.3927],[134.5657,35.3919],[134.5619,35.3928],[134.5581,35.3926],[134.5553,35.3932],[134.5538,35.3918],[134.5499,35.3905],[134.5471,35.3906],[134.5435,35.3892],[134.5415,35.3894],[134.5376,35.3916],[134.537,35.3946],[134.5335,35.3947],[134.5292,35.3944],[134.5279,35.3927],[134.5233,35.3901],[134.5189,35.3887],[134.517,35.3866],[134.5154,35.3836],[134.5136,35.3827],[134.5123,35.3801],[134.5106,35.379],[134.5078,35.379],[134.5065,35.3758],[134.504,35.3731],[134.505,35.3705],[134.5045,35.367],[134.5029,35.366],[134.5034,35.3625],[134.5045,35.3613],[134.5046,35.3594],[134.5069,35.3584],[134.5084,35.3561],[134.5105,35.3548],[134.5135,35.3541],[134.5138,35.3525],[134.5128,35.3513],[134.5103,35.3508],[134.5104,35.3494],[134.5096,35.3469],[134.51,35.3449],[134.5094,35.3421],[134.5079,35.3412],[134.5068,35.3385],[134.5096,35.3363],[134.5133,35.3342],[134.5151,35.3325],[134.5169,35.332],[134.5189,35.3304],[134.5235,35.3294],[134.5241,35.3261],[134.5288,35.3227],[134.5304,35.3233],[134.534,35.3223],[134.5345,35.3203],[134.536,35.3196],[134.5356,35.3173],[134.5379,35.3178],[134.5401,35.3167],[134.5452,35.3158],[134.5449,35.3138],[134.547,35.3116],[134.5493,35.3107],[134.5501,35.3094],[134.553,35.3085],[134.5549,35.3089],[134.5594,35.3072],[134.5613,35.3074],[134.5631,35.306],[134.5662,35.3029],[134.568,35.3023],[134.5688,35.3011],[134.5707,35.3003],[134.5725,35.2979],[134.5749,35.297],[134.5791,35.2963],[134.5794,35.2934],[134.5803,35.2925],[134.5797,35.2908],[134.5799,35.2879],[134.581,35.287],[134.5812,35.2817],[134.5826,35.2802],[134.5832,35.278],[134.5852,35.2768],[134.5855,35.2754],[134.5876,35.2742],[134.5902,35.2747],[134.5932,35.273],[134.5939,35.2715],[134.5976,35.2687],[134.6001,35.2676],[134.6006,35.2666],[134.6038,35.2662],[134.6092,35.2686],[134.6135,35.2695],[134.6166,35.2743],[134.6194,35.2768],[134.6198,35.278],[134.6228,35.2798],[134.6263,35.2796],[134.6278,35.2808],[134.6304,35.2783],[134.6341,35.2787],[134.6359,35.2771],[134.6383,35.2765],[134.6416,35.2739],[134.6411,35.272],[134.6437,35.2702],[134.6438,35.2692],[134.6469,35.2671],[134.6476,35.2647],[134.649,35.2628],[134.6512,35.2618],[134.6504,35.2594],[134.6506,35.257],[134.6537,35.2535],[134.6561,35.2538],[134.6604,35.252],[134.6613,35.2521],[134.6621,35.2546],[134.663,35.2558],[134.6664,35.2569],[134.6691,35.2558],[134.6707,35.2526],[134.6705,35.2501],[134.6726,35.2493],[134.6753,35.2469],[134.6767,35.2441],[134.6778,35.244],[134.6791,35.2426],[134.6821,35.2417],[134.6849,35.2424],[134.6872,35.2445],[134.6872,35.2459],[134.6886,35.247],[134.6928,35.2487],[134.6944,35.2488],[134.696,35.2526],[134.6998,35.2536],[134.7,35.2551],[134.6992,35.257],[134.6996,35.2589],[134.6981,35.262],[134.6942,35.2655],[134.6913,35.2687],[134.6882,35.2695],[134.6877,35.2709],[134.6861,35.2715],[134.6859,35.2732],[134.6905,35.2746],[134.6918,35.2761],[134.6924,35.278],[134.6951,35.2803],[134.6967,35.283],[134.6961,35.2859],[134.7004,35.2864],[134.7034,35.289],[134.7035,35.2833],[134.7065,35.2806],[134.7077,35.2791],[134.7104,35.2792],[134.7128,35.2784],[134.7173,35.2753],[134.72,35.2758],[134.7227,35.2779],[134.7238,35.2796],[134.7272,35.281],[134.7296,35.2797],[134.7317,35.2792],[134.7357,35.2794],[134.7379,35.2802],[134.7425,35.2791],[134.7446,35.2777],[134.7512,35.2769],[134.7521,35.2748],[134.7539,35.2734],[134.7547,35.2716],[134.757,35.2685],[134.7585,35.2682],[134.7594,35.2659],[134.7615,35.2652],[134.7625,35.2659],[134.7675,35.2662],[134.7715,35.267],[134.7712,35.2705],[134.7735,35.2715],[134.7793,35.2724],[134.7805,35.2734],[134.7831,35.2734],[134.785,35.2745],[134.7867,35.2744],[134.7897,35.2756],[134.7909,35.2785],[134.791,35.2804],[134.795,35.2831],[134.7944,35.2845],[134.7947,35.2876],[134.794,35.2888],[134.7937,35.2935],[134.7962,35.2957],[134.7954,35.2977],[134.7929,35.2997],[134.7911,35.2996],[134.7889,35.3033],[134.7846,35.3048],[134.7823,35.3051],[134.7818,35.3064],[134.7787,35.3073],[134.7754,35.3101],[134.7754,35.313],[134.775,35.3154],[134.7729,35.318],[134.7729,35.3188],[134.7765,35.3204],[134.778,35.3204],[134.7808,35.322],[134.7824,35.3242],[134.7863,35.3246],[134.7899,35.3244],[134.7929,35.3248],[134.7955,35.3261],[134.7975,35.3284],[134.7983,35.3308],[134.8009,35.3334],[134.8047,35.3365],[134.8032,35.3381],[134.8002,35.3388],[134.7987,35.34],[134.7975,35.3419],[134.7985,35.3453],[134.7974,35.3465],[134.7973,35.3483],[134.7948,35.3505],[134.7973,35.3538],[134.7979,35.3574],[134.8041,35.3583],[134.8058,35.3599],[134.8083,35.3598],[134.8104,35.3619],[134.8109,35.365],[134.8131,35.367],[134.8129,35.3681],[134.8147,35.3698],[134.8169,35.37],[134.819,35.369],[134.82,35.3713],[134.8232,35.3737],[134.8289,35.375],[134.8308,35.3744],[134.8326,35.3748],[134.8337,35.3759],[134.8363,35.3754],[134.8375,35.3738],[134.8421,35.374],[134.844,35.3752],[134.8462,35.3747],[134.8476,35.3753],[134.8502,35.3753],[134.8521,35.3767],[134.8536,35.3785],[134.8558,35.3801],[134.857,35.3823],[134.8584,35.3827],[134.8597,35.3847],[134.8627,35.3873],[134.8625,35.3911],[134.8629,35.3939],[134.862,35.3945],[134.8614,35.3966],[134.8616,35.3989],[134.8605,35.4012],[134.8567,35.4051],[134.857,35.4076],[134.8536,35.408],[134.8493,35.4089],[134.8466,35.4102],[134.8452,35.4116],[134.8444,35.4148],[134.8417,35.4171],[134.8423,35.4186],[134.8411,35.4196],[134.8397,35.4254],[134.8386,35.4264],[134.8356,35.4271],[134.8339,35.4315],[134.833,35.4315],[134.8314,35.4334],[134.8293,35.4337],[134.8264,35.4358],[134.8246,35.4356],[134.8228,35.4364],[134.8192,35.4364],[134.8199,35.4381],[134.819,35.4428],[134.8171,35.4436],[134.8174,35.4465],[134.8152,35.4469],[134.813,35.4481],[134.8108,35.4505],[134.8087,35.4518],[134.8065,35.4509],[134.8012,35.4512],[134.7966,35.4485],[134.7916,35.4488],[134.7905,35.4476],[134.7925,35.4427],[134.7919,35.4415],[134.7846,35.4422],[134.781,35.4433],[134.776,35.4452],[134.7721,35.4476],[134.7698,35.4457],[134.7674,35.4471],[134.7654,35.445],[134.7632,35.4435],[134.7601,35.4432],[134.7584,35.4448],[134.7565,35.4433],[134.752,35.4429],[134.7488,35.4433],[134.7478,35.4427],[134.7456,35.4401],[134.7465,35.4381],[134.7452,35.4364],[134.7478,35.4344],[134.7494,35.4319],[134.7514,35.4305],[134.7486,35.4285],[134.7491,35.4274],[134.7474,35.4243],[134.7455,35.4226],[134.7431,35.4215],[134.7399,35.4217],[134.7386,35.421],[134.7348,35.4223],[134.7328,35.4223],[134.7296,35.4232],[134.7278,35.4233],[134.7258,35.426],[134.7222,35.4284],[134.7197,35.4258],[134.7186,35.4259],[134.7168,35.4245],[134.7107,35.4243],[134.7101,35.4248],[134.707,35.425],[134.7047,35.4257],[134.7038,35.4282],[134.6993,35.428],[134.6964,35.4293],[134.6912,35.4288],[134.6875,35.4266],[134.686,35.4267],[134.6836,35.428],[134.6793,35.4262],[134.6753,35.4279],[134.675,35.4285],[134.6677,35.4291],[134.6637,35.4317],[134.6634,35.4333],[134.6602,35.4327],[134.6579,35.4305],[134.6538,35.4294],[134.6503,35.4298],[134.6448,35.4296],[134.6446,35.428]]]},"properties":{"prefectureCode":"28","prefectureName":"兵庫県","municipalityName":"養父市","municipalityCode":"28222"}},
{"type":"Feature","geometry":{"type":"Polygon","coordinates":[[[134.9376,35.3076],[134.9387,35.3057],[134.9389,35.3032],[134.9382,35.3004],[134.9335,35.2976],[134.9313,35.2967],[134.9294,35.2936],[134.93,35.2928],[134.9288,35.2913],[134.9251,35.2889],[134.9241,35.2865],[134.9248,35.2843],[134.9242,35.2797],[134.9227,35.2782],[134.923,35.2774],[134.9195,35.2756],[134.9184,35.2739],[134.9156,35.2728],[134.9167,35.2698],[134.9156,35.2684],[134.9152,35.2665],[134.913,35.2653],[134.9127,35.2639],[134.9108,35.2633],[134.9084,35.2611],[134.9071,35.2605],[134.9053,35.2565],[134.903,35.2542],[134.9038,35.253],[134.9021,35.2509],[134.9015,35.2479],[134.9019,35.2458],[134.9033,35.2432],[134.9032,35.2406],[134.9037,35.2386],[134.907,35.2355],[134.9091,35.2346],[134.9078,35.2301],[134.9066,35.2288],[134.9,35.2277],[134.8993,35.2263],[134.9024,35.2252],[134.905,35.2231],[134.9092,35.2219],[134.9103,35.2203],[134.9118,35.2202],[134.914,35.2179],[134.9137,35.2157],[134.9145,35.2144],[134.9186,35.2121],[134.9206,35.213],[134.9239,35.2127],[134.9265,35.2136],[134.9286,35.213],[134.932,35.2152],[134.9357,35.2161],[134.9384,35.2156],[134.9413,35.2144],[134.9426,35.2149],[134.9472,35.2147],[134.9491,35.2131],[134.9495,35.2112],[134.9506,35.2105],[134.9507,35.2087],[134.9494,35.2061],[134.9518,35.2032],[134.951,35.2004],[134.9482,35.1982],[134.9485,35.1963],[134.9501,35.1959],[134.9513,35.1945],[134.9546,35.1924],[134.9551,35.1915],[134.9574,35.1904],[134.9567,35.1887],[134.9535,35.1874],[134.9539,35.1861],[134.9515,35.1824],[134.951,35.18],[134.9487,35.1792],[134.9479,35.1771],[134.9465,35.1756],[134.9464,35.1726],[134.9491,35.171],[134.9493,35.1675],[134.9506,35.1667],[134.9505,35.1631],[134.9509,35.1613],[134.9477,35.1556],[134.949,35.1538],[134.955,35.1534],[134.958,35.1538],[134.9609,35.1516],[134.9613,35.1471],[134.9603,35.1458],[134.9583,35.1459],[134.955,35.1445],[134.9547,35.1427],[134.953,35.1416],[134.9505,35.139],[134.9489,35.1384],[134.9479,35.1366],[134.946,35.1346],[134.9441,35.1345],[134.9423,35.1325],[134.9436,35.1316],[134.9441,35.129],[134.9432,35.124],[134.9415,35.1231],[134.94,35.12],[134.9377,35.1176],[134.9365,35.118],[134.935,35.1167],[134.9327,35.116],[134.9325,35.1142],[134.9311,35.1126],[134.9303,35.11],[134.9304,35.1081],[134.9331,35.1053],[134.9338,35.1036],[134.9353,35.1029],[134.9366,35.1008],[134.9382,35.1006],[134.9401,35.0973],[134.9429,35.0972],[134.946,35.0935],[134.9441,35.0916],[134.9434,35.0898],[134.9434,35.0874],[134.9446,35.085],[134.945,35.0817],[134.9438,35.0802],[134.944,35.0779],[134.9465,35.0765],[134.9473,35.073],[134.9465,35.071],[134.9469,35.0683],[134.949,35.0694],[134.954,35.0688],[134.9563,35.0696],[134.9602,35.0685],[134.9608,35.0668],[134.963,35.0662],[134.9655,35.0692],[134.9682,35.0712],[134.9725,35.0718],[134.9751,35.0703],[134.977,35.0706],[134.9786,35.0702],[134.9836,35.0711],[134.9908,35.0692],[134.9914,35.0688],[134.9991,35.0692],[135,35.0706],[135.0047,35.0706],[135.0116,35.0718],[135.0195,35.071],[135.0252,35.0718],[135.0271,35.0711],[135.0253,35.0683],[135.0252,35.0623],[135.0263,35.0578],[135.0305,35.0574],[135.0311,35.0547],[135.0335,35.0539],[135.0357,35.0542],[135.038,35.0526],[135.043,35.0522],[135.045,35.0528],[135.0487,35.0526],[135.0524,35.0516],[135.0561,35.0524],[135.0589,35.0536],[135.0604,35.0537],[135.0633,35.0469],[135.0694,35.0477],[135.0719,35.0468],[135.0735,35.0491],[135.0757,35.0497],[135.0772,35.0509],[135.0807,35.0514],[135.0831,35.0538],[135.0856,35.0545],[135.0883,35.0533],[135.0948,35.0555],[135.096,35.055],[135.0984,35.0551],[135.0988,35.0563],[135.1021,35.0556],[135.1045,35.0575],[135.1058,35.0592],[135.1088,35.0595],[135.1102,35.0608],[135.1122,35.06],[135.1144,35.0576],[135.1187,35.0571],[135.1182,35.0563],[135.1191,35.0544],[135.1222,35.0542],[135.1241,35.052],[135.1269,35.0502],[135.131,35.0517],[135.1308,35.0531],[135.1294,35.0541],[135.1279,35.0572],[135.1273,35.0598],[135.1281,35.0633],[135.1277,35.0642],[135.1287,35.067],[135.1277,35.0684],[135.1243,35.0703],[135.1237,35.0718],[135.1218,35.072],[135.1216,35.0732],[135.1232,35.0755],[135.1234,35.0767],[135.125,35.0795],[135.1275,35.0806],[135.1285,35.0818],[135.125,35.0817],[135.1225,35.0799],[135.1216,35.08],[135.122,35.0827],[135.1201,35.0833],[135.1185,35.0852],[135.1169,35.0859],[135.1158,35.0893],[135.1141,35.0904],[135.116,35.0935],[135.1156,35.0962],[135.1121,35.0968],[135.1112,35.0985],[135.1112,35.1008],[135.1119,35.103],[135.1106,35.1046],[135.1087,35.1085],[135.1093,35.1125],[135.1124,35.114],[135.1156,35.1142],[135.1197,35.122],[135.122,35.1233],[135.1224,35.1245],[135.1256,35.125],[135.13,35.1231],[135.1342,35.1245],[135.1359,35.1246],[135.1392,35.1229],[135.1415,35.1224],[135.1445,35.1239],[135.1473,35.1241],[135.1486,35.1249],[135.1503,35.1273],[135.15,35.1296],[135.1509,35.1307],[135.1535,35.13],[135.1566,35.1303],[135.1609,35.1296],[135.1618,35.128],[135.163,35.128],[135.1654,35.1265],[135.1678,35.1263],[135.1694,35.1271],[135.1725,35.1259],[135.1776,35.1275],[135.1808,35.1274],[135.1866,35.129],[135.1888,35.1281],[135.1918,35.1292],[135.1942,35.1283],[135.1973,35.1282],[135.1983,35.1288],[135.2011,35.1278],[135.2038,35.1286],[135.2088,35.1289],[135.2092,35.1301],[135.2114,35.1316],[135.2143,35.1316],[135.2197,35.1359],[135.2179,35.1389],[135.2181,35.1407],[135.2197,35.1413],[135.2206,35.1433],[135.2238,35.1447],[135.2286,35.1504],[135.2274,35.1539],[135.2281,35.1565],[135.2262,35.1582],[135.2267,35.1598],[135.2255,35.1614],[135.2249,35.1638],[135.2239,35.164],[135.2222,35.1629],[135.2178,35.1623],[135.2165,35.1616],[135.2136,35.1625],[135.2106,35.1612],[135.2066,35.1606],[135.2048,35.1622],[135.2051,35.1631],[135.2032,35.1649],[135.2001,35.1659],[135.1989,35.167],[135.1989,35.1684],[135.1966,35.1695],[135.1934,35.1721],[135.1912,35.1716],[135.1873,35.1719],[135.1869,35.1732],[135.1886,35.1783],[135.1882,35.1814],[135.1901,35.1832],[135.1893,35.186],[135.1875,35.1872],[135.1867,35.1902],[135.1881,35.192],[135.1893,35.1922],[135.1929,35.1941],[135.1953,35.1942],[135.1968,35.1935],[135.1991,35.1936],[135.2001,35.1955],[135.1988,35.1975],[135.1982,35.2005],[135.1971,35.203],[135.1956,35.2042],[135.1932,35.2048],[135.1918,35.2042],[135.1905,35.2061],[135.1888,35.2068],[135.1881,35.21],[135.1871,35.2114],[135.1854,35.2119],[135.1821,35.216],[135.1795,35.2151],[135.1751,35.2146],[135.1736,35.2155],[135.1718,35.2175],[135.171,35.2203],[135.1687,35.2207],[135.1671,35.2202],[135.1631,35.2201],[135.1616,35.2217],[135.1595,35.2226],[135.1574,35.2242],[135.1567,35.2259],[135.1547,35.2267],[135.1565,35.2298],[135.1603,35.2302],[135.1618,35.2312],[135.1628,35.2345],[135.1647,35.2363],[135.1649,35.2381],[135.1664,35.2391],[135.167,35.2427],[135.166,35.2463],[135.1647,35.249],[135.163,35.2499],[135.1631,35.2517],[135.1612,35.2537],[135.1606,35.2583],[135.1573,35.2612],[135.149,35.2632],[135.147,35.264],[135.1449,35.2627],[135.142,35.2623],[135.1398,35.2631],[135.138,35.2652],[135.1348,35.265],[135.1335,35.2633],[135.1309,35.2612],[135.1289,35.2607],[135.1261,35.2623],[135.1234,35.2622],[135.1228,35.2632],[135.1193,35.2626],[135.1115,35.2645],[135.1093,35.2663],[135.1045,35.2636],[135.1016,35.2615],[135.1003,35.2597],[135.0975,35.2586],[135.0946,35.26],[135.0936,35.2599],[135.0912,35.2581],[135.0911,35.2566],[135.0896,35.2545],[135.0876,35.2535],[135.0854,35.2532],[135.0829,35.2464],[135.0804,35.2442],[135.0783,35.2446],[135.0747,35.2433],[135.0741,35.2409],[135.0729,35.2396],[135.0703,35.2387],[135.0679,35.2374],[135.0674,35.2389],[135.0645,35.2418],[135.0648,35.2435],[135.0643,35.2464],[135.0631,35.2478],[135.0606,35.2488],[135.0614,35.2517],[135.06,35.2524],[135.058,35.2549],[135.058,35.2568],[135.0558,35.2595],[135.0569,35.2602],[135.0566,35.2621],[135.0569,35.2645],[135.0543,35.2648],[135.0528,35.2631],[135.0495,35.262],[135.045,35.2627],[135.0421,35.2641],[135.0399,35.2616],[135.0375,35.2607],[135.0358,35.2626],[135.0268,35.2655],[135.0241,35.2652],[135.0234,35.2664],[135.0218,35.2667],[135.0194,35.2679],[135.0183,35.2693],[135.0154,35.2686],[135.0105,35.2697],[135.0094,35.2709],[135.0104,35.2738],[135.012,35.2762],[135.0114,35.2797],[135.0119,35.2805],[135.0098,35.2837],[135.0073,35.2856],[135.0041,35.2856],[134.9991,35.2887],[134.9993,35.2908],[134.9968,35.2897],[134.9929,35.2891],[134.9919,35.29],[134.9864,35.2926],[134.9831,35.2927],[134.9802,35.2942],[134.9765,35.2951],[134.9677,35.296],[134.9662,35.2979],[134.9635,35.2981],[134.9601,35.2979],[134.9568,35.2997],[134.9544,35.3003],[134.9527,35.3022],[134.9505,35.3033],[134.9471,35.3039],[134.946,35.3072],[134.9433,35.3083],[134.9409,35.3087],[134.9376,35.3076]]]},"properties":{"prefectureCode":"28","prefectureName":"兵庫県","municipalityName":"丹波市","municipalityCode":"28223"}},
{"type":"Feature","geometry":{"type":"MultiPolygon","coordinates":[[[[134.7406,34.3525],[134.7405,34.3516],[134.7368,34.3443],[134.7341,34.3395],[134.7309,34.3346],[134.7251,34.3293],[134.7233,34.3285],[134.7222,34.3302],[134.7173,34.3279],[134.7189,34.3254],[134.7135,34.3223],[134.7098,34.3211],[134.7061,34.3211],[134.704,34.3222],[134.7029,34.3243],[134.7007,34.3246],[134.6983,34.324],[134.6959,34.3239],[134.6935,34.3245],[134.6926,34.3266],[134.6906,34.3274],[134.6899,34.3293],[134.6873,34.3288],[134.6864,34.3261],[134.6843,34.323],[134.6817,34.3201],[134.6795,34.3186],[134.6756,34.3175],[134.674,34.3175],[134.6729,34.315],[134.6695,34.3091],[134.6679,34.3056],[134.6643,34.2999],[134.6622,34.2969],[134.6598,34.295],[134.6584,34.2946],[134.6554,34.2951],[134.6543,34.2932],[134.6564,34.2917],[134.6592,34.2935],[134.6593,34.2922],[134.6627,34.2892],[134.6631,34.2878],[134.6627,34.2847],[134.6613,34.2804],[134.6615,34.277],[134.6598,34.2748],[134.6594,34.2724],[134.6611,34.271],[134.665,34.2709],[134.6668,34.2716],[134.6685,34.2712],[134.6697,34.27],[134.6687,34.2687],[134.6718,34.2686],[134.672,34.2669],[134.6731,34.2653],[134.6727,34.2638],[134.6727,34.2599],[134.6744,34.2589],[134.6737,34.2574],[134.6759,34.2562],[134.6751,34.254],[134.6738,34.2533],[134.6719,34.2499],[134.668,34.2482],[134.665,34.2458],[134.6617,34.2437],[134.6594,34.2429],[134.6589,34.2407],[134.6614,34.2417],[134.6665,34.2456],[134.6705,34.2467],[134.6727,34.2466],[134.6744,34.2449],[134.679,34.2468],[134.6794,34.248],[134.6818,34.2484],[134.6858,34.247],[134.6886,34.2478],[134.693,34.2481],[134.6951,34.2478],[134.7002,34.2444],[134.7008,34.2414],[134.707,34.2445],[134.7072,34.247],[134.7041,34.247],[134.7033,34.2477],[134.7071,34.2502],[134.7134,34.2547],[134.7163,34.2554],[134.7181,34.2567],[134.7204,34.2537],[134.7218,34.2503],[134.721,34.2486],[134.7215,34.2476],[134.7208,34.2449],[134.7217,34.2415],[134.7166,34.2428],[134.7147,34.2404],[134.7102,34.2389],[134.7081,34.234],[134.7071,34.2336],[134.7068,34.2318],[134.7031,34.2291],[134.7015,34.225],[134.6998,34.2222],[134.6999,34.2213],[134.7018,34.2186],[134.701,34.2172],[134.7035,34.2167],[134.7109,34.2168],[134.7147,34.2163],[134.7189,34.2149],[134.7221,34.2126],[134.7234,34.2111],[134.7282,34.209],[134.7307,34.2066],[134.73,34.2057],[134.7312,34.2038],[134.7312,34.2018],[134.7325,34.1989],[134.7321,34.1971],[134.7304,34.1936],[134.7305,34.1919],[134.7293,34.1902],[134.73,34.189],[134.7341,34.1887],[134.7355,34.1894],[134.739,34.1898],[134.7462,34.1928],[134.7488,34.1929],[134.7524,34.1942],[134.7552,34.1946],[134.7576,34.1962],[134.7668,34.1989],[134.7682,34.1987],[134.7752,34.2005],[134.7789,34.2004],[134.7798,34.1999],[134.7846,34.1992],[134.7876,34.1993],[134.7906,34.2],[134.7931,34.1994],[134.7968,34.2001],[134.797,34.1994],[134.8004,34.2],[134.8022,34.2017],[134.8012,34.2025],[134.8033,34.2038],[134.8074,34.2048],[134.8151,34.2081],[134.8158,34.2093],[134.8199,34.212],[134.8213,34.2135],[134.8247,34.2157],[134.8255,34.2174],[134.8284,34.22],[134.8293,34.2216],[134.833,34.2243],[134.8365,34.2256],[134.8386,34.2269],[134.8436,34.2294],[134.8463,34.231],[134.8564,34.2343],[134.8609,34.2355],[134.8664,34.2384],[134.8715,34.2399],[134.8702,34.24],[134.8686,34.2417],[134.8693,34.243],[134.8681,34.2444],[134.8625,34.2473],[134.8615,34.2489],[134.8591,34.2516],[134.8571,34.2524],[134.8556,34.2567],[134.8523,34.2564],[134.8504,34.2583],[134.8487,34.261],[134.8491,34.2619],[134.8477,34.2632],[134.8476,34.2653],[134.8466,34.266],[134.8442,34.2659],[134.8389,34.2683],[134.8355,34.2687],[134.8346,34.2696],[134.8358,34.2723],[134.8375,34.2737],[134.8378,34.2764],[134.8372,34.2774],[134.8388,34.2791],[134.8415,34.2801],[134.8423,34.2842],[134.8423,34.2869],[134.8442,34.2901],[134.8421,34.2916],[134.8409,34.2917],[134.8396,34.2958],[134.8411,34.2968],[134.8415,34.3002],[134.8404,34.3023],[134.8388,34.3031],[134.8395,34.3061],[134.8365,34.3067],[134.8354,34.3089],[134.8356,34.3102],[134.8353,34.3163],[134.8359,34.3188],[134.8401,34.3159],[134.8412,34.316],[134.8425,34.3183],[134.844,34.3199],[134.8435,34.3223],[134.8428,34.3229],[134.8431,34.325],[134.8421,34.3254],[134.8406,34.3274],[134.8447,34.3295],[134.8468,34.3311],[134.848,34.3328],[134.8466,34.3338],[134.844,34.3331],[134.8424,34.3341],[134.8411,34.333],[134.8401,34.3341],[134.8355,34.3367],[134.8327,34.337],[134.8312,34.3379],[134.8283,34.3378],[134.8259,34.3388],[134.8265,34.3425],[134.8223,34.344],[134.8203,34.3467],[134.8191,34.3473],[134.8164,34.3522],[134.8157,34.3556],[134.8135,34.3559],[134.811,34.3547],[134.8103,34.3527],[134.8085,34.3524],[134.8067,34.3512],[134.8011,34.35],[134.8007,34.3486],[134.7973,34.3482],[134.7941,34.3485],[134.7911,34.3478],[134.7882,34.3481],[134.786,34.3503],[134.7837,34.3513],[134.7809,34.35],[134.7797,34.3489],[134.7771,34.3483],[134.7759,34.3494],[134.7748,34.3546],[134.7724,34.3529],[134.772,34.3515],[134.7665,34.3487],[134.7616,34.3478],[134.7585,34.3484],[134.7577,34.3533],[134.755,34.354],[134.7528,34.3536],[134.7481,34.3541],[134.744,34.3533],[134.7426,34.3522],[134.7406,34.3525]]],[[[134.8127,34.1667],[134.8116,34.1652],[134.8125,34.1622],[134.8117,34.1613],[134.8112,34.1571],[134.813,34.1561],[134.816,34.1562],[134.8177,34.1578],[134.8194,34.157],[134.8213,34.1568],[134.8235,34.1575],[134.8236,34.1598],[134.8306,34.1646],[134.8311,34.1684],[134.8307,34.1721],[134.8259,34.1751],[134.8259,34.1773],[134.8236,34.1789],[134.8208,34.1796],[134.8195,34.1784],[134.8193,34.1758],[134.8208,34.174],[134.8205,34.1718],[134.8221,34.1708],[134.8202,34.1698],[134.8191,34.1677],[134.8178,34.1674],[134.8146,34.1679],[134.8127,34.1667]]]]},"properties":{"prefectureCode":"28","prefectureName":"兵庫県","municipalityName":"南あわじ市","municipalityCode":"28224"}},
{"type":"Feature","geometry":{"type":"Polygon","coordinates":[[[134.9344,35.4074],[134.9334,35.4092],[134.9303,35.4117],[134.9293,35.4136],[134.9239,35.4167],[134.9237,35.418],[134.9216,35.4203],[134.9199,35.4211],[134.9154,35.4217],[134.913,35.4195],[134.9133,35.4176],[134.9106,35.4176],[134.9075,35.4164],[134.9053,35.4146],[134.9031,35.4137],[134.9018,35.4103],[134.9035,35.4062],[134.9019,35.4043],[134.896,35.4047],[134.889,35.4045],[134.8854,35.4035],[134.8828,35.4044],[134.879,35.4036],[134.8776,35.4057],[134.8738,35.4053],[134.8717,35.4056],[134.8708,35.4077],[134.8673,35.4088],[134.8625,35.4099],[134.8608,35.4086],[134.857,35.4076],[134.8567,35.4051],[134.8605,35.4012],[134.8616,35.3989],[134.8614,35.3966],[134.862,35.3945],[134.8629,35.3939],[134.8625,35.3911],[134.8627,35.3873],[134.8597,35.3847],[134.8584,35.3827],[134.857,35.3823],[134.8558,35.3801],[134.8536,35.3785],[134.8521,35.3767],[134.8502,35.3753],[134.8476,35.3753],[134.8462,35.3747],[134.844,35.3752],[134.8421,35.374],[134.8375,35.3738],[134.8363,35.3754],[134.8337,35.3759],[134.8326,35.3748],[134.8308,35.3744],[134.8289,35.375],[134.8232,35.3737],[134.82,35.3713],[134.819,35.369],[134.8169,35.37],[134.8147,35.3698],[134.8129,35.3681],[134.8131,35.367],[134.8109,35.365],[134.8104,35.3619],[134.8083,35.3598],[134.8058,35.3599],[134.8041,35.3583],[134.7979,35.3574],[134.7973,35.3538],[134.7948,35.3505],[134.7973,35.3483],[134.7974,35.3465],[134.7985,35.3453],[134.7975,35.3419],[134.7987,35.34],[134.8002,35.3388],[134.8032,35.3381],[134.8047,35.3365],[134.8009,35.3334],[134.7983,35.3308],[134.7975,35.3284],[134.7955,35.3261],[134.7929,35.3248],[134.7899,35.3244],[134.7863,35.3246],[134.7824,35.3242],[134.7808,35.322],[134.778,35.3204],[134.7765,35.3204],[134.7729,35.3188],[134.7729,35.318],[134.775,35.3154],[134.7754,35.313],[134.7754,35.3101],[134.7787,35.3073],[134.7818,35.3064],[134.7823,35.3051],[134.7846,35.3048],[134.7889,35.3033],[134.7911,35.2996],[134.7929,35.2997],[134.7954,35.2977],[134.7962,35.2957],[134.7937,35.2935],[134.794,35.2888],[134.7947,35.2876],[134.7944,35.2845],[134.795,35.2831],[134.791,35.2804],[134.7909,35.2785],[134.7897,35.2756],[134.7867,35.2744],[134.785,35.2745],[134.7831,35.2734],[134.7805,35.2734],[134.7793,35.2724],[134.7735,35.2715],[134.7712,35.2705],[134.7715,35.267],[134.7675,35.2662],[134.7625,35.2659],[134.7615,35.2652],[134.7594,35.2659],[134.7585,35.2682],[134.757,35.2685],[134.7547,35.2716],[134.7539,35.2734],[134.7521,35.2748],[134.7512,35.2769],[134.7446,35.2777],[134.7425,35.2791],[134.7379,35.2802],[134.7357,35.2794],[134.7317,35.2792],[134.7296,35.2797],[134.7272,35.281],[134.7238,35.2796],[134.7227,35.2779],[134.72,35.2758],[134.7173,35.2753],[134.7128,35.2784],[134.7104,35.2792],[134.7077,35.2791],[134.7065,35.2806],[134.7035,35.2833],[134.7034,35.289],[134.7004,35.2864],[134.6961,35.2859],[134.6967,35.283],[134.6951,35.2803],[134.6924,35.278],[134.6918,35.2761],[134.6905,35.2746],[134.6859,35.2732],[134.6861,35.2715],[134.6877,35.2709],[134.6882,35.2695],[134.6913,35.2687],[134.6942,35.2655],[134.6981,35.262],[134.6996,35.2589],[134.6992,35.257],[134.7,35.2551],[134.6998,35.2536],[134.696,35.2526],[134.6944,35.2488],[134.6952,35.2474],[134.6954,35.2446],[134.6973,35.2429],[134.697,35.2416],[134.6938,35.2375],[134.6904,35.2349],[134.6924,35.2315],[134.6974,35.229],[134.6982,35.227],[134.698,35.2252],[134.6988,35.2241],[134.6982,35.2225],[134.6987,35.219],[134.6976,35.2187],[134.6984,35.2166],[134.6978,35.2145],[134.6993,35.2141],[134.7035,35.2108],[134.7061,35.2115],[134.7103,35.2121],[134.7123,35.2096],[134.7128,35.2066],[134.7142,35.2051],[134.7159,35.2046],[134.7179,35.2032],[134.7202,35.2023],[134.7217,35.1998],[134.7221,35.1971],[134.7213,35.1958],[134.724,35.1946],[134.727,35.194],[134.7282,35.1931],[134.7271,35.1905],[134.7274,35.1891],[134.7227,35.1877],[134.7209,35.1865],[134.7196,35.1857],[134.7193,35.1818],[134.7176,35.1795],[134.719,35.1765],[134.7225,35.1746],[134.7235,35.1707],[134.7245,35.1691],[134.7283,35.166],[134.7243,35.1622],[134.7235,35.1599],[134.7246,35.1583],[134.7244,35.1565],[134.7253,35.1548],[134.7273,35.1546],[134.7281,35.1536],[134.7275,35.1519],[134.7291,35.149],[134.7296,35.1472],[134.7353,35.1411],[134.7435,35.1395],[134.7462,35.1384],[134.7485,35.1382],[134.7504,35.1372],[134.7552,35.1366],[134.7583,35.1368],[134.756,35.1383],[134.7591,35.1421],[134.7627,35.1429],[134.7639,35.1447],[134.767,35.1455],[134.7681,35.1444],[134.7662,35.1412],[134.7667,35.1363],[134.768,35.1341],[134.77,35.1332],[134.7723,35.128],[134.7737,35.1258],[134.7757,35.1262],[134.7787,35.1282],[134.7794,35.1302],[134.7792,35.1316],[134.781,35.1346],[134.7825,35.1359],[134.7864,35.1378],[134.7873,35.1413],[134.7898,35.1423],[134.7966,35.1422],[134.8052,35.1401],[134.809,35.1407],[134.8136,35.1421],[134.8157,35.1438],[134.8169,35.1439],[134.8173,35.1412],[134.8184,35.1391],[134.8219,35.1377],[134.8215,35.1365],[134.8252,35.1345],[134.8274,35.1355],[134.8285,35.1372],[134.831,35.138],[134.8319,35.1388],[134.8354,35.14],[134.8385,35.1426],[134.8407,35.1462],[134.8434,35.1477],[134.8445,35.1493],[134.8439,35.1511],[134.844,35.1527],[134.846,35.1542],[134.8462,35.1562],[134.8456,35.1584],[134.8447,35.1594],[134.8443,35.1622],[134.8466,35.1625],[134.8473,35.1637],[134.8519,35.1647],[134.8542,35.1646],[134.8552,35.1662],[134.8577,35.1662],[134.8619,35.1672],[134.8636,35.1672],[134.8666,35.1682],[134.8681,35.1713],[134.871,35.1724],[134.874,35.1731],[134.8752,35.1742],[134.8792,35.175],[134.8797,35.1767],[134.8825,35.1798],[134.8832,35.183],[134.883,35.1854],[134.8851,35.1861],[134.8856,35.1876],[134.8874,35.1891],[134.8865,35.1921],[134.8873,35.1935],[134.8899,35.1956],[134.8916,35.1941],[134.898,35.1942],[134.9015,35.1945],[134.9029,35.1951],[134.9066,35.1991],[134.9062,35.2005],[134.9072,35.2019],[134.9111,35.2025],[134.9131,35.2034],[134.9156,35.2056],[134.9157,35.2073],[134.9171,35.2102],[134.9186,35.2121],[134.9145,35.2144],[134.9137,35.2157],[134.914,35.2179],[134.9118,35.2202],[134.9103,35.2203],[134.9092,35.2219],[134.905,35.2231],[134.9024,35.2252],[134.8993,35.2263],[134.9,35.2277],[134.9066,35.2288],[134.9078,35.2301],[134.9091,35.2346],[134.907,35.2355],[134.9037,35.2386],[134.9032,35.2406],[134.9033,35.2432],[134.9019,35.2458],[134.9015,35.2479],[134.9021,35.2509],[134.9038,35.253],[134.903,35.2542],[134.9053,35.2565],[134.9071,35.2605],[134.9084,35.2611],[134.9108,35.2633],[134.9127,35.2639],[134.913,35.2653],[134.9152,35.2665],[134.9156,35.2684],[134.9167,35.2698],[134.9156,35.2728],[134.9184,35.2739],[134.9195,35.2756],[134.923,35.2774],[134.9227,35.2782],[134.9242,35.2797],[134.9248,35.2843],[134.9241,35.2865],[134.9251,35.2889],[134.9288,35.2913],[134.93,35.2928],[134.9294,35.2936],[134.9313,35.2967],[134.9335,35.2976],[134.9382,35.3004],[134.9389,35.3032],[134.9387,35.3057],[134.9376,35.3076],[134.9342,35.3078],[134.9292,35.3103],[134.9247,35.3117],[134.9216,35.3151],[134.9213,35.3174],[134.9247,35.3214],[134.9259,35.3218],[134.9257,35.3249],[134.9248,35.3261],[134.9271,35.3283],[134.9281,35.3302],[134.9267,35.3349],[134.9256,35.3367],[134.9209,35.3379],[134.9172,35.3402],[134.918,35.3441],[134.9173,35.3452],[134.9187,35.3463],[134.9189,35.3501],[134.9203,35.3514],[134.9231,35.3527],[134.9235,35.3542],[134.9224,35.356],[134.9208,35.3608],[134.9189,35.3644],[134.9205,35.3668],[134.9205,35.3683],[134.9235,35.3725],[134.9248,35.3754],[134.9268,35.3775],[134.9272,35.3814],[134.9264,35.3826],[134.9265,35.3857],[134.9254,35.3866],[134.923,35.3911],[134.9234,35.3943],[134.9256,35.394],[134.9273,35.397],[134.9277,35.3996],[134.9299,35.4002],[134.9315,35.4014],[134.9314,35.4035],[134.9323,35.4059],[134.9344,35.4074]]]},"properties":{"prefectureCode":"28","prefectureName":"兵庫県","municipalityName":"朝来市","municipalityCode":"28225"}},
{"type":"Feature","geometry":{"type":"Polygon","coordinates":[[[134.8947,34.399],[134.8956,34.4016],[134.8968,34.4033],[134.8989,34.4093],[134.8957,34.413],[134.8959,34.4174],[134.8974,34.4147],[134.8993,34.4139],[134.9011,34.4186],[134.899,34.4197],[134.9008,34.422],[134.9028,34.4209],[134.9051,34.4238],[134.9112,34.4297],[134.9085,34.4313],[134.9051,34.4291],[134.9036,34.4302],[134.9065,34.4335],[134.9076,34.4329],[134.909,34.4352],[134.9105,34.4352],[134.9116,34.4374],[134.9159,34.4347],[134.924,34.4441],[134.9225,34.445],[134.9193,34.4439],[134.9173,34.4447],[134.9193,34.4472],[134.9223,34.4491],[134.9237,34.4511],[134.9255,34.4501],[134.9242,34.4477],[134.9259,34.4465],[134.9343,34.4548],[134.9398,34.4587],[134.938,34.4598],[134.9353,34.4582],[134.9345,34.4593],[134.9387,34.4624],[134.9408,34.4634],[134.943,34.4659],[134.9451,34.4714],[134.9476,34.4747],[134.951,34.4787],[134.9512,34.4802],[134.953,34.4827],[134.9548,34.484],[134.9556,34.4856],[134.9573,34.4867],[134.9584,34.4888],[134.9606,34.4907],[134.964,34.4927],[134.9673,34.4939],[134.9694,34.4958],[134.9726,34.497],[134.9764,34.5002],[134.9796,34.5036],[134.98,34.5057],[134.9815,34.5084],[134.986,34.5127],[134.9884,34.5156],[134.989,34.5172],[134.9927,34.5225],[134.9936,34.5252],[134.9932,34.5289],[134.9938,34.5314],[134.9937,34.5347],[134.9944,34.5359],[134.9946,34.541],[134.9941,34.5424],[134.9952,34.5433],[134.9955,34.5456],[134.9972,34.5455],[134.9998,34.5484],[135.0018,34.5495],[134.9983,34.5502],[134.9993,34.552],[135.002,34.5508],[135.007,34.5562],[135.0086,34.5567],[135.0134,34.5601],[135.0176,34.5645],[135.0195,34.567],[135.0228,34.5722],[135.0245,34.5741],[135.0257,34.5766],[135.025,34.5811],[135.0239,34.581],[135.0231,34.5828],[135.0232,34.5876],[135.0227,34.5888],[135.021,34.5898],[135.0189,34.5896],[135.017,34.5908],[135.0157,34.5928],[135.014,34.5938],[135.0121,34.5963],[135.0106,34.5998],[135.0103,34.6018],[135.0077,34.6034],[135.0063,34.606],[135.0043,34.6083],[135.0022,34.6092],[134.9923,34.6071],[134.9841,34.6036],[134.9822,34.6009],[134.9786,34.5986],[134.9766,34.5981],[134.9727,34.5938],[134.9698,34.5892],[134.966,34.5863],[134.9652,34.5838],[134.9641,34.5829],[134.9637,34.5813],[134.9603,34.5757],[134.9576,34.5736],[134.9553,34.5701],[134.953,34.5682],[134.9506,34.5655],[134.9472,34.5609],[134.9447,34.5589],[134.9436,34.559],[134.9408,34.5568],[134.9397,34.5549],[134.9382,34.5542],[134.9381,34.553],[134.9351,34.5494],[134.9305,34.5472],[134.9286,34.5478],[134.9288,34.5495],[134.9261,34.5485],[134.9232,34.5465],[134.9223,34.5466],[134.9197,34.5443],[134.9164,34.5393],[134.9135,34.536],[134.9123,34.5364],[134.9104,34.5355],[134.9087,34.5337],[134.9063,34.5337],[134.9013,34.5313],[134.8993,34.5296],[134.8968,34.5289],[134.8955,34.53],[134.8932,34.5292],[134.8908,34.5294],[134.8877,34.5303],[134.8871,34.529],[134.8848,34.5277],[134.8823,34.5245],[134.8807,34.5238],[134.8791,34.5243],[134.8775,34.5211],[134.8753,34.5181],[134.8738,34.5154],[134.8693,34.5132],[134.8671,34.5088],[134.8636,34.5048],[134.8615,34.5003],[134.8604,34.4993],[134.859,34.4962],[134.8576,34.4957],[134.8548,34.4889],[134.847,34.4769],[134.8444,34.4748],[134.8432,34.4744],[134.8416,34.4714],[134.8401,34.4709],[134.836,34.4667],[134.8348,34.4663],[134.8311,34.4662],[134.8308,34.4675],[134.828,34.4682],[134.8251,34.4672],[134.8231,34.4671],[134.8222,34.4682],[134.8186,34.4683],[134.8164,34.4636],[134.8153,34.4618],[134.8137,34.4608],[134.812,34.4609],[134.8099,34.4591],[134.8062,34.454],[134.8039,34.4504],[134.8024,34.449],[134.8004,34.4482],[134.7985,34.4487],[134.7962,34.4455],[134.7949,34.4412],[134.7896,34.4284],[134.7879,34.4272],[134.7883,34.4272],[134.7889,34.4272],[134.7891,34.4272],[134.7898,34.4272],[134.7904,34.4273],[134.7907,34.4273],[134.7914,34.4273],[134.7916,34.4273],[134.7917,34.4272],[134.7923,34.4267],[134.7924,34.4267],[134.7927,34.4265],[134.7933,34.4266],[134.7935,34.4265],[134.7938,34.4261],[134.7942,34.426],[134.7948,34.426],[134.7956,34.4264],[134.7959,34.4264],[134.7966,34.4259],[134.7968,34.4258],[134.7971,34.4257],[134.7975,34.4256],[134.798,34.4253],[134.7983,34.425],[134.7988,34.4247],[134.7991,34.4243],[134.8007,34.4237],[134.8012,34.424],[134.8026,34.424],[134.8039,34.424],[134.8047,34.424],[134.8054,34.424],[134.8059,34.4239],[134.8062,34.4238],[134.8064,34.4237],[134.8064,34.4235],[134.8063,34.4233],[134.8064,34.4231],[134.8065,34.4231],[134.8079,34.4241],[134.808,34.4242],[134.8082,34.4244],[134.8085,34.4248],[134.8086,34.425],[134.8089,34.4253],[134.8099,34.426],[134.8112,34.4263],[134.8118,34.4264],[134.8122,34.4265],[134.8124,34.4265],[134.8125,34.4265],[134.8128,34.4259],[134.8129,34.4253],[134.8129,34.425],[134.8129,34.4245],[134.813,34.4243],[134.8131,34.4239],[134.8132,34.4237],[134.8133,34.4237],[134.8133,34.4235],[134.8134,34.4232],[134.8135,34.4225],[134.8142,34.422],[134.8149,34.4217],[134.8151,34.4217],[134.8167,34.4219],[134.817,34.4218],[134.8174,34.422],[134.8177,34.4221],[134.8179,34.4221],[134.8191,34.4217],[134.8193,34.4215],[134.8195,34.4213],[134.8196,34.4211],[134.8202,34.4206],[134.8204,34.4204],[134.8208,34.4202],[134.8219,34.4201],[134.8227,34.4204],[134.8238,34.42],[134.8242,34.4201],[134.8255,34.4204],[134.8263,34.4204],[134.8269,34.4202],[134.8272,34.4201],[134.8277,34.4203],[134.828,34.4205],[134.828,34.4206],[134.8282,34.4207],[134.8288,34.4209],[134.8289,34.4209],[134.8292,34.4209],[134.8304,34.4213],[134.8328,34.4222],[134.8333,34.4222],[134.8334,34.4222],[134.8336,34.4222],[134.834,34.4221],[134.8343,34.4219],[134.8349,34.4215],[134.8353,34.4214],[134.8355,34.4215],[134.8356,34.4217],[134.8356,34.4222],[134.8357,34.4223],[134.8359,34.4225],[134.8367,34.4224],[134.8371,34.4222],[134.8379,34.4221],[134.839,34.4221],[134.8398,34.4218],[134.84,34.4217],[134.8405,34.4215],[134.8409,34.4213],[134.8412,34.4211],[134.8417,34.421],[134.8421,34.4207],[134.8427,34.4204],[134.8431,34.4203],[134.8432,34.4203],[134.8432,34.4201],[134.8433,34.4197],[134.8433,34.4195],[134.8434,34.4194],[134.8438,34.4192],[134.8444,34.4182],[134.8424,34.4165],[134.8422,34.4135],[134.8417,34.4124],[134.8432,34.41],[134.8456,34.4079],[134.8463,34.4058],[134.8481,34.4036],[134.8508,34.402],[134.8544,34.4017],[134.8582,34.4039],[134.8596,34.407],[134.8631,34.4107],[134.864,34.4136],[134.8678,34.4133],[134.8711,34.4125],[134.8723,34.4109],[134.8744,34.412],[134.8776,34.4094],[134.8782,34.4069],[134.8812,34.4036],[134.8802,34.3995],[134.8803,34.3972],[134.879,34.3944],[134.8805,34.3944],[134.8869,34.3963],[134.889,34.3959],[134.8914,34.3985],[134.8947,34.399]]]},"properties":{"prefectureCode":"28","prefectureName":"兵庫県","municipalityName":"淡路市","municipalityCode":"28226"}},
{"type":"Feature","geometry":{"type":"Polygon","coordinates":[[[134.6718,35.0932],[134.6686,35.096],[134.666,35.0958],[134.664,35.0986],[134.6654,35.1],[134.6645,35.1022],[134.6655,35.1049],[134.6613,35.1073],[134.6608,35.1086],[134.6581,35.1091],[134.6562,35.1102],[134.6568,35.1146],[134.6585,35.1166],[134.6603,35.1203],[134.6631,35.1228],[134.6628,35.1257],[134.6605,35.127],[134.6582,35.1269],[134.6573,35.129],[134.6567,35.1327],[134.6599,35.1347],[134.6608,35.1368],[134.6638,35.1393],[134.6641,35.1408],[134.6657,35.143],[134.667,35.1436],[134.6674,35.1464],[134.6687,35.1473],[134.6714,35.1531],[134.6698,35.155],[134.6714,35.1566],[134.6693,35.1593],[134.672,35.1586],[134.6723,35.1601],[134.6704,35.1633],[134.6691,35.1638],[134.6698,35.1683],[134.6727,35.1687],[134.6745,35.1695],[134.6768,35.1698],[134.6816,35.1684],[134.6842,35.1687],[134.6853,35.1699],[134.6873,35.17],[134.6928,35.1736],[134.693,35.175],[134.6946,35.1766],[134.6951,35.1789],[134.6967,35.1805],[134.6964,35.1818],[134.6978,35.1835],[134.7016,35.1849],[134.7061,35.1835],[134.7088,35.1837],[134.7128,35.1848],[134.7152,35.187],[134.7169,35.1872],[134.7209,35.1865],[134.7227,35.1877],[134.7274,35.1891],[134.7271,35.1905],[134.7282,35.1931],[134.727,35.194],[134.724,35.1946],[134.7213,35.1958],[134.7221,35.1971],[134.7217,35.1998],[134.7202,35.2023],[134.7179,35.2032],[134.7159,35.2046],[134.7142,35.2051],[134.7128,35.2066],[134.7123,35.2096],[134.7103,35.2121],[134.7061,35.2115],[134.7035,35.2108],[134.6993,35.2141],[134.6978,35.2145],[134.6984,35.2166],[134.6976,35.2187],[134.6987,35.219],[134.6982,35.2225],[134.6988,35.2241],[134.698,35.2252],[134.6982,35.227],[134.6974,35.229],[134.6924,35.2315],[134.6904,35.2349],[134.6938,35.2375],[134.697,35.2416],[134.6973,35.2429],[134.6954,35.2446],[134.6952,35.2474],[134.6944,35.2488],[134.6928,35.2487],[134.6886,35.247],[134.6872,35.2459],[134.6872,35.2445],[134.6849,35.2424],[134.6821,35.2417],[134.6791,35.2426],[134.6778,35.244],[134.6767,35.2441],[134.6753,35.2469],[134.6726,35.2493],[134.6705,35.2501],[134.6707,35.2526],[134.6691,35.2558],[134.6664,35.2569],[134.663,35.2558],[134.6621,35.2546],[134.6613,35.2521],[134.6604,35.252],[134.6561,35.2538],[134.6537,35.2535],[134.6506,35.257],[134.6504,35.2594],[134.6512,35.2618],[134.649,35.2628],[134.6476,35.2647],[134.6469,35.2671],[134.6438,35.2692],[134.6437,35.2702],[134.6411,35.272],[134.6416,35.2739],[134.6383,35.2765],[134.6359,35.2771],[134.6341,35.2787],[134.6304,35.2783],[134.6278,35.2808],[134.6263,35.2796],[134.6228,35.2798],[134.6198,35.278],[134.6194,35.2768],[134.6166,35.2743],[134.6135,35.2695],[134.6092,35.2686],[134.6038,35.2662],[134.6006,35.2666],[134.6001,35.2676],[134.5976,35.2687],[134.5939,35.2715],[134.5932,35.273],[134.5902,35.2747],[134.5876,35.2742],[134.5855,35.2754],[134.5852,35.2768],[134.5832,35.278],[134.5826,35.2802],[134.5812,35.2817],[134.581,35.287],[134.5799,35.2879],[134.5797,35.2908],[134.5803,35.2925],[134.5794,35.2934],[134.5791,35.2963],[134.5749,35.297],[134.5725,35.2979],[134.5707,35.3003],[134.5688,35.3011],[134.568,35.3023],[134.5662,35.3029],[134.5631,35.306],[134.5613,35.3074],[134.5594,35.3072],[134.5549,35.3089],[134.553,35.3085],[134.5501,35.3094],[134.5493,35.3107],[134.547,35.3116],[134.5449,35.3138],[134.5452,35.3158],[134.5401,35.3167],[134.5379,35.3178],[134.5356,35.3173],[134.536,35.3196],[134.5345,35.3203],[134.534,35.3223],[134.5304,35.3233],[134.5288,35.3227],[134.5241,35.3261],[134.5235,35.3294],[134.5189,35.3304],[134.5169,35.332],[134.5151,35.3325],[134.5133,35.3342],[134.5096,35.3363],[134.5068,35.3385],[134.5045,35.3373],[134.5044,35.3345],[134.503,35.3316],[134.5019,35.3265],[134.503,35.3249],[134.5041,35.3208],[134.5034,35.3192],[134.505,35.3163],[134.5064,35.3154],[134.5084,35.3131],[134.5111,35.3119],[134.5148,35.3077],[134.5141,35.306],[134.5116,35.3053],[134.5108,35.3032],[134.5116,35.2999],[134.5105,35.2983],[134.5093,35.2938],[134.5108,35.2912],[134.5108,35.2899],[134.5131,35.2865],[134.5123,35.2848],[134.5125,35.2823],[134.5134,35.2802],[134.5153,35.2788],[134.5152,35.2772],[134.5123,35.2765],[134.5101,35.2741],[134.5078,35.2735],[134.5048,35.2718],[134.5026,35.27],[134.502,35.2687],[134.4997,35.2677],[134.4951,35.2669],[134.4931,35.2655],[134.4899,35.2614],[134.4867,35.2627],[134.4836,35.2603],[134.4824,35.256],[134.4823,35.2546],[134.4795,35.2514],[134.4779,35.2506],[134.4765,35.2491],[134.4714,35.2493],[134.4714,35.2483],[134.4691,35.2475],[134.4678,35.2464],[134.4618,35.2431],[134.4628,35.2403],[134.4636,35.2395],[134.4638,35.2374],[134.4622,35.2371],[134.4573,35.2381],[134.4521,35.2377],[134.448,35.2379],[134.4454,35.2365],[134.4442,35.2368],[134.4428,35.2345],[134.4403,35.2317],[134.4353,35.2292],[134.4327,35.2299],[134.4292,35.232],[134.4273,35.2317],[134.4265,35.2336],[134.4234,35.2356],[134.4233,35.2369],[134.419,35.2372],[134.4153,35.2391],[134.4114,35.2399],[134.4084,35.2396],[134.4055,35.241],[134.4028,35.241],[134.4001,35.2365],[134.3985,35.2315],[134.3969,35.2301],[134.397,35.2276],[134.394,35.2269],[134.393,35.2255],[134.3875,35.2234],[134.3853,35.2234],[134.3849,35.2225],[134.3825,35.2217],[134.3812,35.2179],[134.3821,35.2167],[134.381,35.2152],[134.3808,35.2125],[134.3814,35.2115],[134.38,35.2105],[134.38,35.2094],[134.3813,35.2063],[134.3827,35.1998],[134.3836,35.1991],[134.383,35.1975],[134.3837,35.1939],[134.3889,35.1922],[134.3914,35.1925],[134.3947,35.1914],[134.3952,35.1906],[134.3987,35.1888],[134.3997,35.1876],[134.4065,35.1876],[134.4111,35.187],[134.4125,35.1842],[134.4126,35.1776],[134.4095,35.1726],[134.4071,35.1699],[134.4062,35.1658],[134.4078,35.1639],[134.4108,35.1629],[134.4111,35.1613],[134.4132,35.1586],[134.4125,35.1571],[134.4123,35.1536],[134.4116,35.152],[134.4092,35.1497],[134.4087,35.1479],[134.4125,35.1464],[134.4138,35.1447],[134.416,35.1386],[134.416,35.1375],[134.413,35.1357],[134.4134,35.1351],[134.4112,35.1316],[134.4121,35.1308],[134.4133,35.1273],[134.4124,35.1256],[134.4127,35.1236],[134.4158,35.1225],[134.4184,35.1222],[134.4204,35.1196],[134.425,35.1216],[134.4285,35.1216],[134.432,35.1196],[134.434,35.1179],[134.4363,35.1114],[134.4404,35.1093],[134.4416,35.108],[134.4441,35.1068],[134.4456,35.1035],[134.4449,35.1019],[134.4434,35.1013],[134.4427,35.0997],[134.441,35.0992],[134.4377,35.0956],[134.4381,35.0945],[134.44,35.0935],[134.4415,35.0912],[134.4415,35.0899],[134.4397,35.0874],[134.4407,35.0836],[134.4404,35.082],[134.4389,35.0811],[134.4382,35.0796],[134.435,35.0773],[134.4359,35.0744],[134.4348,35.072],[134.4356,35.0701],[134.4359,35.0675],[134.4366,35.0664],[134.4367,35.0621],[134.4386,35.0568],[134.4364,35.054],[134.4397,35.049],[134.4392,35.0465],[134.4393,35.0442],[134.4384,35.042],[134.4356,35.0393],[134.4383,35.038],[134.4427,35.0354],[134.4496,35.0337],[134.4543,35.0339],[134.4579,35.0331],[134.4596,35.0345],[134.4622,35.0336],[134.4655,35.0364],[134.4697,35.0329],[134.4714,35.0304],[134.4735,35.0291],[134.4765,35.0288],[134.4776,35.0247],[134.4799,35.0199],[134.4814,35.0188],[134.4831,35.0161],[134.4852,35.0153],[134.4866,35.0131],[134.4855,35.0109],[134.4841,35.0102],[134.4847,35.0073],[134.4872,35.0077],[134.4886,35.0086],[134.4911,35.0047],[134.4906,35.0031],[134.4879,35.0008],[134.4912,35.0011],[134.4926,35.0006],[134.4983,35.0025],[134.5006,35.0022],[134.5026,35.003],[134.5053,35.0031],[134.5075,35.0027],[134.5095,35.0014],[134.5112,35.0011],[134.5125,34.9997],[134.5108,34.9988],[134.5098,34.9951],[134.5104,34.9925],[134.5093,34.9919],[134.5092,34.9903],[134.5082,34.9894],[134.51,34.9862],[134.5113,34.9853],[134.5132,34.9821],[134.515,34.9809],[134.5152,34.9775],[134.5166,34.975],[134.519,34.9741],[134.5208,34.9746],[134.5238,34.9745],[134.5252,34.9735],[134.5274,34.9733],[134.5307,34.9721],[134.5321,34.9699],[134.5356,34.968],[134.5386,34.969],[134.5414,34.9688],[134.5421,34.9699],[134.5442,34.971],[134.5449,34.9723],[134.549,34.9743],[134.549,34.9754],[134.552,34.9754],[134.5536,34.9732],[134.5533,34.9721],[134.5484,34.9683],[134.5483,34.9651],[134.5489,34.9614],[134.5486,34.9577],[134.5488,34.9558],[134.5502,34.9556],[134.5537,34.9531],[134.556,34.9539],[134.5598,34.9543],[134.5625,34.9558],[134.566,34.954],[134.5679,34.9537],[134.5704,34.9543],[134.5707,34.9567],[134.5728,34.9604],[134.5742,34.9643],[134.5734,34.968],[134.5714,34.9691],[134.57,34.9687],[134.5679,34.9693],[134.5653,34.9709],[134.5644,34.9721],[134.5655,34.9731],[134.5657,34.9748],[134.5642,34.9769],[134.5657,34.9782],[134.5658,34.9805],[134.5667,34.9819],[134.5694,34.9839],[134.5704,34.9858],[134.5723,34.9863],[134.5754,34.9883],[134.5787,34.9871],[134.5792,34.9883],[134.5795,34.992],[134.5793,34.9942],[134.5818,34.9958],[134.5846,35],[134.5848,35.0032],[134.5829,35.0056],[134.5852,35.0086],[134.5895,35.0117],[134.5925,35.0164],[134.5926,35.0188],[134.5944,35.0226],[134.5922,35.026],[134.5923,35.0305],[134.5913,35.0352],[134.5941,35.0407],[134.5939,35.0417],[134.5914,35.0434],[134.5916,35.0443],[134.5948,35.0484],[134.598,35.0504],[134.5986,35.0542],[134.6006,35.0557],[134.5992,35.0587],[134.6015,35.0584],[134.6034,35.0592],[134.6072,35.0582],[134.6087,35.0586],[134.6102,35.0605],[134.61,35.0617],[134.6062,35.0607],[134.6053,35.0619],[134.6067,35.0674],[134.6062,35.0693],[134.6082,35.071],[134.6107,35.0748],[134.6137,35.0775],[134.6148,35.0809],[134.6181,35.0839],[134.6182,35.0851],[134.6237,35.0865],[134.6248,35.0848],[134.6251,35.0821],[134.6273,35.082],[134.6299,35.0826],[134.6307,35.085],[134.6334,35.0855],[134.6347,35.087],[134.637,35.0881],[134.6389,35.0879],[134.6411,35.0884],[134.6467,35.088],[134.6481,35.0885],[134.6502,35.0875],[134.6518,35.0848],[134.6539,35.0834],[134.6562,35.0835],[134.6589,35.0811],[134.6601,35.0813],[134.6616,35.0856],[134.6633,35.0876],[134.6626,35.0898],[134.6639,35.0899],[134.6676,35.092],[134.6718,35.0932]]]},"properties":{"prefectureCode":"28","prefectureName":"兵庫県","municipalityName":"宍粟市","municipalityCode":"28227"}},
{"type":"Feature","geometry":{"type":"Polygon","coordinates":[[[134.9299,34.9579],[134.9301,34.956],[134.9327,34.9536],[134.9325,34.9507],[134.9341,34.9498],[134.9333,34.9461],[134.9339,34.942],[134.9335,34.937],[134.9336,34.9335],[134.9308,34.9328],[134.9263,34.9299],[134.9224,34.929],[134.9184,34.9284],[134.9174,34.9302],[134.9156,34.9292],[134.912,34.9305],[134.9053,34.9339],[134.9043,34.9309],[134.9022,34.9295],[134.9029,34.9281],[134.9043,34.9227],[134.9063,34.9216],[134.9077,34.9198],[134.9094,34.9195],[134.9071,34.9146],[134.904,34.9158],[134.9023,34.917],[134.9006,34.9152],[134.8995,34.9155],[134.8979,34.9135],[134.8972,34.9114],[134.899,34.9105],[134.9006,34.9114],[134.903,34.9113],[134.9048,34.9119],[134.9068,34.9089],[134.9085,34.9091],[134.9099,34.9112],[134.9086,34.913],[134.908,34.9156],[134.9094,34.917],[134.9103,34.9152],[134.91,34.9134],[134.9107,34.9121],[134.914,34.9127],[134.9141,34.9117],[134.9114,34.9103],[134.9112,34.9081],[134.9133,34.9063],[134.9172,34.9082],[134.9149,34.909],[134.916,34.9117],[134.9216,34.9136],[134.9219,34.9153],[134.9268,34.9125],[134.93,34.9128],[134.9285,34.9089],[134.9289,34.9082],[134.9324,34.907],[134.9342,34.9059],[134.9373,34.903],[134.938,34.8981],[134.9363,34.8912],[134.9348,34.8888],[134.931,34.8854],[134.9291,34.8816],[134.9289,34.8799],[134.9322,34.8809],[134.9339,34.8819],[134.9369,34.8825],[134.9386,34.8823],[134.9422,34.8854],[134.9501,34.8842],[134.9536,34.8833],[134.9547,34.8859],[134.9561,34.8867],[134.959,34.886],[134.9608,34.8848],[134.9641,34.884],[134.9662,34.8899],[134.9672,34.8918],[134.97,34.892],[134.9733,34.8936],[134.973,34.8971],[134.9768,34.8974],[134.9804,34.8985],[134.9807,34.8972],[134.984,34.8975],[134.9888,34.8992],[134.9941,34.8999],[134.9974,34.9008],[134.9994,34.9],[135.0014,34.9008],[135.003,34.8993],[135.0036,34.8949],[135.0027,34.8927],[135.0037,34.8918],[135.005,34.8894],[135.0073,34.8888],[135.0104,34.8886],[135.0119,34.8858],[135.0114,34.8831],[135.0136,34.8828],[135.0154,34.8847],[135.0166,34.8849],[135.0189,34.8835],[135.0203,34.8818],[135.0227,34.8804],[135.0235,34.8792],[135.0218,34.8759],[135.0237,34.8738],[135.0243,34.8704],[135.0264,34.8682],[135.0269,34.8655],[135.0265,34.8631],[135.0256,34.8617],[135.0265,34.8589],[135.0242,34.8581],[135.0252,34.8569],[135.0248,34.853],[135.0274,34.8523],[135.0283,34.8544],[135.0304,34.8544],[135.0359,34.8562],[135.0395,34.8593],[135.0397,34.8609],[135.0413,34.8618],[135.0438,34.8619],[135.045,34.8608],[135.0474,34.8606],[135.0497,34.8621],[135.0531,34.8633],[135.0555,34.8659],[135.0585,34.8673],[135.0597,34.8692],[135.0627,34.8717],[135.0611,34.8739],[135.0638,34.8772],[135.0636,34.8803],[135.0622,34.8844],[135.0644,34.8843],[135.0685,34.8871],[135.0735,34.8874],[135.0745,34.8863],[135.0763,34.886],[135.0782,34.8871],[135.0807,34.8864],[135.0814,34.8852],[135.0833,34.8865],[135.0859,34.8865],[135.0892,34.8882],[135.0942,34.8918],[135.0945,34.896],[135.0965,34.8978],[135.0979,34.9001],[135.0968,34.9007],[135.0984,34.9032],[135.1002,34.9032],[135.1025,34.906],[135.1024,34.907],[135.1038,34.9086],[135.1047,34.9135],[135.107,34.9142],[135.1082,34.9162],[135.1085,34.9182],[135.1093,34.9193],[135.1098,34.9219],[135.1115,34.924],[135.1137,34.9252],[135.1184,34.9289],[135.1125,34.9281],[135.1109,34.9296],[135.1075,34.9298],[135.1048,34.9363],[135.1037,34.9382],[135.1043,34.9396],[135.1027,34.9417],[135.102,34.9448],[135.1035,34.9461],[135.1037,34.9476],[135.101,34.9489],[135.0974,34.9491],[135.0936,34.9544],[135.0925,34.9568],[135.0926,34.96],[135.093,34.961],[135.0927,34.9646],[135.0927,34.9669],[135.0935,34.9683],[135.0933,34.9707],[135.0939,34.9722],[135.0938,34.9759],[135.0947,34.9813],[135.0947,34.9842],[135.0938,34.9869],[135.0943,34.9892],[135.0937,34.991],[135.0907,34.9917],[135.0865,34.9898],[135.0837,34.9895],[135.0819,34.9886],[135.0803,34.9897],[135.0808,34.9927],[135.0801,34.9947],[135.0788,34.9955],[135.0747,34.9936],[135.0725,34.9933],[135.0717,34.9961],[135.0732,34.9989],[135.0714,35.0019],[135.0702,35.0033],[135.0679,35.0033],[135.0667,35.0025],[135.0646,35.0041],[135.0643,35.0056],[135.0618,35.0062],[135.0594,35.0089],[135.058,35.0072],[135.0552,35.0047],[135.0549,35.0036],[135.0504,35.0027],[135.05,35.0019],[135.0469,34.9992],[135.045,34.9966],[135.0443,34.994],[135.0446,34.9918],[135.0464,34.9894],[135.0452,34.987],[135.0479,34.9868],[135.0503,34.9854],[135.0508,34.9834],[135.0524,34.9817],[135.0514,34.9794],[135.0514,34.9769],[135.0495,34.9765],[135.0484,34.9751],[135.0453,34.9738],[135.0438,34.972],[135.0442,34.9709],[135.0411,34.9686],[135.0365,34.9682],[135.0317,34.9654],[135.0294,34.9658],[135.0278,34.967],[135.0263,34.9667],[135.0244,34.9648],[135.0178,34.9666],[135.015,34.9661],[135.0132,34.9649],[135.0121,34.9633],[135.0098,34.9624],[135.0072,34.9648],[135.004,34.9647],[135.0025,34.963],[135.0013,34.9605],[134.9999,34.9601],[134.9975,34.9607],[134.9956,34.9588],[134.9947,34.9599],[134.993,34.9592],[134.9911,34.9595],[134.9895,34.9589],[134.9869,34.9601],[134.984,34.9597],[134.9815,34.9564],[134.9775,34.9557],[134.9769,34.9542],[134.9737,34.9537],[134.9731,34.9528],[134.9669,34.9548],[134.9657,34.9558],[134.9652,34.9589],[134.9629,34.9611],[134.9591,34.959],[134.9557,34.9587],[134.953,34.9589],[134.9504,34.9601],[134.9454,34.9605],[134.9437,34.9589],[134.9403,34.9591],[134.9374,34.9588],[134.9338,34.9606],[134.933,34.9596],[134.9299,34.9579]]]},"properties":{"prefectureCode":"28","prefectureName":"兵庫県","municipalityName":"加東市","municipalityCode":"28228"}},
{"type":"Feature","geometry":{"type":"Polygon","coordinates":[[[134.5704,34.9543],[134.5679,34.9537],[134.566,34.954],[134.5625,34.9558],[134.5598,34.9543],[134.556,34.9539],[134.5537,34.9531],[134.5502,34.9556],[134.5488,34.9558],[134.5486,34.9577],[134.5489,34.9614],[134.5483,34.9651],[134.5484,34.9683],[134.5533,34.9721],[134.5536,34.9732],[134.552,34.9754],[134.549,34.9754],[134.549,34.9743],[134.5449,34.9723],[134.5442,34.971],[134.5421,34.9699],[134.5414,34.9688],[134.5386,34.969],[134.5356,34.968],[134.5321,34.9699],[134.5307,34.9721],[134.5274,34.9733],[134.5252,34.9735],[134.5238,34.9745],[134.5208,34.9746],[134.519,34.9741],[134.5166,34.975],[134.5152,34.9775],[134.515,34.9809],[134.5132,34.9821],[134.5113,34.9853],[134.51,34.9862],[134.5082,34.9894],[134.5092,34.9903],[134.5093,34.9919],[134.5104,34.9925],[134.5098,34.9951],[134.5108,34.9988],[134.5125,34.9997],[134.5112,35.0011],[134.5095,35.0014],[134.5075,35.0027],[134.5053,35.0031],[134.5026,35.003],[134.5006,35.0022],[134.4983,35.0025],[134.4926,35.0006],[134.4912,35.0011],[134.4879,35.0008],[134.4906,35.0031],[134.4911,35.0047],[134.4886,35.0086],[134.4872,35.0077],[134.4847,35.0073],[134.482,35.0041],[134.4818,35.0021],[134.4796,34.9993],[134.4798,34.9968],[134.4759,34.9936],[134.4767,34.9904],[134.4736,34.9879],[134.4735,34.9824],[134.4743,34.9806],[134.4758,34.9789],[134.4714,34.9788],[134.4671,34.9773],[134.4665,34.9752],[134.4641,34.9716],[134.4641,34.9696],[134.4625,34.9686],[134.4601,34.9709],[134.4577,34.9707],[134.4565,34.9697],[134.4531,34.9698],[134.4517,34.9705],[134.4493,34.97],[134.4457,34.9683],[134.4441,34.9668],[134.4404,34.9667],[134.4389,34.9648],[134.4364,34.9633],[134.4363,34.9619],[134.4323,34.9603],[134.4307,34.9585],[134.4306,34.9559],[134.4287,34.9557],[134.428,34.953],[134.4267,34.9515],[134.4267,34.9503],[134.4282,34.9485],[134.4302,34.9479],[134.4295,34.9454],[134.4311,34.9462],[134.4333,34.9454],[134.4349,34.9436],[134.4376,34.9423],[134.4382,34.94],[134.4423,34.9406],[134.4446,34.9391],[134.445,34.9365],[134.4448,34.9343],[134.446,34.9324],[134.4458,34.9313],[134.4488,34.9316],[134.4483,34.9297],[134.4467,34.9275],[134.4469,34.9251],[134.4481,34.9251],[134.4501,34.9229],[134.4516,34.9202],[134.4511,34.9175],[134.4497,34.9157],[134.448,34.9158],[134.4473,34.9134],[134.4488,34.911],[134.4486,34.909],[134.4496,34.9086],[134.4547,34.9092],[134.4576,34.9102],[134.459,34.9092],[134.4609,34.9104],[134.4625,34.9089],[134.4661,34.9095],[134.4676,34.9102],[134.4688,34.9096],[134.4685,34.9082],[134.4707,34.9077],[134.4706,34.9107],[134.4719,34.9155],[134.4736,34.9179],[134.4749,34.9212],[134.4803,34.9218],[134.4846,34.9217],[134.4868,34.9193],[134.4843,34.917],[134.4808,34.9174],[134.4799,34.9164],[134.4806,34.9143],[134.4795,34.9122],[134.4804,34.9111],[134.4839,34.9103],[134.4857,34.9074],[134.4884,34.9064],[134.4892,34.905],[134.4914,34.9047],[134.4912,34.9018],[134.4894,34.8997],[134.4914,34.897],[134.4935,34.8962],[134.4941,34.8947],[134.496,34.8932],[134.4944,34.8913],[134.4902,34.891],[134.488,34.8889],[134.4882,34.8866],[134.49,34.8851],[134.4918,34.8844],[134.4922,34.883],[134.4887,34.8823],[134.487,34.8792],[134.4846,34.8798],[134.4827,34.8788],[134.4841,34.8772],[134.4836,34.8742],[134.4811,34.8695],[134.4783,34.8683],[134.4757,34.8651],[134.4724,34.8652],[134.4706,34.8633],[134.4683,34.863],[134.4656,34.8638],[134.4639,34.8614],[134.4651,34.8532],[134.4645,34.8505],[134.4669,34.8476],[134.4712,34.8492],[134.4749,34.8473],[134.4757,34.8459],[134.4757,34.8433],[134.4746,34.8425],[134.4794,34.8419],[134.4811,34.8391],[134.4793,34.8353],[134.4801,34.8334],[134.482,34.8317],[134.4822,34.8316],[134.4824,34.8313],[134.4823,34.8311],[134.4822,34.8308],[134.4822,34.8306],[134.4835,34.8295],[134.4838,34.8291],[134.4841,34.8288],[134.4842,34.8287],[134.4843,34.8286],[134.4845,34.8284],[134.4854,34.8275],[134.4864,34.8267],[134.4871,34.8262],[134.4876,34.8258],[134.4879,34.8258],[134.4886,34.8259],[134.4894,34.826],[134.49,34.8259],[134.4909,34.826],[134.4912,34.8261],[134.4913,34.8262],[134.4917,34.8264],[134.4919,34.8266],[134.4928,34.8272],[134.4943,34.8284],[134.4945,34.8288],[134.4953,34.8289],[134.4957,34.8289],[134.4958,34.8289],[134.4961,34.8291],[134.4962,34.8292],[134.4965,34.8295],[134.4968,34.8299],[134.497,34.83],[134.4972,34.8302],[134.4973,34.8302],[134.4981,34.8303],[134.4983,34.8303],[134.4984,34.83],[134.4987,34.8294],[134.4984,34.8293],[134.4985,34.8284],[134.4985,34.8281],[134.4984,34.8277],[134.4983,34.825],[134.4983,34.8236],[134.4981,34.8228],[134.4981,34.8225],[134.4986,34.8216],[134.4989,34.821],[134.4994,34.8205],[134.4993,34.8202],[134.4992,34.8199],[134.4994,34.8191],[134.4998,34.8189],[134.5,34.8188],[134.5028,34.8155],[134.5036,34.8133],[134.5015,34.8103],[134.501,34.8088],[134.5019,34.8071],[134.502,34.8018],[134.5001,34.8001],[134.4994,34.8],[134.4993,34.8],[134.4992,34.7999],[134.4992,34.7986],[134.4991,34.7986],[134.4978,34.7978],[134.4977,34.7976],[134.4977,34.797],[134.4978,34.7958],[134.4979,34.7949],[134.498,34.7938],[134.4982,34.7932],[134.499,34.7926],[134.4995,34.7917],[134.4996,34.7915],[134.5,34.7909],[134.5,34.7906],[134.5012,34.7891],[134.503,34.7853],[134.5025,34.7837],[134.5003,34.783],[134.5,34.783],[134.4994,34.7829],[134.4983,34.7806],[134.4973,34.78],[134.4945,34.7791],[134.4935,34.7789],[134.4929,34.7791],[134.4925,34.7791],[134.4917,34.7787],[134.4908,34.7783],[134.4904,34.7778],[134.4897,34.7775],[134.4888,34.7769],[134.4886,34.7767],[134.4871,34.7764],[134.486,34.7764],[134.4857,34.7764],[134.4855,34.7764],[134.4845,34.7761],[134.4842,34.7761],[134.4833,34.7761],[134.4832,34.7761],[134.4829,34.776],[134.4824,34.7756],[134.4822,34.7752],[134.482,34.7748],[134.4819,34.7747],[134.4816,34.7745],[134.4805,34.7729],[134.4804,34.7724],[134.4803,34.7723],[134.4802,34.7722],[134.4796,34.7722],[134.4775,34.7717],[134.4769,34.7716],[134.4763,34.7698],[134.4765,34.7692],[134.4762,34.7678],[134.4762,34.7674],[134.476,34.7672],[134.476,34.767],[134.4765,34.7667],[134.4767,34.7664],[134.4768,34.7664],[134.4769,34.766],[134.4772,34.7657],[134.4778,34.765],[134.4777,34.7646],[134.4774,34.7641],[134.477,34.7638],[134.4767,34.7634],[134.4765,34.7629],[134.4761,34.7623],[134.476,34.7622],[134.4755,34.7619],[134.4753,34.7619],[134.4758,34.761],[134.4761,34.7605],[134.476,34.7602],[134.4752,34.7594],[134.4751,34.759],[134.4751,34.7587],[134.475,34.7581],[134.475,34.7578],[134.4749,34.7569],[134.4746,34.7564],[134.4745,34.7562],[134.4743,34.7556],[134.4743,34.7552],[134.4768,34.7573],[134.4782,34.7573],[134.4792,34.7589],[134.4812,34.7599],[134.4805,34.7623],[134.4824,34.7643],[134.4812,34.7659],[134.4824,34.7674],[134.4837,34.7671],[134.4862,34.7691],[134.4887,34.7689],[134.4888,34.7674],[134.4907,34.7668],[134.4932,34.7697],[134.493,34.771],[134.4944,34.7717],[134.4961,34.7707],[134.4976,34.7727],[134.499,34.773],[134.4997,34.7745],[134.5014,34.7745],[134.5034,34.7732],[134.5025,34.7707],[134.5007,34.769],[134.5029,34.7679],[134.5022,34.7667],[134.5036,34.7633],[134.5023,34.7623],[134.5047,34.7612],[134.507,34.7634],[134.5086,34.7639],[134.5086,34.7657],[134.5113,34.7682],[134.5133,34.7678],[134.5134,34.7694],[134.5161,34.7716],[134.5179,34.7717],[134.5191,34.7727],[134.5204,34.776],[134.5222,34.7773],[134.5229,34.7792],[134.5243,34.7792],[134.5257,34.7805],[134.5268,34.7827],[134.5301,34.7822],[134.5304,34.7801],[134.5318,34.7788],[134.5322,34.7767],[134.5374,34.775],[134.5398,34.7729],[134.5397,34.771],[134.5411,34.7703],[134.5426,34.7719],[134.5448,34.7719],[134.5479,34.7732],[134.5513,34.7722],[134.5537,34.7722],[134.5574,34.7702],[134.5595,34.7695],[134.5583,34.7643],[134.5598,34.7633],[134.5652,34.7611],[134.5699,34.758],[134.5714,34.7655],[134.5705,34.7727],[134.5728,34.7761],[134.5738,34.7793],[134.573,34.7892],[134.5713,34.7925],[134.5697,34.7964],[134.5642,34.8016],[134.5618,34.8032],[134.5592,34.8059],[134.5575,34.8093],[134.557,34.8114],[134.5573,34.8165],[134.5559,34.8193],[134.5576,34.8238],[134.5575,34.8266],[134.5567,34.8272],[134.557,34.8295],[134.5597,34.831],[134.5611,34.8331],[134.5599,34.837],[134.5604,34.8384],[134.5642,34.8418],[134.5662,34.8445],[134.5681,34.8423],[134.5712,34.8427],[134.5766,34.845],[134.5786,34.8505],[134.5792,34.8538],[134.5816,34.8545],[134.5815,34.8569],[134.5831,34.8578],[134.5847,34.8602],[134.5853,34.8614],[134.5845,34.864],[134.5871,34.8676],[134.5886,34.8687],[134.5874,34.8702],[134.5896,34.8725],[134.5916,34.8732],[134.5922,34.8744],[134.5914,34.876],[134.5945,34.8782],[134.596,34.8782],[134.5966,34.8795],[134.5984,34.8804],[134.5967,34.8831],[134.5977,34.8849],[134.598,34.8874],[134.598,34.8949],[134.5966,34.8969],[134.5934,34.8983],[134.5894,34.897],[134.588,34.8947],[134.5856,34.8964],[134.5819,34.8946],[134.5811,34.8963],[134.5779,34.8962],[134.5775,34.8952],[134.5747,34.8955],[134.5732,34.8963],[134.5711,34.8964],[134.5705,34.8979],[134.5686,34.8996],[134.5654,34.9011],[134.5634,34.9032],[134.5658,34.9057],[134.5661,34.9087],[134.5676,34.9101],[134.5697,34.9111],[134.5719,34.9114],[134.5718,34.9135],[134.571,34.9153],[134.5691,34.9158],[134.5688,34.9184],[134.5702,34.9199],[134.5696,34.9236],[134.5685,34.9246],[134.5679,34.9275],[134.5682,34.931],[134.5705,34.9321],[134.5719,34.9343],[134.5732,34.935],[134.5737,34.9372],[134.5738,34.9406],[134.5726,34.9418],[134.5723,34.9462],[134.5725,34.948],[134.5712,34.9487],[134.5703,34.9518],[134.5704,34.9543]]]},"properties":{"prefectureCode":"28","prefectureName":"兵庫県","municipalityName":"たつの市","municipalityCode":"28229"}},
{"type":"Feature","geometry":{"type":"Polygon","coordinates":[[[135.3398,35.0259],[135.333,35.0255],[135.3304,35.0257],[135.3275,35.0249],[135.3274,35.0234],[135.3251,35.0244],[135.3228,35.0247],[135.3211,35.0218],[135.3212,35.0192],[135.3234,35.0162],[135.3214,35.0141],[135.3168,35.0154],[135.3141,35.014],[135.3145,35.0119],[135.3109,35.0114],[135.3089,35.0097],[135.3076,35.0098],[135.3048,35.0123],[135.302,35.0129],[135.2945,35.0136],[135.2909,35.013],[135.2878,35.0115],[135.2899,35.009],[135.2892,35.0081],[135.288,35.004],[135.2886,35.0024],[135.2871,35.0001],[135.2852,34.9997],[135.2863,34.9974],[135.2893,34.9961],[135.2916,34.997],[135.293,34.9964],[135.2967,34.9972],[135.2984,34.997],[135.3005,34.9954],[135.3029,34.9951],[135.3036,34.9937],[135.3035,34.9917],[135.3045,34.9897],[135.3075,34.9885],[135.3104,34.9846],[135.3096,34.9834],[135.3069,34.9836],[135.3017,34.9823],[135.3015,34.9808],[135.2993,34.9795],[135.2988,34.978],[135.3,34.9766],[135.298,34.9758],[135.298,34.9743],[135.3006,34.9714],[135.2997,34.969],[135.3002,34.9668],[135.3011,34.9661],[135.3021,34.9629],[135.3053,34.9624],[135.3093,34.9596],[135.3123,34.9589],[135.3145,34.9596],[135.3155,34.9572],[135.314,34.9531],[135.3164,34.9523],[135.3176,34.9492],[135.3206,34.9454],[135.3209,34.944],[135.3238,34.9417],[135.3265,34.9413],[135.3262,34.9391],[135.3248,34.9386],[135.3244,34.9366],[135.3251,34.9342],[135.3274,34.9331],[135.3306,34.9323],[135.3303,34.9299],[135.3314,34.9282],[135.3327,34.9248],[135.3316,34.9221],[135.3339,34.9166],[135.3366,34.9161],[135.3396,34.9165],[135.341,34.9148],[135.3409,34.9132],[135.3421,34.9114],[135.3415,34.908],[135.3394,34.9076],[135.3387,34.9031],[135.3321,34.9023],[135.3316,34.9006],[135.3298,34.8981],[135.3286,34.8979],[135.325,34.8988],[135.3223,34.8985],[135.3241,34.8967],[135.3233,34.8943],[135.3239,34.8938],[135.3303,34.8925],[135.332,34.8916],[135.3339,34.8934],[135.3361,34.8916],[135.3371,34.8897],[135.3364,34.8884],[135.3375,34.8874],[135.3372,34.8843],[135.3376,34.8822],[135.3396,34.8797],[135.339,34.8778],[135.3393,34.8757],[135.3436,34.8748],[135.3453,34.8724],[135.3486,34.869],[135.3485,34.8661],[135.3505,34.8642],[135.3565,34.8649],[135.3608,34.8638],[135.364,34.8692],[135.3638,34.8717],[135.3651,34.8739],[135.3681,34.8738],[135.3681,34.8722],[135.3698,34.8698],[135.3718,34.8701],[135.3701,34.8725],[135.3719,34.8742],[135.3752,34.8739],[135.3765,34.8754],[135.3796,34.8753],[135.3837,34.8775],[135.3832,34.8793],[135.3804,34.882],[135.3794,34.8857],[135.3809,34.8883],[135.3808,34.8911],[135.3819,34.8923],[135.385,34.8926],[135.3836,34.8938],[135.3873,34.8961],[135.3888,34.8975],[135.3908,34.9024],[135.394,34.903],[135.3968,34.9058],[135.3943,34.9084],[135.3976,34.9115],[135.3992,34.9101],[135.4022,34.9143],[135.4052,34.9144],[135.4067,34.9157],[135.4073,34.9184],[135.4064,34.9204],[135.4106,34.9212],[135.4113,34.9227],[135.4104,34.9248],[135.4084,34.9253],[135.4071,34.9281],[135.4121,34.9286],[135.4163,34.9298],[135.4167,34.9323],[135.4185,34.9339],[135.4178,34.9366],[135.4169,34.938],[135.4178,34.9395],[135.4175,34.9418],[135.4158,34.9408],[135.4104,34.9399],[135.4095,34.9417],[135.4073,34.9437],[135.4054,34.944],[135.4038,34.9434],[135.396,34.9444],[135.3946,34.9427],[135.3924,34.9414],[135.3905,34.9434],[135.389,34.9436],[135.3872,34.9466],[135.3879,34.9476],[135.3875,34.951],[135.3863,34.9516],[135.3855,34.9543],[135.3832,34.9546],[135.3819,34.9562],[135.378,34.9552],[135.3759,34.9563],[135.3753,34.9551],[135.3732,34.9535],[135.3699,34.9546],[135.3693,34.9557],[135.3639,34.9562],[135.3607,34.9544],[135.3582,34.9559],[135.3578,34.9579],[135.3542,34.9626],[135.3509,34.9633],[135.3484,34.9651],[135.3464,34.9647],[135.3451,34.9668],[135.3467,34.9697],[135.3487,34.972],[135.3485,34.9758],[135.3493,34.9785],[135.3505,34.9802],[135.3522,34.9795],[135.3568,34.9812],[135.3582,34.9812],[135.3595,34.9825],[135.3581,34.9845],[135.3557,34.9857],[135.3533,34.9886],[135.3526,34.9904],[135.3539,34.9921],[135.3528,34.9936],[135.3537,34.9982],[135.3527,34.9994],[135.3536,35.0008],[135.3515,35.0043],[135.3522,35.0058],[135.3547,35.0066],[135.3541,35.0088],[135.3543,35.0112],[135.3537,35.0132],[135.3553,35.0141],[135.3558,35.0165],[135.3548,35.0187],[135.3554,35.0197],[135.3546,35.0215],[135.3547,35.0246],[135.3526,35.0256],[135.3496,35.0261],[135.3492,35.0269],[135.3466,35.0267],[135.3454,35.0258],[135.343,35.0254],[135.3398,35.0259]]]},"properties":{"prefectureCode":"28","prefectureName":"兵庫県","municipalityName":"猪名川町","municipalityCode":"28301"}},
{"type":"Feature","geometry":{"type":"Polygon","coordinates":[[[134.9786,35.0702],[134.977,35.0706],[134.9751,35.0703],[134.9725,35.0718],[134.9682,35.0712],[134.9655,35.0692],[134.963,35.0662],[134.9608,35.0668],[134.9602,35.0685],[134.9563,35.0696],[134.954,35.0688],[134.949,35.0694],[134.9469,35.0683],[134.9465,35.071],[134.9473,35.073],[134.9465,35.0765],[134.944,35.0779],[134.9438,35.0802],[134.945,35.0817],[134.9446,35.085],[134.9434,35.0874],[134.9434,35.0898],[134.9441,35.0916],[134.946,35.0935],[134.9429,35.0972],[134.9401,35.0973],[134.9382,35.1006],[134.9366,35.1008],[134.9353,35.1029],[134.9338,35.1036],[134.9331,35.1053],[134.9304,35.1081],[134.9303,35.11],[134.9311,35.1126],[134.9325,35.1142],[134.9327,35.116],[134.935,35.1167],[134.9365,35.118],[134.9377,35.1176],[134.94,35.12],[134.9415,35.1231],[134.9432,35.124],[134.9441,35.129],[134.9436,35.1316],[134.9423,35.1325],[134.9441,35.1345],[134.946,35.1346],[134.9479,35.1366],[134.9489,35.1384],[134.9505,35.139],[134.953,35.1416],[134.9547,35.1427],[134.955,35.1445],[134.9583,35.1459],[134.9603,35.1458],[134.9613,35.1471],[134.9609,35.1516],[134.958,35.1538],[134.955,35.1534],[134.949,35.1538],[134.9477,35.1556],[134.9509,35.1613],[134.9505,35.1631],[134.9506,35.1667],[134.9493,35.1675],[134.9491,35.171],[134.9464,35.1726],[134.9465,35.1756],[134.9479,35.1771],[134.9487,35.1792],[134.951,35.18],[134.9515,35.1824],[134.9539,35.1861],[134.9535,35.1874],[134.9567,35.1887],[134.9574,35.1904],[134.9551,35.1915],[134.9546,35.1924],[134.9513,35.1945],[134.9501,35.1959],[134.9485,35.1963],[134.9482,35.1982],[134.951,35.2004],[134.9518,35.2032],[134.9494,35.2061],[134.9507,35.2087],[134.9506,35.2105],[134.9495,35.2112],[134.9491,35.2131],[134.9472,35.2147],[134.9426,35.2149],[134.9413,35.2144],[134.9384,35.2156],[134.9357,35.2161],[134.932,35.2152],[134.9286,35.213],[134.9265,35.2136],[134.9239,35.2127],[134.9206,35.213],[134.9186,35.2121],[134.9171,35.2102],[134.9157,35.2073],[134.9156,35.2056],[134.9131,35.2034],[134.9111,35.2025],[134.9072,35.2019],[134.9062,35.2005],[134.9066,35.1991],[134.9029,35.1951],[134.9015,35.1945],[134.9024,35.1929],[134.9058,35.1923],[134.9059,35.19],[134.9075,35.1888],[134.9065,35.1866],[134.9073,35.1852],[134.9074,35.183],[134.906,35.182],[134.9032,35.1821],[134.9019,35.1786],[134.8998,35.1772],[134.8996,35.1745],[134.8976,35.1715],[134.8985,35.17],[134.9022,35.1691],[134.9028,35.1679],[134.9023,35.1634],[134.9036,35.1608],[134.8984,35.1564],[134.8961,35.1555],[134.8946,35.1535],[134.8937,35.1494],[134.8928,35.149],[134.8907,35.1462],[134.8863,35.1461],[134.8835,35.1448],[134.8793,35.1412],[134.8754,35.1395],[134.8735,35.1363],[134.8745,35.134],[134.8726,35.1305],[134.8726,35.1288],[134.8708,35.1282],[134.8664,35.1255],[134.8656,35.1238],[134.8672,35.1207],[134.8656,35.1179],[134.8631,35.1165],[134.8626,35.1155],[134.8607,35.1146],[134.8574,35.1143],[134.8539,35.1133],[134.8516,35.107],[134.8504,35.1057],[134.8501,35.1035],[134.8511,35.1019],[134.851,35.0997],[134.8517,35.0982],[134.8537,35.097],[134.8537,35.0929],[134.8552,35.0917],[134.8562,35.0892],[134.8521,35.0871],[134.8505,35.0855],[134.8473,35.0849],[134.845,35.084],[134.8448,35.0812],[134.8452,35.0787],[134.842,35.0759],[134.8428,35.0726],[134.8425,35.0702],[134.8401,35.0682],[134.8379,35.0671],[134.837,35.0649],[134.835,35.0639],[134.8366,35.0612],[134.8363,35.06],[134.8384,35.0577],[134.8407,35.058],[134.8443,35.053],[134.8443,35.0518],[134.8457,35.0487],[134.848,35.0473],[134.8465,35.0454],[134.8437,35.0431],[134.8403,35.0415],[134.8379,35.0376],[134.8397,35.0338],[134.8399,35.0325],[134.8416,35.0313],[134.8436,35.028],[134.8433,35.0269],[134.8464,35.0259],[134.8482,35.0243],[134.8485,35.0223],[134.847,35.0203],[134.8467,35.0185],[134.8486,35.0177],[134.85,35.0121],[134.8514,35.0104],[134.8547,35.0098],[134.8558,35.0081],[134.8572,35.0071],[134.8605,35.0058],[134.8597,35.0032],[134.8599,34.9994],[134.862,34.997],[134.8606,34.9947],[134.8607,34.9896],[134.8628,34.9884],[134.8631,34.9868],[134.8621,34.9847],[134.8639,34.9835],[134.8659,34.9813],[134.8691,34.9836],[134.872,34.9828],[134.8734,34.9804],[134.8754,34.9809],[134.8775,34.9825],[134.8791,34.9818],[134.8835,34.9822],[134.8856,34.9833],[134.8873,34.9818],[134.8888,34.982],[134.8905,34.981],[134.892,34.9812],[134.8946,34.983],[134.8952,34.9845],[134.8969,34.9851],[134.8988,34.9869],[134.9013,34.986],[134.9026,34.9815],[134.904,34.9805],[134.9061,34.9807],[134.9086,34.983],[134.9108,34.9836],[134.915,34.9836],[134.9204,34.9818],[134.9216,34.9825],[134.9232,34.9855],[134.9244,34.9867],[134.9239,34.989],[134.9256,34.9911],[134.9277,34.9925],[134.9272,34.9943],[134.9284,34.998],[134.927,35.0008],[134.9284,35.0027],[134.928,35.0075],[134.9291,35.0078],[134.9325,35.0115],[134.9342,35.0123],[134.934,35.0168],[134.9413,35.0209],[134.9414,35.0213],[134.9476,35.0239],[134.9447,35.0251],[134.9458,35.0265],[134.9457,35.0289],[134.9493,35.0333],[134.9478,35.0345],[134.9457,35.0346],[134.9427,35.034],[134.9422,35.0355],[134.9444,35.0373],[134.946,35.0379],[134.9488,35.0366],[134.9511,35.0378],[134.9549,35.0371],[134.9566,35.0352],[134.9577,35.0317],[134.9599,35.0305],[134.962,35.0313],[134.9626,35.0344],[134.964,35.0352],[134.9647,35.0369],[134.9691,35.0368],[134.9718,35.0383],[134.9707,35.0405],[134.9706,35.0426],[134.9715,35.046],[134.9695,35.0497],[134.966,35.0514],[134.9641,35.0536],[134.9641,35.0553],[134.9683,35.0581],[134.9729,35.0593],[134.9766,35.0619],[134.9785,35.0661],[134.9786,35.0702]]]},"properties":{"prefectureCode":"28","prefectureName":"兵庫県","municipalityName":"多可町","municipalityCode":"28365"}},
{"type":"Feature","geometry":{"type":"Polygon","coordinates":[[[134.9614,34.763],[134.9605,34.7652],[134.9593,34.7662],[134.9593,34.7695],[134.9612,34.7728],[134.9629,34.7772],[134.9591,34.7781],[134.9537,34.7784],[134.9524,34.7797],[134.9509,34.7778],[134.9484,34.779],[134.9472,34.7772],[134.9418,34.7799],[134.939,34.7793],[134.9379,34.7778],[134.9351,34.7791],[134.9331,34.7776],[134.9334,34.7716],[134.9321,34.7685],[134.9268,34.7718],[134.9236,34.7729],[134.9221,34.7743],[134.9188,34.7761],[134.9178,34.7752],[134.9158,34.776],[134.9113,34.7747],[134.9106,34.7758],[134.9074,34.7749],[134.9075,34.7723],[134.9046,34.7731],[134.9034,34.774],[134.9003,34.7751],[134.8968,34.7774],[134.8952,34.7756],[134.8951,34.7734],[134.8918,34.7713],[134.8919,34.7694],[134.8944,34.7655],[134.8925,34.7653],[134.8901,34.7627],[134.8859,34.7627],[134.884,34.7638],[134.8821,34.7612],[134.8805,34.7604],[134.8803,34.7584],[134.8814,34.7571],[134.8801,34.7558],[134.8817,34.7541],[134.8822,34.7521],[134.8847,34.7495],[134.8871,34.7496],[134.8872,34.7471],[134.8883,34.7449],[134.8851,34.7451],[134.8836,34.7426],[134.8878,34.7386],[134.8858,34.7373],[134.8877,34.7358],[134.8896,34.7326],[134.8913,34.7315],[134.8932,34.7325],[134.8985,34.729],[134.9,34.7256],[134.9043,34.7256],[134.9069,34.7248],[134.9081,34.7222],[134.9115,34.7212],[134.9125,34.7213],[134.9151,34.7229],[134.9183,34.7261],[134.9236,34.7278],[134.9268,34.7271],[134.9351,34.7299],[134.9358,34.7308],[134.9441,34.7324],[134.9485,34.7326],[134.9513,34.7345],[134.9541,34.737],[134.9599,34.7449],[134.9661,34.7512],[134.9664,34.7525],[134.9643,34.7552],[134.9645,34.756],[134.9626,34.7613],[134.9614,34.763]]]},"properties":{"prefectureCode":"28","prefectureName":"兵庫県","municipalityName":"稲美町","municipalityCode":"28381"}},
{"type":"Feature","geometry":{"type":"MultiPolygon","coordinates":[[[[134.8666,34.6964],[134.8642,34.6972],[134.8618,34.6971],[134.8573,34.6921],[134.8629,34.6899],[134.8666,34.6964]]],[[[134.8697,34.7014],[134.8649,34.7028],[134.8639,34.7008],[134.8683,34.6992],[134.8697,34.7014]]],[[[134.8907,34.7212],[134.8882,34.7232],[134.8857,34.7245],[134.8829,34.7276],[134.8799,34.7303],[134.8784,34.7274],[134.8767,34.7289],[134.8741,34.727],[134.8722,34.728],[134.8712,34.7272],[134.869,34.7281],[134.8677,34.727],[134.8648,34.7282],[134.8637,34.7273],[134.8597,34.727],[134.8572,34.7257],[134.8535,34.7257],[134.8531,34.723],[134.8493,34.7212],[134.8491,34.7182],[134.8473,34.7153],[134.8495,34.7148],[134.8501,34.716],[134.8536,34.7147],[134.8532,34.7135],[134.8582,34.7118],[134.8616,34.7102],[134.8638,34.7085],[134.8664,34.7075],[134.8676,34.7049],[134.8705,34.7028],[134.8723,34.7054],[134.8745,34.7064],[134.8756,34.7085],[134.8782,34.709],[134.8806,34.7102],[134.8827,34.7137],[134.8846,34.7158],[134.8854,34.719],[134.8875,34.7188],[134.8892,34.7195],[134.8907,34.7212]]],[[[134.8417,34.6963],[134.8532,34.6941],[134.8583,34.6998],[134.8621,34.7074],[134.8602,34.7083],[134.8581,34.7104],[134.857,34.7098],[134.852,34.7115],[134.8479,34.7123],[134.8471,34.7108],[134.8544,34.7082],[134.8531,34.7057],[134.8459,34.7083],[134.84,34.6967],[134.8417,34.6963]]]]},"properties":{"prefectureCode":"28","prefectureName":"兵庫県","municipalityName":"播磨町","municipalityCode":"28382"}},
{"type":"Feature","geometry":{"type":"Polygon","coordinates":[[[134.706,35.0199],[134.7132,35.0176],[134.7158,35.0149],[134.7174,35.0148],[134.7202,35.0137],[134.7208,35.0126],[134.7205,35.0105],[134.7209,35.0089],[134.7251,35.0065],[134.725,35.0035],[134.7275,34.9999],[134.7293,34.9981],[134.7309,34.9974],[134.7307,34.9961],[134.7325,34.9935],[134.731,34.9911],[134.7324,34.9902],[134.7317,34.9885],[134.7323,34.9869],[134.7378,34.9858],[134.7398,34.9867],[134.743,34.9853],[134.7458,34.9822],[134.7471,34.9802],[134.7513,34.98],[134.7556,34.9779],[134.7589,34.9791],[134.7612,34.978],[134.7629,34.9779],[134.7645,34.9731],[134.7631,34.9687],[134.7632,34.9663],[134.7624,34.9637],[134.7649,34.9639],[134.7655,34.9648],[134.7682,34.9661],[134.7696,34.9678],[134.7714,34.9673],[134.7752,34.9676],[134.7763,34.9668],[134.7795,34.9687],[134.7821,34.9691],[134.7884,34.9723],[134.7917,34.9716],[134.7942,34.9697],[134.7964,34.9696],[134.7989,34.9713],[134.8013,34.9705],[134.8029,34.9707],[134.8054,34.9696],[134.809,34.9706],[134.811,34.9739],[134.812,34.977],[134.812,34.982],[134.8134,34.9845],[134.8196,34.9877],[134.8216,34.9873],[134.8222,34.9893],[134.8213,34.9917],[134.824,34.9916],[134.8283,34.991],[134.8302,34.9899],[134.8317,34.9929],[134.8317,34.9952],[134.8342,34.9977],[134.833,35.0006],[134.8327,35.0028],[134.8334,35.0036],[134.8327,35.0055],[134.8355,35.007],[134.8368,35.0092],[134.8386,35.0101],[134.8399,35.0123],[134.8426,35.0142],[134.8443,35.0168],[134.8467,35.0185],[134.847,35.0203],[134.8485,35.0223],[134.8482,35.0243],[134.8464,35.0259],[134.8433,35.0269],[134.8436,35.028],[134.8416,35.0313],[134.8399,35.0325],[134.8397,35.0338],[134.8379,35.0376],[134.8403,35.0415],[134.8437,35.0431],[134.8465,35.0454],[134.848,35.0473],[134.8457,35.0487],[134.8443,35.0518],[134.8443,35.053],[134.8407,35.058],[134.8384,35.0577],[134.8363,35.06],[134.8343,35.0586],[134.8303,35.0581],[134.8272,35.0581],[134.8257,35.0566],[134.8236,35.0576],[134.8199,35.0578],[134.816,35.0563],[134.8132,35.0559],[134.8118,35.0542],[134.8094,35.0524],[134.8091,35.0488],[134.8031,35.0428],[134.8008,35.0421],[134.7961,35.039],[134.7939,35.0383],[134.7931,35.0391],[134.79,35.0405],[134.7848,35.0387],[134.7832,35.0375],[134.7798,35.0398],[134.7771,35.0399],[134.7749,35.0411],[134.7697,35.04],[134.7679,35.04],[134.7672,35.0353],[134.7613,35.0438],[134.7575,35.0436],[134.7568,35.0421],[134.7541,35.0429],[134.7515,35.0404],[134.7496,35.0405],[134.7482,35.0392],[134.7446,35.0397],[134.7404,35.0408],[134.7386,35.0443],[134.7367,35.0453],[134.7366,35.0478],[134.7379,35.0494],[134.7348,35.0522],[134.7327,35.0523],[134.7298,35.054],[134.7263,35.054],[134.7233,35.0526],[134.7203,35.0532],[134.719,35.0519],[134.7194,35.0482],[134.7184,35.0437],[134.7215,35.042],[134.721,35.04],[134.7222,35.0382],[134.7206,35.0355],[134.7186,35.0357],[134.7177,35.0344],[134.7154,35.0333],[134.7142,35.0344],[134.7103,35.0316],[134.709,35.0286],[134.709,35.0268],[134.7075,35.0244],[134.7081,35.0231],[134.7063,35.0211],[134.706,35.0199]]]},"properties":{"prefectureCode":"28","prefectureName":"兵庫県","municipalityName":"市川町","municipalityCode":"28442"}},
{"type":"Feature","geometry":{"type":"Polygon","coordinates":[[[134.7937,34.9179],[134.7955,34.9184],[134.7957,34.9196],[134.7943,34.9266],[134.7942,34.9291],[134.796,34.9317],[134.7979,34.9317],[134.7994,34.9325],[134.8004,34.9342],[134.8004,34.9362],[134.799,34.9378],[134.7997,34.9401],[134.7987,34.9434],[134.7995,34.9447],[134.7988,34.949],[134.7964,34.952],[134.796,34.9534],[134.7978,34.9549],[134.7991,34.9577],[134.8025,34.9592],[134.8023,34.9606],[134.804,34.9615],[134.8039,34.964],[134.805,34.966],[134.8043,34.9668],[134.8054,34.9696],[134.8029,34.9707],[134.8013,34.9705],[134.7989,34.9713],[134.7964,34.9696],[134.7942,34.9697],[134.7917,34.9716],[134.7884,34.9723],[134.7821,34.9691],[134.7795,34.9687],[134.7763,34.9668],[134.7752,34.9676],[134.7714,34.9673],[134.7696,34.9678],[134.7682,34.9661],[134.7655,34.9648],[134.7649,34.9639],[134.7624,34.9637],[134.7632,34.9663],[134.7631,34.9687],[134.7645,34.9731],[134.7629,34.9779],[134.7612,34.978],[134.7589,34.9791],[134.7556,34.9779],[134.7513,34.98],[134.7471,34.9802],[134.7458,34.9822],[134.743,34.9853],[134.7398,34.9867],[134.7378,34.9858],[134.7323,34.9869],[134.7317,34.9885],[134.7324,34.9902],[134.731,34.9911],[134.7325,34.9935],[134.7307,34.9961],[134.7309,34.9974],[134.7293,34.9981],[134.7275,34.9999],[134.725,35.0035],[134.7251,35.0065],[134.7209,35.0089],[134.7205,35.0105],[134.7208,35.0126],[134.7202,35.0137],[134.7174,35.0148],[134.7158,35.0149],[134.7132,35.0176],[134.706,35.0199],[134.7025,35.018],[134.7006,35.0187],[134.6983,35.0176],[134.6965,35.0141],[134.6952,35.0137],[134.6951,35.0117],[134.6973,35.0109],[134.6985,35.0095],[134.6997,35.0045],[134.7012,35.0026],[134.7008,35.0013],[134.705,34.9998],[134.7074,34.9998],[134.7084,34.9991],[134.7093,34.9971],[134.7123,34.9938],[134.7111,34.9878],[134.7095,34.9858],[134.7094,34.9835],[134.7072,34.9815],[134.705,34.9801],[134.7064,34.977],[134.7065,34.9739],[134.7077,34.9732],[134.7105,34.9741],[134.7129,34.9729],[134.7161,34.9675],[134.7174,34.9661],[134.7173,34.9639],[134.7183,34.9623],[134.7175,34.96],[134.7162,34.9597],[134.7151,34.9573],[134.7171,34.9556],[134.7175,34.9528],[134.7207,34.9517],[134.7233,34.9491],[134.7252,34.9477],[134.7249,34.9444],[134.7265,34.9442],[134.7291,34.9428],[134.7285,34.9412],[134.729,34.9381],[134.7314,34.9372],[134.7334,34.9373],[134.7354,34.9368],[134.7361,34.9378],[134.7442,34.9374],[134.7468,34.9376],[134.7479,34.9357],[134.7507,34.9346],[134.753,34.9361],[134.753,34.9372],[134.756,34.9375],[134.7558,34.9362],[134.7654,34.9348],[134.7674,34.9354],[134.7678,34.932],[134.7674,34.9282],[134.7682,34.9257],[134.77,34.9242],[134.7733,34.9239],[134.7753,34.9231],[134.779,34.9231],[134.7803,34.9216],[134.783,34.9199],[134.7831,34.9185],[134.7848,34.9176],[134.7868,34.9196],[134.7905,34.9202],[134.7922,34.9201],[134.7937,34.9179]]]},"properties":{"prefectureCode":"28","prefectureName":"兵庫県","municipalityName":"福崎町","municipalityCode":"28443"}},
{"type":"Feature","geometry":{"type":"Polygon","coordinates":[[[134.7203,35.0532],[134.7233,35.0526],[134.7263,35.054],[134.7298,35.054],[134.7327,35.0523],[134.7348,35.0522],[134.7379,35.0494],[134.7366,35.0478],[134.7367,35.0453],[134.7386,35.0443],[134.7404,35.0408],[134.7446,35.0397],[134.7482,35.0392],[134.7496,35.0405],[134.7515,35.0404],[134.7541,35.0429],[134.7568,35.0421],[134.7575,35.0436],[134.7613,35.0438],[134.7672,35.0353],[134.7679,35.04],[134.7697,35.04],[134.7749,35.0411],[134.7771,35.0399],[134.7798,35.0398],[134.7832,35.0375],[134.7848,35.0387],[134.79,35.0405],[134.7931,35.0391],[134.7939,35.0383],[134.7961,35.039],[134.8008,35.0421],[134.8031,35.0428],[134.8091,35.0488],[134.8094,35.0524],[134.8118,35.0542],[134.8132,35.0559],[134.816,35.0563],[134.8199,35.0578],[134.8236,35.0576],[134.8257,35.0566],[134.8272,35.0581],[134.8303,35.0581],[134.8343,35.0586],[134.8363,35.06],[134.8366,35.0612],[134.835,35.0639],[134.837,35.0649],[134.8379,35.0671],[134.8401,35.0682],[134.8425,35.0702],[134.8428,35.0726],[134.842,35.0759],[134.8452,35.0787],[134.8448,35.0812],[134.845,35.084],[134.8473,35.0849],[134.8505,35.0855],[134.8521,35.0871],[134.8562,35.0892],[134.8552,35.0917],[134.8537,35.0929],[134.8537,35.097],[134.8517,35.0982],[134.851,35.0997],[134.8511,35.1019],[134.8501,35.1035],[134.8504,35.1057],[134.8516,35.107],[134.8539,35.1133],[134.8574,35.1143],[134.8607,35.1146],[134.8626,35.1155],[134.8631,35.1165],[134.8656,35.1179],[134.8672,35.1207],[134.8656,35.1238],[134.8664,35.1255],[134.8708,35.1282],[134.8726,35.1288],[134.8726,35.1305],[134.8745,35.134],[134.8735,35.1363],[134.8754,35.1395],[134.8793,35.1412],[134.8835,35.1448],[134.8863,35.1461],[134.8907,35.1462],[134.8928,35.149],[134.8937,35.1494],[134.8946,35.1535],[134.8961,35.1555],[134.8984,35.1564],[134.9036,35.1608],[134.9023,35.1634],[134.9028,35.1679],[134.9022,35.1691],[134.8985,35.17],[134.8976,35.1715],[134.8996,35.1745],[134.8998,35.1772],[134.9019,35.1786],[134.9032,35.1821],[134.906,35.182],[134.9074,35.183],[134.9073,35.1852],[134.9065,35.1866],[134.9075,35.1888],[134.9059,35.19],[134.9058,35.1923],[134.9024,35.1929],[134.9015,35.1945],[134.898,35.1942],[134.8916,35.1941],[134.8899,35.1956],[134.8873,35.1935],[134.8865,35.1921],[134.8874,35.1891],[134.8856,35.1876],[134.8851,35.1861],[134.883,35.1854],[134.8832,35.183],[134.8825,35.1798],[134.8797,35.1767],[134.8792,35.175],[134.8752,35.1742],[134.874,35.1731],[134.871,35.1724],[134.8681,35.1713],[134.8666,35.1682],[134.8636,35.1672],[134.8619,35.1672],[134.8577,35.1662],[134.8552,35.1662],[134.8542,35.1646],[134.8519,35.1647],[134.8473,35.1637],[134.8466,35.1625],[134.8443,35.1622],[134.8447,35.1594],[134.8456,35.1584],[134.8462,35.1562],[134.846,35.1542],[134.844,35.1527],[134.8439,35.1511],[134.8445,35.1493],[134.8434,35.1477],[134.8407,35.1462],[134.8385,35.1426],[134.8354,35.14],[134.8319,35.1388],[134.831,35.138],[134.8285,35.1372],[134.8274,35.1355],[134.8252,35.1345],[134.8215,35.1365],[134.8219,35.1377],[134.8184,35.1391],[134.8173,35.1412],[134.8169,35.1439],[134.8157,35.1438],[134.8136,35.1421],[134.809,35.1407],[134.8052,35.1401],[134.7966,35.1422],[134.7898,35.1423],[134.7873,35.1413],[134.7864,35.1378],[134.7825,35.1359],[134.781,35.1346],[134.7792,35.1316],[134.7794,35.1302],[134.7787,35.1282],[134.7757,35.1262],[134.7737,35.1258],[134.7723,35.128],[134.77,35.1332],[134.768,35.1341],[134.7667,35.1363],[134.7662,35.1412],[134.7681,35.1444],[134.767,35.1455],[134.7639,35.1447],[134.7627,35.1429],[134.7591,35.1421],[134.756,35.1383],[134.7583,35.1368],[134.7552,35.1366],[134.7504,35.1372],[134.7485,35.1382],[134.7462,35.1384],[134.7435,35.1395],[134.7353,35.1411],[134.7296,35.1472],[134.7291,35.149],[134.7275,35.1519],[134.7281,35.1536],[134.7273,35.1546],[134.7253,35.1548],[134.7244,35.1565],[134.7246,35.1583],[134.7235,35.1599],[134.7243,35.1622],[134.7283,35.166],[134.7245,35.1691],[134.7235,35.1707],[134.7225,35.1746],[134.719,35.1765],[134.7176,35.1795],[134.7193,35.1818],[134.7196,35.1857],[134.7209,35.1865],[134.7169,35.1872],[134.7152,35.187],[134.7128,35.1848],[134.7088,35.1837],[134.7061,35.1835],[134.7016,35.1849],[134.6978,35.1835],[134.6964,35.1818],[134.6967,35.1805],[134.6951,35.1789],[134.6946,35.1766],[134.693,35.175],[134.6928,35.1736],[134.6873,35.17],[134.6853,35.1699],[134.6842,35.1687],[134.6816,35.1684],[134.6768,35.1698],[134.6745,35.1695],[134.6727,35.1687],[134.6698,35.1683],[134.6691,35.1638],[134.6704,35.1633],[134.6723,35.1601],[134.672,35.1586],[134.6693,35.1593],[134.6714,35.1566],[134.6698,35.155],[134.6714,35.1531],[134.6687,35.1473],[134.6674,35.1464],[134.667,35.1436],[134.6657,35.143],[134.6641,35.1408],[134.6638,35.1393],[134.6608,35.1368],[134.6599,35.1347],[134.6567,35.1327],[134.6573,35.129],[134.6582,35.1269],[134.6605,35.127],[134.6628,35.1257],[134.6631,35.1228],[134.6603,35.1203],[134.6585,35.1166],[134.6568,35.1146],[134.6562,35.1102],[134.6581,35.1091],[134.6608,35.1086],[134.6613,35.1073],[134.6655,35.1049],[134.6645,35.1022],[134.6654,35.1],[134.664,35.0986],[134.666,35.0958],[134.6686,35.096],[134.6718,35.0932],[134.6754,35.0943],[134.6762,35.0935],[134.679,35.0935],[134.6833,35.0927],[134.6856,35.0918],[134.6843,35.0907],[134.6843,35.089],[134.6832,35.0852],[134.6856,35.082],[134.6911,35.0802],[134.6963,35.078],[134.6989,35.0775],[134.7005,35.0756],[134.6989,35.0733],[134.6983,35.0716],[134.6985,35.0685],[134.6997,35.0673],[134.7017,35.0641],[134.7015,35.0619],[134.7003,35.061],[134.7015,35.0585],[134.7043,35.0574],[134.7057,35.0551],[134.7067,35.0554],[134.71,35.0537],[134.7126,35.0544],[134.7147,35.056],[134.7174,35.0565],[134.7186,35.0541],[134.7203,35.0532]]]},"properties":{"prefectureCode":"28","prefectureName":"兵庫県","municipalityName":"神河町","municipalityCode":"28446"}},
{"type":"Feature","geometry":{"type":"Polygon","coordinates":[[[134.5847,34.8602],[134.5831,34.8578],[134.5815,34.8569],[134.5816,34.8545],[134.5792,34.8538],[134.5786,34.8505],[134.5766,34.845],[134.5712,34.8427],[134.5681,34.8423],[134.5662,34.8445],[134.5642,34.8418],[134.5604,34.8384],[134.5599,34.837],[134.5611,34.8331],[134.5597,34.831],[134.557,34.8295],[134.5567,34.8272],[134.5575,34.8266],[134.5576,34.8238],[134.5559,34.8193],[134.5573,34.8165],[134.557,34.8114],[134.5575,34.8093],[134.5589,34.8096],[134.5615,34.8079],[134.5635,34.8078],[134.5653,34.8068],[134.5687,34.8078],[134.5754,34.8081],[134.5775,34.809],[134.5781,34.8104],[134.5771,34.8116],[134.5779,34.8133],[134.5814,34.8135],[134.5822,34.8155],[134.5821,34.8176],[134.5846,34.8182],[134.585,34.819],[134.5886,34.8199],[134.5889,34.8207],[134.5814,34.8203],[134.5811,34.8223],[134.5835,34.8232],[134.5884,34.8234],[134.5905,34.8241],[134.5955,34.8276],[134.6,34.8264],[134.6044,34.8264],[134.605,34.8244],[134.6061,34.8243],[134.6063,34.8223],[134.604,34.8222],[134.6031,34.8201],[134.6069,34.8198],[134.6088,34.8191],[134.6129,34.8187],[134.6138,34.8175],[134.6195,34.8178],[134.6229,34.8212],[134.625,34.8207],[134.625,34.8205],[134.6251,34.8203],[134.6252,34.8202],[134.6255,34.8202],[134.6258,34.8202],[134.6267,34.8205],[134.6273,34.8208],[134.6276,34.8214],[134.6277,34.8219],[134.6277,34.822],[134.6278,34.8233],[134.6279,34.8239],[134.6284,34.8243],[134.6291,34.825],[134.63,34.8261],[134.6301,34.8268],[134.6301,34.8273],[134.6291,34.8302],[134.628,34.8319],[134.628,34.832],[134.628,34.8334],[134.6283,34.8348],[134.6317,34.837],[134.6284,34.8375],[134.6232,34.8395],[134.6232,34.843],[134.6217,34.843],[134.6204,34.845],[134.6153,34.8462],[134.6157,34.8485],[134.6183,34.8483],[134.619,34.8505],[134.6169,34.8528],[134.6149,34.8533],[134.613,34.8518],[134.6097,34.8521],[134.6088,34.8507],[134.607,34.8496],[134.6011,34.8522],[134.5995,34.8524],[134.5999,34.8557],[134.5966,34.8585],[134.5945,34.8589],[134.5936,34.8571],[134.5905,34.857],[134.5888,34.8564],[134.5885,34.8591],[134.5847,34.8602]]]},"properties":{"prefectureCode":"28","prefectureName":"兵庫県","municipalityName":"太子町","municipalityCode":"28464"}},
{"type":"Feature","geometry":{"type":"Polygon","coordinates":[[[134.4486,34.909],[134.4488,34.911],[134.4473,34.9134],[134.448,34.9158],[134.4497,34.9157],[134.4511,34.9175],[134.4516,34.9202],[134.4501,34.9229],[134.4481,34.9251],[134.4469,34.9251],[134.4467,34.9275],[134.4483,34.9297],[134.4488,34.9316],[134.4458,34.9313],[134.446,34.9324],[134.4448,34.9343],[134.445,34.9365],[134.4446,34.9391],[134.4423,34.9406],[134.4382,34.94],[134.4376,34.9423],[134.4349,34.9436],[134.4333,34.9454],[134.4311,34.9462],[134.4295,34.9454],[134.4266,34.9444],[134.4249,34.942],[134.418,34.9397],[134.4162,34.9398],[134.4146,34.938],[134.409,34.9378],[134.4068,34.9382],[134.4028,34.9375],[134.4019,34.9368],[134.3999,34.9381],[134.3979,34.9384],[134.3958,34.9377],[134.3945,34.9381],[134.3922,34.9376],[134.3893,34.9362],[134.3898,34.9348],[134.3876,34.9348],[134.387,34.9371],[134.3856,34.9382],[134.383,34.9384],[134.3831,34.9396],[134.3816,34.9412],[134.3804,34.941],[134.3773,34.9422],[134.3736,34.9417],[134.3723,34.9402],[134.369,34.9408],[134.3676,34.9406],[134.3656,34.9417],[134.3601,34.9424],[134.3543,34.9405],[134.3544,34.9373],[134.3521,34.9339],[134.3499,34.9327],[134.3478,34.9326],[134.3473,34.9314],[134.344,34.9307],[134.3422,34.9291],[134.341,34.9267],[134.3387,34.9249],[134.3352,34.9255],[134.3337,34.9277],[134.3315,34.9288],[134.3275,34.929],[134.3283,34.9312],[134.328,34.9326],[134.3329,34.9369],[134.3302,34.9382],[134.3265,34.9378],[134.3246,34.9356],[134.3247,34.934],[134.3197,34.9325],[134.3176,34.9304],[134.3163,34.9324],[134.3147,34.9333],[134.3135,34.9321],[134.3139,34.9304],[134.3158,34.9291],[134.3139,34.9276],[134.3124,34.9276],[134.3095,34.9264],[134.3068,34.9262],[134.3039,34.9245],[134.3024,34.923],[134.3002,34.9225],[134.298,34.9207],[134.2989,34.9166],[134.3004,34.9159],[134.3,34.9139],[134.298,34.9127],[134.2977,34.9115],[134.295,34.9075],[134.2949,34.904],[134.2941,34.9028],[134.2903,34.9004],[134.2884,34.9004],[134.2891,34.8977],[134.2843,34.8971],[134.2836,34.8954],[134.2812,34.8959],[134.2778,34.8951],[134.275,34.8931],[134.2734,34.8925],[134.273,34.8905],[134.2719,34.8897],[134.2693,34.8891],[134.2687,34.8864],[134.2701,34.8838],[134.2675,34.8833],[134.2644,34.8851],[134.2627,34.8839],[134.2624,34.882],[134.2642,34.8779],[134.2658,34.8776],[134.2671,34.8755],[134.2656,34.8731],[134.2634,34.8711],[134.2593,34.8704],[134.2591,34.8685],[134.2602,34.8673],[134.2587,34.8644],[134.2585,34.8626],[134.2565,34.8616],[134.2553,34.8597],[134.256,34.8586],[134.254,34.857],[134.2537,34.8531],[134.2546,34.8493],[134.256,34.8481],[134.2577,34.8488],[134.2589,34.8468],[134.261,34.847],[134.2629,34.8452],[134.2618,34.8441],[134.2637,34.8411],[134.2653,34.8404],[134.2655,34.8387],[134.2646,34.8373],[134.2618,34.8358],[134.2633,34.8327],[134.2617,34.8311],[134.2624,34.8289],[134.2638,34.8267],[134.2663,34.8256],[134.2686,34.8261],[134.2704,34.8274],[134.2725,34.8265],[134.2744,34.8276],[134.2775,34.828],[134.2833,34.8297],[134.2842,34.829],[134.2874,34.8288],[134.2884,34.8269],[134.2877,34.8242],[134.2879,34.8216],[134.2904,34.8202],[134.2922,34.8201],[134.2932,34.8185],[134.2956,34.8181],[134.2968,34.8198],[134.2986,34.8213],[134.2987,34.8231],[134.3033,34.8236],[134.3054,34.8225],[134.3062,34.8245],[134.3077,34.8253],[134.3103,34.8249],[134.312,34.8231],[134.3139,34.8227],[134.315,34.8245],[134.3146,34.8261],[134.3167,34.8264],[134.3195,34.8259],[134.3222,34.8269],[134.3227,34.8328],[134.3215,34.8362],[134.3182,34.837],[134.3172,34.8382],[134.3187,34.8393],[134.3208,34.8387],[134.3207,34.8417],[134.3227,34.8414],[134.3237,34.8442],[134.3233,34.846],[134.3243,34.8474],[134.326,34.8482],[134.3264,34.8494],[134.3289,34.8492],[134.3337,34.8495],[134.3359,34.8519],[134.3376,34.8527],[134.3406,34.8502],[134.3413,34.8486],[134.3441,34.8455],[134.3466,34.8459],[134.3477,34.8454],[134.349,34.8469],[134.3508,34.8465],[134.3523,34.8474],[134.3553,34.8464],[134.3572,34.8465],[134.3586,34.8451],[134.3608,34.8441],[134.3628,34.844],[134.3643,34.8419],[134.3654,34.8422],[134.3667,34.8469],[134.3654,34.853],[134.3658,34.8563],[134.369,34.8563],[134.369,34.8596],[134.3733,34.8556],[134.3751,34.8522],[134.3791,34.8496],[134.3817,34.8446],[134.3828,34.8409],[134.3864,34.8398],[134.3902,34.8419],[134.3918,34.844],[134.396,34.8444],[134.3987,34.8459],[134.4022,34.8504],[134.4044,34.8515],[134.4059,34.8534],[134.4083,34.8542],[134.41,34.8513],[134.4122,34.8515],[134.4156,34.8548],[134.416,34.8571],[134.4154,34.8592],[134.417,34.8629],[134.4159,34.8641],[134.4178,34.8674],[134.4177,34.8691],[134.4194,34.8697],[134.4195,34.871],[134.4208,34.8721],[134.4212,34.8738],[134.4201,34.8757],[134.4227,34.8772],[134.4244,34.8791],[134.4227,34.8806],[134.4192,34.8817],[134.4189,34.8835],[134.42,34.8853],[134.4199,34.8871],[134.4234,34.8899],[134.4254,34.8927],[134.4261,34.8945],[134.4289,34.8952],[134.4296,34.8968],[134.4332,34.8968],[134.432,34.9],[134.4335,34.9006],[134.4341,34.9041],[134.4375,34.903],[134.4399,34.9031],[134.4429,34.9046],[134.4429,34.9064],[134.4451,34.9079],[134.4455,34.9094],[134.4486,34.909]]]},"properties":{"prefectureCode":"28","prefectureName":"兵庫県","municipalityName":"上郡町","municipalityCode":"28481"}},
{"type":"Feature","geometry":{"type":"Polygon","coordinates":[[[134.4087,35.1479],[134.407,35.1473],[134.4039,35.1487],[134.3975,35.1521],[134.3943,35.1527],[134.3915,35.1526],[134.3883,35.1513],[134.3831,35.1525],[134.3799,35.1508],[134.3795,35.1492],[134.3776,35.1491],[134.3759,35.1507],[134.3747,35.1509],[134.3718,35.149],[134.3703,35.1472],[134.3674,35.147],[134.3661,35.1441],[134.3643,35.1426],[134.3625,35.1401],[134.3618,35.1375],[134.3633,35.1355],[134.3609,35.1327],[134.3605,35.1293],[134.3593,35.1273],[134.3564,35.1248],[134.3602,35.123],[134.3607,35.1203],[134.3568,35.1172],[134.3554,35.1153],[134.3535,35.1143],[134.3523,35.1111],[134.3524,35.1064],[134.3534,35.1053],[134.3533,35.1021],[134.3539,35.1003],[134.355,35.0994],[134.3532,35.0969],[134.3512,35.0958],[134.35,35.0943],[134.3507,35.0928],[134.3496,35.0902],[134.3472,35.091],[134.3462,35.0904],[134.3421,35.09],[134.3412,35.0889],[134.3391,35.0892],[134.3381,35.0908],[134.3365,35.0888],[134.3328,35.0862],[134.332,35.0874],[134.3282,35.0856],[134.3248,35.0857],[134.3222,35.0842],[134.3191,35.0834],[134.3201,35.0818],[134.3194,35.0792],[134.32,35.0753],[134.3217,35.0727],[134.3207,35.072],[134.3217,35.0688],[134.3212,35.0675],[134.3196,35.0671],[134.3172,35.0656],[134.3169,35.0635],[134.3145,35.0609],[134.3143,35.0584],[134.3152,35.0576],[134.3146,35.0538],[134.3152,35.052],[134.3143,35.0508],[134.3155,35.0484],[134.3172,35.0468],[134.3163,35.0432],[134.3119,35.0453],[134.3077,35.0455],[134.3063,35.0439],[134.3076,35.0418],[134.3053,35.0402],[134.3025,35.0405],[134.3011,35.0424],[134.2978,35.0431],[134.2966,35.0415],[134.2954,35.0417],[134.2927,35.039],[134.2928,35.0377],[134.2884,35.0374],[134.2866,35.0364],[134.2849,35.0378],[134.2835,35.038],[134.2812,35.0369],[134.2808,35.0355],[134.2816,35.0336],[134.2799,35.0322],[134.2797,35.0306],[134.2778,35.029],[134.2763,35.0247],[134.2752,35.0233],[134.2726,35.0237],[134.2676,35.0215],[134.2686,35.018],[134.2644,35.0167],[134.2651,35.0143],[134.2634,35.0113],[134.2657,35.0107],[134.2667,35.0082],[134.2659,35.0077],[134.2658,35.005],[134.2678,35.0052],[134.2688,35.0037],[134.2746,35.0027],[134.2766,35.0009],[134.279,35.001],[134.2808,34.9979],[134.2824,34.9966],[134.2855,34.9969],[134.2861,34.9953],[134.2837,34.9945],[134.281,34.9919],[134.279,34.9911],[134.2778,34.9871],[134.2756,34.9861],[134.2737,34.9861],[134.2725,34.9844],[134.2711,34.9839],[134.2711,34.9817],[134.2696,34.9787],[134.2719,34.9789],[134.2738,34.977],[134.2766,34.9771],[134.2771,34.9758],[134.2746,34.9712],[134.2751,34.9701],[134.2746,34.9681],[134.2734,34.9676],[134.2743,34.9658],[134.277,34.9633],[134.2743,34.9621],[134.2726,34.96],[134.2696,34.9592],[134.2673,34.9575],[134.2667,34.9544],[134.263,34.9522],[134.26,34.9523],[134.2578,34.9478],[134.2543,34.9462],[134.2536,34.9441],[134.2537,34.9391],[134.2546,34.9377],[134.2599,34.9344],[134.261,34.9368],[134.2629,34.9377],[134.2669,34.9354],[134.268,34.9359],[134.2697,34.9337],[134.2731,34.9326],[134.2761,34.9297],[134.2758,34.9273],[134.2748,34.9243],[134.2771,34.9234],[134.2782,34.9217],[134.2802,34.9218],[134.2845,34.921],[134.2847,34.9202],[134.2833,34.9186],[134.284,34.917],[134.2874,34.9153],[134.2874,34.9128],[134.29,34.9107],[134.2927,34.9115],[134.2931,34.9082],[134.295,34.9075],[134.2977,34.9115],[134.298,34.9127],[134.3,34.9139],[134.3004,34.9159],[134.2989,34.9166],[134.298,34.9207],[134.3002,34.9225],[134.3024,34.923],[134.3039,34.9245],[134.3068,34.9262],[134.3095,34.9264],[134.3124,34.9276],[134.3139,34.9276],[134.3158,34.9291],[134.3139,34.9304],[134.3135,34.9321],[134.3147,34.9333],[134.3163,34.9324],[134.3176,34.9304],[134.3197,34.9325],[134.3247,34.934],[134.3246,34.9356],[134.3265,34.9378],[134.3302,34.9382],[134.3329,34.9369],[134.328,34.9326],[134.3283,34.9312],[134.3275,34.929],[134.3315,34.9288],[134.3337,34.9277],[134.3352,34.9255],[134.3387,34.9249],[134.341,34.9267],[134.3422,34.9291],[134.344,34.9307],[134.3473,34.9314],[134.3478,34.9326],[134.3499,34.9327],[134.3521,34.9339],[134.3544,34.9373],[134.3543,34.9405],[134.3601,34.9424],[134.3656,34.9417],[134.3676,34.9406],[134.369,34.9408],[134.3723,34.9402],[134.3736,34.9417],[134.3773,34.9422],[134.3804,34.941],[134.3816,34.9412],[134.3831,34.9396],[134.383,34.9384],[134.3856,34.9382],[134.387,34.9371],[134.3876,34.9348],[134.3898,34.9348],[134.3893,34.9362],[134.3922,34.9376],[134.3945,34.9381],[134.3958,34.9377],[134.3979,34.9384],[134.3999,34.9381],[134.4019,34.9368],[134.4028,34.9375],[134.4068,34.9382],[134.409,34.9378],[134.4146,34.938],[134.4162,34.9398],[134.418,34.9397],[134.4249,34.942],[134.4266,34.9444],[134.4295,34.9454],[134.4302,34.9479],[134.4282,34.9485],[134.4267,34.9503],[134.4267,34.9515],[134.428,34.953],[134.4287,34.9557],[134.4306,34.9559],[134.4307,34.9585],[134.4323,34.9603],[134.4363,34.9619],[134.4364,34.9633],[134.4389,34.9648],[134.4404,34.9667],[134.4441,34.9668],[134.4457,34.9683],[134.4493,34.97],[134.4517,34.9705],[134.4531,34.9698],[134.4565,34.9697],[134.4577,34.9707],[134.4601,34.9709],[134.4625,34.9686],[134.4641,34.9696],[134.4641,34.9716],[134.4665,34.9752],[134.4671,34.9773],[134.4714,34.9788],[134.4758,34.9789],[134.4743,34.9806],[134.4735,34.9824],[134.4736,34.9879],[134.4767,34.9904],[134.4759,34.9936],[134.4798,34.9968],[134.4796,34.9993],[134.4818,35.0021],[134.482,35.0041],[134.4847,35.0073],[134.4841,35.0102],[134.4855,35.0109],[134.4866,35.0131],[134.4852,35.0153],[134.4831,35.0161],[134.4814,35.0188],[134.4799,35.0199],[134.4776,35.0247],[134.4765,35.0288],[134.4735,35.0291],[134.4714,35.0304],[134.4697,35.0329],[134.4655,35.0364],[134.4622,35.0336],[134.4596,35.0345],[134.4579,35.0331],[134.4543,35.0339],[134.4496,35.0337],[134.4427,35.0354],[134.4383,35.038],[134.4356,35.0393],[134.4384,35.042],[134.4393,35.0442],[134.4392,35.0465],[134.4397,35.049],[134.4364,35.054],[134.4386,35.0568],[134.4367,35.0621],[134.4366,35.0664],[134.4359,35.0675],[134.4356,35.0701],[134.4348,35.072],[134.4359,35.0744],[134.435,35.0773],[134.4382,35.0796],[134.4389,35.0811],[134.4404,35.082],[134.4407,35.0836],[134.4397,35.0874],[134.4415,35.0899],[134.4415,35.0912],[134.44,35.0935],[134.4381,35.0945],[134.4377,35.0956],[134.441,35.0992],[134.4427,35.0997],[134.4434,35.1013],[134.4449,35.1019],[134.4456,35.1035],[134.4441,35.1068],[134.4416,35.108],[134.4404,35.1093],[134.4363,35.1114],[134.434,35.1179],[134.432,35.1196],[134.4285,35.1216],[134.425,35.1216],[134.4204,35.1196],[134.4184,35.1222],[134.4158,35.1225],[134.4127,35.1236],[134.4124,35.1256],[134.4133,35.1273],[134.4121,35.1308],[134.4112,35.1316],[134.4134,35.1351],[134.413,35.1357],[134.416,35.1375],[134.416,35.1386],[134.4138,35.1447],[134.4125,35.1464],[134.4087,35.1479]]]},"properties":{"prefectureCode":"28","prefectureName":"兵庫県","municipalityName":"佐用町","municipalityCode":"28501"}},
{"type":"Feature","geometry":{"type":"MultiPolygon","coordinates":[[[[134.7332,35.6585],[134.732,35.6621],[134.7281,35.6624],[134.7277,35.6647],[134.725,35.667],[134.724,35.6657],[134.7216,35.6671],[134.7198,35.6664],[134.7183,35.6645],[134.7167,35.6656],[134.7137,35.6647],[134.7115,35.6655],[134.7098,35.6651],[134.7083,35.6639],[134.7093,35.6577],[134.7076,35.6535],[134.7048,35.6529],[134.7035,35.6535],[134.7026,35.6555],[134.6987,35.6548],[134.6966,35.654],[134.694,35.6552],[134.6923,35.6574],[134.6921,35.6596],[134.6952,35.6611],[134.6962,35.6625],[134.6945,35.6631],[134.6941,35.665],[134.6897,35.6645],[134.6882,35.6654],[134.6872,35.6618],[134.6874,35.6591],[134.6867,35.6583],[134.687,35.6564],[134.685,35.6556],[134.6822,35.6576],[134.6811,35.6572],[134.6805,35.655],[134.6786,35.6551],[134.6763,35.6575],[134.6759,35.6602],[134.6745,35.6609],[134.6726,35.6594],[134.6717,35.6571],[134.6697,35.6567],[134.6677,35.6557],[134.667,35.6538],[134.6651,35.6522],[134.6632,35.6481],[134.6598,35.6505],[134.6599,35.6526],[134.6615,35.6543],[134.6609,35.6559],[134.6577,35.6571],[134.6593,35.6581],[134.6605,35.6573],[134.664,35.6582],[134.6642,35.6602],[134.6668,35.6626],[134.666,35.6654],[134.664,35.6668],[134.6614,35.6655],[134.6606,35.6637],[134.6594,35.664],[134.6585,35.6656],[134.6541,35.664],[134.6542,35.6633],[134.6515,35.662],[134.6487,35.6612],[134.6471,35.66],[134.647,35.6584],[134.6448,35.6565],[134.6452,35.6542],[134.6425,35.6516],[134.6414,35.6499],[134.64,35.6517],[134.6382,35.6508],[134.639,35.6499],[134.6365,35.6486],[134.6363,35.6476],[134.6338,35.6475],[134.6337,35.649],[134.6348,35.6504],[134.6334,35.6513],[134.6298,35.6498],[134.6274,35.6497],[134.6274,35.6484],[134.6286,35.6474],[134.631,35.6475],[134.6295,35.6421],[134.6252,35.6405],[134.6216,35.6396],[134.6175,35.6398],[134.6163,35.6393],[134.6144,35.6405],[134.6128,35.6437],[134.6139,35.6451],[134.6134,35.6487],[134.6111,35.6483],[134.6104,35.65],[134.6086,35.6486],[134.6052,35.6522],[134.6077,35.6535],[134.607,35.6554],[134.603,35.6557],[134.6007,35.658],[134.5958,35.6573],[134.5957,35.6564],[134.5927,35.6552],[134.5904,35.6555],[134.588,35.6571],[134.5872,35.6595],[134.5852,35.659],[134.5786,35.6602],[134.5761,35.6586],[134.5763,35.6549],[134.5777,35.6537],[134.5761,35.6523],[134.5731,35.6541],[134.5709,35.657],[134.5669,35.6554],[134.5634,35.6554],[134.5634,35.6518],[134.5602,35.6505],[134.5582,35.6511],[134.5579,35.6535],[134.5568,35.6555],[134.554,35.6571],[134.5524,35.6586],[134.5507,35.6583],[134.5496,35.6592],[134.5489,35.6612],[134.546,35.6654],[134.5445,35.666],[134.5437,35.6674],[134.539,35.6702],[134.5354,35.6682],[134.5348,35.6671],[134.5319,35.666],[134.5295,35.6658],[134.5285,35.6673],[134.5264,35.6663],[134.5232,35.667],[134.5223,35.6637],[134.5195,35.6624],[134.5173,35.6662],[134.5192,35.6621],[134.5205,35.6618],[134.5231,35.6624],[134.5244,35.6596],[134.5258,35.6582],[134.5258,35.6559],[134.528,35.6525],[134.5271,35.6511],[134.5242,35.6486],[134.5251,35.6471],[134.5256,35.6431],[134.5227,35.6378],[134.5225,35.6362],[134.5237,35.6351],[134.5263,35.6339],[134.5276,35.6327],[134.53,35.6293],[134.532,35.6273],[134.5342,35.6263],[134.5348,35.6248],[134.5378,35.6247],[134.5412,35.623],[134.5444,35.6229],[134.5465,35.6239],[134.5484,35.6259],[134.5536,35.6237],[134.5575,35.6206],[134.5588,35.6204],[134.5624,35.6212],[134.5639,35.621],[134.568,35.6191],[134.5715,35.6189],[134.5742,35.617],[134.5751,35.6155],[134.5739,35.613],[134.5733,35.6098],[134.576,35.605],[134.5758,35.6038],[134.5778,35.6029],[134.5791,35.6011],[134.579,35.5978],[134.5794,35.5967],[134.5825,35.5956],[134.5836,35.5942],[134.5865,35.5927],[134.585,35.5888],[134.5834,35.5874],[134.5831,35.5862],[134.5837,35.5834],[134.5856,35.5819],[134.5842,35.581],[134.5839,35.5773],[134.5823,35.577],[134.5805,35.5756],[134.576,35.5751],[134.5759,35.5743],[134.5736,35.5728],[134.5727,35.5713],[134.5704,35.5701],[134.5692,35.5682],[134.5659,35.5671],[134.5641,35.5679],[134.5625,35.5669],[134.5608,35.567],[134.5601,35.5657],[134.5582,35.5663],[134.5535,35.5648],[134.5532,35.564],[134.5505,35.5641],[134.5489,35.5613],[134.5487,35.5593],[134.5459,35.5573],[134.5442,35.5574],[134.543,35.5564],[134.5423,35.5536],[134.5449,35.5497],[134.5426,35.5467],[134.5431,35.5435],[134.5442,35.5412],[134.5462,35.5394],[134.5429,35.535],[134.5437,35.5339],[134.5444,35.5303],[134.5442,35.5257],[134.5479,35.527],[134.5492,35.5256],[134.5487,35.5238],[134.5494,35.5228],[134.5468,35.5191],[134.5472,35.5159],[134.5506,35.5151],[134.5504,35.5134],[134.5492,35.5106],[134.5467,35.509],[134.5425,35.5077],[134.5413,35.507],[134.5393,35.5083],[134.5355,35.5086],[134.5322,35.5074],[134.5289,35.505],[134.526,35.5074],[134.5248,35.5078],[134.523,35.5066],[134.5191,35.5058],[134.5173,35.5078],[134.513,35.5041],[134.5049,35.4966],[134.5029,35.4957],[134.4984,35.491],[134.4976,35.4894],[134.4974,35.4872],[134.4945,35.4871],[134.4925,35.4865],[134.4923,35.4846],[134.4909,35.4836],[134.4913,35.4821],[134.4898,35.4801],[134.4894,35.4779],[134.4882,35.4761],[134.4855,35.4744],[134.4865,35.4728],[134.487,35.4702],[134.4851,35.4674],[134.4861,35.465],[134.4889,35.4642],[134.4896,35.4622],[134.489,35.4614],[134.489,35.4589],[134.4884,35.4566],[134.4889,35.4544],[134.4877,35.4514],[134.489,35.4502],[134.4906,35.4499],[134.4908,35.4486],[134.4886,35.4454],[134.4885,35.4429],[134.4855,35.4387],[134.4867,35.4378],[134.4871,35.4359],[134.4858,35.4347],[134.4851,35.4327],[134.4816,35.4312],[134.4782,35.4302],[134.4774,35.429],[134.4801,35.4269],[134.4799,35.425],[134.4761,35.424],[134.4765,35.4227],[134.4782,35.4213],[134.4782,35.4198],[134.4772,35.4182],[134.4773,35.4161],[134.4767,35.4146],[134.4789,35.4125],[134.4808,35.4118],[134.4814,35.4105],[134.4807,35.4068],[134.4797,35.4046],[134.4805,35.4035],[134.4791,35.4011],[134.4774,35.4001],[134.4773,35.3952],[134.4765,35.3938],[134.4744,35.392],[134.4738,35.388],[134.4744,35.3862],[134.472,35.3826],[134.4714,35.38],[134.4747,35.3747],[134.4771,35.3745],[134.4779,35.3736],[134.4802,35.374],[134.4828,35.3731],[134.4837,35.3718],[134.4855,35.3712],[134.4866,35.3692],[134.4892,35.3679],[134.4903,35.3684],[134.4951,35.367],[134.4971,35.3674],[134.4993,35.3671],[134.5029,35.366],[134.5045,35.367],[134.505,35.3705],[134.504,35.3731],[134.5065,35.3758],[134.5078,35.379],[134.5106,35.379],[134.5123,35.3801],[134.5136,35.3827],[134.5154,35.3836],[134.517,35.3866],[134.5189,35.3887],[134.5233,35.3901],[134.5279,35.3927],[134.5292,35.3944],[134.5335,35.3947],[134.537,35.3946],[134.5376,35.3916],[134.5415,35.3894],[134.5435,35.3892],[134.5471,35.3906],[134.5499,35.3905],[134.5538,35.3918],[134.5553,35.3932],[134.5581,35.3926],[134.5619,35.3928],[134.5657,35.3919],[134.5708,35.3927],[134.5719,35.394],[134.5764,35.3952],[134.5787,35.395],[134.5786,35.3927],[134.5799,35.392],[134.5842,35.391],[134.5865,35.3897],[134.5907,35.3896],[134.5903,35.3881],[134.5932,35.3891],[134.595,35.388],[134.599,35.3887],[134.6009,35.3882],[134.6038,35.3831],[134.6058,35.3824],[134.6062,35.385],[134.6045,35.3885],[134.6039,35.3915],[134.6059,35.3927],[134.6074,35.3942],[134.6084,35.3978],[134.6082,35.3997],[134.6125,35.4003],[134.6125,35.4015],[134.6146,35.4034],[134.6169,35.4042],[134.6181,35.4067],[134.6219,35.4078],[134.6228,35.4075],[134.6252,35.4096],[134.6293,35.4103],[134.6315,35.4097],[134.6356,35.4096],[134.6393,35.4073],[134.6419,35.4086],[134.6449,35.4109],[134.6448,35.414],[134.6478,35.4177],[134.6493,35.42],[134.6493,35.4213],[134.6475,35.4235],[134.6469,35.4256],[134.6446,35.428],[134.6427,35.4277],[134.6398,35.4299],[134.636,35.4323],[134.6338,35.437],[134.6335,35.441],[134.6319,35.4429],[134.6309,35.4468],[134.6329,35.449],[134.6311,35.4513],[134.6317,35.454],[134.6313,35.4552],[134.6341,35.4571],[134.6357,35.4589],[134.6361,35.4627],[134.6367,35.4638],[134.6354,35.4659],[134.6373,35.4686],[134.6379,35.4708],[134.6394,35.4711],[134.6413,35.476],[134.6427,35.4762],[134.644,35.4781],[134.6415,35.4811],[134.6419,35.482],[134.64,35.4856],[134.637,35.4886],[134.6377,35.4902],[134.6363,35.4918],[134.6366,35.4942],[134.6312,35.4956],[134.6267,35.4979],[134.6241,35.5011],[134.6218,35.5006],[134.6184,35.502],[134.6181,35.5043],[134.6188,35.5052],[134.6168,35.5086],[134.6165,35.5107],[134.6193,35.5129],[134.6189,35.5152],[134.6176,35.5172],[134.6179,35.5185],[134.6168,35.5197],[134.6174,35.5239],[134.6197,35.5237],[134.6212,35.5242],[134.6241,35.5225],[134.6255,35.5227],[134.6286,35.525],[134.6327,35.5246],[134.6371,35.527],[134.6391,35.5329],[134.6391,35.5347],[134.6366,35.5375],[134.6372,35.5388],[134.639,35.5391],[134.6384,35.541],[134.6401,35.5419],[134.6454,35.5419],[134.6476,35.5444],[134.6494,35.547],[134.65,35.5492],[134.651,35.5502],[134.6508,35.5524],[134.6523,35.555],[134.6528,35.5596],[134.6539,35.5624],[134.6538,35.5648],[134.6575,35.5662],[134.6584,35.5679],[134.6601,35.5693],[134.6619,35.572],[134.6642,35.5726],[134.6677,35.5718],[134.6706,35.5743],[134.6748,35.5749],[134.6764,35.5733],[134.6795,35.5737],[134.6816,35.5734],[134.688,35.5751],[134.6889,35.5765],[134.6915,35.5785],[134.6933,35.5822],[134.6944,35.5833],[134.6948,35.5838],[134.6952,35.5844],[134.6953,35.5846],[134.6954,35.5853],[134.6956,35.5855],[134.6968,35.5872],[134.6972,35.5877],[134.6974,35.5878],[134.6976,35.5879],[134.6981,35.5883],[134.6982,35.5885],[134.6986,35.589],[134.699,35.5892],[134.6996,35.5895],[134.6998,35.5897],[134.7003,35.59],[134.7007,35.5903],[134.7011,35.5907],[134.7011,35.591],[134.7011,35.5913],[134.7012,35.5917],[134.7012,35.5918],[134.7012,35.5922],[134.7011,35.5924],[134.7015,35.5925],[134.702,35.5928],[134.7023,35.593],[134.7023,35.5931],[134.7024,35.5932],[134.7033,35.5945],[134.7037,35.5948],[134.7039,35.595],[134.7053,35.5964],[134.7054,35.5967],[134.7055,35.5976],[134.7059,35.598],[134.706,35.598],[134.7065,35.5981],[134.7067,35.5981],[134.7073,35.598],[134.7075,35.598],[134.7083,35.5982],[134.7085,35.5984],[134.7085,35.5985],[134.7089,35.5993],[134.7096,35.5998],[134.7098,35.6],[134.71,35.6004],[134.7108,35.6009],[134.7114,35.601],[134.7118,35.6012],[134.7122,35.6012],[134.7131,35.6012],[134.7137,35.6014],[134.7137,35.6015],[134.7138,35.6019],[134.7139,35.6021],[134.7139,35.6025],[134.7142,35.6033],[134.7141,35.6034],[134.7144,35.6043],[134.7145,35.6042],[134.7146,35.6043],[134.7147,35.6043],[134.7146,35.6045],[134.7145,35.6045],[134.7144,35.6045],[134.7143,35.6048],[134.7139,35.6049],[134.7135,35.6047],[134.7133,35.6047],[134.7131,35.6047],[134.7123,35.6046],[134.712,35.6046],[134.7118,35.6048],[134.712,35.605],[134.712,35.6051],[134.7118,35.605],[134.7112,35.605],[134.7112,35.6052],[134.7109,35.6058],[134.7108,35.606],[134.71,35.6072],[134.7099,35.6075],[134.7097,35.6079],[134.7099,35.6083],[134.7101,35.6083],[134.7101,35.6084],[134.711,35.6085],[134.7108,35.609],[134.7105,35.6094],[134.7101,35.6099],[134.71,35.61],[134.7098,35.6102],[134.7097,35.6104],[134.7099,35.6113],[134.7105,35.6119],[134.7107,35.612],[134.711,35.6121],[134.7113,35.6123],[134.7117,35.6124],[134.7128,35.6134],[134.7129,35.6138],[134.7129,35.6143],[134.7128,35.6146],[134.7126,35.6151],[134.7126,35.6153],[134.7133,35.6165],[134.7135,35.6165],[134.7142,35.6164],[134.7143,35.6166],[134.7146,35.6171],[134.7148,35.6172],[134.7151,35.6178],[134.7155,35.6181],[134.7158,35.6182],[134.7158,35.6184],[134.7158,35.6185],[134.7165,35.6195],[134.7167,35.6196],[134.7167,35.6197],[134.7175,35.62],[134.7185,35.6202],[134.7194,35.6206],[134.7194,35.6208],[134.7194,35.621],[134.7194,35.6214],[134.7192,35.6217],[134.7191,35.622],[134.719,35.6223],[134.7186,35.6227],[134.7184,35.6229],[134.7181,35.6235],[134.7181,35.6237],[134.718,35.6242],[134.7179,35.6244],[134.7178,35.6245],[134.7175,35.625],[134.7173,35.6252],[134.7169,35.6253],[134.7167,35.6253],[134.7159,35.626],[134.7157,35.626],[134.7155,35.626],[134.7155,35.6264],[134.7154,35.6268],[134.7151,35.6272],[134.7151,35.6275],[134.7152,35.6276],[134.7152,35.6278],[134.7148,35.6281],[134.7147,35.6282],[134.7146,35.6284],[134.7148,35.629],[134.7149,35.6292],[134.715,35.6299],[134.715,35.6301],[134.7144,35.6312],[134.7143,35.6315],[134.714,35.6316],[134.7135,35.6319],[134.7132,35.6321],[134.7131,35.6322],[134.713,35.6324],[134.7131,35.6326],[134.7131,35.6331],[134.7132,35.6332],[134.7129,35.6336],[134.713,35.6343],[134.7128,35.6345],[134.7128,35.6346],[134.7133,35.6348],[134.7137,35.6351],[134.7139,35.6353],[134.7141,35.6354],[134.7143,35.6356],[134.7144,35.6357],[134.7144,35.6359],[134.7144,35.6362],[134.7144,35.6363],[134.7146,35.6365],[134.7149,35.6365],[134.7151,35.6366],[134.7154,35.6368],[134.7155,35.6369],[134.7163,35.6367],[134.7166,35.6366],[134.7167,35.6366],[134.7173,35.6368],[134.7174,35.6369],[134.7176,35.637],[134.7179,35.6374],[134.7179,35.6375],[134.7179,35.638],[134.7179,35.6383],[134.7179,35.6384],[134.718,35.6385],[134.7183,35.6387],[134.7186,35.6394],[134.7193,35.6398],[134.7193,35.64],[134.7195,35.6407],[134.7196,35.6408],[134.7198,35.6411],[134.7198,35.6413],[134.7198,35.6414],[134.7198,35.6416],[134.7197,35.6417],[134.7197,35.6422],[134.7198,35.6426],[134.7201,35.6429],[134.7203,35.6431],[134.7208,35.6441],[134.7209,35.6443],[134.7211,35.6448],[134.7212,35.645],[134.7214,35.6451],[134.7217,35.6453],[134.7219,35.6454],[134.7225,35.646],[134.7225,35.6461],[134.7228,35.6468],[134.7229,35.647],[134.7231,35.6472],[134.7242,35.648],[134.7246,35.6483],[134.725,35.6484],[134.7254,35.6484],[134.7255,35.6485],[134.7256,35.6487],[134.7261,35.649],[134.7263,35.6491],[134.7265,35.6491],[134.7275,35.6496],[134.7277,35.6498],[134.7296,35.6516],[134.7298,35.6518],[134.7308,35.6524],[134.7308,35.6532],[134.7307,35.6539],[134.7307,35.6541],[134.7307,35.6545],[134.7309,35.655],[134.7311,35.6556],[134.7313,35.6561],[134.7314,35.6564],[134.7317,35.657],[134.7318,35.6573],[134.732,35.6575],[134.7323,35.6578],[134.733,35.6583],[134.7332,35.6585]]],[[[134.6362,35.6606],[134.6357,35.6594],[134.6384,35.6585],[134.6384,35.6601],[134.6362,35.6606]]],[[[134.6728,35.6613],[134.6742,35.6634],[134.6729,35.664],[134.6706,35.6624],[134.6711,35.6611],[134.6728,35.6613]]]]},"properties":{"prefectureCode":"28","prefectureName":"兵庫県","municipalityName":"香美町","municipalityCode":"28585"}},
{"type":"Feature","geometry":{"type":"Polygon","coordinates":[[[134.5173,35.6662],[134.5172,35.6649],[134.5189,35.6613],[134.5157,35.6611],[134.5149,35.6593],[134.5124,35.6581],[134.5089,35.6603],[134.5073,35.6603],[134.5055,35.6614],[134.5035,35.6598],[134.5049,35.6577],[134.5017,35.6566],[134.5008,35.6578],[134.4985,35.6571],[134.498,35.6562],[134.4958,35.6558],[134.4958,35.6544],[134.4937,35.6535],[134.4932,35.6545],[134.4899,35.653],[134.489,35.6518],[134.4869,35.6508],[134.4837,35.6482],[134.4805,35.6466],[134.4798,35.6448],[134.4776,35.6424],[134.478,35.6409],[134.4766,35.6399],[134.4752,35.6408],[134.4719,35.6388],[134.47,35.641],[134.4677,35.6393],[134.4661,35.6401],[134.4653,35.639],[134.4628,35.64],[134.4605,35.6388],[134.4613,35.6371],[134.4599,35.635],[134.4585,35.6343],[134.4567,35.635],[134.4532,35.6307],[134.4531,35.629],[134.4495,35.6288],[134.4466,35.6291],[134.4442,35.6276],[134.4405,35.6289],[134.4414,35.6314],[134.4396,35.6359],[134.4387,35.6358],[134.4371,35.6325],[134.4348,35.6333],[134.4337,35.6325],[134.432,35.6298],[134.4333,35.6274],[134.433,35.6259],[134.4358,35.6234],[134.434,35.621],[134.4321,35.6203],[134.4299,35.6204],[134.4278,35.6214],[134.429,35.6228],[134.4279,35.6236],[134.4249,35.6215],[134.4229,35.6224],[134.4231,35.6237],[134.4206,35.6243],[134.4174,35.6233],[134.4168,35.6221],[134.4179,35.6199],[134.4164,35.619],[134.4135,35.6184],[134.4113,35.6199],[134.4099,35.6177],[134.407,35.6175],[134.4058,35.6159],[134.4026,35.6166],[134.401,35.6157],[134.399,35.618],[134.3953,35.6197],[134.3928,35.6196],[134.3884,35.6178],[134.3874,35.6137],[134.383,35.6132],[134.3814,35.6119],[134.3806,35.6134],[134.3784,35.6139],[134.3768,35.6131],[134.3759,35.6116],[134.3737,35.612],[134.3748,35.6133],[134.3719,35.6149],[134.3707,35.6135],[134.3705,35.6106],[134.3715,35.6086],[134.3748,35.6083],[134.38,35.604],[134.3816,35.6033],[134.3852,35.604],[134.3873,35.6037],[134.3895,35.602],[134.3931,35.6014],[134.3931,35.5983],[134.3961,35.5977],[134.4016,35.595],[134.4036,35.593],[134.4052,35.5898],[134.4083,35.5891],[134.4083,35.5873],[134.4063,35.5862],[134.4056,35.5844],[134.4071,35.5793],[134.4069,35.5751],[134.4061,35.5741],[134.4051,35.5707],[134.4074,35.5667],[134.4078,35.5653],[134.41,35.5629],[134.4121,35.563],[134.4141,35.5641],[134.4169,35.5629],[134.4215,35.5629],[134.4223,35.5566],[134.4236,35.5536],[134.4251,35.552],[134.4231,35.5499],[134.4227,35.5469],[134.421,35.5449],[134.424,35.542],[134.4255,35.5419],[134.4246,35.5398],[134.4228,35.5378],[134.4233,35.5349],[134.4202,35.5334],[134.4201,35.5304],[134.4207,35.5286],[134.4174,35.5234],[134.4162,35.5211],[134.4149,35.5206],[134.4131,35.5176],[134.4127,35.5149],[134.4138,35.5138],[134.4161,35.5135],[134.4189,35.5139],[134.4206,35.512],[134.4244,35.5088],[134.4276,35.5087],[134.429,35.5049],[134.4309,35.5025],[134.4282,35.5],[134.4274,35.4966],[134.4302,35.4923],[134.4315,35.488],[134.434,35.4841],[134.4351,35.4798],[134.4371,35.4766],[134.4379,35.4743],[134.4371,35.4729],[134.4349,35.4714],[134.4342,35.4696],[134.4351,35.4667],[134.4337,35.4663],[134.4346,35.4636],[134.4364,35.463],[134.4382,35.4612],[134.4375,35.4576],[134.4386,35.4541],[134.4391,35.4492],[134.4397,35.4479],[134.4396,35.444],[134.4432,35.4423],[134.446,35.442],[134.4483,35.4384],[134.4508,35.4378],[134.4523,35.4365],[134.4627,35.4368],[134.4658,35.435],[134.4657,35.4334],[134.4675,35.4329],[134.4698,35.4335],[134.4709,35.431],[134.4723,35.4298],[134.4774,35.429],[134.4782,35.4302],[134.4816,35.4312],[134.4851,35.4327],[134.4858,35.4347],[134.4871,35.4359],[134.4867,35.4378],[134.4855,35.4387],[134.4885,35.4429],[134.4886,35.4454],[134.4908,35.4486],[134.4906,35.4499],[134.489,35.4502],[134.4877,35.4514],[134.4889,35.4544],[134.4884,35.4566],[134.489,35.4589],[134.489,35.4614],[134.4896,35.4622],[134.4889,35.4642],[134.4861,35.465],[134.4851,35.4674],[134.487,35.4702],[134.4865,35.4728],[134.4855,35.4744],[134.4882,35.4761],[134.4894,35.4779],[134.4898,35.4801],[134.4913,35.4821],[134.4909,35.4836],[134.4923,35.4846],[134.4925,35.4865],[134.4945,35.4871],[134.4974,35.4872],[134.4976,35.4894],[134.4984,35.491],[134.5029,35.4957],[134.5049,35.4966],[134.513,35.5041],[134.5173,35.5078],[134.5191,35.5058],[134.523,35.5066],[134.5248,35.5078],[134.526,35.5074],[134.5289,35.505],[134.5322,35.5074],[134.5355,35.5086],[134.5393,35.5083],[134.5413,35.507],[134.5425,35.5077],[134.5467,35.509],[134.5492,35.5106],[134.5504,35.5134],[134.5506,35.5151],[134.5472,35.5159],[134.5468,35.5191],[134.5494,35.5228],[134.5487,35.5238],[134.5492,35.5256],[134.5479,35.527],[134.5442,35.5257],[134.5444,35.5303],[134.5437,35.5339],[134.5429,35.535],[134.5462,35.5394],[134.5442,35.5412],[134.5431,35.5435],[134.5426,35.5467],[134.5449,35.5497],[134.5423,35.5536],[134.543,35.5564],[134.5442,35.5574],[134.5459,35.5573],[134.5487,35.5593],[134.5489,35.5613],[134.5505,35.5641],[134.5532,35.564],[134.5535,35.5648],[134.5582,35.5663],[134.5601,35.5657],[134.5608,35.567],[134.5625,35.5669],[134.5641,35.5679],[134.5659,35.5671],[134.5692,35.5682],[134.5704,35.5701],[134.5727,35.5713],[134.5736,35.5728],[134.5759,35.5743],[134.576,35.5751],[134.5805,35.5756],[134.5823,35.577],[134.5839,35.5773],[134.5842,35.581],[134.5856,35.5819],[134.5837,35.5834],[134.5831,35.5862],[134.5834,35.5874],[134.585,35.5888],[134.5865,35.5927],[134.5836,35.5942],[134.5825,35.5956],[134.5794,35.5967],[134.579,35.5978],[134.5791,35.6011],[134.5778,35.6029],[134.5758,35.6038],[134.576,35.605],[134.5733,35.6098],[134.5739,35.613],[134.5751,35.6155],[134.5742,35.617],[134.5715,35.6189],[134.568,35.6191],[134.5639,35.621],[134.5624,35.6212],[134.5588,35.6204],[134.5575,35.6206],[134.5536,35.6237],[134.5484,35.6259],[134.5465,35.6239],[134.5444,35.6229],[134.5412,35.623],[134.5378,35.6247],[134.5348,35.6248],[134.5342,35.6263],[134.532,35.6273],[134.53,35.6293],[134.5276,35.6327],[134.5263,35.6339],[134.5237,35.6351],[134.5225,35.6362],[134.5227,35.6378],[134.5256,35.6431],[134.5251,35.6471],[134.5242,35.6486],[134.5271,35.6511],[134.528,35.6525],[134.5258,35.6559],[134.5258,35.6582],[134.5244,35.6596],[134.5231,35.6624],[134.5205,35.6618],[134.5192,35.6621],[134.5173,35.6662]]]},"properties":{"prefectureCode":"28","prefectureName":"兵庫県","municipalityName":"新温泉町","municipalityCode":"28586"}},
{"type":"Feature","geometry":{"type":"Polygon","coordinates":[[[135.7781,34.7232],[135.7734,34.7247],[135.7733,34.7258],[135.7705,34.7252],[135.7696,34.7257],[135.7668,34.7254],[135.7633,34.7261],[135.7613,34.726],[135.7578,34.7281],[135.7555,34.7275],[135.7537,34.7256],[135.7463,34.7254],[135.742,34.7256],[135.7417,34.7278],[135.7404,34.7279],[135.7403,34.7255],[135.7408,34.7243],[135.7403,34.7226],[135.7382,34.7259],[135.7397,34.7283],[135.7381,34.7287],[135.738,34.7257],[135.7391,34.7241],[135.7359,34.7209],[135.7367,34.7186],[135.7348,34.7183],[135.7338,34.7163],[135.7305,34.7139],[135.7296,34.7125],[135.7291,34.7099],[135.725,34.7087],[135.7233,34.7087],[135.7214,34.7072],[135.7193,34.7065],[135.7164,34.7072],[135.7134,34.7059],[135.7136,34.7031],[135.7173,34.7021],[135.7173,34.6994],[135.7157,34.6975],[135.7178,34.6949],[135.717,34.6928],[135.7172,34.6901],[135.719,34.6885],[135.7204,34.6841],[135.7197,34.683],[135.7217,34.6803],[135.723,34.6777],[135.7239,34.6737],[135.7269,34.6725],[135.7266,34.6697],[135.7271,34.6689],[135.726,34.6672],[135.7271,34.6651],[135.73,34.6668],[135.7335,34.6662],[135.7362,34.6646],[135.7385,34.6642],[135.7403,34.6632],[135.7412,34.6612],[135.7423,34.6605],[135.7476,34.6601],[135.7486,34.6583],[135.7499,34.6583],[135.7545,34.6572],[135.7601,34.6576],[135.7646,34.6575],[135.7678,34.6589],[135.7709,34.6614],[135.7755,34.6618],[135.7827,34.6613],[135.7881,34.6614],[135.7943,34.6612],[135.7946,34.6583],[135.7952,34.6573],[135.7948,34.652],[135.797,34.6529],[135.8054,34.6529],[135.8055,34.649],[135.8096,34.6491],[135.8129,34.647],[135.8162,34.6475],[135.8161,34.6431],[135.8166,34.637],[135.8236,34.6372],[135.8295,34.6371],[135.8295,34.6353],[135.8318,34.6353],[135.8329,34.6336],[135.8345,34.6336],[135.8345,34.6361],[135.8377,34.6362],[135.8377,34.6374],[135.8403,34.6371],[135.8456,34.6385],[135.8475,34.6373],[135.8454,34.6358],[135.8453,34.6342],[135.8496,34.6341],[135.8494,34.6323],[135.8478,34.6311],[135.8484,34.6297],[135.8457,34.6266],[135.8487,34.6265],[135.8528,34.6269],[135.8538,34.624],[135.8517,34.6231],[135.8548,34.6197],[135.86,34.6194],[135.8617,34.6187],[135.8642,34.6201],[135.8672,34.6209],[135.8687,34.6206],[135.868,34.6189],[135.8696,34.6148],[135.8699,34.6128],[135.8675,34.6101],[135.8691,34.6093],[135.8731,34.6097],[135.8765,34.6115],[135.8789,34.6131],[135.8823,34.6117],[135.8863,34.6111],[135.892,34.6096],[135.894,34.6105],[135.8945,34.6121],[135.8942,34.6141],[135.8925,34.6159],[135.892,34.6181],[135.8932,34.6191],[135.8952,34.6233],[135.8935,34.6246],[135.8947,34.6255],[135.8954,34.6275],[135.8956,34.631],[135.8946,34.633],[135.8967,34.635],[135.9011,34.6348],[135.9034,34.6336],[135.9036,34.6326],[135.908,34.6322],[135.9109,34.6311],[135.9112,34.6296],[135.9127,34.629],[135.9152,34.629],[135.9182,34.6301],[135.9194,34.6297],[135.9218,34.6302],[135.9245,34.6289],[135.9251,34.6308],[135.9263,34.632],[135.9265,34.6361],[135.9261,34.6375],[135.9263,34.6397],[135.9253,34.6422],[135.9268,34.6448],[135.9291,34.644],[135.9306,34.6418],[135.9337,34.6425],[135.9349,34.6421],[135.9396,34.6419],[135.9399,34.6402],[135.9419,34.6388],[135.944,34.635],[135.9427,34.6333],[135.9437,34.6313],[135.9476,34.6308],[135.9488,34.6275],[135.9485,34.6266],[135.9512,34.6237],[135.9508,34.6219],[135.9462,34.6212],[135.9417,34.618],[135.9393,34.6154],[135.9384,34.6132],[135.9338,34.6123],[135.9346,34.6101],[135.9356,34.6102],[135.9393,34.6081],[135.9406,34.607],[135.9407,34.605],[135.9398,34.6042],[135.9368,34.6036],[135.9359,34.6024],[135.9367,34.6011],[135.9391,34.5993],[135.939,34.5962],[135.9373,34.5944],[135.934,34.595],[135.9323,34.5958],[135.9305,34.5941],[135.9297,34.5916],[135.9249,34.5903],[135.9271,34.5889],[135.9279,34.5894],[135.9307,34.586],[135.9298,34.5838],[135.9335,34.5825],[135.9362,34.5786],[135.9358,34.5777],[135.9365,34.5743],[135.9392,34.5745],[135.94,34.5734],[135.9407,34.5706],[135.9427,34.5693],[135.9444,34.5669],[135.9425,34.5654],[135.9429,34.5633],[135.9449,34.561],[135.9461,34.5603],[135.9487,34.559],[135.9525,34.5594],[135.9536,34.5584],[135.9571,34.5589],[135.959,34.558],[135.962,34.5581],[135.9649,34.5596],[135.9667,34.5598],[135.9683,34.5589],[135.9721,34.5585],[135.9739,34.5599],[135.9739,34.5628],[135.9764,34.5644],[135.9766,34.5653],[135.975,34.5681],[135.9758,34.5708],[135.9742,34.5725],[135.9754,34.5763],[135.9734,34.5787],[135.9765,34.5796],[135.978,34.5806],[135.9775,34.5834],[135.9766,34.5847],[135.9739,34.5852],[135.9719,34.5847],[135.9696,34.5866],[135.9697,34.5888],[135.9709,34.5893],[135.9712,34.5908],[135.9727,34.5931],[135.9748,34.594],[135.98,34.5955],[135.9798,34.5967],[135.9807,34.5986],[135.9786,34.5996],[135.9797,34.6005],[135.9789,34.6024],[135.9798,34.6043],[135.9836,34.6044],[135.9847,34.6062],[135.9839,34.6077],[135.9869,34.6083],[135.9894,34.6105],[135.9923,34.6096],[135.9945,34.6114],[135.9942,34.6139],[135.9958,34.616],[135.9996,34.6186],[135.9995,34.6221],[135.9983,34.6229],[135.9959,34.623],[135.9947,34.6259],[135.9915,34.6269],[135.9927,34.6282],[135.9908,34.6302],[135.9939,34.631],[135.9942,34.6333],[135.9937,34.6354],[135.9961,34.6357],[135.9992,34.6379],[136.0001,34.6411],[135.9987,34.6433],[135.9979,34.6461],[135.9963,34.6475],[135.9958,34.6488],[135.9942,34.6495],[135.993,34.6533],[135.9916,34.6546],[135.9889,34.6562],[135.9904,34.6583],[135.9906,34.6606],[135.9933,34.6631],[135.9922,34.6641],[135.9936,34.6674],[135.9918,34.6683],[135.9883,34.6688],[135.984,34.6675],[135.981,34.6648],[135.9807,34.6633],[135.9819,34.6623],[135.9835,34.6631],[135.984,34.6611],[135.9836,34.6595],[135.9806,34.658],[135.9787,34.6559],[135.9737,34.6546],[135.9728,34.655],[135.9672,34.6544],[135.9659,34.6553],[135.9648,34.6539],[135.9628,34.6544],[135.962,34.6536],[135.9592,34.6534],[135.9551,34.6545],[135.9587,34.6556],[135.9607,34.6574],[135.9589,34.6602],[135.9594,34.6631],[135.9603,34.6635],[135.9599,34.6661],[135.959,34.6682],[135.96,34.6706],[135.9569,34.6726],[135.9543,34.6736],[135.9549,34.6755],[135.9532,34.6772],[135.9529,34.6808],[135.9557,34.6831],[135.9567,34.6849],[135.9581,34.6848],[135.9605,34.6865],[135.9628,34.686],[135.9655,34.6863],[135.9683,34.6854],[135.9698,34.6857],[135.9703,34.6871],[135.9731,34.6888],[135.9781,34.6903],[135.9795,34.6911],[135.9787,34.6932],[135.98,34.6944],[135.9803,34.6994],[135.9817,34.6991],[135.9826,34.6978],[135.9842,34.6978],[135.9863,34.6992],[135.9869,34.6964],[135.9872,34.6924],[135.988,34.6898],[135.9897,34.6865],[135.9938,34.6862],[135.9963,34.6869],[135.9968,34.6852],[135.9986,34.684],[136.0021,34.6855],[136.0036,34.6846],[136.0062,34.684],[136.0081,34.6843],[136.0091,34.6834],[136.0122,34.6844],[136.0154,34.6837],[136.0178,34.6854],[136.0188,34.6887],[136.0197,34.6895],[136.02,34.6922],[136.0215,34.6942],[136.0213,34.695],[136.0246,34.6964],[136.026,34.6946],[136.0274,34.6968],[136.0303,34.6941],[136.0326,34.6935],[136.0334,34.6948],[136.0351,34.694],[136.0342,34.6982],[136.0323,34.6991],[136.0346,34.7007],[136.0367,34.7005],[136.037,34.7015],[136.0399,34.7025],[136.0426,34.703],[136.043,34.7014],[136.0452,34.6978],[136.0468,34.6973],[136.0494,34.6995],[136.0519,34.6999],[136.0549,34.7029],[136.0536,34.7048],[136.0542,34.7062],[136.0557,34.7061],[136.058,34.707],[136.0601,34.7071],[136.063,34.7086],[136.0642,34.7082],[136.0663,34.7098],[136.0687,34.7125],[136.0701,34.7126],[136.0711,34.7147],[136.0696,34.7169],[136.0675,34.7175],[136.0688,34.7199],[136.0681,34.7216],[136.068,34.7239],[136.0661,34.7256],[136.0631,34.7264],[136.0623,34.7296],[136.0625,34.7307],[136.0605,34.7322],[136.0601,34.7336],[136.0577,34.7356],[136.0575,34.7371],[136.0555,34.7386],[136.0511,34.7387],[136.0449,34.7373],[136.043,34.7361],[136.0419,34.7343],[136.041,34.7308],[136.0416,34.7283],[136.0399,34.7239],[136.0394,34.7201],[136.0338,34.7177],[136.0336,34.7159],[136.0317,34.715],[136.0313,34.7138],[136.0293,34.7137],[136.0279,34.71],[136.0288,34.7063],[136.0268,34.7061],[136.0194,34.7086],[136.0139,34.7078],[136.0129,34.7086],[136.0138,34.7114],[136.0127,34.714],[136.0093,34.7166],[136.0069,34.7167],[136.0052,34.7173],[136.0026,34.7158],[136.0023,34.7147],[135.9997,34.713],[135.9983,34.7135],[135.992,34.7122],[135.9924,34.7138],[135.9901,34.7147],[135.9862,34.7153],[135.9864,34.7175],[135.985,34.7192],[135.986,34.7224],[135.9856,34.7256],[135.9861,34.7263],[135.9843,34.7299],[135.9827,34.7322],[135.9836,34.7345],[135.9818,34.7347],[135.981,34.7371],[135.9781,34.7371],[135.9763,34.7393],[135.9728,34.7421],[135.9713,34.7418],[135.9698,34.7405],[135.966,34.7432],[135.9643,34.7422],[135.9623,34.7401],[135.9583,34.7409],[135.9578,34.7446],[135.9565,34.7457],[135.9549,34.7483],[135.9534,34.7471],[135.9512,34.7463],[135.9498,34.7443],[135.9483,34.7445],[135.9467,34.7426],[135.9438,34.7413],[135.9429,34.7375],[135.9411,34.739],[135.9361,34.7401],[135.9325,34.7376],[135.9306,34.7381],[135.9272,34.7401],[135.9256,34.7403],[135.9239,34.7414],[135.924,34.7435],[135.9232,34.7446],[135.9245,34.7458],[135.927,34.7498],[135.9286,34.7513],[135.9289,34.7527],[135.9274,34.7544],[135.929,34.7568],[135.9244,34.7577],[135.9221,34.7548],[135.9204,34.753],[135.9162,34.7537],[135.915,34.7509],[135.9136,34.7493],[135.9134,34.7466],[135.9122,34.746],[135.9117,34.7439],[135.9085,34.7414],[135.9076,34.7395],[135.9054,34.7369],[135.9031,34.7361],[135.903,34.7329],[135.9009,34.731],[135.8989,34.7314],[135.8974,34.7309],[135.897,34.7293],[135.8975,34.7269],[135.8968,34.7251],[135.8954,34.7249],[135.8936,34.7196],[135.8922,34.7181],[135.8923,34.7164],[135.8902,34.7094],[135.8852,34.7136],[135.8834,34.7131],[135.8811,34.714],[135.8795,34.7128],[135.8777,34.7123],[135.8761,34.7139],[135.8747,34.7133],[135.8727,34.7115],[135.8679,34.7105],[135.866,34.7096],[135.8657,34.7084],[135.8633,34.7062],[135.8597,34.7071],[135.8554,34.706],[135.851,34.7058],[135.849,34.706],[135.8494,34.7082],[135.8484,34.7086],[135.8417,34.7093],[135.8396,34.7107],[135.839,34.7118],[135.8341,34.7124],[135.8318,34.7134],[135.8277,34.7124],[135.8266,34.7137],[135.8229,34.7122],[135.8198,34.7117],[135.8175,34.7129],[135.8165,34.7142],[135.8133,34.7151],[135.8118,34.7149],[135.8124,34.7173],[135.8058,34.718],[135.8041,34.7198],[135.8037,34.7219],[135.7998,34.7225],[135.7989,34.723],[135.7974,34.7209],[135.7952,34.7218],[135.7953,34.7233],[135.792,34.7247],[135.7896,34.7244],[135.7846,34.7245],[135.7817,34.7231],[135.7781,34.7232]]]},"properties":{"prefectureCode":"29","prefectureName":"奈良県","municipalityName":"奈良市","municipalityCode":"29201"}},
{"type":"Feature","geometry":{"type":"Polygon","coordinates":[[[135.7145,34.5193],[135.7144,34.5154],[135.7183,34.5153],[135.7186,34.5102],[135.7302,34.5103],[135.7298,34.5033],[135.7308,34.4982],[135.7348,34.4989],[135.7347,34.4946],[135.7351,34.4916],[135.7468,34.4917],[135.7459,34.4908],[135.7459,34.4871],[135.7443,34.4859],[135.742,34.4816],[135.7472,34.4818],[135.7507,34.4817],[135.7539,34.4816],[135.7539,34.4767],[135.7589,34.4768],[135.7598,34.4779],[135.7599,34.4818],[135.7611,34.4836],[135.7658,34.4837],[135.7659,34.4884],[135.7591,34.4885],[135.7586,34.4892],[135.7585,34.4929],[135.7598,34.4937],[135.7599,34.4966],[135.7578,34.4976],[135.758,34.504],[135.7601,34.5048],[135.7594,34.5078],[135.7598,34.5108],[135.7586,34.5119],[135.7588,34.5146],[135.761,34.5146],[135.7625,34.5159],[135.7634,34.5177],[135.766,34.5178],[135.766,34.5198],[135.7644,34.5211],[135.7645,34.5295],[135.7633,34.5305],[135.7608,34.5305],[135.7597,34.5323],[135.7507,34.532],[135.7502,34.5304],[135.7455,34.5304],[135.7442,34.5292],[135.741,34.5293],[135.7408,34.5283],[135.7385,34.5272],[135.7357,34.5271],[135.7354,34.5288],[135.7331,34.529],[135.7314,34.5276],[135.7304,34.5286],[135.7305,34.5308],[135.7285,34.5312],[135.728,34.5308],[135.7202,34.5307],[135.7201,34.5267],[135.7167,34.5266],[135.7167,34.5193],[135.7145,34.5193]]]},"properties":{"prefectureCode":"29","prefectureName":"奈良県","municipalityName":"大和高田市","municipalityCode":"29202"}},
{"type":"Feature","geometry":{"type":"Polygon","coordinates":[[[135.7271,34.6651],[135.7268,34.6625],[135.7296,34.6586],[135.7279,34.657],[135.7287,34.6547],[135.7276,34.6514],[135.7261,34.6485],[135.7216,34.6467],[135.722,34.6433],[135.7271,34.6445],[135.7283,34.6431],[135.7283,34.6418],[135.7301,34.6399],[135.729,34.6387],[135.7292,34.6374],[135.7261,34.6353],[135.7274,34.6329],[135.7294,34.6317],[135.7339,34.6325],[135.7376,34.6307],[135.7378,34.6287],[135.7429,34.6279],[135.7441,34.6262],[135.7474,34.6256],[135.7491,34.624],[135.7493,34.6194],[135.7517,34.6193],[135.7519,34.6158],[135.7549,34.6181],[135.7569,34.6187],[135.7607,34.6189],[135.7614,34.6185],[135.7613,34.6102],[135.7608,34.608],[135.7623,34.6078],[135.7658,34.605],[135.7659,34.6071],[135.7649,34.6076],[135.7654,34.6093],[135.7678,34.6099],[135.7676,34.6076],[135.7683,34.6065],[135.7668,34.6056],[135.7661,34.6037],[135.7661,34.6014],[135.7675,34.6014],[135.7675,34.5971],[135.7702,34.5973],[135.7746,34.5955],[135.7777,34.5955],[135.7782,34.5965],[135.7821,34.5965],[135.7823,34.5976],[135.7863,34.5976],[135.7864,34.5958],[135.7895,34.5968],[135.7898,34.5995],[135.7913,34.5995],[135.7913,34.6014],[135.7952,34.6016],[135.795,34.6123],[135.8022,34.6119],[135.8071,34.6128],[135.8071,34.6103],[135.8126,34.6104],[135.8139,34.6118],[135.8167,34.6116],[135.8168,34.6135],[135.8214,34.6135],[135.8213,34.6154],[135.8169,34.6154],[135.8169,34.6165],[135.8143,34.6165],[135.8143,34.6183],[135.8133,34.6195],[135.8133,34.623],[135.8163,34.6247],[135.8179,34.625],[135.8222,34.6248],[135.8239,34.6252],[135.8237,34.6324],[135.8225,34.6332],[135.8224,34.6362],[135.8236,34.6372],[135.8166,34.637],[135.8161,34.6431],[135.8162,34.6475],[135.8129,34.647],[135.8096,34.6491],[135.8055,34.649],[135.8054,34.6529],[135.797,34.6529],[135.7948,34.652],[135.7952,34.6573],[135.7946,34.6583],[135.7943,34.6612],[135.7881,34.6614],[135.7827,34.6613],[135.7755,34.6618],[135.7709,34.6614],[135.7678,34.6589],[135.7646,34.6575],[135.7601,34.6576],[135.7545,34.6572],[135.7499,34.6583],[135.7486,34.6583],[135.7476,34.6601],[135.7423,34.6605],[135.7412,34.6612],[135.7403,34.6632],[135.7385,34.6642],[135.7362,34.6646],[135.7335,34.6662],[135.73,34.6668],[135.7271,34.6651]]]},"properties":{"prefectureCode":"29","prefectureName":"奈良県","municipalityName":"大和郡山市","municipalityCode":"29203"}},
{"type":"Feature","geometry":{"type":"Polygon","coordinates":[[[135.8236,34.6372],[135.8224,34.6362],[135.8225,34.6332],[135.8237,34.6324],[135.8239,34.6252],[135.8222,34.6248],[135.8179,34.625],[135.8163,34.6247],[135.8133,34.623],[135.8133,34.6195],[135.8143,34.6183],[135.8143,34.6165],[135.8169,34.6165],[135.8169,34.6154],[135.8213,34.6154],[135.8214,34.6135],[135.8168,34.6135],[135.8167,34.6116],[135.8139,34.6118],[135.8126,34.6104],[135.8071,34.6103],[135.8071,34.6128],[135.8022,34.6119],[135.795,34.6123],[135.7952,34.6016],[135.7913,34.6014],[135.7913,34.5995],[135.7898,34.5995],[135.7895,34.5968],[135.7864,34.5958],[135.7901,34.5946],[135.7903,34.5907],[135.7951,34.5907],[135.7951,34.5882],[135.7944,34.5869],[135.7922,34.5863],[135.7901,34.5848],[135.7889,34.5856],[135.7866,34.5856],[135.7869,34.5815],[135.7866,34.58],[135.7869,34.5785],[135.7903,34.5779],[135.7903,34.5794],[135.7935,34.5794],[135.7952,34.5798],[135.7954,34.5779],[135.7975,34.5779],[135.799,34.5769],[135.799,34.5798],[135.7998,34.5815],[135.7994,34.5838],[135.8039,34.5831],[135.8051,34.584],[135.8051,34.5897],[135.8074,34.5895],[135.8076,34.5775],[135.8094,34.5741],[135.8125,34.5739],[135.8131,34.571],[135.8129,34.5691],[135.8115,34.5691],[135.8115,34.5642],[135.8137,34.5631],[135.8141,34.5606],[135.8208,34.5606],[135.8212,34.5545],[135.8225,34.5535],[135.8245,34.5535],[135.8247,34.5516],[135.826,34.5513],[135.8262,34.5485],[135.8317,34.5485],[135.8317,34.5524],[135.838,34.5525],[135.8382,34.5507],[135.8412,34.5507],[135.844,34.549],[135.8493,34.5489],[135.8517,34.5503],[135.8543,34.5505],[135.857,34.55],[135.8596,34.5487],[135.8619,34.5484],[135.8656,34.5495],[135.8672,34.5489],[135.8685,34.5506],[135.8724,34.5533],[135.873,34.5564],[135.8725,34.5582],[135.8739,34.5592],[135.8748,34.5613],[135.8779,34.5599],[135.8817,34.5589],[135.8829,34.5604],[135.8871,34.5624],[135.8871,34.5649],[135.886,34.5665],[135.888,34.568],[135.89,34.5671],[135.8923,34.5691],[135.8961,34.5689],[135.8987,34.5704],[135.9013,34.5728],[135.8998,34.575],[135.9017,34.577],[135.9057,34.5796],[135.9062,34.5812],[135.9082,34.5824],[135.9076,34.5852],[135.9089,34.5858],[135.9081,34.5891],[135.9089,34.5915],[135.9118,34.591],[135.9137,34.5895],[135.9167,34.5913],[135.9201,34.5917],[135.9215,34.5902],[135.9249,34.5903],[135.9297,34.5916],[135.9305,34.5941],[135.9323,34.5958],[135.934,34.595],[135.9373,34.5944],[135.939,34.5962],[135.9391,34.5993],[135.9367,34.6011],[135.9359,34.6024],[135.9368,34.6036],[135.9398,34.6042],[135.9407,34.605],[135.9406,34.607],[135.9393,34.6081],[135.9356,34.6102],[135.9346,34.6101],[135.9338,34.6123],[135.9384,34.6132],[135.9393,34.6154],[135.9417,34.618],[135.9462,34.6212],[135.9508,34.6219],[135.9512,34.6237],[135.9485,34.6266],[135.9488,34.6275],[135.9476,34.6308],[135.9437,34.6313],[135.9427,34.6333],[135.944,34.635],[135.9419,34.6388],[135.9399,34.6402],[135.9396,34.6419],[135.9349,34.6421],[135.9337,34.6425],[135.9306,34.6418],[135.9291,34.644],[135.9268,34.6448],[135.9253,34.6422],[135.9263,34.6397],[135.9261,34.6375],[135.9265,34.6361],[135.9263,34.632],[135.9251,34.6308],[135.9245,34.6289],[135.9218,34.6302],[135.9194,34.6297],[135.9182,34.6301],[135.9152,34.629],[135.9127,34.629],[135.9112,34.6296],[135.9109,34.6311],[135.908,34.6322],[135.9036,34.6326],[135.9034,34.6336],[135.9011,34.6348],[135.8967,34.635],[135.8946,34.633],[135.8956,34.631],[135.8954,34.6275],[135.8947,34.6255],[135.8935,34.6246],[135.8952,34.6233],[135.8932,34.6191],[135.892,34.6181],[135.8925,34.6159],[135.8942,34.6141],[135.8945,34.6121],[135.894,34.6105],[135.892,34.6096],[135.8863,34.6111],[135.8823,34.6117],[135.8789,34.6131],[135.8765,34.6115],[135.8731,34.6097],[135.8691,34.6093],[135.8675,34.6101],[135.8699,34.6128],[135.8696,34.6148],[135.868,34.6189],[135.8687,34.6206],[135.8672,34.6209],[135.8642,34.6201],[135.8617,34.6187],[135.86,34.6194],[135.8548,34.6197],[135.8517,34.6231],[135.8538,34.624],[135.8528,34.6269],[135.8487,34.6265],[135.8457,34.6266],[135.8484,34.6297],[135.8478,34.6311],[135.8494,34.6323],[135.8496,34.6341],[135.8453,34.6342],[135.8454,34.6358],[135.8475,34.6373],[135.8456,34.6385],[135.8403,34.6371],[135.8377,34.6374],[135.8377,34.6362],[135.8345,34.6361],[135.8345,34.6336],[135.8329,34.6336],[135.8318,34.6353],[135.8295,34.6353],[135.8295,34.6371],[135.8236,34.6372]]]},"properties":{"prefectureCode":"29","prefectureName":"奈良県","municipalityName":"天理市","municipalityCode":"29204"}},
{"type":"Feature","geometry":{"type":"Polygon","coordinates":[[[135.7539,34.4767],[135.7542,34.4745],[135.7541,34.4679],[135.7506,34.4678],[135.7507,34.4656],[135.7518,34.4647],[135.7552,34.4646],[135.7571,34.4652],[135.7605,34.4631],[135.7636,34.4654],[135.7644,34.4666],[135.766,34.4666],[135.7681,34.4676],[135.7705,34.4672],[135.772,34.4692],[135.7745,34.4712],[135.7768,34.4711],[135.7777,34.4696],[135.7803,34.47],[135.7845,34.468],[135.7871,34.4679],[135.7884,34.4673],[135.7906,34.4663],[135.7936,34.4676],[135.7944,34.4685],[135.7989,34.4682],[135.7997,34.4695],[135.8062,34.469],[135.8083,34.4708],[135.8086,34.4724],[135.8079,34.4756],[135.8087,34.4765],[135.8078,34.479],[135.8075,34.4824],[135.8093,34.4821],[135.81,34.4839],[135.8121,34.4839],[135.8125,34.4855],[135.8105,34.4897],[135.812,34.4903],[135.8117,34.4921],[135.8097,34.4923],[135.8095,34.4955],[135.812,34.4933],[135.8147,34.4931],[135.8159,34.4923],[135.8162,34.4898],[135.8199,34.4902],[135.8219,34.4886],[135.8251,34.4894],[135.825,34.4882],[135.8266,34.4863],[135.8287,34.4866],[135.831,34.4888],[135.8313,34.4912],[135.8297,34.4912],[135.8287,34.4936],[135.8268,34.4951],[135.8267,34.4976],[135.8308,34.5025],[135.8291,34.5041],[135.8265,34.5041],[135.8263,34.5113],[135.8188,34.5112],[135.819,34.5129],[135.8188,34.523],[135.8248,34.5259],[135.8214,34.5261],[135.8213,34.5297],[135.8186,34.5301],[135.8185,34.535],[135.8166,34.5346],[135.8079,34.5347],[135.8066,34.5366],[135.8043,34.5365],[135.8042,34.5376],[135.7991,34.5375],[135.7986,34.5366],[135.7956,34.5368],[135.7957,34.5308],[135.7921,34.5311],[135.7904,34.5307],[135.7864,34.5306],[135.7864,34.5296],[135.7832,34.5299],[135.7835,34.5342],[135.7828,34.5354],[135.7699,34.5353],[135.7681,34.5342],[135.7677,34.5313],[135.7665,34.5295],[135.7645,34.5295],[135.7644,34.5211],[135.766,34.5198],[135.766,34.5178],[135.7634,34.5177],[135.7625,34.5159],[135.761,34.5146],[135.7588,34.5146],[135.7586,34.5119],[135.7598,34.5108],[135.7594,34.5078],[135.7601,34.5048],[135.758,34.504],[135.7578,34.4976],[135.7599,34.4966],[135.7598,34.4937],[135.7585,34.4929],[135.7586,34.4892],[135.7591,34.4885],[135.7659,34.4884],[135.7658,34.4837],[135.7611,34.4836],[135.7599,34.4818],[135.7598,34.4779],[135.7589,34.4768],[135.7539,34.4767]]]},"properties":{"prefectureCode":"29","prefectureName":"奈良県","municipalityName":"橿原市","municipalityCode":"29205"}},
{"type":"Feature","geometry":{"type":"Polygon","coordinates":[[[135.9249,34.5903],[135.9215,34.5902],[135.9201,34.5917],[135.9167,34.5913],[135.9137,34.5895],[135.9118,34.591],[135.9089,34.5915],[135.9081,34.5891],[135.9089,34.5858],[135.9076,34.5852],[135.9082,34.5824],[135.9062,34.5812],[135.9057,34.5796],[135.9017,34.577],[135.8998,34.575],[135.9013,34.5728],[135.8987,34.5704],[135.8961,34.5689],[135.8923,34.5691],[135.89,34.5671],[135.888,34.568],[135.886,34.5665],[135.8871,34.5649],[135.8871,34.5624],[135.8829,34.5604],[135.8817,34.5589],[135.8779,34.5599],[135.8748,34.5613],[135.8739,34.5592],[135.8725,34.5582],[135.873,34.5564],[135.8724,34.5533],[135.8685,34.5506],[135.8672,34.5489],[135.8656,34.5495],[135.8619,34.5484],[135.8596,34.5487],[135.857,34.55],[135.8543,34.5505],[135.8517,34.5503],[135.8493,34.5489],[135.844,34.549],[135.8412,34.5507],[135.8382,34.5507],[135.838,34.5525],[135.8317,34.5524],[135.8317,34.5485],[135.8262,34.5485],[135.8255,34.5458],[135.8223,34.5457],[135.8227,34.5446],[135.8189,34.5445],[135.8182,34.5424],[135.8185,34.535],[135.8186,34.5301],[135.8213,34.5297],[135.8214,34.5261],[135.8248,34.5259],[135.8188,34.523],[135.819,34.5129],[135.8188,34.5112],[135.8263,34.5113],[135.8265,34.5041],[135.8291,34.5041],[135.8308,34.5025],[135.8267,34.4976],[135.8268,34.4951],[135.8287,34.4936],[135.8297,34.4912],[135.8313,34.4912],[135.831,34.4888],[135.8287,34.4866],[135.8266,34.4863],[135.8271,34.4843],[135.8264,34.4834],[135.8237,34.4833],[135.8248,34.4817],[135.8275,34.4812],[135.8293,34.4799],[135.8313,34.4793],[135.8337,34.4757],[135.8378,34.4735],[135.8404,34.4713],[135.8432,34.4708],[135.849,34.4707],[135.849,34.4697],[135.847,34.4678],[135.8494,34.4671],[135.85,34.465],[135.8514,34.4652],[135.852,34.4626],[135.8562,34.461],[135.8573,34.4582],[135.8603,34.4579],[135.8616,34.4585],[135.8655,34.4581],[135.8639,34.4546],[135.8619,34.4529],[135.8652,34.4476],[135.8655,34.4463],[135.8673,34.4455],[135.8672,34.4433],[135.8709,34.4443],[135.8728,34.444],[135.8755,34.4454],[135.8754,34.4468],[135.8775,34.4495],[135.8794,34.4513],[135.8811,34.4511],[135.8845,34.4521],[135.8874,34.4534],[135.89,34.4564],[135.8893,34.458],[135.8896,34.4593],[135.8911,34.4599],[135.8929,34.4627],[135.892,34.4636],[135.8919,34.4671],[135.8901,34.4709],[135.8902,34.4731],[135.8869,34.4767],[135.8884,34.479],[135.8914,34.4804],[135.892,34.482],[135.8947,34.4865],[135.8964,34.4866],[135.8987,34.4878],[135.902,34.4921],[135.9017,34.4931],[135.904,34.4951],[135.9041,34.4987],[135.9082,34.5032],[135.9122,34.5043],[135.9135,34.5059],[135.9126,34.5082],[135.9083,34.5105],[135.9089,34.5131],[135.9105,34.5135],[135.9101,34.5171],[135.9105,34.5186],[135.912,34.5186],[135.9167,34.5199],[135.9181,34.5198],[135.9196,34.521],[135.9218,34.5214],[135.926,34.5243],[135.9293,34.5253],[135.929,34.5305],[135.9322,34.5309],[135.9353,34.5309],[135.9348,34.5326],[135.9361,34.5344],[135.9386,34.5352],[135.9396,34.5378],[135.9421,34.5394],[135.9428,34.5405],[135.9413,34.5422],[135.9406,34.5445],[135.9414,34.5467],[135.9402,34.5504],[135.9433,34.5528],[135.9467,34.5544],[135.9475,34.5561],[135.9471,34.5589],[135.9461,34.5603],[135.9449,34.561],[135.9429,34.5633],[135.9425,34.5654],[135.9444,34.5669],[135.9427,34.5693],[135.9407,34.5706],[135.94,34.5734],[135.9392,34.5745],[135.9365,34.5743],[135.9358,34.5777],[135.9362,34.5786],[135.9335,34.5825],[135.9298,34.5838],[135.9307,34.586],[135.9279,34.5894],[135.9271,34.5889],[135.9249,34.5903]]]},"properties":{"prefectureCode":"29","prefectureName":"奈良県","municipalityName":"桜井市","municipalityCode":"29206"}},
{"type":"Feature","geometry":{"type":"Polygon","coordinates":[[[135.6511,34.3832],[135.6514,34.3795],[135.6526,34.3773],[135.6543,34.3731],[135.6554,34.3715],[135.655,34.3693],[135.6558,34.3662],[135.66,34.3602],[135.6609,34.3596],[135.6635,34.3554],[135.6631,34.3521],[135.6622,34.3509],[135.6629,34.3469],[135.6608,34.3446],[135.6623,34.3434],[135.6604,34.3406],[135.6615,34.338],[135.6599,34.3373],[135.6604,34.3361],[135.659,34.334],[135.6598,34.3301],[135.6604,34.3295],[135.6603,34.3269],[135.6619,34.3274],[135.6663,34.3266],[135.6681,34.3257],[135.6683,34.3213],[135.6676,34.3192],[135.6691,34.3154],[135.6679,34.3134],[135.6664,34.3087],[135.669,34.3067],[135.6679,34.305],[135.6686,34.3028],[135.6686,34.2983],[135.6692,34.2969],[135.6722,34.2957],[135.6733,34.2939],[135.6741,34.2912],[135.6754,34.2904],[135.6752,34.2881],[135.6738,34.2864],[135.6737,34.284],[135.6728,34.2815],[135.6736,34.2802],[135.6768,34.2777],[135.6771,34.2746],[135.6804,34.2734],[135.6812,34.2717],[135.6828,34.2702],[135.6844,34.271],[135.6872,34.2708],[135.6894,34.2717],[135.6909,34.2766],[135.6925,34.2783],[135.694,34.2776],[135.6987,34.2765],[135.7009,34.2754],[135.7038,34.2716],[135.7084,34.2719],[135.7083,34.2686],[135.7108,34.2679],[135.7117,34.2666],[135.7151,34.2651],[135.7162,34.2656],[135.7184,34.2633],[135.7195,34.2593],[135.7194,34.2546],[135.7207,34.2516],[135.7201,34.2499],[135.722,34.2461],[135.7222,34.2444],[135.7238,34.2424],[135.7234,34.2401],[135.7244,34.2381],[135.7264,34.236],[135.7285,34.2354],[135.73,34.2316],[135.7302,34.2283],[135.7292,34.2278],[135.7287,34.2257],[135.7275,34.2237],[135.7275,34.2207],[135.7233,34.2198],[135.7177,34.2149],[135.7136,34.2145],[135.7123,34.2133],[135.7116,34.2109],[135.7096,34.2088],[135.7144,34.2062],[135.7119,34.2039],[135.7112,34.2022],[135.7075,34.1997],[135.7057,34.1992],[135.7054,34.2013],[135.7035,34.2005],[135.703,34.1985],[135.7015,34.1969],[135.6994,34.1969],[135.6979,34.196],[135.6984,34.1941],[135.698,34.1908],[135.6951,34.1893],[135.6917,34.1864],[135.6901,34.1848],[135.6915,34.1842],[135.6942,34.1814],[135.6988,34.1801],[135.698,34.1788],[135.6989,34.1747],[135.7007,34.1747],[135.7037,34.174],[135.7073,34.1742],[135.7086,34.1723],[135.7099,34.1693],[135.7104,34.166],[135.7131,34.1652],[135.7175,34.1632],[135.7232,34.1619],[135.7268,34.1616],[135.7279,34.1608],[135.7302,34.1556],[135.7276,34.1507],[135.7261,34.1483],[135.7273,34.1447],[135.7283,34.1438],[135.7284,34.142],[135.7297,34.1402],[135.7295,34.1388],[135.7277,34.1388],[135.7258,34.1379],[135.723,34.1379],[135.7206,34.135],[135.7194,34.1347],[135.7171,34.1328],[135.7117,34.132],[135.7078,34.1297],[135.7069,34.1277],[135.705,34.1257],[135.7045,34.1234],[135.7036,34.1223],[135.7002,34.1202],[135.7,34.1154],[135.6993,34.1137],[135.6997,34.1121],[135.6964,34.1106],[135.6949,34.1091],[135.6958,34.1071],[135.6957,34.1042],[135.6933,34.1031],[135.6911,34.1009],[135.6879,34.1],[135.6864,34.0977],[135.6835,34.0951],[135.6807,34.0944],[135.6769,34.095],[135.6741,34.0936],[135.6724,34.0935],[135.6696,34.0919],[135.6679,34.0902],[135.6664,34.0856],[135.665,34.0843],[135.6683,34.0834],[135.6705,34.0842],[135.6741,34.0839],[135.6768,34.0829],[135.6791,34.0841],[135.6819,34.0836],[135.6843,34.085],[135.6864,34.0847],[135.6889,34.0833],[135.691,34.0849],[135.6976,34.0874],[135.6995,34.0873],[135.7025,34.086],[135.7056,34.0874],[135.7098,34.0885],[135.7116,34.0896],[135.7122,34.0933],[135.7136,34.0965],[135.7137,34.0993],[135.7163,34.1012],[135.7198,34.1049],[135.7212,34.1071],[135.7227,34.1079],[135.7244,34.1102],[135.7245,34.1125],[135.7235,34.1144],[135.7237,34.1158],[135.7255,34.1165],[135.7261,34.1182],[135.7277,34.1186],[135.7299,34.1203],[135.7307,34.1217],[135.7299,34.1232],[135.7339,34.1256],[135.7358,34.1287],[135.7382,34.1308],[135.7421,34.1324],[135.7426,34.1337],[135.7446,34.1356],[135.7454,34.1389],[135.7435,34.1426],[135.7445,34.1447],[135.7487,34.146],[135.7519,34.1466],[135.751,34.152],[135.7536,34.1523],[135.7567,34.1533],[135.7579,34.1529],[135.7643,34.1523],[135.7711,34.1505],[135.7698,34.148],[135.7724,34.1475],[135.7756,34.1475],[135.7779,34.1463],[135.781,34.1428],[135.7817,34.1413],[135.7821,34.1386],[135.7846,34.1414],[135.7856,34.1383],[135.7888,34.1341],[135.7912,34.1337],[135.7925,34.1347],[135.7953,34.1356],[135.7991,34.1357],[135.8045,34.138],[135.8074,34.1386],[135.812,34.1381],[135.8143,34.1387],[135.8197,34.1396],[135.8219,34.1404],[135.8236,34.1401],[135.8256,34.1415],[135.8293,34.1427],[135.8351,34.1408],[135.8394,34.1401],[135.8424,34.1416],[135.8459,34.1402],[135.8476,34.1389],[135.8508,34.1414],[135.8529,34.1436],[135.8555,34.1452],[135.8602,34.146],[135.8636,34.1492],[135.8652,34.1489],[135.8683,34.1495],[135.8715,34.1497],[135.8761,34.1512],[135.8827,34.1506],[135.8866,34.1492],[135.8899,34.1473],[135.8912,34.1452],[135.8943,34.1441],[135.8966,34.1455],[135.9006,34.1459],[135.9051,34.1442],[135.9069,34.1476],[135.9087,34.1492],[135.9104,34.1527],[135.9108,34.1556],[135.9085,34.1592],[135.9077,34.1618],[135.905,34.1641],[135.9042,34.1658],[135.9035,34.1701],[135.899,34.1736],[135.8962,34.1747],[135.8945,34.1769],[135.8937,34.179],[135.8918,34.1816],[135.8918,34.1833],[135.889,34.1849],[135.885,34.1854],[135.8829,34.1845],[135.88,34.1824],[135.8779,34.1805],[135.8751,34.1799],[135.8736,34.1787],[135.8698,34.1785],[135.8681,34.1774],[135.8623,34.176],[135.8584,34.1764],[135.8573,34.1794],[135.8564,34.1833],[135.857,34.1847],[135.86,34.188],[135.8613,34.1904],[135.8577,34.1922],[135.8557,34.1939],[135.8541,34.1919],[135.8513,34.1897],[135.8469,34.1899],[135.8437,34.1907],[135.8398,34.1891],[135.8375,34.1863],[135.8346,34.1868],[135.8308,34.1853],[135.8276,34.1849],[135.8259,34.1814],[135.8202,34.1822],[135.818,34.1835],[135.8145,34.1849],[135.8118,34.1836],[135.8101,34.1836],[135.8082,34.1822],[135.805,34.1818],[135.8036,34.1788],[135.8004,34.1776],[135.799,34.1765],[135.7957,34.1756],[135.7944,34.1768],[135.793,34.1793],[135.7896,34.1815],[135.7856,34.1834],[135.7832,34.1832],[135.7816,34.1838],[135.7793,34.1837],[135.7749,34.1852],[135.7721,34.1843],[135.7703,34.1851],[135.7678,34.1844],[135.7656,34.1851],[135.761,34.1888],[135.7589,34.192],[135.756,34.1921],[135.7534,34.1913],[135.7514,34.1931],[135.749,34.1944],[135.7461,34.1954],[135.7458,34.1976],[135.7469,34.1999],[135.7444,34.2036],[135.7441,34.2055],[135.7458,34.2106],[135.7433,34.2112],[135.7472,34.2129],[135.7511,34.2178],[135.752,34.2221],[135.7511,34.2247],[135.7493,34.2267],[135.7484,34.2322],[135.7506,34.2337],[135.7557,34.2342],[135.7568,34.2352],[135.7597,34.236],[135.7642,34.2381],[135.7651,34.2378],[135.7679,34.2395],[135.7735,34.2413],[135.7745,34.241],[135.7789,34.2412],[135.7842,34.2395],[135.7862,34.2386],[135.7872,34.2351],[135.7898,34.2325],[135.7919,34.2318],[135.7936,34.2331],[135.7959,34.234],[135.799,34.2345],[135.8033,34.2343],[135.8051,34.2347],[135.8055,34.2358],[135.8086,34.2383],[135.809,34.24],[135.8165,34.2404],[135.8172,34.2422],[135.8197,34.2439],[135.8198,34.2459],[135.8183,34.2477],[135.8187,34.25],[135.8201,34.2516],[135.8226,34.2531],[135.8277,34.2538],[135.8307,34.2574],[135.8341,34.2595],[135.8375,34.2601],[135.8382,34.2613],[135.843,34.2644],[135.845,34.2652],[135.8449,34.2669],[135.8432,34.2699],[135.8402,34.2726],[135.8362,34.2745],[135.8321,34.2738],[135.8292,34.2747],[135.8264,34.2743],[135.8236,34.2764],[135.8215,34.2771],[135.8222,34.2798],[135.8208,34.2807],[135.8172,34.2819],[135.8138,34.2825],[135.8111,34.2821],[135.8095,34.2827],[135.8069,34.2851],[135.8049,34.285],[135.8035,34.2838],[135.8005,34.283],[135.7975,34.284],[135.795,34.2832],[135.793,34.2833],[135.7896,34.2845],[135.7857,34.2847],[135.7818,34.2861],[135.7797,34.2882],[135.7768,34.2881],[135.774,34.2899],[135.7756,34.2934],[135.7758,34.2959],[135.7753,34.2978],[135.7764,34.3006],[135.776,34.3024],[135.7791,34.3044],[135.7798,34.3077],[135.7785,34.3086],[135.7777,34.3104],[135.7759,34.3113],[135.775,34.313],[135.7753,34.3144],[135.7776,34.3159],[135.7799,34.3157],[135.7789,34.3226],[135.7798,34.325],[135.7763,34.3256],[135.7732,34.3268],[135.7701,34.3264],[135.7698,34.3305],[135.7678,34.3334],[135.7689,34.3345],[135.7697,34.3384],[135.7713,34.3389],[135.7712,34.3418],[135.7698,34.3437],[135.7718,34.345],[135.771,34.3494],[135.772,34.3512],[135.772,34.3531],[135.7705,34.3563],[135.7683,34.3585],[135.7679,34.3606],[135.7685,34.362],[135.77,34.3628],[135.7711,34.366],[135.7731,34.3671],[135.7722,34.369],[135.7721,34.3707],[135.7707,34.3723],[135.7739,34.3746],[135.7736,34.3766],[135.7715,34.3771],[135.7718,34.3799],[135.7645,34.378],[135.7592,34.3771],[135.7578,34.3791],[135.7567,34.3793],[135.7556,34.3822],[135.7568,34.3853],[135.7547,34.3858],[135.7535,34.3877],[135.7515,34.3886],[135.7478,34.3894],[135.7452,34.3891],[135.7437,34.388],[135.7428,34.3893],[135.7426,34.3879],[135.7405,34.3869],[135.737,34.3874],[135.7345,34.3863],[135.7308,34.3863],[135.7282,34.3883],[135.7255,34.3873],[135.7239,34.388],[135.7219,34.3902],[135.7193,34.3887],[135.7177,34.3887],[135.7155,34.391],[135.7167,34.3927],[135.7159,34.3946],[135.7169,34.3953],[135.7143,34.3973],[135.7099,34.3992],[135.7076,34.3991],[135.7031,34.3995],[135.7032,34.3976],[135.7016,34.397],[135.6987,34.3987],[135.6968,34.3984],[135.6926,34.4016],[135.6903,34.4024],[135.6862,34.4029],[135.6843,34.406],[135.6821,34.4077],[135.68,34.4083],[135.676,34.4056],[135.6766,34.4023],[135.6756,34.3995],[135.6692,34.3978],[135.6673,34.3978],[135.6634,34.3965],[135.6627,34.3933],[135.6599,34.3917],[135.6579,34.3875],[135.6563,34.3863],[135.6547,34.3838],[135.6511,34.3832]]]},"properties":{"prefectureCode":"29","prefectureName":"奈良県","municipalityName":"五條市","municipalityCode":"29207"}},
{"type":"Feature","geometry":{"type":"Polygon","coordinates":[[[135.68,34.4083],[135.6821,34.4077],[135.6843,34.406],[135.6862,34.4029],[135.6903,34.4024],[135.6926,34.4016],[135.6968,34.3984],[135.6987,34.3987],[135.7016,34.397],[135.7032,34.3976],[135.7031,34.3995],[135.7076,34.3991],[135.7099,34.3992],[135.7143,34.3973],[135.7169,34.3953],[135.7159,34.3946],[135.7167,34.3927],[135.7155,34.391],[135.7177,34.3887],[135.7193,34.3887],[135.7219,34.3902],[135.7239,34.388],[135.7255,34.3873],[135.7282,34.3883],[135.7308,34.3863],[135.7345,34.3863],[135.737,34.3874],[135.7405,34.3869],[135.7426,34.3879],[135.7428,34.3893],[135.7437,34.3903],[135.7444,34.3931],[135.7414,34.3961],[135.7416,34.3996],[135.7395,34.4026],[135.7431,34.4083],[135.7485,34.4064],[135.7496,34.4083],[135.7513,34.4094],[135.7499,34.4108],[135.7502,34.4117],[135.7495,34.4136],[135.7545,34.4132],[135.7558,34.4126],[135.7579,34.4145],[135.7585,34.4164],[135.7603,34.417],[135.7619,34.4194],[135.7654,34.4203],[135.7652,34.422],[135.7607,34.4244],[135.761,34.4266],[135.7593,34.4292],[135.7601,34.4306],[135.7603,34.4327],[135.7623,34.4363],[135.7622,34.4375],[135.7651,34.4397],[135.7655,34.4418],[135.7675,34.4421],[135.7686,34.4414],[135.7707,34.4416],[135.7721,34.4431],[135.7718,34.4444],[135.7699,34.4448],[135.7694,34.4496],[135.7684,34.4515],[135.7662,34.4537],[135.7641,34.4538],[135.7635,34.455],[135.7639,34.4585],[135.7633,34.4605],[135.7636,34.4654],[135.7605,34.4631],[135.7571,34.4652],[135.7552,34.4646],[135.7518,34.4647],[135.7507,34.4656],[135.7506,34.4678],[135.7541,34.4679],[135.7542,34.4745],[135.7539,34.4767],[135.7539,34.4816],[135.7507,34.4817],[135.7506,34.4795],[135.7497,34.4785],[135.7496,34.4736],[135.7446,34.4735],[135.7446,34.4745],[135.7422,34.4745],[135.7411,34.4706],[135.7371,34.4707],[135.7371,34.4716],[135.7344,34.4717],[135.734,34.4727],[135.7316,34.4736],[135.727,34.4736],[135.7266,34.4725],[135.7239,34.4687],[135.7202,34.4684],[135.7174,34.4674],[135.7147,34.4702],[135.7127,34.4706],[135.7103,34.4702],[135.7092,34.4677],[135.7064,34.4671],[135.7024,34.4654],[135.6976,34.4651],[135.6945,34.466],[135.6898,34.4661],[135.6879,34.4643],[135.6852,34.465],[135.6822,34.4649],[135.6825,34.4637],[135.6819,34.461],[135.6831,34.4571],[135.6824,34.456],[135.687,34.4515],[135.6867,34.4488],[135.6847,34.446],[135.6817,34.4433],[135.681,34.442],[135.6809,34.4398],[135.6815,34.4379],[135.6803,34.4361],[135.6797,34.434],[135.6786,34.4324],[135.676,34.4299],[135.674,34.4288],[135.6722,34.4259],[135.6692,34.4269],[135.6653,34.4242],[135.6643,34.4231],[135.6661,34.4225],[135.6671,34.4169],[135.6694,34.4137],[135.6731,34.4126],[135.6756,34.4137],[135.6778,34.4133],[135.6777,34.4117],[135.6802,34.4089],[135.68,34.4083]]]},"properties":{"prefectureCode":"29","prefectureName":"奈良県","municipalityName":"御所市","municipalityCode":"29208"}},
{"type":"Feature","geometry":{"type":"Polygon","coordinates":[[[135.7286,34.778],[135.7278,34.7766],[135.7225,34.7746],[135.7202,34.7746],[135.7173,34.7776],[135.7156,34.7799],[135.7137,34.7799],[135.712,34.7813],[135.7096,34.7802],[135.7098,34.7774],[135.7066,34.7723],[135.71,34.7716],[135.7086,34.7688],[135.7085,34.7661],[135.7089,34.765],[135.7088,34.7621],[135.7102,34.7608],[135.7089,34.7591],[135.7102,34.7559],[135.7098,34.7531],[135.708,34.7521],[135.7068,34.7486],[135.7048,34.7486],[135.7023,34.7507],[135.7008,34.7508],[135.6978,34.7495],[135.6978,34.748],[135.699,34.7463],[135.6987,34.7448],[135.6968,34.7439],[135.6969,34.7414],[135.6976,34.7397],[135.7,34.7357],[135.6997,34.7326],[135.7006,34.73],[135.7027,34.7251],[135.704,34.7236],[135.7017,34.7217],[135.6995,34.7215],[135.6974,34.7204],[135.6967,34.7189],[135.6932,34.7168],[135.6925,34.7156],[135.6894,34.7137],[135.6875,34.7114],[135.6831,34.7113],[135.6797,34.7088],[135.679,34.7072],[135.675,34.703],[135.6731,34.7018],[135.6731,34.7001],[135.6741,34.6984],[135.6731,34.6943],[135.6731,34.6901],[135.676,34.6875],[135.6784,34.6832],[135.6779,34.6798],[135.6787,34.6778],[135.677,34.6759],[135.6763,34.6737],[135.6745,34.672],[135.6739,34.6697],[135.6711,34.6669],[135.6709,34.6646],[135.6701,34.6632],[135.6711,34.6616],[135.6763,34.6622],[135.6797,34.6606],[135.6815,34.6611],[135.6859,34.6602],[135.6889,34.6549],[135.6889,34.6533],[135.6905,34.6529],[135.6921,34.6546],[135.6947,34.6535],[135.6966,34.6508],[135.7001,34.6492],[135.7018,34.6494],[135.7041,34.6484],[135.707,34.6478],[135.7115,34.6483],[135.7122,34.6492],[135.7149,34.648],[135.7171,34.6486],[135.7189,34.6482],[135.7202,34.6465],[135.7216,34.6467],[135.7261,34.6485],[135.7276,34.6514],[135.7287,34.6547],[135.7279,34.657],[135.7296,34.6586],[135.7268,34.6625],[135.7271,34.6651],[135.726,34.6672],[135.7271,34.6689],[135.7266,34.6697],[135.7269,34.6725],[135.7239,34.6737],[135.723,34.6777],[135.7217,34.6803],[135.7197,34.683],[135.7204,34.6841],[135.719,34.6885],[135.7172,34.6901],[135.717,34.6928],[135.7178,34.6949],[135.7157,34.6975],[135.7173,34.6994],[135.7173,34.7021],[135.7136,34.7031],[135.7134,34.7059],[135.7164,34.7072],[135.7193,34.7065],[135.7214,34.7072],[135.7233,34.7087],[135.725,34.7087],[135.7291,34.7099],[135.7296,34.7125],[135.7305,34.7139],[135.7338,34.7163],[135.7348,34.7183],[135.7367,34.7186],[135.7359,34.7209],[135.7391,34.7241],[135.738,34.7257],[135.7381,34.7287],[135.7397,34.7283],[135.7382,34.7259],[135.7403,34.7226],[135.7408,34.7243],[135.7403,34.7255],[135.7404,34.7279],[135.7417,34.7278],[135.742,34.7256],[135.7463,34.7254],[135.7537,34.7256],[135.7555,34.7275],[135.7548,34.7283],[135.7554,34.7303],[135.7553,34.7341],[135.7571,34.7359],[135.7532,34.7384],[135.751,34.7406],[135.7492,34.7413],[135.7476,34.7432],[135.7481,34.7457],[135.7464,34.7468],[135.7392,34.7483],[135.7383,34.7494],[135.7364,34.75],[135.7367,34.7518],[135.7366,34.7553],[135.7334,34.7548],[135.7334,34.7564],[135.7321,34.7575],[135.7327,34.7591],[135.7318,34.7629],[135.7321,34.7641],[135.7305,34.7655],[135.7301,34.7678],[135.7308,34.7697],[135.7299,34.7715],[135.7298,34.7748],[135.7286,34.778]]]},"properties":{"prefectureCode":"29","prefectureName":"奈良県","municipalityName":"生駒市","municipalityCode":"29209"}},
{"type":"Feature","geometry":{"type":"Polygon","coordinates":[[[135.6532,34.547],[135.6503,34.5442],[135.6517,34.5424],[135.6537,34.5414],[135.6565,34.5417],[135.6592,34.5438],[135.6601,34.5411],[135.6597,34.5386],[135.661,34.5377],[135.6619,34.535],[135.6612,34.534],[135.6615,34.5319],[135.6628,34.5296],[135.6641,34.5302],[135.6661,34.5294],[135.6675,34.5309],[135.6672,34.533],[135.6661,34.5351],[135.6684,34.5372],[135.6703,34.5359],[135.6719,34.5369],[135.6743,34.5373],[135.6737,34.5406],[135.676,34.5412],[135.676,34.5397],[135.6773,34.539],[135.6797,34.5404],[135.681,34.5392],[135.6786,34.5335],[135.6848,34.5344],[135.6863,34.5339],[135.6891,34.5342],[135.6917,34.5359],[135.6956,34.5356],[135.695,34.5331],[135.6968,34.5314],[135.6961,34.5287],[135.697,34.525],[135.7001,34.5252],[135.7062,34.5252],[135.7062,34.5205],[135.7066,34.5192],[135.7145,34.5193],[135.7167,34.5193],[135.7167,34.5266],[135.7201,34.5267],[135.7202,34.5307],[135.728,34.5308],[135.7285,34.5312],[135.7289,34.5326],[135.7271,34.5331],[135.7273,34.5344],[135.7296,34.5371],[135.7259,34.5394],[135.728,34.5441],[135.7218,34.5461],[135.7205,34.5468],[135.7204,34.5498],[135.7199,34.5516],[135.7176,34.5511],[135.7158,34.5518],[135.7132,34.5491],[135.7117,34.5483],[135.7099,34.5486],[135.7062,34.5483],[135.7055,34.5507],[135.7058,34.5527],[135.7055,34.562],[135.704,34.5645],[135.7053,34.5651],[135.706,34.5672],[135.7069,34.5678],[135.7068,34.5696],[135.7041,34.5698],[135.7049,34.5738],[135.699,34.5735],[135.6984,34.5728],[135.6939,34.572],[135.6929,34.5731],[135.6898,34.575],[135.6883,34.5741],[135.6862,34.5755],[135.6809,34.575],[135.6817,34.5726],[135.6796,34.5724],[135.679,34.5734],[135.6764,34.5722],[135.6744,34.5708],[135.6731,34.5707],[135.6698,34.5699],[135.6645,34.5676],[135.6617,34.5654],[135.6569,34.5623],[135.6578,34.5613],[135.6572,34.5563],[135.6545,34.5541],[135.6565,34.5537],[135.6567,34.5521],[135.6558,34.5492],[135.6532,34.547]]]},"properties":{"prefectureCode":"29","prefectureName":"奈良県","municipalityName":"香芝市","municipalityCode":"29210"}},
{"type":"Feature","geometry":{"type":"Polygon","coordinates":[[[135.6753,34.5057],[135.673,34.5029],[135.6747,34.5014],[135.6758,34.5013],[135.6783,34.4995],[135.6786,34.4969],[135.68,34.4953],[135.679,34.4931],[135.6794,34.4914],[135.6811,34.4885],[135.6825,34.4879],[135.6848,34.4836],[135.6831,34.4816],[135.6812,34.4802],[135.6821,34.4773],[135.6834,34.4761],[135.6826,34.4714],[135.6822,34.4652],[135.6822,34.4649],[135.6852,34.465],[135.6879,34.4643],[135.6898,34.4661],[135.6945,34.466],[135.6976,34.4651],[135.7024,34.4654],[135.7064,34.4671],[135.7092,34.4677],[135.7103,34.4702],[135.7127,34.4706],[135.7147,34.4702],[135.7174,34.4674],[135.7202,34.4684],[135.7239,34.4687],[135.7266,34.4725],[135.727,34.4736],[135.7316,34.4736],[135.734,34.4727],[135.7344,34.4717],[135.7371,34.4716],[135.7371,34.4707],[135.7411,34.4706],[135.7422,34.4745],[135.7446,34.4745],[135.7446,34.4735],[135.7496,34.4736],[135.7497,34.4785],[135.7506,34.4795],[135.7507,34.4817],[135.7472,34.4818],[135.742,34.4816],[135.7443,34.4859],[135.7459,34.4871],[135.7459,34.4908],[135.7468,34.4917],[135.7351,34.4916],[135.7347,34.4946],[135.7348,34.4989],[135.7308,34.4982],[135.7298,34.5033],[135.7302,34.5103],[135.7186,34.5102],[135.7183,34.5153],[135.7144,34.5154],[135.7145,34.5193],[135.7066,34.5192],[135.7062,34.5205],[135.7062,34.5252],[135.7001,34.5252],[135.697,34.525],[135.6961,34.5287],[135.6968,34.5314],[135.695,34.5331],[135.6956,34.5356],[135.6917,34.5359],[135.6891,34.5342],[135.6863,34.5339],[135.6848,34.5344],[135.6786,34.5335],[135.681,34.5392],[135.6797,34.5404],[135.6773,34.539],[135.676,34.5397],[135.676,34.5412],[135.6737,34.5406],[135.6743,34.5373],[135.6719,34.5369],[135.6703,34.5359],[135.6684,34.5372],[135.6661,34.5351],[135.6672,34.533],[135.6675,34.5309],[135.6697,34.5307],[135.6726,34.5295],[135.673,34.5286],[135.6769,34.5255],[135.6772,34.5249],[135.6758,34.5223],[135.6774,34.5182],[135.6768,34.5153],[135.6775,34.5096],[135.676,34.5088],[135.6768,34.5067],[135.6753,34.5057]]]},"properties":{"prefectureCode":"29","prefectureName":"奈良県","municipalityName":"葛城市","municipalityCode":"29211"}},
{"type":"Feature","geometry":{"type":"Polygon","coordinates":[[[135.9461,34.5603],[135.9471,34.5589],[135.9475,34.5561],[135.9467,34.5544],[135.9433,34.5528],[135.9402,34.5504],[135.9414,34.5467],[135.9406,34.5445],[135.9413,34.5422],[135.9428,34.5405],[135.9421,34.5394],[135.9396,34.5378],[135.9386,34.5352],[135.9361,34.5344],[135.9348,34.5326],[135.9353,34.5309],[135.9322,34.5309],[135.929,34.5305],[135.9293,34.5253],[135.926,34.5243],[135.9218,34.5214],[135.9196,34.521],[135.9181,34.5198],[135.9167,34.5199],[135.912,34.5186],[135.9105,34.5186],[135.9101,34.5171],[135.9105,34.5135],[135.9089,34.5131],[135.9083,34.5105],[135.9126,34.5082],[135.9135,34.5059],[135.9122,34.5043],[135.9082,34.5032],[135.9041,34.4987],[135.904,34.4951],[135.9017,34.4931],[135.902,34.4921],[135.8987,34.4878],[135.8964,34.4866],[135.8947,34.4865],[135.892,34.482],[135.8914,34.4804],[135.8884,34.479],[135.8869,34.4767],[135.8902,34.4731],[135.8901,34.4709],[135.8919,34.4671],[135.892,34.4636],[135.8929,34.4627],[135.8911,34.4599],[135.8896,34.4593],[135.8893,34.458],[135.89,34.4564],[135.8874,34.4534],[135.89,34.4513],[135.8927,34.4473],[135.8963,34.4474],[135.8972,34.4464],[135.8973,34.4429],[135.8985,34.4427],[135.9,34.4439],[135.9023,34.4439],[135.9057,34.4463],[135.9066,34.4479],[135.9102,34.4468],[135.9191,34.4449],[135.9223,34.4429],[135.9223,34.4415],[135.9246,34.44],[135.9252,34.437],[135.9272,34.4358],[135.9294,34.4354],[135.9323,34.4337],[135.9341,34.4319],[135.9335,34.4302],[135.9365,34.4283],[135.9395,34.4274],[135.945,34.4271],[135.9454,34.4282],[135.9446,34.4314],[135.946,34.433],[135.946,34.4342],[135.9478,34.4356],[135.9493,34.4356],[135.9514,34.4342],[135.9536,34.4313],[135.955,34.4307],[135.9581,34.432],[135.958,34.4331],[135.9596,34.4347],[135.9597,34.4362],[135.9646,34.4355],[135.9683,34.4377],[135.9713,34.438],[135.9746,34.4378],[135.9755,34.4366],[135.9789,34.4368],[135.9792,34.4381],[135.9808,34.4391],[135.9831,34.4393],[135.9846,34.4412],[135.9862,34.4412],[135.9887,34.4427],[135.9902,34.4427],[135.9923,34.4443],[135.9941,34.4431],[135.9968,34.4439],[135.9979,34.4432],[136.0002,34.4434],[136.0024,34.4427],[136.0071,34.4436],[136.0088,34.4453],[136.0111,34.4503],[136.0124,34.4513],[136.0129,34.4535],[136.0146,34.454],[136.0168,34.4534],[136.0177,34.4549],[136.0213,34.4556],[136.0251,34.455],[136.0287,34.4562],[136.0305,34.456],[136.0309,34.4586],[136.0338,34.4603],[136.0366,34.4606],[136.0371,34.4618],[136.042,34.4631],[136.0435,34.4659],[136.0458,34.4661],[136.0474,34.4683],[136.049,34.4688],[136.05,34.4702],[136.0472,34.4724],[136.0447,34.4733],[136.0385,34.4779],[136.0387,34.4799],[136.0415,34.4786],[136.0456,34.478],[136.0508,34.4777],[136.0539,34.479],[136.0595,34.4779],[136.0627,34.4789],[136.0638,34.4781],[136.0682,34.4773],[136.0706,34.4765],[136.0727,34.4771],[136.0729,34.4795],[136.071,34.4813],[136.0689,34.4842],[136.0682,34.4859],[136.0686,34.4883],[136.071,34.4919],[136.0744,34.4931],[136.0773,34.4933],[136.0784,34.4928],[136.08,34.4937],[136.0815,34.4956],[136.0815,34.4973],[136.083,34.4981],[136.0852,34.5037],[136.0878,34.5054],[136.086,34.5094],[136.0909,34.5139],[136.0927,34.5148],[136.0932,34.5167],[136.0902,34.5188],[136.0885,34.521],[136.0892,34.5224],[136.0889,34.5246],[136.0898,34.526],[136.0929,34.5263],[136.0945,34.5271],[136.0966,34.5271],[136.0974,34.5278],[136.0998,34.5281],[136.1014,34.5275],[136.1022,34.5285],[136.1021,34.5305],[136.1006,34.5315],[136.101,34.5339],[136.102,34.5347],[136.1024,34.5364],[136.1013,34.5391],[136.0998,34.5391],[136.0977,34.5404],[136.0999,34.5451],[136.1027,34.5469],[136.1042,34.549],[136.1047,34.551],[136.1061,34.5518],[136.1062,34.5549],[136.107,34.5563],[136.1012,34.5566],[136.099,34.5559],[136.0949,34.5579],[136.0932,34.557],[136.091,34.5573],[136.0899,34.5589],[136.0863,34.5583],[136.0847,34.5594],[136.0834,34.5593],[136.0823,34.5622],[136.08,34.5633],[136.0787,34.5632],[136.0756,34.5646],[136.0737,34.5667],[136.0714,34.5677],[136.0693,34.567],[136.0675,34.5678],[136.0658,34.567],[136.0603,34.5694],[136.0608,34.575],[136.0549,34.5785],[136.0522,34.5786],[136.0514,34.5809],[136.0498,34.5803],[136.0488,34.5827],[136.0465,34.5852],[136.0484,34.5874],[136.0507,34.5869],[136.0521,34.5891],[136.0512,34.5903],[136.0521,34.5931],[136.0491,34.5949],[136.0483,34.596],[136.0476,34.5988],[136.0466,34.6006],[136.0478,34.6023],[136.0503,34.6041],[136.0503,34.606],[136.0543,34.6098],[136.0558,34.6102],[136.0585,34.6134],[136.0586,34.6141],[136.0614,34.6169],[136.0623,34.6169],[136.0625,34.62],[136.0602,34.6204],[136.0574,34.6217],[136.0556,34.6213],[136.0507,34.621],[136.0462,34.6232],[136.0437,34.6232],[136.0429,34.6252],[136.0401,34.625],[136.0398,34.6265],[136.0371,34.6269],[136.0375,34.6283],[136.0346,34.6284],[136.0312,34.6305],[136.0286,34.6328],[136.0252,34.6352],[136.0237,34.6357],[136.0209,34.6355],[136.0198,34.6343],[136.0166,34.6319],[136.0168,34.6309],[136.0136,34.6288],[136.0089,34.6274],[136.0062,34.6275],[136.0051,34.6257],[136.0006,34.6268],[135.9927,34.6282],[135.9915,34.6269],[135.9947,34.6259],[135.9959,34.623],[135.9983,34.6229],[135.9995,34.6221],[135.9996,34.6186],[135.9958,34.616],[135.9942,34.6139],[135.9945,34.6114],[135.9923,34.6096],[135.9894,34.6105],[135.9869,34.6083],[135.9839,34.6077],[135.9847,34.6062],[135.9836,34.6044],[135.9798,34.6043],[135.9789,34.6024],[135.9797,34.6005],[135.9786,34.5996],[135.9807,34.5986],[135.9798,34.5967],[135.98,34.5955],[135.9748,34.594],[135.9727,34.5931],[135.9712,34.5908],[135.9709,34.5893],[135.9697,34.5888],[135.9696,34.5866],[135.9719,34.5847],[135.9739,34.5852],[135.9766,34.5847],[135.9775,34.5834],[135.978,34.5806],[135.9765,34.5796],[135.9734,34.5787],[135.9754,34.5763],[135.9742,34.5725],[135.9758,34.5708],[135.975,34.5681],[135.9766,34.5653],[135.9764,34.5644],[135.9739,34.5628],[135.9739,34.5599],[135.9721,34.5585],[135.9683,34.5589],[135.9667,34.5598],[135.9649,34.5596],[135.962,34.5581],[135.959,34.558],[135.9571,34.5589],[135.9536,34.5584],[135.9525,34.5594],[135.9487,34.559],[135.9461,34.5603]]]},"properties":{"prefectureCode":"29","prefectureName":"奈良県","municipalityName":"宇陀市","municipalityCode":"29212"}},
{"type":"Feature","geometry":{"type":"Polygon","coordinates":[[[135.9927,34.6282],[136.0006,34.6268],[136.0051,34.6257],[136.0062,34.6275],[136.0089,34.6274],[136.0136,34.6288],[136.0168,34.6309],[136.0166,34.6319],[136.0198,34.6343],[136.0209,34.6355],[136.0237,34.6357],[136.0252,34.6352],[136.0286,34.6328],[136.0312,34.6305],[136.0346,34.6284],[136.0375,34.6283],[136.0371,34.6269],[136.0398,34.6265],[136.0401,34.625],[136.0429,34.6252],[136.0437,34.6232],[136.0462,34.6232],[136.0507,34.621],[136.0556,34.6213],[136.0574,34.6217],[136.0602,34.6204],[136.0625,34.62],[136.065,34.6207],[136.0665,34.6219],[136.0689,34.6223],[136.07,34.6248],[136.0688,34.6265],[136.0694,34.6286],[136.0721,34.63],[136.0728,34.6317],[136.072,34.6325],[136.0736,34.6341],[136.0733,34.6363],[136.0714,34.6372],[136.0712,34.6405],[136.0679,34.6439],[136.0677,34.6466],[136.0655,34.6488],[136.0648,34.6516],[136.063,34.6506],[136.061,34.6508],[136.0582,34.6528],[136.055,34.6528],[136.0513,34.6521],[136.0505,34.6523],[136.046,34.6558],[136.0439,34.6569],[136.0425,34.6586],[136.041,34.6592],[136.0396,34.6614],[136.0409,34.6638],[136.0436,34.6613],[136.044,34.6602],[136.0473,34.6588],[136.0489,34.6585],[136.054,34.6562],[136.0565,34.6555],[136.0596,34.6541],[136.0616,34.6528],[136.0645,34.652],[136.0674,34.6541],[136.0681,34.6556],[136.0703,34.6569],[136.0706,34.6578],[136.0751,34.6587],[136.0778,34.6588],[136.0783,34.6612],[136.0778,34.6626],[136.0793,34.6644],[136.082,34.6652],[136.0833,34.6675],[136.0822,34.6699],[136.0842,34.6734],[136.0865,34.6753],[136.0849,34.678],[136.0821,34.679],[136.0828,34.6811],[136.0823,34.6822],[136.0797,34.684],[136.0797,34.686],[136.0789,34.6899],[136.0774,34.691],[136.0751,34.6977],[136.074,34.6983],[136.071,34.6978],[136.0682,34.6978],[136.0638,34.6987],[136.062,34.6997],[136.0599,34.6998],[136.0587,34.7007],[136.058,34.7024],[136.056,34.7035],[136.0549,34.7029],[136.0519,34.6999],[136.0494,34.6995],[136.0468,34.6973],[136.0452,34.6978],[136.043,34.7014],[136.0426,34.703],[136.0399,34.7025],[136.037,34.7015],[136.0367,34.7005],[136.0346,34.7007],[136.0323,34.6991],[136.0342,34.6982],[136.0351,34.694],[136.0334,34.6948],[136.0326,34.6935],[136.0303,34.6941],[136.0274,34.6968],[136.026,34.6946],[136.0246,34.6964],[136.0213,34.695],[136.0215,34.6942],[136.02,34.6922],[136.0197,34.6895],[136.0188,34.6887],[136.0178,34.6854],[136.0154,34.6837],[136.0122,34.6844],[136.0091,34.6834],[136.0081,34.6843],[136.0062,34.684],[136.0036,34.6846],[136.0021,34.6855],[135.9986,34.684],[135.9968,34.6852],[135.9963,34.6869],[135.9938,34.6862],[135.9897,34.6865],[135.988,34.6898],[135.9872,34.6924],[135.9869,34.6964],[135.9863,34.6992],[135.9842,34.6978],[135.9826,34.6978],[135.9817,34.6991],[135.9803,34.6994],[135.98,34.6944],[135.9787,34.6932],[135.9795,34.6911],[135.9781,34.6903],[135.9731,34.6888],[135.9703,34.6871],[135.9698,34.6857],[135.9683,34.6854],[135.9655,34.6863],[135.9628,34.686],[135.9605,34.6865],[135.9581,34.6848],[135.9567,34.6849],[135.9557,34.6831],[135.9529,34.6808],[135.9532,34.6772],[135.9549,34.6755],[135.9543,34.6736],[135.9569,34.6726],[135.96,34.6706],[135.959,34.6682],[135.9599,34.6661],[135.9603,34.6635],[135.9594,34.6631],[135.9589,34.6602],[135.9607,34.6574],[135.9587,34.6556],[135.9551,34.6545],[135.9592,34.6534],[135.962,34.6536],[135.9628,34.6544],[135.9648,34.6539],[135.9659,34.6553],[135.9672,34.6544],[135.9728,34.655],[135.9737,34.6546],[135.9787,34.6559],[135.9806,34.658],[135.9836,34.6595],[135.984,34.6611],[135.9835,34.6631],[135.9819,34.6623],[135.9807,34.6633],[135.981,34.6648],[135.984,34.6675],[135.9883,34.6688],[135.9918,34.6683],[135.9936,34.6674],[135.9922,34.6641],[135.9933,34.6631],[135.9906,34.6606],[135.9904,34.6583],[135.9889,34.6562],[135.9916,34.6546],[135.993,34.6533],[135.9942,34.6495],[135.9958,34.6488],[135.9963,34.6475],[135.9979,34.6461],[135.9987,34.6433],[136.0001,34.6411],[135.9992,34.6379],[135.9961,34.6357],[135.9937,34.6354],[135.9942,34.6333],[135.9939,34.631],[135.9908,34.6302],[135.9927,34.6282]]]},"properties":{"prefectureCode":"29","prefectureName":"奈良県","municipalityName":"山添村","municipalityCode":"29322"}},
{"type":"Feature","geometry":{"type":"Polygon","coordinates":[[[135.6588,34.6147],[135.6614,34.6123],[135.6655,34.6126],[135.6658,34.6116],[135.669,34.6083],[135.6706,34.6079],[135.6732,34.6062],[135.6737,34.6084],[135.6757,34.6116],[135.6769,34.6127],[135.6843,34.6144],[135.6887,34.6126],[135.6903,34.6134],[135.6946,34.6148],[135.6945,34.6158],[135.6976,34.6159],[135.6994,34.6155],[135.7019,34.614],[135.703,34.6111],[135.7052,34.6111],[135.7074,34.61],[135.7099,34.6097],[135.7124,34.6109],[135.7123,34.6124],[135.7133,34.6152],[135.7142,34.6156],[135.7155,34.6181],[135.7176,34.6183],[135.7187,34.6206],[135.7183,34.6224],[135.7188,34.6247],[135.72,34.6251],[135.7211,34.6273],[135.7188,34.6298],[135.7192,34.6317],[135.7181,34.6332],[135.7178,34.6353],[135.7191,34.637],[135.7182,34.6385],[135.7162,34.64],[135.7173,34.6411],[135.7182,34.6436],[135.7193,34.6443],[135.7202,34.6465],[135.7189,34.6482],[135.7171,34.6486],[135.7149,34.648],[135.7122,34.6492],[135.7115,34.6483],[135.707,34.6478],[135.7041,34.6484],[135.7018,34.6494],[135.7001,34.6492],[135.6966,34.6508],[135.6947,34.6535],[135.6921,34.6546],[135.6905,34.6529],[135.6889,34.6533],[135.6889,34.6549],[135.6859,34.6602],[135.6815,34.6611],[135.6797,34.6606],[135.6763,34.6622],[135.6711,34.6616],[135.6695,34.6573],[135.6681,34.6565],[135.6667,34.6535],[135.6649,34.6527],[135.6643,34.65],[135.6658,34.6489],[135.6654,34.648],[135.6653,34.6438],[135.6643,34.6433],[135.6626,34.6403],[135.663,34.6364],[135.6617,34.6344],[135.6634,34.6333],[135.6632,34.6295],[135.6617,34.6283],[135.661,34.6252],[135.6589,34.6231],[135.6595,34.6209],[135.6578,34.6164],[135.6588,34.6147]]]},"properties":{"prefectureCode":"29","prefectureName":"奈良県","municipalityName":"平群町","municipalityCode":"29342"}},
{"type":"Feature","geometry":{"type":"Polygon","coordinates":[[[135.6518,34.6068],[135.6523,34.6039],[135.6541,34.6031],[135.6559,34.6032],[135.6612,34.6019],[135.6695,34.603],[135.6711,34.6037],[135.6749,34.6017],[135.6749,34.5999],[135.6761,34.5987],[135.6765,34.5962],[135.678,34.5939],[135.6777,34.5923],[135.6791,34.591],[135.6773,34.5898],[135.6777,34.5882],[135.6795,34.5878],[135.6806,34.5867],[135.6806,34.5851],[135.6818,34.5848],[135.6833,34.5859],[135.6855,34.5864],[135.6883,34.588],[135.6905,34.5899],[135.6934,34.5908],[135.6963,34.5925],[135.6964,34.5935],[135.6947,34.5955],[135.6959,34.5988],[135.6971,34.6],[135.6994,34.601],[135.7071,34.6008],[135.7093,34.599],[135.7112,34.5995],[135.7116,34.6015],[135.7108,34.6035],[135.7121,34.6043],[135.7105,34.6058],[135.7094,34.6086],[135.7099,34.6097],[135.7074,34.61],[135.7052,34.6111],[135.703,34.6111],[135.7019,34.614],[135.6994,34.6155],[135.6976,34.6159],[135.6945,34.6158],[135.6946,34.6148],[135.6903,34.6134],[135.6887,34.6126],[135.6843,34.6144],[135.6769,34.6127],[135.6757,34.6116],[135.6737,34.6084],[135.6732,34.6062],[135.6706,34.6079],[135.669,34.6083],[135.6658,34.6116],[135.6655,34.6126],[135.6614,34.6123],[135.6588,34.6147],[135.6568,34.6117],[135.6542,34.6112],[135.651,34.61],[135.6501,34.6078],[135.6518,34.6068]]]},"properties":{"prefectureCode":"29","prefectureName":"奈良県","municipalityName":"三郷町","municipalityCode":"29343"}},
{"type":"Feature","geometry":{"type":"Polygon","coordinates":[[[135.7216,34.6467],[135.7202,34.6465],[135.7193,34.6443],[135.7182,34.6436],[135.7173,34.6411],[135.7162,34.64],[135.7182,34.6385],[135.7191,34.637],[135.7178,34.6353],[135.7181,34.6332],[135.7192,34.6317],[135.7188,34.6298],[135.7211,34.6273],[135.72,34.6251],[135.7188,34.6247],[135.7183,34.6224],[135.7187,34.6206],[135.7176,34.6183],[135.7155,34.6181],[135.7142,34.6156],[135.7133,34.6152],[135.7123,34.6124],[135.7124,34.6109],[135.7099,34.6097],[135.7094,34.6086],[135.7105,34.6058],[135.7121,34.6043],[135.7108,34.6035],[135.7116,34.6015],[135.7112,34.5995],[135.7093,34.599],[135.7106,34.5974],[135.713,34.5957],[135.7157,34.5949],[135.718,34.5949],[135.7209,34.5958],[135.7229,34.5951],[135.7234,34.5923],[135.725,34.591],[135.7269,34.5907],[135.7379,34.5923],[135.7415,34.5932],[135.743,34.5973],[135.741,34.5975],[135.7413,34.6009],[135.7423,34.6023],[135.7445,34.6021],[135.7463,34.6035],[135.7473,34.6073],[135.7517,34.6074],[135.7539,34.6105],[135.7541,34.6118],[135.7564,34.6143],[135.7569,34.6187],[135.7549,34.6181],[135.7519,34.6158],[135.7517,34.6193],[135.7493,34.6194],[135.7491,34.624],[135.7474,34.6256],[135.7441,34.6262],[135.7429,34.6279],[135.7378,34.6287],[135.7376,34.6307],[135.7339,34.6325],[135.7294,34.6317],[135.7274,34.6329],[135.7261,34.6353],[135.7292,34.6374],[135.729,34.6387],[135.7301,34.6399],[135.7283,34.6418],[135.7283,34.6431],[135.7271,34.6445],[135.722,34.6433],[135.7216,34.6467]]]},"properties":{"prefectureCode":"29","prefectureName":"奈良県","municipalityName":"斑鳩町","municipalityCode":"29344"}},
{"type":"Feature","geometry":{"type":"Polygon","coordinates":[[[135.7569,34.6187],[135.7564,34.6143],[135.7541,34.6118],[135.7539,34.6105],[135.7517,34.6074],[135.7473,34.6073],[135.7463,34.6035],[135.7445,34.6021],[135.7423,34.6023],[135.7413,34.6009],[135.741,34.5975],[135.743,34.5973],[135.7415,34.5932],[135.7452,34.5928],[135.7495,34.5929],[135.7516,34.592],[135.7542,34.5893],[135.756,34.589],[135.757,34.5916],[135.7584,34.5924],[135.7607,34.5916],[135.7621,34.5925],[135.7621,34.5947],[135.7633,34.5959],[135.766,34.5962],[135.7675,34.5971],[135.7675,34.6014],[135.7661,34.6014],[135.7661,34.6037],[135.7668,34.6056],[135.7683,34.6065],[135.7676,34.6076],[135.7678,34.6099],[135.7654,34.6093],[135.7649,34.6076],[135.7659,34.6071],[135.7658,34.605],[135.7623,34.6078],[135.7608,34.608],[135.7613,34.6102],[135.7614,34.6185],[135.7607,34.6189],[135.7569,34.6187]]]},"properties":{"prefectureCode":"29","prefectureName":"奈良県","municipalityName":"安堵町","municipalityCode":"29345"}},
{"type":"Feature","geometry":{"type":"Polygon","coordinates":[[[135.7675,34.5971],[135.766,34.5962],[135.7633,34.5959],[135.7621,34.5947],[135.7621,34.5925],[135.7607,34.5916],[135.7584,34.5924],[135.757,34.5916],[135.756,34.589],[135.7542,34.5893],[135.7516,34.592],[135.7503,34.5906],[135.7512,34.5873],[135.7531,34.5857],[135.7512,34.5848],[135.7505,34.582],[135.7509,34.5805],[135.7532,34.5806],[135.7591,34.5806],[135.7596,34.5787],[135.7618,34.5792],[135.771,34.5797],[135.7735,34.5807],[135.7743,34.5797],[135.7766,34.5799],[135.7866,34.58],[135.7869,34.5815],[135.7866,34.5856],[135.7889,34.5856],[135.7901,34.5848],[135.7922,34.5863],[135.7944,34.5869],[135.7951,34.5882],[135.7951,34.5907],[135.7903,34.5907],[135.7901,34.5946],[135.7864,34.5958],[135.7863,34.5976],[135.7823,34.5976],[135.7821,34.5965],[135.7782,34.5965],[135.7777,34.5955],[135.7746,34.5955],[135.7702,34.5973],[135.7675,34.5971]]]},"properties":{"prefectureCode":"29","prefectureName":"奈良県","municipalityName":"川西町","municipalityCode":"29361"}},
{"type":"Feature","geometry":{"type":"Polygon","coordinates":[[[135.7866,34.58],[135.7766,34.5799],[135.7743,34.5797],[135.7735,34.5807],[135.771,34.5797],[135.7618,34.5792],[135.7596,34.5787],[135.7591,34.5806],[135.7532,34.5806],[135.7536,34.5795],[135.7525,34.5783],[135.7537,34.5773],[135.759,34.5743],[135.761,34.574],[135.7627,34.5727],[135.7618,34.5716],[135.7612,34.569],[135.7642,34.5673],[135.7636,34.5646],[135.7634,34.5615],[135.7649,34.5624],[135.7652,34.5639],[135.7691,34.5641],[135.7691,34.5652],[135.7738,34.5652],[135.7738,34.5672],[135.7715,34.5681],[135.7715,34.5699],[135.7737,34.5701],[135.7816,34.57],[135.7832,34.5672],[135.7854,34.5673],[135.7854,34.57],[135.788,34.5692],[135.788,34.5673],[135.7936,34.567],[135.794,34.5686],[135.7928,34.5691],[135.7929,34.5707],[135.7905,34.5738],[135.7903,34.5779],[135.7869,34.5785],[135.7866,34.58]]]},"properties":{"prefectureCode":"29","prefectureName":"奈良県","municipalityName":"三宅町","municipalityCode":"29362"}},
{"type":"Feature","geometry":{"type":"Polygon","coordinates":[[[135.7903,34.5779],[135.7905,34.5738],[135.7929,34.5707],[135.7928,34.5691],[135.794,34.5686],[135.7936,34.567],[135.788,34.5673],[135.788,34.5692],[135.7854,34.57],[135.7854,34.5673],[135.7832,34.5672],[135.7816,34.57],[135.7737,34.5701],[135.7715,34.5699],[135.7715,34.5681],[135.7738,34.5672],[135.7738,34.5652],[135.7691,34.5652],[135.7691,34.5641],[135.7652,34.5639],[135.7649,34.5624],[135.7634,34.5615],[135.7627,34.5604],[135.7635,34.5589],[135.7627,34.5566],[135.7625,34.5528],[135.7644,34.5516],[135.7655,34.5484],[135.7667,34.5474],[135.7655,34.5461],[135.7676,34.5452],[135.7682,34.5443],[135.7674,34.5415],[135.768,34.5392],[135.7658,34.5376],[135.7684,34.5372],[135.7699,34.5353],[135.7828,34.5354],[135.7835,34.5342],[135.7832,34.5299],[135.7864,34.5296],[135.7864,34.5306],[135.7904,34.5307],[135.7921,34.5311],[135.7957,34.5308],[135.7956,34.5368],[135.7986,34.5366],[135.7991,34.5375],[135.8042,34.5376],[135.8043,34.5365],[135.8066,34.5366],[135.8079,34.5347],[135.8166,34.5346],[135.8185,34.535],[135.8182,34.5424],[135.8189,34.5445],[135.8227,34.5446],[135.8223,34.5457],[135.8255,34.5458],[135.8262,34.5485],[135.826,34.5513],[135.8247,34.5516],[135.8245,34.5535],[135.8225,34.5535],[135.8212,34.5545],[135.8208,34.5606],[135.8141,34.5606],[135.8137,34.5631],[135.8115,34.5642],[135.8115,34.5691],[135.8129,34.5691],[135.8131,34.571],[135.8125,34.5739],[135.8094,34.5741],[135.8076,34.5775],[135.8074,34.5895],[135.8051,34.5897],[135.8051,34.584],[135.8039,34.5831],[135.7994,34.5838],[135.7998,34.5815],[135.799,34.5798],[135.799,34.5769],[135.7975,34.5779],[135.7954,34.5779],[135.7952,34.5798],[135.7935,34.5794],[135.7903,34.5794],[135.7903,34.5779]]]},"properties":{"prefectureCode":"29","prefectureName":"奈良県","municipalityName":"田原本町","municipalityCode":"29363"}},
{"type":"Feature","geometry":{"type":"Polygon","coordinates":[[[136.0727,34.4771],[136.0768,34.4768],[136.0789,34.475],[136.0816,34.4745],[136.082,34.4733],[136.0849,34.4739],[136.0862,34.4752],[136.0878,34.4748],[136.0902,34.4761],[136.0947,34.4756],[136.0957,34.4762],[136.0987,34.4763],[136.101,34.478],[136.1018,34.4803],[136.1037,34.4814],[136.104,34.4832],[136.1057,34.4853],[136.1073,34.4897],[136.11,34.4913],[136.1137,34.491],[136.1156,34.493],[136.117,34.4935],[136.1163,34.495],[136.1184,34.4953],[136.1195,34.4938],[136.1223,34.4936],[136.1262,34.4951],[136.1279,34.494],[136.131,34.4937],[136.1352,34.4937],[136.139,34.4957],[136.1419,34.4959],[136.1441,34.4967],[136.1474,34.4965],[136.1479,34.4973],[136.1513,34.499],[136.1517,34.4997],[136.1515,34.5044],[136.1554,34.506],[136.1576,34.5074],[136.1575,34.5135],[136.1596,34.5142],[136.16,34.5152],[136.1637,34.5158],[136.1674,34.5202],[136.1677,34.5209],[136.1672,34.5247],[136.1678,34.5261],[136.1698,34.5272],[136.1706,34.5295],[136.1703,34.5307],[136.1713,34.5322],[136.1718,34.5348],[136.171,34.5375],[136.1697,34.5389],[136.1669,34.5396],[136.1657,34.5414],[136.1612,34.545],[136.1598,34.5467],[136.1614,34.5491],[136.1595,34.5505],[136.1576,34.5527],[136.1583,34.555],[136.1561,34.5555],[136.1554,34.5577],[136.1555,34.5597],[136.1512,34.5592],[136.1514,34.5557],[136.1466,34.5558],[136.1429,34.5577],[136.1417,34.5593],[136.1396,34.5593],[136.1384,34.561],[136.1339,34.5552],[136.1239,34.5494],[136.1237,34.5481],[136.1217,34.5487],[136.1197,34.548],[136.1186,34.5465],[136.1167,34.5469],[136.1145,34.5459],[136.1136,34.5464],[136.1123,34.5501],[136.1113,34.5513],[136.1114,34.5542],[136.1106,34.5565],[136.1094,34.5568],[136.107,34.5563],[136.1062,34.5549],[136.1061,34.5518],[136.1047,34.551],[136.1042,34.549],[136.1027,34.5469],[136.0999,34.5451],[136.0977,34.5404],[136.0998,34.5391],[136.1013,34.5391],[136.1024,34.5364],[136.102,34.5347],[136.101,34.5339],[136.1006,34.5315],[136.1021,34.5305],[136.1022,34.5285],[136.1014,34.5275],[136.0998,34.5281],[136.0974,34.5278],[136.0966,34.5271],[136.0945,34.5271],[136.0929,34.5263],[136.0898,34.526],[136.0889,34.5246],[136.0892,34.5224],[136.0885,34.521],[136.0902,34.5188],[136.0932,34.5167],[136.0927,34.5148],[136.0909,34.5139],[136.086,34.5094],[136.0878,34.5054],[136.0852,34.5037],[136.083,34.4981],[136.0815,34.4973],[136.0815,34.4956],[136.08,34.4937],[136.0784,34.4928],[136.0773,34.4933],[136.0744,34.4931],[136.071,34.4919],[136.0686,34.4883],[136.0682,34.4859],[136.0689,34.4842],[136.071,34.4813],[136.0729,34.4795],[136.0727,34.4771]]]},"properties":{"prefectureCode":"29","prefectureName":"奈良県","municipalityName":"曽爾村","municipalityCode":"29385"}},
{"type":"Feature","geometry":{"type":"Polygon","coordinates":[[[136.082,34.4733],[136.0805,34.4712],[136.0814,34.4703],[136.0824,34.4663],[136.0864,34.4636],[136.0856,34.4617],[136.0878,34.4551],[136.0874,34.4533],[136.088,34.4516],[136.0907,34.4496],[136.0909,34.446],[136.0928,34.4429],[136.0949,34.4415],[136.0958,34.4375],[136.0959,34.4352],[136.1006,34.4359],[136.1035,34.4359],[136.107,34.4354],[136.1093,34.436],[136.1113,34.4357],[136.1138,34.4369],[136.1148,34.4392],[136.1167,34.4408],[136.118,34.4427],[136.1208,34.4432],[136.1271,34.4436],[136.1284,34.4453],[136.1313,34.4451],[136.1323,34.4442],[136.1349,34.4438],[136.1361,34.4428],[136.1384,34.4431],[136.1393,34.4421],[136.1427,34.4418],[136.1442,34.4411],[136.1477,34.442],[136.1514,34.4419],[136.153,34.4439],[136.1533,34.4454],[136.1566,34.4468],[136.1582,34.449],[136.1612,34.4483],[136.1654,34.4484],[136.1691,34.4472],[136.1703,34.4464],[136.1733,34.4458],[136.1785,34.4455],[136.1794,34.4463],[136.1818,34.4464],[136.1854,34.4481],[136.1885,34.4506],[136.1918,34.4495],[136.1975,34.45],[136.1988,34.4492],[136.2008,34.4495],[136.2054,34.4483],[136.2066,34.4492],[136.2065,34.4507],[136.2076,34.452],[136.2086,34.4555],[136.2075,34.4605],[136.2089,34.4624],[136.2096,34.465],[136.2093,34.4671],[136.2116,34.4704],[136.2147,34.4727],[136.2142,34.475],[136.2154,34.478],[136.2148,34.4797],[136.2156,34.4812],[136.2184,34.4836],[136.2192,34.4852],[136.2239,34.4868],[136.2257,34.488],[136.2285,34.4891],[136.2298,34.4919],[136.229,34.4947],[136.2269,34.4954],[136.2238,34.4955],[136.2221,34.4966],[136.2198,34.4965],[136.2183,34.497],[136.2157,34.4995],[136.2147,34.5013],[136.2158,34.5078],[136.2195,34.5105],[136.2198,34.5159],[136.2184,34.5202],[136.216,34.5233],[136.2165,34.5244],[136.2166,34.528],[136.2146,34.5288],[136.2099,34.529],[136.2074,34.5278],[136.198,34.525],[136.1964,34.5239],[136.1936,34.5235],[136.1898,34.524],[136.1867,34.522],[136.1861,34.5209],[136.1833,34.519],[136.1821,34.5168],[136.1754,34.5178],[136.1718,34.5182],[136.169,34.5198],[136.1674,34.5202],[136.1637,34.5158],[136.16,34.5152],[136.1596,34.5142],[136.1575,34.5135],[136.1576,34.5074],[136.1554,34.506],[136.1515,34.5044],[136.1517,34.4997],[136.1513,34.499],[136.1479,34.4973],[136.1474,34.4965],[136.1441,34.4967],[136.1419,34.4959],[136.139,34.4957],[136.1352,34.4937],[136.131,34.4937],[136.1279,34.494],[136.1262,34.4951],[136.1223,34.4936],[136.1195,34.4938],[136.1184,34.4953],[136.1163,34.495],[136.117,34.4935],[136.1156,34.493],[136.1137,34.491],[136.11,34.4913],[136.1073,34.4897],[136.1057,34.4853],[136.104,34.4832],[136.1037,34.4814],[136.1018,34.4803],[136.101,34.478],[136.0987,34.4763],[136.0957,34.4762],[136.0947,34.4756],[136.0902,34.4761],[136.0878,34.4748],[136.0862,34.4752],[136.0849,34.4739],[136.082,34.4733]]]},"properties":{"prefectureCode":"29","prefectureName":"奈良県","municipalityName":"御杖村","municipalityCode":"29386"}},
{"type":"Feature","geometry":{"type":"Polygon","coordinates":[[[135.7636,34.4654],[135.7633,34.4605],[135.7639,34.4585],[135.7635,34.455],[135.7641,34.4538],[135.7662,34.4537],[135.7684,34.4515],[135.7694,34.4496],[135.7699,34.4448],[135.7718,34.4444],[135.7721,34.4431],[135.7707,34.4416],[135.7686,34.4414],[135.7675,34.4421],[135.7655,34.4418],[135.7651,34.4397],[135.7622,34.4375],[135.7623,34.4363],[135.7603,34.4327],[135.7601,34.4306],[135.7593,34.4292],[135.761,34.4266],[135.7607,34.4244],[135.7652,34.422],[135.7654,34.4203],[135.7664,34.4198],[135.769,34.4213],[135.7706,34.4213],[135.7713,34.4192],[135.7729,34.4178],[135.7767,34.4188],[135.7796,34.4176],[135.7819,34.4178],[135.7834,34.4205],[135.7862,34.4194],[135.7878,34.4213],[135.79,34.4205],[135.7919,34.419],[135.7951,34.4186],[135.7975,34.4191],[135.7985,34.4205],[135.8006,34.4204],[135.8019,34.4215],[135.8064,34.4212],[135.8081,34.4223],[135.8102,34.4219],[135.8125,34.4223],[135.8127,34.4203],[135.8119,34.4185],[135.8122,34.4161],[135.8149,34.4139],[135.8152,34.4127],[135.8178,34.4126],[135.8206,34.415],[135.8224,34.4154],[135.8235,34.4178],[135.8254,34.4187],[135.8249,34.4207],[135.8252,34.4227],[135.8272,34.4235],[135.8279,34.4249],[135.8305,34.4266],[135.8334,34.4263],[135.8364,34.4266],[135.839,34.4255],[135.8423,34.4247],[135.8447,34.4281],[135.8468,34.429],[135.8434,34.4317],[135.8425,34.4319],[135.8421,34.4341],[135.8405,34.4339],[135.8378,34.436],[135.8361,34.4363],[135.8358,34.4381],[135.8307,34.4419],[135.8285,34.4428],[135.8264,34.4449],[135.8244,34.4449],[135.8206,34.4462],[135.8202,34.4447],[135.8166,34.4446],[135.8133,34.442],[135.8108,34.4424],[135.809,34.4419],[135.807,34.4434],[135.8037,34.4445],[135.8028,34.446],[135.803,34.4482],[135.802,34.4493],[135.8034,34.4513],[135.8009,34.4542],[135.798,34.4567],[135.7973,34.4589],[135.7955,34.4597],[135.7888,34.4589],[135.7842,34.4597],[135.7808,34.4606],[135.7806,34.4626],[135.7827,34.4631],[135.7831,34.4643],[135.7856,34.4647],[135.7884,34.4673],[135.7871,34.4679],[135.7845,34.468],[135.7803,34.47],[135.7777,34.4696],[135.7768,34.4711],[135.7745,34.4712],[135.772,34.4692],[135.7705,34.4672],[135.7681,34.4676],[135.766,34.4666],[135.7644,34.4666],[135.7636,34.4654]]]},"properties":{"prefectureCode":"29","prefectureName":"奈良県","municipalityName":"高取町","municipalityCode":"29401"}},
{"type":"Feature","geometry":{"type":"Polygon","coordinates":[[[135.7884,34.4673],[135.7856,34.4647],[135.7831,34.4643],[135.7827,34.4631],[135.7806,34.4626],[135.7808,34.4606],[135.7842,34.4597],[135.7888,34.4589],[135.7955,34.4597],[135.7973,34.4589],[135.798,34.4567],[135.8009,34.4542],[135.8034,34.4513],[135.802,34.4493],[135.803,34.4482],[135.8028,34.446],[135.8037,34.4445],[135.807,34.4434],[135.809,34.4419],[135.8108,34.4424],[135.8133,34.442],[135.8166,34.4446],[135.8202,34.4447],[135.8206,34.4462],[135.8244,34.4449],[135.8264,34.4449],[135.8285,34.4428],[135.8307,34.4419],[135.8358,34.4381],[135.8361,34.4363],[135.8378,34.436],[135.8405,34.4339],[135.8421,34.4341],[135.8425,34.4319],[135.8434,34.4317],[135.8468,34.429],[135.849,34.4318],[135.8523,34.4338],[135.8542,34.4342],[135.8548,34.436],[135.8576,34.438],[135.8581,34.4403],[135.8609,34.4424],[135.8633,34.442],[135.8647,34.443],[135.8672,34.4433],[135.8673,34.4455],[135.8655,34.4463],[135.8652,34.4476],[135.8619,34.4529],[135.8639,34.4546],[135.8655,34.4581],[135.8616,34.4585],[135.8603,34.4579],[135.8573,34.4582],[135.8562,34.461],[135.852,34.4626],[135.8514,34.4652],[135.85,34.465],[135.8494,34.4671],[135.847,34.4678],[135.849,34.4697],[135.849,34.4707],[135.8432,34.4708],[135.8404,34.4713],[135.8378,34.4735],[135.8337,34.4757],[135.8313,34.4793],[135.8293,34.4799],[135.8275,34.4812],[135.8248,34.4817],[135.8237,34.4833],[135.8264,34.4834],[135.8271,34.4843],[135.8266,34.4863],[135.825,34.4882],[135.8251,34.4894],[135.8219,34.4886],[135.8199,34.4902],[135.8162,34.4898],[135.8159,34.4923],[135.8147,34.4931],[135.812,34.4933],[135.8095,34.4955],[135.8097,34.4923],[135.8117,34.4921],[135.812,34.4903],[135.8105,34.4897],[135.8125,34.4855],[135.8121,34.4839],[135.81,34.4839],[135.8093,34.4821],[135.8075,34.4824],[135.8078,34.479],[135.8087,34.4765],[135.8079,34.4756],[135.8086,34.4724],[135.8083,34.4708],[135.8062,34.469],[135.7997,34.4695],[135.7989,34.4682],[135.7944,34.4685],[135.7936,34.4676],[135.7906,34.4663],[135.7884,34.4673]]]},"properties":{"prefectureCode":"29","prefectureName":"奈良県","municipalityName":"明日香村","municipalityCode":"29402"}},
{"type":"Feature","geometry":{"type":"Polygon","coordinates":[[[135.7199,34.5516],[135.7199,34.553],[135.7259,34.5554],[135.7254,34.5578],[135.7263,34.5612],[135.7291,34.566],[135.728,34.5669],[135.727,34.5689],[135.7252,34.5701],[135.7256,34.5731],[135.7271,34.5734],[135.727,34.5769],[135.7246,34.5776],[135.7223,34.5777],[135.7191,34.5797],[135.7191,34.5813],[135.7172,34.5821],[135.7126,34.5821],[135.7121,34.5824],[135.7102,34.5807],[135.7094,34.5788],[135.707,34.5781],[135.7056,34.577],[135.7049,34.5738],[135.7041,34.5698],[135.7068,34.5696],[135.7069,34.5678],[135.706,34.5672],[135.7053,34.5651],[135.704,34.5645],[135.7055,34.562],[135.7058,34.5527],[135.7055,34.5507],[135.7062,34.5483],[135.7099,34.5486],[135.7117,34.5483],[135.7132,34.5491],[135.7158,34.5518],[135.7176,34.5511],[135.7199,34.5516]]]},"properties":{"prefectureCode":"29","prefectureName":"奈良県","municipalityName":"上牧町","municipalityCode":"29424"}},
{"type":"Feature","geometry":{"type":"Polygon","coordinates":[[[135.6731,34.5707],[135.6744,34.5708],[135.6764,34.5722],[135.679,34.5734],[135.6796,34.5724],[135.6817,34.5726],[135.6809,34.575],[135.6862,34.5755],[135.6883,34.5741],[135.6898,34.575],[135.6929,34.5731],[135.6939,34.572],[135.6984,34.5728],[135.699,34.5735],[135.7049,34.5738],[135.7056,34.577],[135.707,34.5781],[135.7094,34.5788],[135.7102,34.5807],[135.7121,34.5824],[135.7094,34.5835],[135.7089,34.5861],[135.7095,34.5886],[135.7121,34.5893],[135.7136,34.5907],[135.7159,34.5903],[135.7155,34.5923],[135.7157,34.5949],[135.713,34.5957],[135.7106,34.5974],[135.7093,34.599],[135.7071,34.6008],[135.6994,34.601],[135.6971,34.6],[135.6959,34.5988],[135.6947,34.5955],[135.6964,34.5935],[135.6963,34.5925],[135.6934,34.5908],[135.6905,34.5899],[135.6883,34.588],[135.6855,34.5864],[135.6833,34.5859],[135.6818,34.5848],[135.6809,34.5826],[135.6779,34.5812],[135.6757,34.5797],[135.6715,34.5799],[135.6706,34.5762],[135.6711,34.5742],[135.6734,34.5716],[135.6731,34.5707]]]},"properties":{"prefectureCode":"29","prefectureName":"奈良県","municipalityName":"王寺町","municipalityCode":"29425"}},
{"type":"Feature","geometry":{"type":"Polygon","coordinates":[[[135.7645,34.5295],[135.7665,34.5295],[135.7677,34.5313],[135.7681,34.5342],[135.7699,34.5353],[135.7684,34.5372],[135.7658,34.5376],[135.768,34.5392],[135.7674,34.5415],[135.7682,34.5443],[135.7676,34.5452],[135.7655,34.5461],[135.7667,34.5474],[135.7655,34.5484],[135.7644,34.5516],[135.7625,34.5528],[135.7627,34.5566],[135.7635,34.5589],[135.7627,34.5604],[135.7634,34.5615],[135.7636,34.5646],[135.7642,34.5673],[135.7612,34.569],[135.7618,34.5716],[135.7627,34.5727],[135.761,34.574],[135.759,34.5743],[135.7537,34.5773],[135.7525,34.5783],[135.7488,34.5778],[135.7466,34.5783],[135.7432,34.5785],[135.7408,34.577],[135.7384,34.5765],[135.739,34.575],[135.7387,34.5732],[135.7374,34.572],[135.7377,34.57],[135.7362,34.5684],[135.7388,34.5653],[135.7409,34.565],[135.7409,34.5633],[135.7391,34.5625],[135.7365,34.5607],[135.7383,34.5581],[135.7289,34.5573],[135.7273,34.5553],[135.7259,34.5554],[135.7199,34.553],[135.7199,34.5516],[135.7204,34.5498],[135.7205,34.5468],[135.7218,34.5461],[135.728,34.5441],[135.7259,34.5394],[135.7296,34.5371],[135.7273,34.5344],[135.7271,34.5331],[135.7289,34.5326],[135.7285,34.5312],[135.7305,34.5308],[135.7304,34.5286],[135.7314,34.5276],[135.7331,34.529],[135.7354,34.5288],[135.7357,34.5271],[135.7385,34.5272],[135.7408,34.5283],[135.741,34.5293],[135.7442,34.5292],[135.7455,34.5304],[135.7502,34.5304],[135.7507,34.532],[135.7597,34.5323],[135.7608,34.5305],[135.7633,34.5305],[135.7645,34.5295]],[[135.7392,34.558],[135.7389,34.5601],[135.741,34.5616],[135.7425,34.5618],[135.7403,34.5584],[135.7392,34.558]]]},"properties":{"prefectureCode":"29","prefectureName":"奈良県","municipalityName":"広陵町","municipalityCode":"29426"}},
{"type":"Feature","geometry":{"type":"MultiPolygon","coordinates":[[[[135.7157,34.5949],[135.7155,34.5923],[135.7159,34.5903],[135.7136,34.5907],[135.7121,34.5893],[135.7095,34.5886],[135.7089,34.5861],[135.7094,34.5835],[135.7121,34.5824],[135.7126,34.5821],[135.7172,34.5821],[135.7191,34.5813],[135.7191,34.5797],[135.7223,34.5777],[135.7246,34.5776],[135.727,34.5769],[135.7271,34.5734],[135.7256,34.5731],[135.7252,34.5701],[135.727,34.5689],[135.728,34.5669],[135.7291,34.566],[135.7263,34.5612],[135.7254,34.5578],[135.7259,34.5554],[135.7273,34.5553],[135.7289,34.5573],[135.7383,34.5581],[135.7365,34.5607],[135.7391,34.5625],[135.7409,34.5633],[135.7409,34.565],[135.7388,34.5653],[135.7362,34.5684],[135.7377,34.57],[135.7374,34.572],[135.7387,34.5732],[135.739,34.575],[135.7384,34.5765],[135.7408,34.577],[135.7432,34.5785],[135.7466,34.5783],[135.7488,34.5778],[135.7525,34.5783],[135.7536,34.5795],[135.7532,34.5806],[135.7509,34.5805],[135.7505,34.582],[135.7512,34.5848],[135.7531,34.5857],[135.7512,34.5873],[135.7503,34.5906],[135.7516,34.592],[135.7495,34.5929],[135.7452,34.5928],[135.7415,34.5932],[135.7379,34.5923],[135.7269,34.5907],[135.725,34.591],[135.7234,34.5923],[135.7229,34.5951],[135.7209,34.5958],[135.718,34.5949],[135.7157,34.5949]]],[[[135.7392,34.558],[135.7403,34.5584],[135.7425,34.5618],[135.741,34.5616],[135.7389,34.5601],[135.7392,34.558]]]]},"properties":{"prefectureCode":"29","prefectureName":"奈良県","municipalityName":"河合町","municipalityCode":"29427"}},
{"type":"Feature","geometry":{"type":"Polygon","coordinates":[[[135.8672,34.4433],[135.8647,34.443],[135.8633,34.442],[135.8609,34.4424],[135.8581,34.4403],[135.8576,34.438],[135.8548,34.436],[135.8542,34.4342],[135.8523,34.4338],[135.849,34.4318],[135.8468,34.429],[135.8474,34.4264],[135.8521,34.4238],[135.8509,34.4214],[135.8564,34.4182],[135.8584,34.4155],[135.8576,34.4142],[135.8574,34.412],[135.8583,34.4107],[135.8579,34.4092],[135.858,34.4058],[135.8565,34.4047],[135.8568,34.4033],[135.856,34.4011],[135.853,34.399],[135.85,34.399],[135.849,34.4001],[135.8468,34.4009],[135.8453,34.4005],[135.8438,34.3965],[135.8433,34.3932],[135.8354,34.3917],[135.8221,34.3881],[135.818,34.3874],[135.8195,34.3821],[135.8193,34.3795],[135.8201,34.3779],[135.8198,34.3768],[135.8215,34.3733],[135.8257,34.3714],[135.8274,34.3694],[135.8288,34.3689],[135.8304,34.367],[135.8334,34.3661],[135.8354,34.3661],[135.8397,34.3681],[135.8401,34.366],[135.8395,34.3635],[135.8415,34.3613],[135.8416,34.3588],[135.8432,34.3595],[135.8449,34.3617],[135.8464,34.3613],[135.8489,34.3576],[135.852,34.358],[135.852,34.3567],[135.8574,34.3555],[135.865,34.3545],[135.868,34.3536],[135.8696,34.3517],[135.8679,34.3493],[135.868,34.3458],[135.8693,34.3431],[135.8713,34.343],[135.8732,34.3421],[135.8755,34.3419],[135.8775,34.3394],[135.8775,34.3361],[135.8764,34.3344],[135.8782,34.3328],[135.8813,34.3338],[135.8818,34.3357],[135.8838,34.3381],[135.8884,34.3398],[135.888,34.3414],[135.8907,34.3429],[135.8916,34.3442],[135.8933,34.3449],[135.8953,34.3466],[135.8961,34.3495],[135.8993,34.3511],[135.9009,34.353],[135.9047,34.3541],[135.9058,34.3557],[135.9081,34.3573],[135.9099,34.3579],[135.9099,34.3592],[135.9115,34.361],[135.9123,34.3633],[135.9159,34.365],[135.9187,34.3659],[135.923,34.3662],[135.9251,34.365],[135.9261,34.3669],[135.9232,34.3685],[135.9226,34.3706],[135.9213,34.3728],[135.9213,34.3758],[135.9244,34.3763],[135.9265,34.3749],[135.9263,34.3723],[135.9301,34.371],[135.9327,34.3693],[135.9338,34.3722],[135.9348,34.3727],[135.935,34.3753],[135.9367,34.3749],[135.9366,34.3774],[135.9383,34.3795],[135.9407,34.3804],[135.942,34.3849],[135.9419,34.3861],[135.9375,34.3892],[135.9371,34.392],[135.9386,34.3936],[135.9388,34.3969],[135.9416,34.3989],[135.9434,34.3989],[135.9448,34.4004],[135.9462,34.4007],[135.9477,34.4023],[135.9499,34.4034],[135.9521,34.4038],[135.9546,34.4053],[135.9574,34.4042],[135.9589,34.4052],[135.9597,34.4098],[135.9578,34.4107],[135.9574,34.4132],[135.9608,34.4159],[135.9618,34.4182],[135.9637,34.419],[135.9683,34.4197],[135.9684,34.4233],[135.9732,34.4231],[135.9783,34.4273],[135.9794,34.4288],[135.9786,34.4329],[135.9767,34.4338],[135.9755,34.4366],[135.9746,34.4378],[135.9713,34.438],[135.9683,34.4377],[135.9646,34.4355],[135.9597,34.4362],[135.9596,34.4347],[135.958,34.4331],[135.9581,34.432],[135.955,34.4307],[135.9536,34.4313],[135.9514,34.4342],[135.9493,34.4356],[135.9478,34.4356],[135.946,34.4342],[135.946,34.433],[135.9446,34.4314],[135.9454,34.4282],[135.945,34.4271],[135.9395,34.4274],[135.9365,34.4283],[135.9335,34.4302],[135.9341,34.4319],[135.9323,34.4337],[135.9294,34.4354],[135.9272,34.4358],[135.9252,34.437],[135.9246,34.44],[135.9223,34.4415],[135.9223,34.4429],[135.9191,34.4449],[135.9102,34.4468],[135.9066,34.4479],[135.9057,34.4463],[135.9023,34.4439],[135.9,34.4439],[135.8985,34.4427],[135.8973,34.4429],[135.8972,34.4464],[135.8963,34.4474],[135.8927,34.4473],[135.89,34.4513],[135.8874,34.4534],[135.8845,34.4521],[135.8811,34.4511],[135.8794,34.4513],[135.8775,34.4495],[135.8754,34.4468],[135.8755,34.4454],[135.8728,34.444],[135.8709,34.4443],[135.8672,34.4433]]]},"properties":{"prefectureCode":"29","prefectureName":"奈良県","municipalityName":"吉野町","municipalityCode":"29441"}},
{"type":"Feature","geometry":{"type":"Polygon","coordinates":[[[135.7718,34.3799],[135.7747,34.3814],[135.7771,34.3821],[135.7793,34.3834],[135.7823,34.3832],[135.7869,34.3794],[135.791,34.3805],[135.7945,34.3828],[135.7953,34.3838],[135.7985,34.3855],[135.8032,34.3851],[135.8112,34.3854],[135.818,34.3874],[135.8221,34.3881],[135.8354,34.3917],[135.8433,34.3932],[135.8438,34.3965],[135.8453,34.4005],[135.8468,34.4009],[135.849,34.4001],[135.85,34.399],[135.853,34.399],[135.856,34.4011],[135.8568,34.4033],[135.8565,34.4047],[135.858,34.4058],[135.8579,34.4092],[135.8583,34.4107],[135.8574,34.412],[135.8576,34.4142],[135.8584,34.4155],[135.8564,34.4182],[135.8509,34.4214],[135.8521,34.4238],[135.8474,34.4264],[135.8468,34.429],[135.8447,34.4281],[135.8423,34.4247],[135.839,34.4255],[135.8364,34.4266],[135.8334,34.4263],[135.8305,34.4266],[135.8279,34.4249],[135.8272,34.4235],[135.8252,34.4227],[135.8249,34.4207],[135.8254,34.4187],[135.8235,34.4178],[135.8224,34.4154],[135.8206,34.415],[135.8178,34.4126],[135.8152,34.4127],[135.8149,34.4139],[135.8122,34.4161],[135.8119,34.4185],[135.8127,34.4203],[135.8125,34.4223],[135.8102,34.4219],[135.8081,34.4223],[135.8064,34.4212],[135.8019,34.4215],[135.8006,34.4204],[135.7985,34.4205],[135.7975,34.4191],[135.7951,34.4186],[135.7919,34.419],[135.79,34.4205],[135.7878,34.4213],[135.7862,34.4194],[135.7834,34.4205],[135.7819,34.4178],[135.7796,34.4176],[135.7767,34.4188],[135.7729,34.4178],[135.7713,34.4192],[135.7706,34.4213],[135.769,34.4213],[135.7664,34.4198],[135.7654,34.4203],[135.7619,34.4194],[135.7603,34.417],[135.7585,34.4164],[135.7579,34.4145],[135.7558,34.4126],[135.7545,34.4132],[135.7495,34.4136],[135.7502,34.4117],[135.7499,34.4108],[135.7513,34.4094],[135.7496,34.4083],[135.7485,34.4064],[135.7431,34.4083],[135.7395,34.4026],[135.7416,34.3996],[135.7414,34.3961],[135.7444,34.3931],[135.7437,34.3903],[135.7428,34.3893],[135.7437,34.388],[135.7452,34.3891],[135.7478,34.3894],[135.7515,34.3886],[135.7535,34.3877],[135.7547,34.3858],[135.7568,34.3853],[135.7556,34.3822],[135.7567,34.3793],[135.7578,34.3791],[135.7592,34.3771],[135.7645,34.378],[135.7718,34.3799]]]},"properties":{"prefectureCode":"29","prefectureName":"奈良県","municipalityName":"大淀町","municipalityCode":"29442"}},
{"type":"Feature","geometry":{"type":"Polygon","coordinates":[[[135.8222,34.2798],[135.8234,34.2807],[135.8223,34.2847],[135.8221,34.2867],[135.8228,34.2887],[135.8204,34.2918],[135.8205,34.2945],[135.82,34.2958],[135.8215,34.2995],[135.8213,34.3013],[135.8238,34.3044],[135.8219,34.3059],[135.8171,34.3085],[135.815,34.3119],[135.818,34.3142],[135.8176,34.3153],[135.8204,34.3181],[135.8211,34.3199],[135.8208,34.3214],[135.8216,34.323],[135.8242,34.3234],[135.8284,34.3252],[135.8312,34.3275],[135.8314,34.3297],[135.8346,34.3314],[135.84,34.3323],[135.8438,34.3319],[135.8479,34.3308],[135.8503,34.3311],[135.8525,34.33],[135.855,34.3331],[135.8553,34.3342],[135.8572,34.3349],[135.8583,34.3363],[135.8585,34.3407],[135.8602,34.3424],[135.868,34.3458],[135.8679,34.3493],[135.8696,34.3517],[135.868,34.3536],[135.865,34.3545],[135.8574,34.3555],[135.852,34.3567],[135.852,34.358],[135.8489,34.3576],[135.8464,34.3613],[135.8449,34.3617],[135.8432,34.3595],[135.8416,34.3588],[135.8415,34.3613],[135.8395,34.3635],[135.8401,34.366],[135.8397,34.3681],[135.8354,34.3661],[135.8334,34.3661],[135.8304,34.367],[135.8288,34.3689],[135.8274,34.3694],[135.8257,34.3714],[135.8215,34.3733],[135.8198,34.3768],[135.8201,34.3779],[135.8193,34.3795],[135.8195,34.3821],[135.818,34.3874],[135.8112,34.3854],[135.8032,34.3851],[135.7985,34.3855],[135.7953,34.3838],[135.7945,34.3828],[135.791,34.3805],[135.7869,34.3794],[135.7823,34.3832],[135.7793,34.3834],[135.7771,34.3821],[135.7747,34.3814],[135.7718,34.3799],[135.7715,34.3771],[135.7736,34.3766],[135.7739,34.3746],[135.7707,34.3723],[135.7721,34.3707],[135.7722,34.369],[135.7731,34.3671],[135.7711,34.366],[135.77,34.3628],[135.7685,34.362],[135.7679,34.3606],[135.7683,34.3585],[135.7705,34.3563],[135.772,34.3531],[135.772,34.3512],[135.771,34.3494],[135.7718,34.345],[135.7698,34.3437],[135.7712,34.3418],[135.7713,34.3389],[135.7697,34.3384],[135.7689,34.3345],[135.7678,34.3334],[135.7698,34.3305],[135.7701,34.3264],[135.7732,34.3268],[135.7763,34.3256],[135.7798,34.325],[135.7789,34.3226],[135.7799,34.3157],[135.7776,34.3159],[135.7753,34.3144],[135.775,34.313],[135.7759,34.3113],[135.7777,34.3104],[135.7785,34.3086],[135.7798,34.3077],[135.7791,34.3044],[135.776,34.3024],[135.7764,34.3006],[135.7753,34.2978],[135.7758,34.2959],[135.7756,34.2934],[135.774,34.2899],[135.7768,34.2881],[135.7797,34.2882],[135.7818,34.2861],[135.7857,34.2847],[135.7896,34.2845],[135.793,34.2833],[135.795,34.2832],[135.7975,34.284],[135.8005,34.283],[135.8035,34.2838],[135.8049,34.285],[135.8069,34.2851],[135.8095,34.2827],[135.8111,34.2821],[135.8138,34.2825],[135.8172,34.2819],[135.8208,34.2807],[135.8222,34.2798]]]},"properties":{"prefectureCode":"29","prefectureName":"奈良県","municipalityName":"下市町","municipalityCode":"29443"}},
{"type":"Feature","geometry":{"type":"Polygon","coordinates":[[[135.8432,34.2699],[135.8447,34.2712],[135.8456,34.2736],[135.8508,34.2743],[135.8526,34.2771],[135.8523,34.2782],[135.8534,34.2801],[135.8529,34.2823],[135.8565,34.2834],[135.8598,34.2836],[135.8621,34.2833],[135.866,34.2843],[135.8702,34.2839],[135.8718,34.2861],[135.8741,34.2876],[135.8834,34.2887],[135.8871,34.29],[135.8905,34.2886],[135.8926,34.2886],[135.8978,34.2918],[135.9003,34.2919],[135.9018,34.2926],[135.9049,34.2903],[135.9075,34.2895],[135.9089,34.2882],[135.9123,34.2866],[135.9145,34.2846],[135.9152,34.2857],[135.9167,34.29],[135.9163,34.2925],[135.9145,34.2942],[135.9129,34.299],[135.9134,34.3015],[135.9118,34.3064],[135.9127,34.3082],[135.911,34.3106],[135.9128,34.3142],[135.9118,34.3165],[135.9108,34.3173],[135.9098,34.3207],[135.9078,34.3224],[135.9059,34.3232],[135.9047,34.3263],[135.9046,34.3289],[135.9033,34.3308],[135.8979,34.3333],[135.8924,34.335],[135.8902,34.3366],[135.8901,34.3378],[135.8884,34.3398],[135.8838,34.3381],[135.8818,34.3357],[135.8813,34.3338],[135.8782,34.3328],[135.8764,34.3344],[135.8775,34.3361],[135.8775,34.3394],[135.8755,34.3419],[135.8732,34.3421],[135.8713,34.343],[135.8693,34.3431],[135.868,34.3458],[135.8602,34.3424],[135.8585,34.3407],[135.8583,34.3363],[135.8572,34.3349],[135.8553,34.3342],[135.855,34.3331],[135.8525,34.33],[135.8503,34.3311],[135.8479,34.3308],[135.8438,34.3319],[135.84,34.3323],[135.8346,34.3314],[135.8314,34.3297],[135.8312,34.3275],[135.8284,34.3252],[135.8242,34.3234],[135.8216,34.323],[135.8208,34.3214],[135.8211,34.3199],[135.8204,34.3181],[135.8176,34.3153],[135.818,34.3142],[135.815,34.3119],[135.8171,34.3085],[135.8219,34.3059],[135.8238,34.3044],[135.8213,34.3013],[135.8215,34.2995],[135.82,34.2958],[135.8205,34.2945],[135.8204,34.2918],[135.8228,34.2887],[135.8221,34.2867],[135.8223,34.2847],[135.8234,34.2807],[135.8222,34.2798],[135.8215,34.2771],[135.8236,34.2764],[135.8264,34.2743],[135.8292,34.2747],[135.8321,34.2738],[135.8362,34.2745],[135.8402,34.2726],[135.8432,34.2699]]]},"properties":{"prefectureCode":"29","prefectureName":"奈良県","municipalityName":"黒滝村","municipalityCode":"29444"}},
{"type":"Feature","geometry":{"type":"Polygon","coordinates":[[[135.9035,34.1701],[135.9062,34.1719],[135.907,34.1734],[135.9095,34.1745],[135.9111,34.1766],[135.9111,34.1789],[135.9145,34.1799],[135.9199,34.1791],[135.9231,34.1797],[135.9269,34.1785],[135.9287,34.1792],[135.9314,34.1784],[135.9341,34.179],[135.9355,34.1803],[135.9373,34.1804],[135.9402,34.1793],[135.943,34.18],[135.9439,34.1818],[135.943,34.1853],[135.9448,34.187],[135.946,34.1896],[135.9456,34.1925],[135.9443,34.1938],[135.9441,34.1966],[135.9454,34.1979],[135.9457,34.2023],[135.9453,34.2047],[135.9482,34.2072],[135.9488,34.209],[135.9513,34.2104],[135.9536,34.215],[135.9545,34.2183],[135.9544,34.2204],[135.9537,34.2222],[135.9556,34.2243],[135.9558,34.2256],[135.9601,34.2262],[135.963,34.2279],[135.9636,34.2308],[135.9648,34.2314],[135.963,34.2356],[135.9658,34.2398],[135.9671,34.2425],[135.9692,34.244],[135.9706,34.2463],[135.9697,34.2481],[135.9719,34.2533],[135.972,34.2551],[135.9731,34.2562],[135.9727,34.2575],[135.9689,34.2581],[135.9654,34.2595],[135.9642,34.2643],[135.9644,34.2656],[135.9634,34.2679],[135.96,34.266],[135.9579,34.2688],[135.9626,34.2717],[135.9635,34.2734],[135.9628,34.2744],[135.96,34.2747],[135.9566,34.2764],[135.9538,34.2774],[135.9503,34.2773],[135.9498,34.2764],[135.9428,34.2747],[135.9388,34.2752],[135.9353,34.2782],[135.9329,34.2778],[135.9293,34.2787],[135.9265,34.2785],[135.9211,34.2812],[135.9185,34.2816],[135.918,34.2824],[135.9152,34.2835],[135.9145,34.2846],[135.9123,34.2866],[135.9089,34.2882],[135.9075,34.2895],[135.9049,34.2903],[135.9018,34.2926],[135.9003,34.2919],[135.8978,34.2918],[135.8926,34.2886],[135.8905,34.2886],[135.8871,34.29],[135.8834,34.2887],[135.8741,34.2876],[135.8718,34.2861],[135.8702,34.2839],[135.866,34.2843],[135.8621,34.2833],[135.8598,34.2836],[135.8565,34.2834],[135.8529,34.2823],[135.8534,34.2801],[135.8523,34.2782],[135.8526,34.2771],[135.8508,34.2743],[135.8456,34.2736],[135.8447,34.2712],[135.8432,34.2699],[135.8449,34.2669],[135.845,34.2652],[135.843,34.2644],[135.8382,34.2613],[135.8375,34.2601],[135.8341,34.2595],[135.8307,34.2574],[135.8277,34.2538],[135.8226,34.2531],[135.8201,34.2516],[135.8187,34.25],[135.8183,34.2477],[135.8198,34.2459],[135.8197,34.2439],[135.8172,34.2422],[135.8165,34.2404],[135.809,34.24],[135.8086,34.2383],[135.8055,34.2358],[135.8051,34.2347],[135.8033,34.2343],[135.799,34.2345],[135.7959,34.234],[135.7936,34.2331],[135.7919,34.2318],[135.7898,34.2325],[135.7872,34.2351],[135.7862,34.2386],[135.7842,34.2395],[135.7789,34.2412],[135.7745,34.241],[135.7735,34.2413],[135.7679,34.2395],[135.7651,34.2378],[135.7642,34.2381],[135.7597,34.236],[135.7568,34.2352],[135.7557,34.2342],[135.7506,34.2337],[135.7484,34.2322],[135.7493,34.2267],[135.7511,34.2247],[135.752,34.2221],[135.7511,34.2178],[135.7472,34.2129],[135.7433,34.2112],[135.7458,34.2106],[135.7441,34.2055],[135.7444,34.2036],[135.7469,34.1999],[135.7458,34.1976],[135.7461,34.1954],[135.749,34.1944],[135.7514,34.1931],[135.7534,34.1913],[135.756,34.1921],[135.7589,34.192],[135.761,34.1888],[135.7656,34.1851],[135.7678,34.1844],[135.7703,34.1851],[135.7721,34.1843],[135.7749,34.1852],[135.7793,34.1837],[135.7816,34.1838],[135.7832,34.1832],[135.7856,34.1834],[135.7896,34.1815],[135.793,34.1793],[135.7944,34.1768],[135.7957,34.1756],[135.799,34.1765],[135.8004,34.1776],[135.8036,34.1788],[135.805,34.1818],[135.8082,34.1822],[135.8101,34.1836],[135.8118,34.1836],[135.8145,34.1849],[135.818,34.1835],[135.8202,34.1822],[135.8259,34.1814],[135.8276,34.1849],[135.8308,34.1853],[135.8346,34.1868],[135.8375,34.1863],[135.8398,34.1891],[135.8437,34.1907],[135.8469,34.1899],[135.8513,34.1897],[135.8541,34.1919],[135.8557,34.1939],[135.8577,34.1922],[135.8613,34.1904],[135.86,34.188],[135.857,34.1847],[135.8564,34.1833],[135.8573,34.1794],[135.8584,34.1764],[135.8623,34.176],[135.8681,34.1774],[135.8698,34.1785],[135.8736,34.1787],[135.8751,34.1799],[135.8779,34.1805],[135.88,34.1824],[135.8829,34.1845],[135.885,34.1854],[135.889,34.1849],[135.8918,34.1833],[135.8918,34.1816],[135.8937,34.179],[135.8945,34.1769],[135.8962,34.1747],[135.899,34.1736],[135.9035,34.1701]]]},"properties":{"prefectureCode":"29","prefectureName":"奈良県","municipalityName":"天川村","municipalityCode":"29446"}},
{"type":"Feature","geometry":{"type":"Polygon","coordinates":[[[135.7096,34.2088],[135.7078,34.2082],[135.7018,34.2123],[135.6978,34.2118],[135.6939,34.2171],[135.6879,34.2173],[135.6864,34.2181],[135.6855,34.2204],[135.6833,34.2219],[135.682,34.2216],[135.6777,34.2234],[135.6747,34.2231],[135.6726,34.2242],[135.6698,34.2246],[135.6678,34.2242],[135.6661,34.222],[135.662,34.2183],[135.6591,34.2182],[135.6553,34.2163],[135.6524,34.2167],[135.6504,34.2182],[135.6481,34.219],[135.6459,34.2162],[135.6435,34.2156],[135.6409,34.213],[135.6404,34.2106],[135.6412,34.2095],[135.6345,34.2046],[135.6354,34.2025],[135.6341,34.1991],[135.6361,34.1963],[135.6396,34.1935],[135.6407,34.1932],[135.6413,34.1915],[135.6451,34.1907],[135.6449,34.1885],[135.6433,34.1873],[135.6418,34.1841],[135.642,34.1832],[135.6383,34.1814],[135.6376,34.1793],[135.6356,34.1791],[135.6324,34.1774],[135.6286,34.1769],[135.6279,34.1748],[135.6254,34.1722],[135.624,34.1721],[135.6233,34.1697],[135.6206,34.1685],[135.6206,34.1661],[135.622,34.1634],[135.623,34.1627],[135.6219,34.1584],[135.6195,34.1576],[135.6168,34.1559],[135.6151,34.156],[135.6115,34.1551],[135.6077,34.1553],[135.6046,34.1543],[135.6035,34.1534],[135.6002,34.1526],[135.5983,34.1512],[135.5961,34.1507],[135.5936,34.1487],[135.5909,34.149],[135.5882,34.1465],[135.5881,34.144],[135.5868,34.142],[135.5852,34.1407],[135.5857,34.139],[135.5846,34.1322],[135.5821,34.1283],[135.582,34.1261],[135.5794,34.12],[135.5788,34.1164],[135.5772,34.1151],[135.574,34.1149],[135.5708,34.1135],[135.5658,34.1128],[135.5619,34.1098],[135.5602,34.1095],[135.5573,34.1081],[135.5571,34.1063],[135.5584,34.1034],[135.5538,34.102],[135.5522,34.1024],[135.5497,34.1006],[135.5473,34.1003],[135.5463,34.098],[135.5487,34.0968],[135.5492,34.0943],[135.5492,34.0917],[135.5499,34.0907],[135.5498,34.085],[135.549,34.0839],[135.5431,34.0818],[135.5423,34.0798],[135.5398,34.0772],[135.5397,34.0754],[135.5425,34.0722],[135.5444,34.0718],[135.5465,34.069],[135.5482,34.0681],[135.5513,34.0684],[135.5608,34.0719],[135.5638,34.0736],[135.5689,34.0753],[135.5703,34.0764],[135.5745,34.0785],[135.5759,34.0783],[135.5812,34.079],[135.5843,34.078],[135.5895,34.0778],[135.5926,34.0781],[135.5933,34.0789],[135.5993,34.0779],[135.6002,34.076],[135.6026,34.0752],[135.61,34.0717],[135.6114,34.0696],[135.6166,34.0673],[135.6178,34.0671],[135.6194,34.0651],[135.6234,34.0653],[135.6267,34.0678],[135.6299,34.0668],[135.6325,34.0674],[135.6363,34.0691],[135.6391,34.0729],[135.6392,34.0746],[135.6412,34.0758],[135.6465,34.0774],[135.6519,34.0775],[135.6551,34.0792],[135.6598,34.0802],[135.662,34.0834],[135.665,34.0843],[135.6664,34.0856],[135.6679,34.0902],[135.6696,34.0919],[135.6724,34.0935],[135.6741,34.0936],[135.6769,34.095],[135.6807,34.0944],[135.6835,34.0951],[135.6864,34.0977],[135.6879,34.1],[135.6911,34.1009],[135.6933,34.1031],[135.6957,34.1042],[135.6958,34.1071],[135.6949,34.1091],[135.6964,34.1106],[135.6997,34.1121],[135.6993,34.1137],[135.7,34.1154],[135.7002,34.1202],[135.7036,34.1223],[135.7045,34.1234],[135.705,34.1257],[135.7069,34.1277],[135.7078,34.1297],[135.7117,34.132],[135.7171,34.1328],[135.7194,34.1347],[135.7206,34.135],[135.723,34.1379],[135.7258,34.1379],[135.7277,34.1388],[135.7295,34.1388],[135.7297,34.1402],[135.7284,34.142],[135.7283,34.1438],[135.7273,34.1447],[135.7261,34.1483],[135.7276,34.1507],[135.7302,34.1556],[135.7279,34.1608],[135.7268,34.1616],[135.7232,34.1619],[135.7175,34.1632],[135.7131,34.1652],[135.7104,34.166],[135.7099,34.1693],[135.7086,34.1723],[135.7073,34.1742],[135.7037,34.174],[135.7007,34.1747],[135.6989,34.1747],[135.698,34.1788],[135.6988,34.1801],[135.6942,34.1814],[135.6915,34.1842],[135.6901,34.1848],[135.6917,34.1864],[135.6951,34.1893],[135.698,34.1908],[135.6984,34.1941],[135.6979,34.196],[135.6994,34.1969],[135.7015,34.1969],[135.703,34.1985],[135.7035,34.2005],[135.7054,34.2013],[135.7057,34.1992],[135.7075,34.1997],[135.7112,34.2022],[135.7119,34.2039],[135.7144,34.2062],[135.7096,34.2088]]]},"properties":{"prefectureCode":"29","prefectureName":"奈良県","municipalityName":"野迫川村","municipalityCode":"29447"}},
{"type":"Feature","geometry":{"type":"Polygon","coordinates":[[[135.665,34.0843],[135.662,34.0834],[135.6598,34.0802],[135.6551,34.0792],[135.6519,34.0775],[135.6465,34.0774],[135.6412,34.0758],[135.6392,34.0746],[135.6391,34.0729],[135.6363,34.0691],[135.6325,34.0674],[135.6299,34.0668],[135.6267,34.0678],[135.6234,34.0653],[135.6194,34.0651],[135.6178,34.0671],[135.6166,34.0673],[135.6114,34.0696],[135.61,34.0717],[135.6026,34.0752],[135.6002,34.076],[135.5993,34.0779],[135.5933,34.0789],[135.5926,34.0781],[135.5895,34.0778],[135.5843,34.078],[135.5812,34.079],[135.5759,34.0783],[135.5745,34.0785],[135.5703,34.0764],[135.5689,34.0753],[135.5638,34.0736],[135.5608,34.0719],[135.5513,34.0684],[135.5521,34.0657],[135.5534,34.065],[135.5578,34.0638],[135.5635,34.0633],[135.5647,34.06],[135.5671,34.0573],[135.57,34.0584],[135.5752,34.0588],[135.5776,34.0582],[135.5805,34.0579],[135.5806,34.0562],[135.5831,34.0529],[135.5849,34.0496],[135.5867,34.0486],[135.588,34.0468],[135.5917,34.0466],[135.5946,34.044],[135.595,34.0409],[135.5947,34.0397],[135.5958,34.0368],[135.5976,34.0359],[135.5991,34.0337],[135.5997,34.032],[135.5975,34.0307],[135.5948,34.0278],[135.5958,34.025],[135.5954,34.0236],[135.5915,34.0194],[135.5926,34.017],[135.5936,34.0133],[135.5957,34.0116],[135.5981,34.0123],[135.6039,34.0127],[135.6049,34.0124],[135.6084,34.0136],[135.6113,34.0118],[135.6118,34.0103],[135.6148,34.0095],[135.6182,34.0092],[135.6218,34.0098],[135.6252,34.0074],[135.6255,34.0063],[135.6247,34.0034],[135.6236,34.0021],[135.6243,34],[135.626,33.9999],[135.629,33.9977],[135.6301,33.9946],[135.6301,33.9915],[135.6309,33.991],[135.6349,33.9914],[135.6367,33.9899],[135.637,33.9882],[135.6387,33.9851],[135.6392,33.9827],[135.6376,33.9765],[135.6383,33.9747],[135.6399,33.9729],[135.6397,33.9692],[135.6403,33.9674],[135.64,33.965],[135.639,33.9633],[135.6386,33.9613],[135.6357,33.9591],[135.6357,33.9566],[135.6369,33.9505],[135.631,33.9491],[135.6254,33.9502],[135.6253,33.951],[135.6222,33.9531],[135.6205,33.953],[135.6181,33.9546],[135.6169,33.9538],[135.6158,33.9514],[135.6161,33.9494],[135.6154,33.9484],[135.6186,33.9442],[135.6185,33.9414],[135.617,33.9395],[135.6168,33.9369],[135.6141,33.9375],[135.6114,33.937],[135.6095,33.9321],[135.6128,33.9298],[135.6139,33.9276],[135.6141,33.9251],[135.6126,33.9242],[135.6127,33.9216],[135.6108,33.9187],[135.6101,33.9153],[135.6102,33.9129],[135.6082,33.9127],[135.6056,33.9108],[135.602,33.9096],[135.6,33.9083],[135.6019,33.9052],[135.6011,33.9026],[135.604,33.901],[135.6062,33.8991],[135.6108,33.8995],[135.6125,33.8988],[135.614,33.8996],[135.6154,33.8989],[135.6195,33.8994],[135.6229,33.898],[135.6225,33.895],[135.6234,33.8915],[135.6255,33.8889],[135.6268,33.8847],[135.6265,33.8832],[135.6242,33.8828],[135.6228,33.8786],[135.6202,33.8769],[135.6181,33.8746],[135.618,33.8721],[135.6204,33.8718],[135.6215,33.8729],[135.6258,33.8735],[135.629,33.8731],[135.6303,33.8745],[135.6338,33.875],[135.6355,33.877],[135.6381,33.8777],[135.6402,33.8776],[135.6426,33.8763],[135.645,33.8774],[135.648,33.8769],[135.6494,33.8778],[135.6514,33.8807],[135.6559,33.8816],[135.656,33.8831],[135.6572,33.8856],[135.6604,33.8868],[135.6622,33.8891],[135.6626,33.8935],[135.6621,33.8957],[135.6606,33.8976],[135.6633,33.8994],[135.671,33.9004],[135.6733,33.8989],[135.6787,33.8982],[135.6823,33.8996],[135.6835,33.9018],[135.6854,33.9037],[135.6878,33.904],[135.6911,33.9034],[135.7007,33.9038],[135.7046,33.9036],[135.7063,33.9045],[135.7097,33.9043],[135.7121,33.9029],[135.7142,33.9026],[135.7184,33.9031],[135.7224,33.9023],[135.7241,33.9033],[135.726,33.9025],[135.7302,33.9002],[135.7325,33.8962],[135.7349,33.896],[135.7369,33.8949],[135.739,33.8948],[135.739,33.8934],[135.7409,33.8926],[135.7408,33.8913],[135.7428,33.8901],[135.7442,33.8907],[135.7456,33.8892],[135.7485,33.8878],[135.7518,33.8896],[135.7526,33.8878],[135.7559,33.8852],[135.7579,33.8859],[135.7611,33.8877],[135.7639,33.8874],[135.7652,33.8901],[135.7661,33.8908],[135.7687,33.8909],[135.7717,33.89],[135.7732,33.8903],[135.7756,33.8886],[135.7777,33.8882],[135.7808,33.889],[135.7833,33.8907],[135.7837,33.8915],[135.786,33.8925],[135.7891,33.8929],[135.7926,33.8946],[135.7963,33.8953],[135.8018,33.8958],[135.8026,33.8977],[135.8034,33.903],[135.8061,33.9044],[135.8086,33.9065],[135.8102,33.9058],[135.8146,33.9061],[135.8163,33.9056],[135.8192,33.9031],[135.8205,33.9031],[135.8265,33.9001],[135.8282,33.8995],[135.8306,33.8976],[135.8369,33.8954],[135.8392,33.8967],[135.8422,33.8971],[135.8463,33.8967],[135.8497,33.8946],[135.8511,33.8944],[135.8522,33.8926],[135.8524,33.8899],[135.8553,33.8878],[135.8535,33.8843],[135.8532,33.8826],[135.8521,33.882],[135.8531,33.8773],[135.8555,33.8756],[135.8579,33.8732],[135.8593,33.8756],[135.8621,33.8765],[135.8619,33.8725],[135.8622,33.8705],[135.8619,33.8678],[135.8608,33.8656],[135.8622,33.8627],[135.8644,33.8618],[135.8671,33.8599],[135.8697,33.8599],[135.8731,33.8592],[135.8732,33.8613],[135.8748,33.8616],[135.8729,33.8679],[135.8733,33.8704],[135.8748,33.8729],[135.8776,33.8739],[135.8785,33.875],[135.8809,33.8758],[135.8827,33.8789],[135.8817,33.881],[135.8783,33.8841],[135.8747,33.8839],[135.872,33.887],[135.8716,33.8887],[135.866,33.8888],[135.8648,33.8891],[135.8615,33.8872],[135.8601,33.8882],[135.8597,33.8897],[135.8603,33.8912],[135.8593,33.8928],[135.8584,33.8971],[135.8601,33.8989],[135.8587,33.9012],[135.8597,33.9031],[135.863,33.9052],[135.8632,33.9078],[135.8653,33.9107],[135.8689,33.9145],[135.8656,33.92],[135.8675,33.9205],[135.8722,33.9192],[135.8746,33.9182],[135.8767,33.9182],[135.8772,33.9171],[135.8802,33.9179],[135.8819,33.9147],[135.8808,33.9141],[135.8801,33.9124],[135.8813,33.9109],[135.8808,33.9094],[135.8822,33.9078],[135.8855,33.9069],[135.8871,33.9071],[135.894,33.9062],[135.8963,33.9074],[135.8975,33.91],[135.8979,33.9126],[135.8973,33.915],[135.895,33.9175],[135.8937,33.92],[135.8956,33.9212],[135.8981,33.9216],[135.9023,33.9212],[135.9068,33.9191],[135.9091,33.9185],[135.9097,33.9227],[135.9049,33.9255],[135.9028,33.9241],[135.9002,33.9246],[135.8984,33.9267],[135.8987,33.9289],[135.8981,33.9338],[135.8948,33.9365],[135.8947,33.9382],[135.8931,33.9392],[135.8934,33.9402],[135.8925,33.9419],[135.8932,33.9447],[135.8925,33.946],[135.8946,33.9484],[135.8938,33.9501],[135.8982,33.9537],[135.9023,33.9539],[135.9047,33.9555],[135.9071,33.9595],[135.9067,33.9631],[135.9098,33.9643],[135.912,33.9641],[135.9148,33.9658],[135.916,33.9679],[135.9151,33.9709],[135.9157,33.9726],[135.9124,33.9743],[135.9106,33.9759],[135.9079,33.9761],[135.9054,33.9775],[135.9037,33.9793],[135.8998,33.9817],[135.8985,33.9828],[135.9018,33.9855],[135.9028,33.9869],[135.9028,33.9909],[135.9024,33.9919],[135.9032,33.9943],[135.9061,33.9974],[135.9085,33.999],[135.9086,34.0012],[135.9078,34.0026],[135.9051,34.0044],[135.9055,34.0064],[135.9066,34.0084],[135.906,34.0107],[135.9046,34.0116],[135.9046,34.0128],[135.9025,34.0153],[135.9019,34.0168],[135.9017,34.0198],[135.9024,34.0207],[135.9059,34.0218],[135.9097,34.0243],[135.91,34.0276],[135.911,34.0297],[135.9083,34.0325],[135.907,34.0347],[135.9041,34.0353],[135.9036,34.0365],[135.9019,34.0372],[135.9007,34.0387],[135.8979,34.0407],[135.8967,34.042],[135.8953,34.0457],[135.8953,34.0469],[135.8937,34.0476],[135.8928,34.049],[135.8921,34.0519],[135.8936,34.0533],[135.8947,34.0554],[135.8969,34.0581],[135.8954,34.0618],[135.8937,34.0642],[135.8923,34.0647],[135.8908,34.067],[135.8926,34.0695],[135.8933,34.0721],[135.8958,34.0749],[135.8988,34.0759],[135.9011,34.0782],[135.9001,34.0826],[135.8982,34.086],[135.8994,34.0891],[135.9011,34.0914],[135.9008,34.094],[135.9055,34.0969],[135.9064,34.099],[135.9058,34.1011],[135.9046,34.1024],[135.9051,34.1038],[135.9031,34.1047],[135.902,34.1063],[135.9024,34.1086],[135.9016,34.1137],[135.9034,34.1145],[135.9075,34.1174],[135.9103,34.1187],[135.9106,34.1199],[135.9151,34.1238],[135.9153,34.1264],[135.914,34.1285],[135.9138,34.1309],[135.9128,34.134],[135.91,34.135],[135.9084,34.1364],[135.908,34.1387],[135.9051,34.1442],[135.9006,34.1459],[135.8966,34.1455],[135.8943,34.1441],[135.8912,34.1452],[135.8899,34.1473],[135.8866,34.1492],[135.8827,34.1506],[135.8761,34.1512],[135.8715,34.1497],[135.8683,34.1495],[135.8652,34.1489],[135.8636,34.1492],[135.8602,34.146],[135.8555,34.1452],[135.8529,34.1436],[135.8508,34.1414],[135.8476,34.1389],[135.8459,34.1402],[135.8424,34.1416],[135.8394,34.1401],[135.8351,34.1408],[135.8293,34.1427],[135.8256,34.1415],[135.8236,34.1401],[135.8219,34.1404],[135.8197,34.1396],[135.8143,34.1387],[135.812,34.1381],[135.8074,34.1386],[135.8045,34.138],[135.7991,34.1357],[135.7953,34.1356],[135.7925,34.1347],[135.7912,34.1337],[135.7888,34.1341],[135.7856,34.1383],[135.7846,34.1414],[135.7821,34.1386],[135.7817,34.1413],[135.781,34.1428],[135.7779,34.1463],[135.7756,34.1475],[135.7724,34.1475],[135.7698,34.148],[135.7711,34.1505],[135.7643,34.1523],[135.7579,34.1529],[135.7567,34.1533],[135.7536,34.1523],[135.751,34.152],[135.7519,34.1466],[135.7487,34.146],[135.7445,34.1447],[135.7435,34.1426],[135.7454,34.1389],[135.7446,34.1356],[135.7426,34.1337],[135.7421,34.1324],[135.7382,34.1308],[135.7358,34.1287],[135.7339,34.1256],[135.7299,34.1232],[135.7307,34.1217],[135.7299,34.1203],[135.7277,34.1186],[135.7261,34.1182],[135.7255,34.1165],[135.7237,34.1158],[135.7235,34.1144],[135.7245,34.1125],[135.7244,34.1102],[135.7227,34.1079],[135.7212,34.1071],[135.7198,34.1049],[135.7163,34.1012],[135.7137,34.0993],[135.7136,34.0965],[135.7122,34.0933],[135.7116,34.0896],[135.7098,34.0885],[135.7056,34.0874],[135.7025,34.086],[135.6995,34.0873],[135.6976,34.0874],[135.691,34.0849],[135.6889,34.0833],[135.6864,34.0847],[135.6843,34.085],[135.6819,34.0836],[135.6791,34.0841],[135.6768,34.0829],[135.6741,34.0839],[135.6705,34.0842],[135.6683,34.0834],[135.665,34.0843]]]},"properties":{"prefectureCode":"29","prefectureName":"奈良県","municipalityName":"十津川村","municipalityCode":"29449"}},
{"type":"Feature","geometry":{"type":"Polygon","coordinates":[[[135.9157,33.9726],[135.9191,33.9752],[135.9221,33.9785],[135.925,33.9795],[135.9266,33.9814],[135.9289,33.9803],[135.9314,33.9807],[135.9356,33.9803],[135.9379,33.981],[135.9405,33.98],[135.9398,33.9778],[135.9413,33.9758],[135.9436,33.9765],[135.9452,33.9793],[135.9473,33.9807],[135.9517,33.981],[135.954,33.9803],[135.9581,33.9815],[135.9609,33.9845],[135.9641,33.9854],[135.9685,33.986],[135.9726,33.9857],[135.9746,33.986],[135.976,33.987],[135.9773,33.9897],[135.9797,33.9907],[135.9822,33.9909],[135.9846,33.9916],[135.9853,33.9928],[135.9848,33.9948],[135.989,33.9989],[135.9895,34.0022],[135.9909,34.0037],[135.9938,34.0051],[135.9972,34.0053],[135.9984,34.0061],[136.0008,34.006],[136.0025,34.007],[136.0036,34.0099],[136.0037,34.0135],[136.0059,34.0146],[136.0071,34.0179],[136.0073,34.0197],[136.009,34.0208],[136.0107,34.0211],[136.0133,34.0228],[136.015,34.0246],[136.0155,34.0275],[136.0166,34.0284],[136.0173,34.0315],[136.017,34.0335],[136.0184,34.0358],[136.0196,34.0368],[136.023,34.0365],[136.0245,34.0357],[136.0278,34.0328],[136.0317,34.0319],[136.0326,34.0339],[136.0358,34.0391],[136.0376,34.0383],[136.039,34.0365],[136.0412,34.0371],[136.0411,34.0394],[136.0435,34.0407],[136.0442,34.0384],[136.0441,34.0358],[136.0509,34.0334],[136.0528,34.0321],[136.0532,34.0347],[136.0556,34.0352],[136.0563,34.0357],[136.055,34.0381],[136.0512,34.0399],[136.0504,34.0441],[136.0477,34.0444],[136.0482,34.0462],[136.046,34.0502],[136.0433,34.0523],[136.0409,34.0528],[136.0397,34.058],[136.0366,34.059],[136.0357,34.0572],[136.0334,34.0555],[136.0299,34.0552],[136.0255,34.0579],[136.0239,34.058],[136.0194,34.0618],[136.0158,34.0629],[136.0129,34.0656],[136.0104,34.0669],[136.0098,34.0678],[136.0115,34.0707],[136.0103,34.0731],[136.0069,34.0755],[136.0052,34.0759],[136.0009,34.0744],[135.9995,34.0713],[135.9982,34.0698],[135.9968,34.0695],[135.9905,34.0667],[135.9884,34.0667],[135.9876,34.0657],[135.9824,34.063],[135.9806,34.0608],[135.9758,34.0618],[135.975,34.0623],[135.9715,34.063],[135.9712,34.0647],[135.9688,34.0668],[135.969,34.0694],[135.971,34.0707],[135.9699,34.0731],[135.9687,34.0739],[135.9694,34.0764],[135.9689,34.0776],[135.9691,34.0823],[135.97,34.0839],[135.9668,34.0872],[135.967,34.0907],[135.9692,34.0938],[135.9693,34.0954],[135.9676,34.0982],[135.967,34.1019],[135.9649,34.1031],[135.9637,34.1046],[135.9587,34.1059],[135.9579,34.108],[135.9563,34.1098],[135.9537,34.1111],[135.9481,34.1112],[135.9444,34.1115],[135.9433,34.1131],[135.9411,34.1149],[135.9395,34.1173],[135.9365,34.1192],[135.9363,34.1221],[135.9338,34.1237],[135.931,34.1242],[135.9282,34.1263],[135.9234,34.1277],[135.9175,34.1275],[135.9153,34.1264],[135.9151,34.1238],[135.9106,34.1199],[135.9103,34.1187],[135.9075,34.1174],[135.9034,34.1145],[135.9016,34.1137],[135.9024,34.1086],[135.902,34.1063],[135.9031,34.1047],[135.9051,34.1038],[135.9046,34.1024],[135.9058,34.1011],[135.9064,34.099],[135.9055,34.0969],[135.9008,34.094],[135.9011,34.0914],[135.8994,34.0891],[135.8982,34.086],[135.9001,34.0826],[135.9011,34.0782],[135.8988,34.0759],[135.8958,34.0749],[135.8933,34.0721],[135.8926,34.0695],[135.8908,34.067],[135.8923,34.0647],[135.8937,34.0642],[135.8954,34.0618],[135.8969,34.0581],[135.8947,34.0554],[135.8936,34.0533],[135.8921,34.0519],[135.8928,34.049],[135.8937,34.0476],[135.8953,34.0469],[135.8953,34.0457],[135.8967,34.042],[135.8979,34.0407],[135.9007,34.0387],[135.9019,34.0372],[135.9036,34.0365],[135.9041,34.0353],[135.907,34.0347],[135.9083,34.0325],[135.911,34.0297],[135.91,34.0276],[135.9097,34.0243],[135.9059,34.0218],[135.9024,34.0207],[135.9017,34.0198],[135.9019,34.0168],[135.9025,34.0153],[135.9046,34.0128],[135.9046,34.0116],[135.906,34.0107],[135.9066,34.0084],[135.9055,34.0064],[135.9051,34.0044],[135.9078,34.0026],[135.9086,34.0012],[135.9085,33.999],[135.9061,33.9974],[135.9032,33.9943],[135.9024,33.9919],[135.9028,33.9909],[135.9028,33.9869],[135.9018,33.9855],[135.8985,33.9828],[135.8998,33.9817],[135.9037,33.9793],[135.9054,33.9775],[135.9079,33.9761],[135.9106,33.9759],[135.9124,33.9743],[135.9157,33.9726]]]},"properties":{"prefectureCode":"29","prefectureName":"奈良県","municipalityName":"下北山村","municipalityCode":"29450"}},
{"type":"Feature","geometry":{"type":"Polygon","coordinates":[[[135.9051,34.1442],[135.908,34.1387],[135.9084,34.1364],[135.91,34.135],[135.9128,34.134],[135.9138,34.1309],[135.914,34.1285],[135.9153,34.1264],[135.9175,34.1275],[135.9234,34.1277],[135.9282,34.1263],[135.931,34.1242],[135.9338,34.1237],[135.9363,34.1221],[135.9365,34.1192],[135.9395,34.1173],[135.9411,34.1149],[135.9433,34.1131],[135.9444,34.1115],[135.9481,34.1112],[135.9537,34.1111],[135.9563,34.1098],[135.9579,34.108],[135.9587,34.1059],[135.9637,34.1046],[135.9649,34.1031],[135.967,34.1019],[135.9676,34.0982],[135.9693,34.0954],[135.9692,34.0938],[135.967,34.0907],[135.9668,34.0872],[135.97,34.0839],[135.9691,34.0823],[135.9689,34.0776],[135.9694,34.0764],[135.9687,34.0739],[135.9699,34.0731],[135.971,34.0707],[135.969,34.0694],[135.9688,34.0668],[135.9712,34.0647],[135.9715,34.063],[135.975,34.0623],[135.9758,34.0618],[135.9806,34.0608],[135.9824,34.063],[135.9876,34.0657],[135.9884,34.0667],[135.9905,34.0667],[135.9968,34.0695],[135.9982,34.0698],[135.9995,34.0713],[136.0009,34.0744],[136.0052,34.0759],[136.0069,34.0755],[136.0103,34.0731],[136.0115,34.0707],[136.0098,34.0678],[136.0104,34.0669],[136.0129,34.0656],[136.0158,34.0629],[136.0194,34.0618],[136.0239,34.058],[136.0255,34.0579],[136.0299,34.0552],[136.0334,34.0555],[136.0357,34.0572],[136.0366,34.059],[136.0397,34.058],[136.0409,34.0528],[136.0433,34.0523],[136.046,34.0502],[136.0482,34.0462],[136.0477,34.0444],[136.0504,34.0441],[136.0512,34.0399],[136.055,34.0381],[136.0563,34.0357],[136.0556,34.0352],[136.0624,34.0323],[136.0648,34.0336],[136.0666,34.034],[136.0683,34.0333],[136.0727,34.0339],[136.0733,34.0325],[136.0763,34.0319],[136.0784,34.0306],[136.0783,34.0286],[136.0808,34.0285],[136.0821,34.0276],[136.0855,34.0288],[136.0887,34.0273],[136.0891,34.0262],[136.0919,34.0252],[136.0931,34.0238],[136.0964,34.0225],[136.0976,34.024],[136.0999,34.0239],[136.1015,34.026],[136.1034,34.0261],[136.1045,34.027],[136.1024,34.0326],[136.1027,34.0348],[136.101,34.0371],[136.1012,34.0394],[136.0995,34.0406],[136.0978,34.0448],[136.0942,34.0475],[136.0922,34.0482],[136.0944,34.052],[136.0971,34.0574],[136.0969,34.059],[136.0948,34.0624],[136.0939,34.0666],[136.0948,34.0708],[136.0942,34.072],[136.0948,34.0749],[136.0968,34.0761],[136.0966,34.0791],[136.0933,34.0829],[136.0961,34.0863],[136.0993,34.0864],[136.1034,34.0839],[136.107,34.0834],[136.1083,34.0837],[136.1122,34.0823],[136.1147,34.0824],[136.116,34.0818],[136.1177,34.0829],[136.1172,34.0842],[136.1128,34.0867],[136.1101,34.0888],[136.1079,34.0913],[136.1069,34.0915],[136.1057,34.0934],[136.1042,34.0937],[136.1024,34.096],[136.1038,34.0975],[136.1034,34.099],[136.1079,34.1031],[136.1043,34.1059],[136.1041,34.1088],[136.1057,34.1095],[136.1041,34.1151],[136.1003,34.1167],[136.0994,34.1187],[136.0997,34.1204],[136.1017,34.1223],[136.1051,34.1231],[136.1069,34.1245],[136.1084,34.1268],[136.1082,34.1296],[136.1068,34.131],[136.1061,34.1331],[136.1051,34.1342],[136.1043,34.1371],[136.1019,34.1413],[136.1026,34.1423],[136.1062,34.1439],[136.1067,34.1452],[136.1064,34.1492],[136.1057,34.1525],[136.1071,34.1538],[136.1108,34.1547],[136.1116,34.1568],[136.1136,34.159],[136.1147,34.1608],[136.1134,34.1638],[136.111,34.1652],[136.112,34.1676],[136.1087,34.1694],[136.1056,34.1716],[136.1045,34.1736],[136.1053,34.1752],[136.1071,34.1751],[136.1078,34.1797],[136.1088,34.1808],[136.1085,34.1824],[136.1089,34.1851],[136.1069,34.1851],[136.1028,34.1866],[136.1003,34.1863],[136.0962,34.1878],[136.0948,34.1895],[136.0927,34.1904],[136.0941,34.1932],[136.0934,34.1957],[136.0902,34.1962],[136.0889,34.1978],[136.0869,34.1989],[136.0822,34.1994],[136.0813,34.1985],[136.0792,34.1993],[136.0774,34.1993],[136.0742,34.201],[136.0717,34.2006],[136.0694,34.1991],[136.0665,34.1999],[136.0641,34.1995],[136.063,34.2002],[136.0596,34.2041],[136.0588,34.2063],[136.0578,34.2071],[136.055,34.2073],[136.0533,34.2067],[136.0504,34.207],[136.0476,34.2067],[136.0457,34.2072],[136.0439,34.2088],[136.0412,34.2085],[136.0391,34.2075],[136.0349,34.2082],[136.0346,34.2091],[136.0317,34.2116],[136.0314,34.2129],[136.0284,34.2158],[136.0279,34.2194],[136.027,34.2202],[136.0266,34.2224],[136.0249,34.2245],[136.0256,34.2265],[136.0272,34.2277],[136.0258,34.2312],[136.025,34.2347],[136.0233,34.235],[136.02,34.2368],[136.0169,34.2342],[136.0125,34.2338],[136.0079,34.2329],[136.0036,34.2334],[136.0018,34.2325],[136.0003,34.2307],[135.9965,34.2287],[135.9915,34.2284],[135.989,34.2277],[135.9874,34.228],[135.9837,34.2279],[135.9817,34.2267],[135.9796,34.2265],[135.9725,34.2245],[135.9695,34.2245],[135.9681,34.2252],[135.966,34.2251],[135.963,34.2279],[135.9601,34.2262],[135.9558,34.2256],[135.9556,34.2243],[135.9537,34.2222],[135.9544,34.2204],[135.9545,34.2183],[135.9536,34.215],[135.9513,34.2104],[135.9488,34.209],[135.9482,34.2072],[135.9453,34.2047],[135.9457,34.2023],[135.9454,34.1979],[135.9441,34.1966],[135.9443,34.1938],[135.9456,34.1925],[135.946,34.1896],[135.9448,34.187],[135.943,34.1853],[135.9439,34.1818],[135.943,34.18],[135.9402,34.1793],[135.9373,34.1804],[135.9355,34.1803],[135.9341,34.179],[135.9314,34.1784],[135.9287,34.1792],[135.9269,34.1785],[135.9231,34.1797],[135.9199,34.1791],[135.9145,34.1799],[135.9111,34.1789],[135.9111,34.1766],[135.9095,34.1745],[135.907,34.1734],[135.9062,34.1719],[135.9035,34.1701],[135.9042,34.1658],[135.905,34.1641],[135.9077,34.1618],[135.9085,34.1592],[135.9108,34.1556],[135.9104,34.1527],[135.9087,34.1492],[135.9069,34.1476],[135.9051,34.1442]]]},"properties":{"prefectureCode":"29","prefectureName":"奈良県","municipalityName":"上北山村","municipalityCode":"29451"}},
{"type":"Feature","geometry":{"type":"Polygon","coordinates":[[[135.8884,34.3398],[135.8901,34.3378],[135.8902,34.3366],[135.8924,34.335],[135.8979,34.3333],[135.9033,34.3308],[135.9046,34.3289],[135.9047,34.3263],[135.9059,34.3232],[135.9078,34.3224],[135.9098,34.3207],[135.9108,34.3173],[135.9118,34.3165],[135.9128,34.3142],[135.911,34.3106],[135.9127,34.3082],[135.9118,34.3064],[135.9134,34.3015],[135.9129,34.299],[135.9145,34.2942],[135.9163,34.2925],[135.9167,34.29],[135.9152,34.2857],[135.9145,34.2846],[135.9152,34.2835],[135.918,34.2824],[135.9185,34.2816],[135.9211,34.2812],[135.9265,34.2785],[135.9293,34.2787],[135.9329,34.2778],[135.9353,34.2782],[135.9388,34.2752],[135.9428,34.2747],[135.9498,34.2764],[135.9503,34.2773],[135.9538,34.2774],[135.9566,34.2764],[135.96,34.2747],[135.9628,34.2744],[135.9635,34.2734],[135.9626,34.2717],[135.9579,34.2688],[135.96,34.266],[135.9634,34.2679],[135.9644,34.2656],[135.9642,34.2643],[135.9654,34.2595],[135.9689,34.2581],[135.9727,34.2575],[135.9731,34.2562],[135.972,34.2551],[135.9719,34.2533],[135.9697,34.2481],[135.9706,34.2463],[135.9692,34.244],[135.9671,34.2425],[135.9658,34.2398],[135.963,34.2356],[135.9648,34.2314],[135.9636,34.2308],[135.963,34.2279],[135.966,34.2251],[135.9681,34.2252],[135.9695,34.2245],[135.9725,34.2245],[135.9796,34.2265],[135.9817,34.2267],[135.9837,34.2279],[135.9874,34.228],[135.989,34.2277],[135.9915,34.2284],[135.9965,34.2287],[136.0003,34.2307],[136.0018,34.2325],[136.0036,34.2334],[136.0079,34.2329],[136.0125,34.2338],[136.0169,34.2342],[136.02,34.2368],[136.0233,34.235],[136.025,34.2347],[136.0258,34.2312],[136.0272,34.2277],[136.0256,34.2265],[136.0249,34.2245],[136.0266,34.2224],[136.027,34.2202],[136.0279,34.2194],[136.0284,34.2158],[136.0314,34.2129],[136.0317,34.2116],[136.0346,34.2091],[136.0349,34.2082],[136.0391,34.2075],[136.0412,34.2085],[136.0439,34.2088],[136.0457,34.2072],[136.0476,34.2067],[136.0504,34.207],[136.0533,34.2067],[136.055,34.2073],[136.0578,34.2071],[136.0588,34.2063],[136.0596,34.2041],[136.063,34.2002],[136.0641,34.1995],[136.0665,34.1999],[136.0694,34.1991],[136.0717,34.2006],[136.0742,34.201],[136.0774,34.1993],[136.0792,34.1993],[136.0813,34.1985],[136.0822,34.1994],[136.0869,34.1989],[136.0889,34.1978],[136.0902,34.1962],[136.0934,34.1957],[136.0965,34.1983],[136.0976,34.2025],[136.1014,34.2035],[136.102,34.2048],[136.1074,34.2074],[136.1072,34.2093],[136.108,34.2105],[136.1097,34.2112],[136.1135,34.2104],[136.1155,34.2108],[136.1183,34.2144],[136.1187,34.2155],[136.1173,34.2171],[136.1169,34.2215],[136.1173,34.2231],[136.1141,34.2237],[136.1123,34.2245],[136.1097,34.2242],[136.1097,34.228],[136.1107,34.2294],[136.1136,34.2289],[136.1158,34.2296],[136.1174,34.2339],[136.1199,34.2364],[136.1211,34.2369],[136.1226,34.2398],[136.1247,34.2413],[136.1284,34.2427],[136.1303,34.2429],[136.1306,34.2466],[136.1294,34.2491],[136.1318,34.2519],[136.13,34.2534],[136.1286,34.2538],[136.1278,34.2567],[136.1252,34.2583],[136.1232,34.2584],[136.1205,34.2602],[136.1181,34.2606],[136.1194,34.2657],[136.1218,34.2671],[136.1192,34.27],[136.1172,34.2711],[136.1167,34.274],[136.1153,34.2741],[136.1134,34.2788],[136.112,34.2807],[136.1102,34.2809],[136.1055,34.283],[136.1038,34.2851],[136.1011,34.2865],[136.1005,34.2879],[136.0978,34.2888],[136.0979,34.291],[136.0959,34.2938],[136.0961,34.2973],[136.0949,34.3015],[136.0958,34.3029],[136.0975,34.3036],[136.1004,34.3055],[136.1047,34.3055],[136.1082,34.3046],[136.1101,34.3053],[136.1116,34.305],[136.1149,34.3088],[136.1187,34.3103],[136.1223,34.3104],[136.1264,34.3144],[136.1295,34.3162],[136.1277,34.3186],[136.1264,34.3192],[136.1241,34.3216],[136.1222,34.3254],[136.1204,34.3268],[136.1193,34.3263],[136.1154,34.3263],[136.1135,34.3281],[136.1092,34.3291],[136.1086,34.3309],[136.1058,34.3337],[136.1024,34.336],[136.1012,34.3384],[136.1021,34.3422],[136.1003,34.3431],[136.0984,34.3452],[136.0967,34.3495],[136.0986,34.3521],[136.0974,34.3537],[136.0972,34.3558],[136.0959,34.3573],[136.0955,34.3598],[136.0938,34.3616],[136.0908,34.3625],[136.0885,34.3635],[136.0863,34.3633],[136.0831,34.3639],[136.0798,34.3631],[136.0735,34.3634],[136.0713,34.3643],[136.0687,34.3642],[136.0677,34.3624],[136.0652,34.3598],[136.0685,34.3552],[136.0668,34.3535],[136.0655,34.3511],[136.0651,34.3488],[136.0639,34.3465],[136.0606,34.3458],[136.0575,34.3464],[136.0515,34.3453],[136.0487,34.3441],[136.0463,34.3438],[136.0449,34.3443],[136.0409,34.3447],[136.0359,34.3466],[136.0307,34.3458],[136.0282,34.3489],[136.0282,34.3502],[136.027,34.3519],[136.023,34.3542],[136.0201,34.3537],[136.0176,34.3562],[136.0142,34.3562],[136.0124,34.3555],[136.0098,34.3532],[136.0063,34.3543],[136.0036,34.3541],[136.0003,34.353],[135.9997,34.3511],[135.9982,34.3498],[135.9963,34.3503],[135.9933,34.352],[135.9909,34.3514],[135.989,34.3525],[135.9847,34.3542],[135.9816,34.3545],[135.9816,34.3571],[135.9824,34.3587],[135.982,34.3613],[135.9811,34.3634],[135.9766,34.3695],[135.9749,34.3737],[135.9749,34.3768],[135.9723,34.3783],[135.9716,34.3805],[135.9695,34.3813],[135.9681,34.3804],[135.9673,34.3787],[135.9649,34.3774],[135.9591,34.378],[135.9584,34.3756],[135.9552,34.3743],[135.9533,34.3746],[135.9512,34.3759],[135.949,34.3754],[135.9464,34.3756],[135.9434,34.3763],[135.9398,34.3762],[135.9367,34.3749],[135.935,34.3753],[135.9348,34.3727],[135.9338,34.3722],[135.9327,34.3693],[135.9301,34.371],[135.9263,34.3723],[135.9265,34.3749],[135.9244,34.3763],[135.9213,34.3758],[135.9213,34.3728],[135.9226,34.3706],[135.9232,34.3685],[135.9261,34.3669],[135.9251,34.365],[135.923,34.3662],[135.9187,34.3659],[135.9159,34.365],[135.9123,34.3633],[135.9115,34.361],[135.9099,34.3592],[135.9099,34.3579],[135.9081,34.3573],[135.9058,34.3557],[135.9047,34.3541],[135.9009,34.353],[135.8993,34.3511],[135.8961,34.3495],[135.8953,34.3466],[135.8933,34.3449],[135.8916,34.3442],[135.8907,34.3429],[135.888,34.3414],[135.8884,34.3398]]]},"properties":{"prefectureCode":"29","prefectureName":"奈良県","municipalityName":"川上村","municipalityCode":"29452"}},
{"type":"Feature","geometry":{"type":"Polygon","coordinates":[[[135.9755,34.4366],[135.9767,34.4338],[135.9786,34.4329],[135.9794,34.4288],[135.9783,34.4273],[135.9732,34.4231],[135.9684,34.4233],[135.9683,34.4197],[135.9637,34.419],[135.9618,34.4182],[135.9608,34.4159],[135.9574,34.4132],[135.9578,34.4107],[135.9597,34.4098],[135.9589,34.4052],[135.9574,34.4042],[135.9546,34.4053],[135.9521,34.4038],[135.9499,34.4034],[135.9477,34.4023],[135.9462,34.4007],[135.9448,34.4004],[135.9434,34.3989],[135.9416,34.3989],[135.9388,34.3969],[135.9386,34.3936],[135.9371,34.392],[135.9375,34.3892],[135.9419,34.3861],[135.942,34.3849],[135.9407,34.3804],[135.9383,34.3795],[135.9366,34.3774],[135.9367,34.3749],[135.9398,34.3762],[135.9434,34.3763],[135.9464,34.3756],[135.949,34.3754],[135.9512,34.3759],[135.9533,34.3746],[135.9552,34.3743],[135.9584,34.3756],[135.9591,34.378],[135.9649,34.3774],[135.9673,34.3787],[135.9681,34.3804],[135.9695,34.3813],[135.9716,34.3805],[135.9723,34.3783],[135.9749,34.3768],[135.9749,34.3737],[135.9766,34.3695],[135.9811,34.3634],[135.982,34.3613],[135.9824,34.3587],[135.9816,34.3571],[135.9816,34.3545],[135.9847,34.3542],[135.989,34.3525],[135.9909,34.3514],[135.9933,34.352],[135.9963,34.3503],[135.9982,34.3498],[135.9997,34.3511],[136.0003,34.353],[136.0036,34.3541],[136.0063,34.3543],[136.0098,34.3532],[136.0124,34.3555],[136.0142,34.3562],[136.0176,34.3562],[136.0201,34.3537],[136.023,34.3542],[136.027,34.3519],[136.0282,34.3502],[136.0282,34.3489],[136.0307,34.3458],[136.0359,34.3466],[136.0409,34.3447],[136.0449,34.3443],[136.0463,34.3438],[136.0487,34.3441],[136.0515,34.3453],[136.0575,34.3464],[136.0606,34.3458],[136.0639,34.3465],[136.0651,34.3488],[136.0655,34.3511],[136.0668,34.3535],[136.0685,34.3552],[136.0652,34.3598],[136.0677,34.3624],[136.0687,34.3642],[136.0713,34.3643],[136.0735,34.3634],[136.0798,34.3631],[136.0831,34.3639],[136.0863,34.3633],[136.0885,34.3635],[136.0908,34.3625],[136.0904,34.3648],[136.0906,34.3672],[136.0919,34.3686],[136.0899,34.3721],[136.0889,34.3747],[136.0866,34.3758],[136.0861,34.3796],[136.0839,34.381],[136.082,34.3836],[136.0782,34.3864],[136.0758,34.3863],[136.0724,34.387],[136.0693,34.3893],[136.0698,34.3924],[136.0691,34.3943],[136.0725,34.396],[136.075,34.3984],[136.0743,34.3998],[136.0754,34.4021],[136.0765,34.4059],[136.0782,34.408],[136.081,34.4097],[136.0835,34.4095],[136.0869,34.4122],[136.0903,34.416],[136.0902,34.4202],[136.0911,34.4229],[136.0899,34.4245],[136.0898,34.427],[136.0887,34.4287],[136.0915,34.4301],[136.0928,34.4314],[136.0946,34.4343],[136.0959,34.4352],[136.0958,34.4375],[136.0949,34.4415],[136.0928,34.4429],[136.0909,34.446],[136.0907,34.4496],[136.088,34.4516],[136.0874,34.4533],[136.0878,34.4551],[136.0856,34.4617],[136.0864,34.4636],[136.0824,34.4663],[136.0814,34.4703],[136.0805,34.4712],[136.082,34.4733],[136.0816,34.4745],[136.0789,34.475],[136.0768,34.4768],[136.0727,34.4771],[136.0706,34.4765],[136.0682,34.4773],[136.0638,34.4781],[136.0627,34.4789],[136.0595,34.4779],[136.0539,34.479],[136.0508,34.4777],[136.0456,34.478],[136.0415,34.4786],[136.0387,34.4799],[136.0385,34.4779],[136.0447,34.4733],[136.0472,34.4724],[136.05,34.4702],[136.049,34.4688],[136.0474,34.4683],[136.0458,34.4661],[136.0435,34.4659],[136.042,34.4631],[136.0371,34.4618],[136.0366,34.4606],[136.0338,34.4603],[136.0309,34.4586],[136.0305,34.456],[136.0287,34.4562],[136.0251,34.455],[136.0213,34.4556],[136.0177,34.4549],[136.0168,34.4534],[136.0146,34.454],[136.0129,34.4535],[136.0124,34.4513],[136.0111,34.4503],[136.0088,34.4453],[136.0071,34.4436],[136.0024,34.4427],[136.0002,34.4434],[135.9979,34.4432],[135.9968,34.4439],[135.9941,34.4431],[135.9923,34.4443],[135.9902,34.4427],[135.9887,34.4427],[135.9862,34.4412],[135.9846,34.4412],[135.9831,34.4393],[135.9808,34.4391],[135.9792,34.4381],[135.9789,34.4368],[135.9755,34.4366]]]},"properties":{"prefectureCode":"29","prefectureName":"奈良県","municipalityName":"東吉野村","municipalityCode":"29453"}},
{"type":"Feature","geometry":{"type":"Polygon","coordinates":[[[135.9618,33.6063],[135.9618,33.6061],[135.962,33.6062],[135.9618,33.6063]]]},"properties":{"prefectureCode":"30","prefectureName":"和歌山県","municipalityName":"所属未定地","municipalityCode":"30000"}},
{"type":"Feature","geometry":{"type":"MultiPolygon","coordinates":[[[[135.208,34.3082],[135.2085,34.3028],[135.2053,34.3005],[135.2043,34.2979],[135.2049,34.2961],[135.2044,34.2905],[135.2052,34.2886],[135.2027,34.2876],[135.2016,34.2883],[135.1998,34.2875],[135.1985,34.288],[135.1958,34.286],[135.1936,34.287],[135.1916,34.2865],[135.1896,34.2828],[135.1878,34.2832],[135.1848,34.2809],[135.1845,34.2789],[135.1832,34.2788],[135.1807,34.2799],[135.1786,34.2789],[135.1769,34.2797],[135.1715,34.2806],[135.1669,34.2799],[135.1655,34.2788],[135.1633,34.2786],[135.1609,34.2775],[135.1574,34.2771],[135.1538,34.2743],[135.154,34.2766],[135.1534,34.2787],[135.1548,34.2809],[135.1532,34.2824],[135.1509,34.2823],[135.148,34.2839],[135.1465,34.2836],[135.1451,34.2819],[135.1429,34.2804],[135.141,34.282],[135.1396,34.2819],[135.1394,34.2794],[135.1366,34.2735],[135.1321,34.2724],[135.1303,34.273],[135.1282,34.2764],[135.126,34.2774],[135.1235,34.2763],[135.1227,34.2748],[135.121,34.2739],[135.117,34.2731],[135.1141,34.2744],[135.112,34.2735],[135.1103,34.2738],[135.1074,34.2785],[135.1091,34.2827],[135.1085,34.2842],[135.1055,34.2846],[135.1031,34.2863],[135.1013,34.2869],[135.0987,34.289],[135.0998,34.2927],[135.0991,34.2946],[135.0969,34.2971],[135.1003,34.3004],[135.1031,34.3019],[135.1046,34.3043],[135.1064,34.3058],[135.1059,34.3089],[135.1035,34.3097],[135.1027,34.3109],[135.0971,34.3079],[135.0946,34.3107],[135.0928,34.312],[135.0929,34.3113],[135.0896,34.3095],[135.0875,34.3075],[135.0834,34.3064],[135.0797,34.3082],[135.0777,34.307],[135.0767,34.3074],[135.0743,34.3054],[135.0741,34.3031],[135.071,34.3],[135.07,34.2981],[135.0689,34.2946],[135.0681,34.2908],[135.0707,34.2894],[135.0718,34.2882],[135.0701,34.2855],[135.0722,34.2848],[135.0735,34.2836],[135.0743,34.281],[135.0733,34.2787],[135.0713,34.2791],[135.0721,34.2753],[135.0689,34.2756],[135.0665,34.2745],[135.0652,34.2732],[135.0654,34.2719],[135.0644,34.2684],[135.0611,34.2648],[135.0627,34.2624],[135.0656,34.2614],[135.0702,34.2614],[135.0723,34.2606],[135.0768,34.2613],[135.0791,34.2609],[135.0824,34.2612],[135.0896,34.2608],[135.094,34.259],[135.0963,34.2573],[135.0969,34.2577],[135.0998,34.2563],[135.0991,34.2553],[135.097,34.256],[135.0958,34.2529],[135.102,34.2501],[135.1111,34.2451],[135.1188,34.2396],[135.1175,34.2419],[135.1147,34.2434],[135.1143,34.2445],[135.1163,34.2464],[135.1209,34.2431],[135.119,34.242],[135.1205,34.2404],[135.1231,34.2416],[135.1327,34.2299],[135.1282,34.2273],[135.126,34.2297],[135.1232,34.2296],[135.1184,34.2347],[135.1173,34.2346],[135.1038,34.2371],[135.1004,34.2356],[135.1071,34.2285],[135.1104,34.227],[135.1215,34.2249],[135.1291,34.2246],[135.1372,34.2255],[135.1395,34.2254],[135.1416,34.2228],[135.1404,34.2214],[135.1335,34.2191],[135.1345,34.2176],[135.1394,34.2191],[135.1392,34.2205],[135.1406,34.221],[135.1416,34.2189],[135.1435,34.2193],[135.1448,34.2148],[135.1404,34.2143],[135.1399,34.2121],[135.1445,34.2121],[135.1445,34.2102],[135.1413,34.209],[135.1435,34.2028],[135.1453,34.2028],[135.1455,34.2006],[135.1501,34.2003],[135.1501,34.1954],[135.1497,34.1946],[135.147,34.1946],[135.1454,34.1958],[135.1427,34.1951],[135.1423,34.1964],[135.145,34.1971],[135.1447,34.1985],[135.1413,34.2021],[135.1373,34.2011],[135.1396,34.194],[135.1407,34.1925],[135.1404,34.1892],[135.1426,34.1867],[135.1454,34.1896],[135.1466,34.1894],[135.1486,34.1878],[135.1475,34.1839],[135.1495,34.1836],[135.1515,34.1822],[135.1514,34.1845],[135.1548,34.1845],[135.1568,34.1852],[135.1587,34.1867],[135.1629,34.1879],[135.1669,34.1865],[135.1682,34.1852],[135.1706,34.1819],[135.176,34.1769],[135.174,34.1814],[135.1722,34.1837],[135.1727,34.1863],[135.1736,34.1883],[135.18,34.1869],[135.1791,34.1837],[135.1777,34.1815],[135.1777,34.1791],[135.1802,34.1745],[135.182,34.1719],[135.1823,34.1705],[135.1819,34.1667],[135.183,34.1612],[135.1836,34.1596],[135.1827,34.1587],[135.1844,34.1571],[135.1869,34.1565],[135.1898,34.1575],[135.1919,34.1589],[135.1944,34.1606],[135.1924,34.1627],[135.1959,34.165],[135.1986,34.1651],[135.2025,34.1666],[135.203,34.1672],[135.204,34.1674],[135.204,34.1689],[135.2036,34.1691],[135.2035,34.1692],[135.2036,34.1695],[135.2037,34.17],[135.2039,34.1704],[135.2038,34.1706],[135.2032,34.1711],[135.2032,34.1713],[135.2032,34.1721],[135.2023,34.1729],[135.2022,34.173],[135.2022,34.1731],[135.2029,34.1733],[135.2033,34.1734],[135.2045,34.1734],[135.205,34.1734],[135.206,34.1736],[135.2064,34.1736],[135.2073,34.1738],[135.2076,34.1738],[135.2083,34.1737],[135.2085,34.1736],[135.2086,34.1736],[135.2096,34.1735],[135.2098,34.1735],[135.2107,34.1733],[135.2108,34.1733],[135.2118,34.1741],[135.2124,34.1743],[135.2139,34.1737],[135.2153,34.1744],[135.2162,34.1748],[135.2167,34.1751],[135.2169,34.1753],[135.2177,34.1753],[135.2185,34.1753],[135.2211,34.1751],[135.2216,34.175],[135.2223,34.1748],[135.225,34.1742],[135.2259,34.1743],[135.2266,34.1743],[135.2268,34.1744],[135.2269,34.1747],[135.2269,34.1751],[135.2271,34.1764],[135.2281,34.1765],[135.2282,34.179],[135.2284,34.179],[135.2286,34.179],[135.2298,34.1788],[135.2299,34.179],[135.2311,34.179],[135.2317,34.1791],[135.2319,34.1793],[135.2331,34.179],[135.2336,34.1789],[135.2334,34.1793],[135.2334,34.1796],[135.2336,34.1798],[135.2337,34.18],[135.2338,34.1802],[135.2344,34.1803],[135.2345,34.1804],[135.2346,34.1806],[135.2356,34.1807],[135.2361,34.1809],[135.2365,34.1809],[135.2405,34.1821],[135.2407,34.1822],[135.241,34.1825],[135.2415,34.1829],[135.2423,34.1828],[135.2426,34.1821],[135.2432,34.1821],[135.2435,34.1823],[135.2436,34.1823],[135.2448,34.1823],[135.2451,34.1818],[135.2459,34.1812],[135.2468,34.1809],[135.2472,34.1807],[135.2481,34.181],[135.2485,34.1812],[135.2494,34.1805],[135.2497,34.1803],[135.2513,34.1811],[135.2534,34.1806],[135.255,34.1777],[135.2586,34.1782],[135.2603,34.1773],[135.2617,34.1779],[135.2674,34.1757],[135.2694,34.1763],[135.2747,34.1761],[135.2766,34.1757],[135.2786,34.1771],[135.2832,34.1786],[135.2838,34.1803],[135.285,34.1814],[135.285,34.1827],[135.2827,34.1849],[135.2792,34.1851],[135.2779,34.187],[135.2785,34.1907],[135.281,34.1924],[135.2822,34.1952],[135.2843,34.1971],[135.2839,34.1987],[135.2837,34.2034],[135.2846,34.203],[135.2836,34.2036],[135.2828,34.2035],[135.2822,34.2071],[135.28,34.2076],[135.281,34.2133],[135.278,34.2146],[135.2771,34.2159],[135.2746,34.2168],[135.2748,34.2179],[135.2745,34.2219],[135.2774,34.223],[135.2788,34.2242],[135.282,34.2256],[135.2827,34.2269],[135.2847,34.2279],[135.2851,34.2293],[135.2875,34.2287],[135.2912,34.2301],[135.2927,34.2315],[135.2962,34.231],[135.301,34.2344],[135.3017,34.2361],[135.3051,34.2363],[135.3071,34.2378],[135.3113,34.2377],[135.314,34.2372],[135.3147,34.2389],[135.3134,34.2436],[135.3115,34.2473],[135.3101,34.2473],[135.3089,34.2487],[135.3074,34.249],[135.3076,34.2523],[135.2977,34.2553],[135.2938,34.255],[135.2874,34.2537],[135.2817,34.2545],[135.2728,34.2535],[135.2721,34.2571],[135.2741,34.2604],[135.2739,34.2624],[135.2758,34.2635],[135.275,34.265],[135.2769,34.2675],[135.2757,34.2681],[135.2769,34.2712],[135.2738,34.2713],[135.2761,34.2777],[135.2761,34.2795],[135.2747,34.2818],[135.2717,34.2901],[135.2713,34.292],[135.2732,34.2969],[135.2726,34.2988],[135.2725,34.3015],[135.2713,34.3034],[135.2702,34.3033],[135.2696,34.3051],[135.2709,34.3073],[135.2706,34.3096],[135.271,34.3125],[135.2659,34.3126],[135.2631,34.3132],[135.2617,34.3125],[135.2579,34.3157],[135.2542,34.3158],[135.2524,34.3148],[135.2488,34.3142],[135.2482,34.313],[135.2466,34.3133],[135.2459,34.3118],[135.2414,34.3084],[135.2398,34.3078],[135.2362,34.3054],[135.2355,34.3036],[135.225,34.3009],[135.2218,34.3038],[135.2187,34.3052],[135.2156,34.3051],[135.2114,34.3064],[135.2094,34.308],[135.208,34.3082]]],[[[135.011,34.2758],[135.0116,34.2765],[135.012,34.2796],[135.0168,34.2807],[135.0173,34.2833],[135.0183,34.2851],[135.0204,34.2866],[135.0201,34.2896],[135.0205,34.2912],[135.0221,34.292],[135.0205,34.2931],[135.0184,34.2915],[135.0171,34.2887],[135.0152,34.2875],[135.0123,34.2837],[135.0079,34.2835],[135.005,34.2847],[135.0034,34.2846],[135.0025,34.2831],[135.0008,34.2828],[134.9993,34.2814],[134.999,34.2797],[135.002,34.2795],[135.0032,34.278],[135.0047,34.2772],[135.0081,34.2771],[135.0094,34.2759],[135.011,34.2758]]],[[[135.0333,34.2954],[135.0379,34.2943],[135.0387,34.2934],[135.0438,34.292],[135.0487,34.2929],[135.0517,34.2943],[135.0529,34.2958],[135.0567,34.2973],[135.0589,34.2968],[135.0599,34.298],[135.0563,34.2991],[135.0503,34.2988],[135.049,34.2992],[135.0466,34.2976],[135.0457,34.2985],[135.0422,34.298],[135.0374,34.2986],[135.0356,34.2968],[135.0333,34.2954]]],[[[135.025,34.2922],[135.0265,34.291],[135.0276,34.293],[135.0256,34.2936],[135.025,34.2922]]],[[[135.1811,34.1583],[135.1808,34.159],[135.1765,34.159],[135.1763,34.1579],[135.1788,34.1579],[135.1788,34.1553],[135.1813,34.1567],[135.1811,34.1583]]],[[[135.175,34.1574],[135.1739,34.1543],[135.175,34.1527],[135.1767,34.1522],[135.1774,34.1551],[135.1745,34.1558],[135.175,34.1574]]],[[[135.1833,34.1513],[135.1845,34.1547],[135.1826,34.1558],[135.1802,34.1557],[135.1788,34.1551],[135.1776,34.1551],[135.1769,34.1521],[135.1814,34.1508],[135.1833,34.1513]]]]},"properties":{"prefectureCode":"30","prefectureName":"和歌山県","municipalityName":"和歌山市","municipalityCode":"30201"}},
{"type":"Feature","geometry":{"type":"Polygon","coordinates":[[[135.1919,34.1589],[135.1927,34.157],[135.1867,34.1558],[135.1842,34.1484],[135.1886,34.1483],[135.197,34.1487],[135.1994,34.1494],[135.2012,34.1515],[135.2029,34.1513],[135.2082,34.1517],[135.2095,34.1513],[135.2095,34.1494],[135.205,34.1501],[135.2023,34.1499],[135.1995,34.1471],[135.2,34.1436],[135.1978,34.1429],[135.1951,34.1433],[135.1934,34.1444],[135.1872,34.1426],[135.1831,34.1426],[135.1796,34.1404],[135.1781,34.1408],[135.1749,34.138],[135.1723,34.1373],[135.1708,34.136],[135.1708,34.1338],[135.1668,34.1343],[135.1671,34.1363],[135.1644,34.1369],[135.1624,34.1356],[135.1581,34.1361],[135.1555,34.139],[135.15,34.1384],[135.1462,34.1387],[135.1426,34.1381],[135.1401,34.1388],[135.1323,34.1383],[135.1261,34.1368],[135.1245,34.1356],[135.1253,34.1339],[135.1248,34.1327],[135.1218,34.1305],[135.123,34.1291],[135.1271,34.128],[135.1305,34.1302],[135.1312,34.1313],[135.1343,34.1285],[135.1345,34.1261],[135.131,34.1221],[135.1322,34.1211],[135.1335,34.1189],[135.1348,34.1183],[135.1379,34.1189],[135.1397,34.1185],[135.144,34.1159],[135.1447,34.1116],[135.1422,34.1095],[135.1416,34.1113],[135.1395,34.1137],[135.1388,34.1129],[135.1388,34.1103],[135.1371,34.1099],[135.1363,34.1128],[135.1301,34.1142],[135.1229,34.1149],[135.1219,34.1176],[135.1187,34.1197],[135.1156,34.1199],[135.1143,34.1191],[135.1121,34.1152],[135.112,34.1129],[135.1146,34.1127],[135.1183,34.1137],[135.1222,34.1112],[135.1257,34.1104],[135.1271,34.109],[135.1292,34.1086],[135.132,34.1069],[135.1325,34.1045],[135.1354,34.104],[135.1351,34.1019],[135.1385,34.101],[135.1389,34.0973],[135.1399,34.0943],[135.1427,34.0944],[135.1455,34.0953],[135.147,34.0949],[135.1489,34.0954],[135.151,34.0947],[135.1526,34.0934],[135.1559,34.0946],[135.1585,34.0942],[135.1601,34.0948],[135.1618,34.0942],[135.1665,34.094],[135.1702,34.0963],[135.1715,34.0979],[135.173,34.0981],[135.1786,34.101],[135.1809,34.1017],[135.1817,34.1004],[135.1843,34.0998],[135.1875,34.0981],[135.1965,34.0988],[135.1979,34.0985],[135.1998,34.1001],[135.2027,34.1006],[135.205,34.1001],[135.2093,34.1031],[135.2118,34.104],[135.213,34.1062],[135.2164,34.1072],[135.2172,34.11],[135.2219,34.1102],[135.2243,34.1076],[135.2283,34.1066],[135.2313,34.1073],[135.2323,34.1104],[135.2336,34.1118],[135.2353,34.1121],[135.236,34.1139],[135.2355,34.1178],[135.2371,34.1204],[135.2392,34.1222],[135.2431,34.1213],[135.2448,34.1222],[135.2491,34.1226],[135.2502,34.1219],[135.2531,34.1214],[135.2562,34.1193],[135.2578,34.1177],[135.2592,34.1178],[135.2618,34.1167],[135.2628,34.1156],[135.2659,34.1176],[135.2678,34.1163],[135.2737,34.1172],[135.2761,34.119],[135.2784,34.1197],[135.2797,34.1187],[135.2845,34.1204],[135.2868,34.1244],[135.289,34.1255],[135.2921,34.126],[135.2922,34.1269],[135.2943,34.1295],[135.2941,34.1308],[135.2951,34.1319],[135.2942,34.1334],[135.2971,34.136],[135.2969,34.1377],[135.2977,34.1398],[135.2989,34.1414],[135.2979,34.1442],[135.3014,34.1447],[135.3023,34.1463],[135.3019,34.1477],[135.3028,34.1501],[135.3014,34.1529],[135.3019,34.1556],[135.3015,34.1572],[135.3033,34.1587],[135.3024,34.1604],[135.303,34.1655],[135.2997,34.1645],[135.298,34.163],[135.2948,34.1616],[135.2915,34.1621],[135.2901,34.1662],[135.2912,34.1679],[135.2964,34.1693],[135.2976,34.1714],[135.2993,34.1721],[135.3004,34.1734],[135.2998,34.1755],[135.3036,34.1771],[135.3064,34.1766],[135.3088,34.177],[135.3102,34.1779],[135.3126,34.1784],[135.3123,34.1797],[135.3129,34.1824],[135.3142,34.1847],[135.3144,34.1883],[135.3153,34.1901],[135.3182,34.1935],[135.3151,34.1949],[135.3146,34.1992],[135.3135,34.2014],[135.3089,34.2025],[135.3084,34.2012],[135.3081,34.1968],[135.306,34.195],[135.3043,34.197],[135.3005,34.1972],[135.2973,34.1986],[135.2967,34.2004],[135.2927,34.2014],[135.2909,34.2027],[135.2879,34.2023],[135.2846,34.203],[135.2837,34.2034],[135.2839,34.1987],[135.2843,34.1971],[135.2822,34.1952],[135.281,34.1924],[135.2785,34.1907],[135.2779,34.187],[135.2792,34.1851],[135.2827,34.1849],[135.285,34.1827],[135.285,34.1814],[135.2838,34.1803],[135.2832,34.1786],[135.2786,34.1771],[135.2766,34.1757],[135.2747,34.1761],[135.2694,34.1763],[135.2674,34.1757],[135.2617,34.1779],[135.2603,34.1773],[135.2586,34.1782],[135.255,34.1777],[135.2534,34.1806],[135.2513,34.1811],[135.2497,34.1803],[135.2494,34.1805],[135.2485,34.1812],[135.2481,34.181],[135.2472,34.1807],[135.2468,34.1809],[135.2459,34.1812],[135.2451,34.1818],[135.2448,34.1823],[135.2436,34.1823],[135.2435,34.1823],[135.2432,34.1821],[135.2426,34.1821],[135.2423,34.1828],[135.2415,34.1829],[135.241,34.1825],[135.2407,34.1822],[135.2405,34.1821],[135.2365,34.1809],[135.2361,34.1809],[135.2356,34.1807],[135.2346,34.1806],[135.2345,34.1804],[135.2344,34.1803],[135.2338,34.1802],[135.2337,34.18],[135.2336,34.1798],[135.2334,34.1796],[135.2334,34.1793],[135.2336,34.1789],[135.2331,34.179],[135.2319,34.1793],[135.2317,34.1791],[135.2311,34.179],[135.2299,34.179],[135.2298,34.1788],[135.2286,34.179],[135.2284,34.179],[135.2282,34.179],[135.2281,34.1765],[135.2271,34.1764],[135.2269,34.1751],[135.2269,34.1747],[135.2268,34.1744],[135.2266,34.1743],[135.2259,34.1743],[135.225,34.1742],[135.2223,34.1748],[135.2216,34.175],[135.2211,34.1751],[135.2185,34.1753],[135.2177,34.1753],[135.2169,34.1753],[135.2167,34.1751],[135.2162,34.1748],[135.2153,34.1744],[135.2139,34.1737],[135.2124,34.1743],[135.2118,34.1741],[135.2108,34.1733],[135.2107,34.1733],[135.2098,34.1735],[135.2096,34.1735],[135.2086,34.1736],[135.2085,34.1736],[135.2083,34.1737],[135.2076,34.1738],[135.2073,34.1738],[135.2064,34.1736],[135.206,34.1736],[135.205,34.1734],[135.2045,34.1734],[135.2033,34.1734],[135.2029,34.1733],[135.2022,34.1731],[135.2022,34.173],[135.2023,34.1729],[135.2032,34.1721],[135.2032,34.1713],[135.2032,34.1711],[135.2038,34.1706],[135.2039,34.1704],[135.2037,34.17],[135.2036,34.1695],[135.2035,34.1692],[135.2036,34.1691],[135.204,34.1689],[135.204,34.1674],[135.203,34.1672],[135.2025,34.1666],[135.1986,34.1651],[135.1959,34.165],[135.1924,34.1627],[135.1944,34.1606],[135.1919,34.1589]]]},"properties":{"prefectureCode":"30","prefectureName":"和歌山県","municipalityName":"海南市","municipalityCode":"30202"}},
{"type":"Feature","geometry":{"type":"MultiPolygon","coordinates":[[[[135.5292,34.3514],[135.5267,34.3455],[135.5267,34.3446],[135.5285,34.3416],[135.5276,34.3389],[135.53,34.3361],[135.5278,34.334],[135.5269,34.3292],[135.5274,34.3273],[135.5294,34.3281],[135.5317,34.3265],[135.5321,34.3249],[135.5348,34.3235],[135.535,34.3218],[135.5377,34.321],[135.5389,34.3196],[135.539,34.3181],[135.5416,34.3135],[135.5426,34.311],[135.5421,34.3042],[135.5498,34.2984],[135.5572,34.2945],[135.5612,34.2939],[135.5625,34.2944],[135.5653,34.2973],[135.5678,34.2991],[135.5709,34.3001],[135.5727,34.2944],[135.5712,34.2923],[135.5728,34.2915],[135.5709,34.2896],[135.573,34.2885],[135.574,34.2844],[135.5762,34.2832],[135.5759,34.2858],[135.5774,34.286],[135.5805,34.284],[135.5814,34.2858],[135.5837,34.2863],[135.5863,34.285],[135.588,34.2808],[135.5893,34.2809],[135.5911,34.2781],[135.5932,34.28],[135.5946,34.2806],[135.5962,34.2798],[135.5996,34.2806],[135.6015,34.2825],[135.6027,34.282],[135.6069,34.2829],[135.6112,34.2827],[135.6135,34.2814],[135.6172,34.2814],[135.6211,34.2839],[135.624,34.2837],[135.6259,34.2844],[135.6279,34.2828],[135.628,34.2799],[135.6295,34.2783],[135.6321,34.2772],[135.6315,34.2756],[135.6343,34.2765],[135.6353,34.2716],[135.6364,34.2705],[135.6386,34.2708],[135.6404,34.2697],[135.6402,34.2681],[135.6414,34.2675],[135.6437,34.268],[135.6435,34.2663],[135.6442,34.2648],[135.6417,34.2635],[135.6388,34.263],[135.6363,34.2631],[135.6375,34.2579],[135.6362,34.2574],[135.6343,34.2557],[135.6324,34.2552],[135.6307,34.254],[135.6307,34.2514],[135.6323,34.2489],[135.6347,34.2499],[135.639,34.2484],[135.6425,34.2484],[135.6439,34.249],[135.6472,34.2473],[135.6493,34.2454],[135.6531,34.2472],[135.6537,34.246],[135.6512,34.2427],[135.6544,34.2413],[135.6564,34.243],[135.6579,34.2431],[135.6599,34.245],[135.6615,34.2447],[135.6627,34.2471],[135.6651,34.2483],[135.666,34.2507],[135.6682,34.2517],[135.6686,34.2529],[135.6729,34.2554],[135.6745,34.258],[135.6709,34.2629],[135.6715,34.2642],[135.6736,34.2655],[135.6768,34.2669],[135.6779,34.2679],[135.6799,34.2711],[135.6812,34.2717],[135.6804,34.2734],[135.6771,34.2746],[135.6768,34.2777],[135.6736,34.2802],[135.6728,34.2815],[135.6737,34.284],[135.6738,34.2864],[135.6752,34.2881],[135.6754,34.2904],[135.6741,34.2912],[135.6733,34.2939],[135.6722,34.2957],[135.6692,34.2969],[135.6686,34.2983],[135.6686,34.3028],[135.6679,34.305],[135.669,34.3067],[135.6664,34.3087],[135.6679,34.3134],[135.6691,34.3154],[135.6676,34.3192],[135.6683,34.3213],[135.6681,34.3257],[135.6663,34.3266],[135.6619,34.3274],[135.6603,34.3269],[135.6604,34.3295],[135.6598,34.3301],[135.659,34.334],[135.6604,34.3361],[135.6599,34.3373],[135.6615,34.338],[135.6604,34.3406],[135.6623,34.3434],[135.6608,34.3446],[135.6629,34.3469],[135.6622,34.3509],[135.6631,34.3521],[135.6635,34.3554],[135.6609,34.3596],[135.66,34.3602],[135.6558,34.3662],[135.655,34.3693],[135.6554,34.3715],[135.6543,34.3731],[135.6526,34.3773],[135.6514,34.3795],[135.6511,34.3832],[135.6489,34.3837],[135.6462,34.3834],[135.6438,34.3839],[135.639,34.3835],[135.639,34.3822],[135.6364,34.3815],[135.6319,34.383],[135.6261,34.3838],[135.6235,34.3836],[135.6199,34.3845],[135.6178,34.3833],[135.6175,34.3818],[135.6154,34.3781],[135.6133,34.3766],[135.6078,34.3776],[135.6041,34.3774],[135.6018,34.3785],[135.6014,34.3801],[135.5977,34.3804],[135.5959,34.3792],[135.5961,34.3773],[135.595,34.3754],[135.5927,34.3748],[135.5905,34.3755],[135.5867,34.3753],[135.5834,34.3769],[135.5771,34.376],[135.5756,34.3739],[135.5733,34.3733],[135.5724,34.3719],[135.5698,34.371],[135.5677,34.3717],[135.5669,34.3707],[135.5634,34.3693],[135.5608,34.3654],[135.5594,34.3647],[135.5569,34.362],[135.5566,34.361],[135.5544,34.3594],[135.5516,34.3597],[135.5506,34.3582],[135.5479,34.3567],[135.5435,34.3566],[135.5415,34.3576],[135.5397,34.3575],[135.5383,34.3565],[135.5349,34.3524],[135.5315,34.3511],[135.5292,34.3514]]],[[[135.5442,34.2812],[135.5458,34.2808],[135.5493,34.2779],[135.5519,34.2767],[135.5535,34.2776],[135.5527,34.2809],[135.554,34.2823],[135.5549,34.2848],[135.556,34.2858],[135.5571,34.2882],[135.5562,34.2902],[135.5531,34.2888],[135.5518,34.2865],[135.5495,34.2852],[135.5467,34.2842],[135.5447,34.2824],[135.5442,34.2812]]]]},"properties":{"prefectureCode":"30","prefectureName":"和歌山県","municipalityName":"橋本市","municipalityCode":"30203"}},
{"type":"Feature","geometry":{"type":"MultiPolygon","coordinates":[[[[135.112,34.1129],[135.1132,34.1095],[135.1122,34.1059],[135.1079,34.0983],[135.1059,34.097],[135.1028,34.0959],[135.1011,34.0907],[135.0989,34.0912],[135.0994,34.0929],[135.0986,34.0941],[135.0964,34.0932],[135.0967,34.0912],[135.0946,34.0854],[135.0964,34.0809],[135.0957,34.0794],[135.0897,34.0756],[135.0905,34.0745],[135.0892,34.0729],[135.0874,34.0721],[135.0864,34.0729],[135.0845,34.0726],[135.0838,34.0736],[135.0813,34.0752],[135.0789,34.0741],[135.0832,34.0724],[135.0846,34.0703],[135.087,34.0698],[135.0884,34.067],[135.0911,34.0687],[135.0938,34.0686],[135.0957,34.0695],[135.0999,34.0702],[135.1012,34.069],[135.1044,34.0713],[135.1083,34.0697],[135.1107,34.0705],[135.1144,34.0681],[135.1164,34.0683],[135.119,34.0675],[135.1222,34.0673],[135.1257,34.0646],[135.128,34.0651],[135.1314,34.065],[135.1332,34.0654],[135.1359,34.0646],[135.1379,34.0608],[135.138,34.0578],[135.139,34.057],[135.1397,34.0587],[135.1424,34.0603],[135.1438,34.059],[135.1488,34.0585],[135.1497,34.0594],[135.1524,34.0599],[135.1539,34.061],[135.1584,34.0627],[135.1609,34.0625],[135.1661,34.0631],[135.1691,34.0613],[135.1706,34.0593],[135.171,34.0577],[135.1732,34.0554],[135.1755,34.0562],[135.1787,34.0563],[135.1808,34.0572],[135.1818,34.06],[135.1833,34.0617],[135.1863,34.0615],[135.1875,34.0621],[135.1878,34.0651],[135.1905,34.0661],[135.192,34.0727],[135.1923,34.0754],[135.193,34.0772],[135.1894,34.0847],[135.1888,34.0867],[135.1889,34.09],[135.1879,34.0906],[135.1879,34.0923],[135.1868,34.0942],[135.1873,34.0951],[135.1875,34.0981],[135.1843,34.0998],[135.1817,34.1004],[135.1809,34.1017],[135.1786,34.101],[135.173,34.0981],[135.1715,34.0979],[135.1702,34.0963],[135.1665,34.094],[135.1618,34.0942],[135.1601,34.0948],[135.1585,34.0942],[135.1559,34.0946],[135.1526,34.0934],[135.151,34.0947],[135.1489,34.0954],[135.147,34.0949],[135.1455,34.0953],[135.1427,34.0944],[135.1399,34.0943],[135.1389,34.0973],[135.1385,34.101],[135.1351,34.1019],[135.1354,34.104],[135.1325,34.1045],[135.132,34.1069],[135.1292,34.1086],[135.1271,34.109],[135.1257,34.1104],[135.1222,34.1112],[135.1183,34.1137],[135.1146,34.1127],[135.112,34.1129]]],[[[135.075,34.113],[135.0766,34.1112],[135.0789,34.11],[135.0818,34.1123],[135.0836,34.1128],[135.0838,34.1142],[135.0814,34.1148],[135.0791,34.1145],[135.0769,34.1152],[135.075,34.113]]],[[[135.1,34.1083],[135.1035,34.1091],[135.1052,34.1102],[135.1021,34.1139],[135.1019,34.1151],[135.103,34.1166],[135.1016,34.1172],[135.099,34.1166],[135.0976,34.1144],[135.0973,34.1122],[135.0986,34.1106],[135.0981,34.1094],[135.1,34.1083]]]]},"properties":{"prefectureCode":"30","prefectureName":"和歌山県","municipalityName":"有田市","municipalityCode":"30204"}},
{"type":"Feature","geometry":{"type":"MultiPolygon","coordinates":[[[[135.15,33.8573],[135.155,33.8582],[135.1561,33.8595],[135.1554,33.8623],[135.146,33.8605],[135.1467,33.8577],[135.1477,33.8568],[135.15,33.8573]]],[[[135.1525,33.8755],[135.1536,33.8753],[135.1559,33.8728],[135.158,33.8696],[135.159,33.8673],[135.1535,33.8654],[135.1544,33.8634],[135.1557,33.8631],[135.1589,33.8639],[135.1601,33.86],[135.1594,33.8583],[135.1631,33.854],[135.1656,33.8521],[135.165,33.8499],[135.1665,33.849],[135.167,33.8469],[135.164,33.8468],[135.1631,33.8454],[135.1657,33.8437],[135.1684,33.8432],[135.1704,33.8411],[135.1732,33.8406],[135.1747,33.8397],[135.1753,33.838],[135.1743,33.8363],[135.1745,33.8326],[135.1757,33.8309],[135.1783,33.8293],[135.1848,33.8271],[135.1844,33.8245],[135.1847,33.8224],[135.1861,33.8195],[135.189,33.818],[135.191,33.8179],[135.195,33.8164],[135.1953,33.8147],[135.1964,33.8137],[135.1993,33.8131],[135.1999,33.8142],[135.1997,33.8163],[135.1999,33.8167],[135.2002,33.817],[135.2005,33.8174],[135.2007,33.8177],[135.2017,33.8194],[135.2019,33.8213],[135.202,33.8224],[135.2023,33.823],[135.2023,33.8232],[135.2025,33.8233],[135.203,33.8239],[135.2028,33.825],[135.2024,33.8265],[135.2023,33.8268],[135.2024,33.8269],[135.2025,33.8271],[135.2025,33.8272],[135.2022,33.828],[135.2021,33.8284],[135.2021,33.8286],[135.2018,33.8301],[135.2018,33.8304],[135.2022,33.831],[135.2043,33.8334],[135.2078,33.8348],[135.2087,33.8359],[135.2083,33.8381],[135.207,33.8399],[135.2049,33.8402],[135.2024,33.8421],[135.2021,33.8437],[135.2037,33.845],[135.2029,33.8482],[135.2029,33.8505],[135.2002,33.8512],[135.2004,33.8538],[135.1966,33.8537],[135.1925,33.8548],[135.1916,33.8566],[135.1883,33.8569],[135.184,33.8585],[135.1845,33.8619],[135.1855,33.8624],[135.1862,33.8656],[135.1826,33.8665],[135.1791,33.8692],[135.1799,33.8701],[135.1833,33.8698],[135.1869,33.8704],[135.1883,33.8697],[135.1894,33.8681],[135.1925,33.8683],[135.1957,33.867],[135.197,33.8686],[135.1987,33.8678],[135.2001,33.8683],[135.204,33.8672],[135.2059,33.8654],[135.208,33.8651],[135.2099,33.8642],[135.214,33.8645],[135.2159,33.8671],[135.216,33.8691],[135.2148,33.8701],[135.2149,33.8723],[135.211,33.874],[135.2099,33.8732],[135.2011,33.8733],[135.2005,33.8742],[135.1999,33.8783],[135.1991,33.8799],[135.1995,33.882],[135.1977,33.8845],[135.1983,33.8873],[135.1979,33.8884],[135.1989,33.8925],[135.1974,33.8935],[135.1959,33.8954],[135.1942,33.8999],[135.191,33.9036],[135.1862,33.9064],[135.1829,33.9066],[135.183,33.9078],[135.1801,33.9091],[135.1806,33.9114],[135.1789,33.9112],[135.1766,33.9127],[135.1738,33.9127],[135.1728,33.9138],[135.173,33.9172],[135.1725,33.9191],[135.175,33.9216],[135.1744,33.9226],[135.1723,33.9235],[135.1723,33.9251],[135.1714,33.9287],[135.1744,33.9316],[135.1767,33.9323],[135.1776,33.935],[135.1767,33.9366],[135.1763,33.939],[135.1749,33.9428],[135.1759,33.9458],[135.1769,33.9471],[135.1757,33.951],[135.1739,33.9527],[135.1663,33.9499],[135.1638,33.9504],[135.1614,33.9498],[135.1601,33.9478],[135.1601,33.9453],[135.1569,33.9421],[135.1564,33.9398],[135.1556,33.9389],[135.156,33.9361],[135.1592,33.9335],[135.1598,33.9324],[135.1599,33.9296],[135.1592,33.9279],[135.1591,33.9242],[135.1596,33.9227],[135.1582,33.92],[135.1571,33.9193],[135.1531,33.9192],[135.1494,33.9183],[135.1474,33.9165],[135.1427,33.9155],[135.1414,33.9139],[135.1424,33.914],[135.1443,33.9086],[135.1436,33.9071],[135.1474,33.8956],[135.1487,33.8959],[135.1499,33.8918],[135.1522,33.8856],[135.1529,33.8824],[135.1543,33.8803],[135.1543,33.8767],[135.1525,33.8755]]]]},"properties":{"prefectureCode":"30","prefectureName":"和歌山県","municipalityName":"御坊市","municipalityCode":"30205"}},
{"type":"Feature","geometry":{"type":"Polygon","coordinates":[[[135.5482,34.0681],[135.5462,34.0657],[135.5435,34.0641],[135.5427,34.062],[135.5407,34.0607],[135.5378,34.0596],[135.5385,34.0578],[135.5371,34.0555],[135.5356,34.051],[135.5324,34.0487],[135.5282,34.0478],[135.526,34.0481],[135.5228,34.0479],[135.5192,34.0481],[135.5167,34.0467],[135.5111,34.0458],[135.5092,34.0466],[135.5058,34.0445],[135.505,34.042],[135.5049,34.038],[135.5083,34.0363],[135.5073,34.0338],[135.508,34.0315],[135.5078,34.0274],[135.5085,34.0265],[135.5083,34.024],[135.5132,34.0224],[135.5147,34.0231],[135.5165,34.0229],[135.5209,34.0235],[135.5261,34.023],[135.5286,34.0223],[135.5293,34.0196],[135.531,34.0197],[135.5336,34.0169],[135.5339,34.0154],[135.5357,34.013],[135.5379,34.0121],[135.5373,34.0077],[135.535,34.0039],[135.5333,34.0033],[135.5296,33.999],[135.531,33.9977],[135.5335,33.9964],[135.5342,33.9952],[135.537,33.9941],[135.5372,33.9918],[135.5397,33.9888],[135.5413,33.9861],[135.5407,33.9845],[135.5436,33.9798],[135.5426,33.9784],[135.5427,33.9763],[135.5474,33.9738],[135.5477,33.9729],[135.5467,33.9709],[135.5445,33.9684],[135.5454,33.9662],[135.5441,33.9655],[135.5412,33.9621],[135.5387,33.9606],[135.5343,33.9592],[135.5326,33.9583],[135.5304,33.9558],[135.5267,33.9549],[135.5219,33.9517],[135.5161,33.9529],[135.5137,33.9511],[135.5108,33.951],[135.5075,33.9499],[135.5063,33.9485],[135.5015,33.9461],[135.4963,33.9458],[135.4904,33.9431],[135.4887,33.9413],[135.4853,33.9403],[135.4839,33.9408],[135.482,33.9425],[135.4797,33.9427],[135.4787,33.9421],[135.4762,33.9422],[135.474,33.9402],[135.4725,33.9376],[135.4687,33.9362],[135.4675,33.9361],[135.4632,33.9374],[135.4622,33.9399],[135.4611,33.9415],[135.459,33.9419],[135.4579,33.9451],[135.4545,33.9465],[135.4519,33.946],[135.4479,33.9463],[135.4435,33.9462],[135.4405,33.9469],[135.4387,33.9453],[135.4385,33.9437],[135.4351,33.9421],[135.4344,33.9403],[135.4323,33.9399],[135.4307,33.9412],[135.4326,33.944],[135.4294,33.9442],[135.4247,33.9461],[135.4227,33.9448],[135.4196,33.9409],[135.4198,33.94],[135.4177,33.9374],[135.4186,33.9356],[135.418,33.9334],[135.4155,33.9311],[135.4131,33.93],[135.4113,33.9303],[135.4081,33.9296],[135.4047,33.9299],[135.4023,33.9306],[135.3986,33.93],[135.3977,33.9294],[135.3983,33.9251],[135.3944,33.9225],[135.3933,33.9209],[135.3939,33.92],[135.3939,33.9176],[135.3932,33.9168],[135.396,33.9147],[135.3951,33.9103],[135.3953,33.9076],[135.3979,33.9068],[135.3968,33.9041],[135.3947,33.9024],[135.392,33.902],[135.3933,33.8983],[135.3931,33.8957],[135.3966,33.8947],[135.3975,33.895],[135.4016,33.8945],[135.4029,33.8922],[135.403,33.8908],[135.4009,33.8879],[135.4033,33.8858],[135.4042,33.8843],[135.407,33.8814],[135.4098,33.8821],[135.4112,33.8811],[135.4134,33.8808],[135.4159,33.8794],[135.4181,33.8802],[135.4215,33.88],[135.423,33.8817],[135.4257,33.8801],[135.4273,33.881],[135.429,33.88],[135.4308,33.8778],[135.4311,33.8767],[135.4289,33.8736],[135.4281,33.8713],[135.427,33.8707],[135.4267,33.8672],[135.4286,33.8643],[135.43,33.865],[135.4352,33.8666],[135.437,33.8659],[135.4404,33.8656],[135.442,33.8635],[135.4445,33.8627],[135.4446,33.8604],[135.444,33.8577],[135.4501,33.8561],[135.4509,33.8546],[135.4583,33.8534],[135.4625,33.8536],[135.465,33.8531],[135.4628,33.8494],[135.4617,33.8453],[135.4605,33.8427],[135.461,33.8407],[135.4609,33.8385],[135.4591,33.8382],[135.4548,33.8383],[135.4523,33.8401],[135.4498,33.8407],[135.4481,33.8399],[135.4464,33.8401],[135.4454,33.8415],[135.4431,33.8411],[135.4399,33.8392],[135.4363,33.8387],[135.4338,33.8401],[135.4317,33.8392],[135.431,33.8377],[135.4289,33.8377],[135.427,33.8387],[135.4247,33.8385],[135.4221,33.8365],[135.4218,33.8351],[135.4191,33.8353],[135.4165,33.8347],[135.4155,33.8337],[135.414,33.8341],[135.4127,33.8357],[135.4111,33.8349],[135.4071,33.834],[135.4053,33.8367],[135.4018,33.8379],[135.3994,33.8371],[135.3968,33.8374],[135.3958,33.8363],[135.3908,33.8376],[135.3892,33.8363],[135.387,33.8355],[135.3831,33.8332],[135.3811,33.8326],[135.3788,33.8308],[135.3783,33.8298],[135.3747,33.8291],[135.3745,33.827],[135.3725,33.8246],[135.3692,33.8221],[135.3699,33.8206],[135.3669,33.8176],[135.3648,33.8144],[135.3603,33.8124],[135.36,33.8119],[135.3562,33.809],[135.3535,33.8097],[135.3505,33.8094],[135.3488,33.8102],[135.3469,33.8092],[135.3456,33.8071],[135.3493,33.8037],[135.3497,33.8025],[135.3483,33.7996],[135.3489,33.7971],[135.3501,33.7948],[135.349,33.7932],[135.3496,33.7919],[135.3485,33.7908],[135.3496,33.7896],[135.3481,33.7883],[135.3493,33.7837],[135.3485,33.7798],[135.3492,33.7774],[135.3468,33.7748],[135.3452,33.7748],[135.3458,33.7703],[135.3447,33.7675],[135.3451,33.7638],[135.3446,33.7622],[135.3429,33.7613],[135.343,33.7592],[135.3403,33.7564],[135.3404,33.7546],[135.3392,33.7531],[135.3364,33.753],[135.3364,33.7507],[135.3378,33.7492],[135.3361,33.7482],[135.3363,33.7455],[135.3388,33.7458],[135.34,33.7452],[135.3415,33.746],[135.3438,33.7457],[135.3459,33.7444],[135.3462,33.7467],[135.3482,33.7474],[135.3511,33.7467],[135.3508,33.7448],[135.3529,33.7448],[135.3532,33.743],[135.3551,33.741],[135.3574,33.74],[135.3575,33.7375],[135.3519,33.7348],[135.3514,33.734],[135.3526,33.732],[135.351,33.7303],[135.349,33.731],[135.3497,33.7325],[135.3496,33.7344],[135.3482,33.7345],[135.3479,33.7325],[135.3492,33.7307],[135.3514,33.7293],[135.3521,33.7275],[135.3543,33.7264],[135.3566,33.7269],[135.3587,33.7295],[135.3606,33.7303],[135.3632,33.7327],[135.3644,33.7315],[135.3659,33.7319],[135.3687,33.7306],[135.3731,33.7295],[135.3742,33.7283],[135.3759,33.7279],[135.3754,33.7266],[135.3775,33.7254],[135.3785,33.7213],[135.3831,33.7193],[135.3868,33.7171],[135.3855,33.7152],[135.387,33.7147],[135.3892,33.7156],[135.3937,33.7151],[135.3934,33.7183],[135.3925,33.7202],[135.3959,33.7231],[135.3962,33.7223],[135.3992,33.7204],[135.3981,33.7188],[135.3966,33.7183],[135.3955,33.7144],[135.3959,33.7131],[135.3973,33.7129],[135.3972,33.7114],[135.3942,33.7109],[135.3928,33.7099],[135.3927,33.7083],[135.3938,33.7078],[135.393,33.7061],[135.3944,33.7044],[135.396,33.7035],[135.3949,33.7024],[135.3913,33.7018],[135.3893,33.7023],[135.3871,33.7008],[135.3876,33.6988],[135.3871,33.6956],[135.3881,33.6946],[135.3862,33.6935],[135.3853,33.6957],[135.3824,33.6972],[135.3831,33.6981],[135.3826,33.7005],[135.385,33.7024],[135.3826,33.7029],[135.381,33.7014],[135.3815,33.7002],[135.3789,33.6974],[135.3801,33.6956],[135.3773,33.6951],[135.3803,33.6925],[135.3826,33.6924],[135.3825,33.6911],[135.3865,33.6884],[135.3871,33.6863],[135.3917,33.6857],[135.3944,33.6857],[135.3969,33.687],[135.3967,33.6882],[135.3995,33.6905],[135.4001,33.6934],[135.4034,33.6953],[135.4014,33.6988],[135.4032,33.7032],[135.4055,33.7036],[135.4067,33.7065],[135.4096,33.7072],[135.4105,33.7096],[135.4103,33.7109],[135.4149,33.7132],[135.4163,33.7144],[135.4182,33.7134],[135.4212,33.7133],[135.4233,33.7163],[135.4244,33.7171],[135.4256,33.7203],[135.4283,33.7203],[135.4296,33.7221],[135.4341,33.7244],[135.4335,33.7267],[135.4314,33.7284],[135.4326,33.7298],[135.4356,33.7294],[135.4371,33.7311],[135.4366,33.7334],[135.4372,33.7344],[135.4404,33.7355],[135.4398,33.7385],[135.4405,33.741],[135.444,33.7426],[135.4448,33.7443],[135.4491,33.7439],[135.4506,33.7441],[135.4534,33.7468],[135.4598,33.747],[135.4612,33.7493],[135.4627,33.7493],[135.4643,33.7479],[135.4653,33.7481],[135.4655,33.7506],[135.4664,33.7523],[135.4647,33.7561],[135.4655,33.758],[135.4673,33.7605],[135.4693,33.768],[135.4721,33.7683],[135.475,33.766],[135.4763,33.7627],[135.4785,33.7603],[135.4799,33.7594],[135.4799,33.758],[135.4819,33.7558],[135.4838,33.7551],[135.4872,33.7513],[135.4859,33.7475],[135.4871,33.7455],[135.4861,33.7442],[135.4839,33.7431],[135.484,33.741],[135.4828,33.7394],[135.4817,33.7358],[135.48,33.7343],[135.4797,33.7329],[135.477,33.7291],[135.4787,33.7253],[135.4811,33.7257],[135.4826,33.7242],[135.4822,33.7184],[135.4806,33.7172],[135.4786,33.7174],[135.4783,33.7162],[135.4803,33.7136],[135.4823,33.7133],[135.4836,33.711],[135.4856,33.7093],[135.4857,33.7084],[135.4879,33.7058],[135.4905,33.7048],[135.4921,33.7024],[135.4935,33.7015],[135.4958,33.7015],[135.4986,33.7026],[135.5035,33.7041],[135.5052,33.7053],[135.5073,33.7046],[135.5094,33.7018],[135.5119,33.7008],[135.5165,33.7028],[135.5191,33.7036],[135.5211,33.7048],[135.5224,33.7007],[135.5242,33.6976],[135.5233,33.6955],[135.5233,33.6923],[135.5243,33.6906],[135.5277,33.6906],[135.5299,33.6918],[135.5349,33.6919],[135.5376,33.6913],[135.539,33.6902],[135.5413,33.6895],[135.5431,33.6902],[135.5443,33.6916],[135.546,33.6912],[135.5473,33.6877],[135.5498,33.6863],[135.5513,33.6839],[135.5517,33.6821],[135.5547,33.6805],[135.5564,33.6783],[135.5558,33.6771],[135.5568,33.6748],[135.5562,33.6725],[135.5566,33.67],[135.5552,33.6679],[135.5557,33.6622],[135.5516,33.6611],[135.5503,33.6596],[135.5505,33.658],[135.5532,33.6567],[135.5541,33.657],[135.5575,33.6563],[135.5612,33.6567],[135.5639,33.6563],[135.5661,33.6568],[135.5689,33.6581],[135.5709,33.6578],[135.5764,33.6602],[135.579,33.6607],[135.5802,33.6592],[135.5822,33.6583],[135.5848,33.6579],[135.5859,33.657],[135.5876,33.654],[135.5885,33.6514],[135.5952,33.6493],[135.5982,33.6457],[135.5998,33.6448],[135.6021,33.6453],[135.604,33.6443],[135.6052,33.6445],[135.61,33.648],[135.6125,33.6496],[135.6161,33.6498],[135.6169,33.649],[135.619,33.6492],[135.62,33.6509],[135.6222,33.6509],[135.6259,33.6516],[135.6271,33.6524],[135.6288,33.6513],[135.6284,33.6495],[135.6306,33.6464],[135.6311,33.6449],[135.633,33.6445],[135.6373,33.6451],[135.6383,33.647],[135.6395,33.6481],[135.6425,33.6483],[135.6435,33.6493],[135.6479,33.6494],[135.6508,33.6489],[135.6511,33.6502],[135.6527,33.6517],[135.6537,33.6552],[135.6576,33.6566],[135.6576,33.6597],[135.6543,33.6615],[135.654,33.6624],[135.6501,33.6634],[135.6501,33.6655],[135.6508,33.6686],[135.6517,33.6708],[135.6548,33.6734],[135.6548,33.6741],[135.6514,33.6771],[135.6528,33.6815],[135.6533,33.6858],[135.6551,33.6889],[135.6581,33.6896],[135.664,33.6902],[135.6656,33.6895],[135.6727,33.6901],[135.6746,33.6905],[135.6754,33.6915],[135.6776,33.6921],[135.68,33.6953],[135.6834,33.6971],[135.687,33.7019],[135.689,33.7034],[135.6902,33.7068],[135.6901,33.709],[135.6912,33.7111],[135.694,33.7131],[135.6971,33.7143],[135.6991,33.7136],[135.7008,33.714],[135.7022,33.7155],[135.7037,33.7159],[135.7065,33.7147],[135.7088,33.7113],[135.7107,33.7114],[135.7119,33.7134],[135.7145,33.7154],[135.7145,33.7169],[135.7168,33.7198],[135.7158,33.7224],[135.7144,33.7238],[135.7139,33.7269],[135.7162,33.7283],[135.7196,33.7271],[135.7224,33.7278],[135.723,33.7296],[135.7272,33.7316],[135.7272,33.7331],[135.7285,33.7355],[135.7317,33.7363],[135.7319,33.7372],[135.7341,33.7378],[135.7365,33.7365],[135.7411,33.7353],[135.7431,33.7352],[135.7463,33.7366],[135.7471,33.7374],[135.7467,33.7422],[135.7459,33.7437],[135.7464,33.7449],[135.7494,33.7455],[135.7506,33.747],[135.7535,33.7462],[135.7541,33.7487],[135.7552,33.7494],[135.7548,33.7517],[135.7552,33.753],[135.7539,33.7545],[135.7539,33.7571],[135.7558,33.7588],[135.7555,33.7595],[135.7577,33.7621],[135.7608,33.762],[135.7624,33.7636],[135.7651,33.7649],[135.7674,33.7648],[135.7713,33.7687],[135.7719,33.7716],[135.7733,33.7722],[135.778,33.7714],[135.7801,33.7701],[135.7819,33.7671],[135.7841,33.7669],[135.7875,33.768],[135.7901,33.7676],[135.7919,33.7662],[135.7937,33.7692],[135.7962,33.7701],[135.7984,33.7697],[135.7997,33.771],[135.7999,33.7736],[135.7989,33.7767],[135.8002,33.7773],[135.802,33.7794],[135.8047,33.7794],[135.8072,33.7807],[135.8093,33.7799],[135.8122,33.7834],[135.8125,33.7848],[135.8144,33.7856],[135.8178,33.785],[135.818,33.7876],[135.8195,33.7884],[135.8193,33.7898],[135.8207,33.7907],[135.8219,33.7928],[135.8224,33.7966],[135.8236,33.8006],[135.8256,33.8015],[135.8272,33.8015],[135.829,33.803],[135.8297,33.8053],[135.8297,33.8085],[135.8305,33.8105],[135.8301,33.8117],[135.8262,33.8145],[135.824,33.8178],[135.8217,33.8195],[135.8198,33.8199],[135.8182,33.8213],[135.8156,33.8225],[135.8136,33.8241],[135.8123,33.826],[135.812,33.8323],[135.8099,33.8312],[135.8064,33.8334],[135.8053,33.833],[135.802,33.8349],[135.7994,33.8378],[135.7967,33.8412],[135.7954,33.842],[135.7935,33.8454],[135.7915,33.8461],[135.7926,33.8503],[135.7923,33.8522],[135.7913,33.8538],[135.7926,33.8578],[135.7929,33.8603],[135.7952,33.865],[135.7944,33.8663],[135.7953,33.8683],[135.7953,33.8713],[135.796,33.8728],[135.7978,33.8731],[135.8007,33.8706],[135.8037,33.8657],[135.8052,33.8665],[135.8058,33.8701],[135.8032,33.8776],[135.8061,33.8798],[135.8071,33.8831],[135.8067,33.8852],[135.8043,33.8869],[135.803,33.8886],[135.803,33.8905],[135.8011,33.8918],[135.8012,33.8928],[135.8028,33.8946],[135.8018,33.8958],[135.7963,33.8953],[135.7926,33.8946],[135.7891,33.8929],[135.786,33.8925],[135.7837,33.8915],[135.7833,33.8907],[135.7808,33.889],[135.7777,33.8882],[135.7756,33.8886],[135.7732,33.8903],[135.7717,33.89],[135.7687,33.8909],[135.7661,33.8908],[135.7652,33.8901],[135.7639,33.8874],[135.7611,33.8877],[135.7579,33.8859],[135.7559,33.8852],[135.7526,33.8878],[135.7518,33.8896],[135.7485,33.8878],[135.7456,33.8892],[135.7442,33.8907],[135.7428,33.8901],[135.7408,33.8913],[135.7409,33.8926],[135.739,33.8934],[135.739,33.8948],[135.7369,33.8949],[135.7349,33.896],[135.7325,33.8962],[135.7302,33.9002],[135.726,33.9025],[135.7241,33.9033],[135.7224,33.9023],[135.7184,33.9031],[135.7142,33.9026],[135.7121,33.9029],[135.7097,33.9043],[135.7063,33.9045],[135.7046,33.9036],[135.7007,33.9038],[135.6911,33.9034],[135.6878,33.904],[135.6854,33.9037],[135.6835,33.9018],[135.6823,33.8996],[135.6787,33.8982],[135.6733,33.8989],[135.671,33.9004],[135.6633,33.8994],[135.6606,33.8976],[135.6621,33.8957],[135.6626,33.8935],[135.6622,33.8891],[135.6604,33.8868],[135.6572,33.8856],[135.656,33.8831],[135.6559,33.8816],[135.6514,33.8807],[135.6494,33.8778],[135.648,33.8769],[135.645,33.8774],[135.6426,33.8763],[135.6402,33.8776],[135.6381,33.8777],[135.6355,33.877],[135.6338,33.875],[135.6303,33.8745],[135.629,33.8731],[135.6258,33.8735],[135.6215,33.8729],[135.6204,33.8718],[135.618,33.8721],[135.6181,33.8746],[135.6202,33.8769],[135.6228,33.8786],[135.6242,33.8828],[135.6265,33.8832],[135.6268,33.8847],[135.6255,33.8889],[135.6234,33.8915],[135.6225,33.895],[135.6229,33.898],[135.6195,33.8994],[135.6154,33.8989],[135.614,33.8996],[135.6125,33.8988],[135.6108,33.8995],[135.6062,33.8991],[135.604,33.901],[135.6011,33.9026],[135.6019,33.9052],[135.6,33.9083],[135.602,33.9096],[135.6056,33.9108],[135.6082,33.9127],[135.6102,33.9129],[135.6101,33.9153],[135.6108,33.9187],[135.6127,33.9216],[135.6126,33.9242],[135.6141,33.9251],[135.6139,33.9276],[135.6128,33.9298],[135.6095,33.9321],[135.6114,33.937],[135.6141,33.9375],[135.6168,33.9369],[135.617,33.9395],[135.6185,33.9414],[135.6186,33.9442],[135.6154,33.9484],[135.6161,33.9494],[135.6158,33.9514],[135.6169,33.9538],[135.6181,33.9546],[135.6205,33.953],[135.6222,33.9531],[135.6253,33.951],[135.6254,33.9502],[135.631,33.9491],[135.6369,33.9505],[135.6357,33.9566],[135.6357,33.9591],[135.6386,33.9613],[135.639,33.9633],[135.64,33.965],[135.6403,33.9674],[135.6397,33.9692],[135.6399,33.9729],[135.6383,33.9747],[135.6376,33.9765],[135.6392,33.9827],[135.6387,33.9851],[135.637,33.9882],[135.6367,33.9899],[135.6349,33.9914],[135.6309,33.991],[135.6301,33.9915],[135.6301,33.9946],[135.629,33.9977],[135.626,33.9999],[135.6243,34],[135.6236,34.0021],[135.6247,34.0034],[135.6255,34.0063],[135.6252,34.0074],[135.6218,34.0098],[135.6182,34.0092],[135.6148,34.0095],[135.6118,34.0103],[135.6113,34.0118],[135.6084,34.0136],[135.6049,34.0124],[135.6039,34.0127],[135.5981,34.0123],[135.5957,34.0116],[135.5936,34.0133],[135.5926,34.017],[135.5915,34.0194],[135.5954,34.0236],[135.5958,34.025],[135.5948,34.0278],[135.5975,34.0307],[135.5997,34.032],[135.5991,34.0337],[135.5976,34.0359],[135.5958,34.0368],[135.5947,34.0397],[135.595,34.0409],[135.5946,34.044],[135.5917,34.0466],[135.588,34.0468],[135.5867,34.0486],[135.5849,34.0496],[135.5831,34.0529],[135.5806,34.0562],[135.5805,34.0579],[135.5776,34.0582],[135.5752,34.0588],[135.57,34.0584],[135.5671,34.0573],[135.5647,34.06],[135.5635,34.0633],[135.5578,34.0638],[135.5534,34.065],[135.5521,34.0657],[135.5513,34.0684],[135.5482,34.0681]]]},"properties":{"prefectureCode":"30","prefectureName":"和歌山県","municipalityName":"田辺市","municipalityCode":"30206"}},
{"type":"Feature","geometry":{"type":"MultiPolygon","coordinates":[[[[135.8748,33.8616],[135.8765,33.8625],[135.8782,33.8646],[135.8776,33.8675],[135.8778,33.8713],[135.8811,33.8725],[135.884,33.8725],[135.8864,33.872],[135.8872,33.8709],[135.8909,33.8684],[135.894,33.8684],[135.8976,33.8697],[135.8977,33.8731],[135.8988,33.8777],[135.9008,33.8796],[135.9016,33.882],[135.9013,33.8854],[135.8955,33.8907],[135.8931,33.8935],[135.8916,33.8934],[135.8903,33.89],[135.8931,33.8891],[135.8929,33.8863],[135.8922,33.8845],[135.8927,33.8818],[135.891,33.881],[135.8887,33.8815],[135.8865,33.8827],[135.8845,33.8852],[135.8842,33.8865],[135.8854,33.8914],[135.888,33.8938],[135.8879,33.8963],[135.8848,33.8982],[135.8839,33.8995],[135.8809,33.9023],[135.879,33.9084],[135.8808,33.9094],[135.8813,33.9109],[135.8801,33.9124],[135.8808,33.9141],[135.8819,33.9147],[135.8802,33.9179],[135.8772,33.9171],[135.8767,33.9182],[135.8746,33.9182],[135.8722,33.9192],[135.8675,33.9205],[135.8656,33.92],[135.8689,33.9145],[135.8653,33.9107],[135.8632,33.9078],[135.863,33.9052],[135.8597,33.9031],[135.8587,33.9012],[135.8601,33.8989],[135.8584,33.8971],[135.8593,33.8928],[135.8603,33.8912],[135.8597,33.8897],[135.8601,33.8882],[135.8615,33.8872],[135.8648,33.8891],[135.866,33.8888],[135.8716,33.8887],[135.872,33.887],[135.8747,33.8839],[135.8783,33.8841],[135.8817,33.881],[135.8827,33.8789],[135.8809,33.8758],[135.8785,33.875],[135.8776,33.8739],[135.8748,33.8729],[135.8733,33.8704],[135.8729,33.8679],[135.8748,33.8616]]],[[[135.8018,33.8958],[135.8028,33.8946],[135.8012,33.8928],[135.8011,33.8918],[135.803,33.8905],[135.803,33.8886],[135.8043,33.8869],[135.8067,33.8852],[135.8071,33.8831],[135.8061,33.8798],[135.8032,33.8776],[135.8058,33.8701],[135.8052,33.8665],[135.8037,33.8657],[135.8007,33.8706],[135.7978,33.8731],[135.796,33.8728],[135.7953,33.8713],[135.7953,33.8683],[135.7944,33.8663],[135.7952,33.865],[135.7929,33.8603],[135.7926,33.8578],[135.7913,33.8538],[135.7923,33.8522],[135.7926,33.8503],[135.7915,33.8461],[135.7935,33.8454],[135.7954,33.842],[135.7967,33.8412],[135.7994,33.8378],[135.802,33.8349],[135.8053,33.833],[135.8064,33.8334],[135.8099,33.8312],[135.812,33.8323],[135.8123,33.826],[135.8136,33.8241],[135.8156,33.8225],[135.8182,33.8213],[135.8198,33.8199],[135.8217,33.8195],[135.824,33.8178],[135.8262,33.8145],[135.8301,33.8117],[135.8305,33.8105],[135.8297,33.8085],[135.8297,33.8053],[135.829,33.803],[135.8272,33.8015],[135.8256,33.8015],[135.8236,33.8006],[135.8224,33.7966],[135.8219,33.7928],[135.8207,33.7907],[135.8193,33.7898],[135.8195,33.7884],[135.818,33.7876],[135.8178,33.785],[135.8144,33.7856],[135.8125,33.7848],[135.8122,33.7834],[135.8093,33.7799],[135.8072,33.7807],[135.8047,33.7794],[135.802,33.7794],[135.8002,33.7773],[135.7989,33.7767],[135.7999,33.7736],[135.7997,33.771],[135.7984,33.7697],[135.7962,33.7701],[135.7937,33.7692],[135.7919,33.7662],[135.7901,33.7676],[135.7875,33.768],[135.7841,33.7669],[135.7819,33.7671],[135.7801,33.7701],[135.778,33.7714],[135.7733,33.7722],[135.7719,33.7716],[135.7713,33.7687],[135.7674,33.7648],[135.7651,33.7649],[135.7624,33.7636],[135.7608,33.762],[135.7577,33.7621],[135.7555,33.7595],[135.7558,33.7588],[135.7539,33.7571],[135.7539,33.7545],[135.7552,33.753],[135.7548,33.7517],[135.7552,33.7494],[135.7541,33.7487],[135.7535,33.7462],[135.7506,33.747],[135.7494,33.7455],[135.7464,33.7449],[135.7459,33.7437],[135.7467,33.7422],[135.7471,33.7374],[135.7463,33.7366],[135.7431,33.7352],[135.7411,33.7353],[135.7365,33.7365],[135.7341,33.7378],[135.7319,33.7372],[135.7317,33.7363],[135.7285,33.7355],[135.7272,33.7331],[135.7272,33.7316],[135.723,33.7296],[135.7224,33.7278],[135.7245,33.7268],[135.7262,33.7267],[135.7272,33.7256],[135.7297,33.7257],[135.7318,33.725],[135.7337,33.725],[135.7355,33.7234],[135.7384,33.7226],[135.739,33.7213],[135.7387,33.7191],[135.74,33.7168],[135.7422,33.7155],[135.7472,33.7159],[135.7496,33.7123],[135.7511,33.7086],[135.7488,33.7053],[135.7486,33.7023],[135.7492,33.7001],[135.7513,33.6979],[135.754,33.6974],[135.7575,33.6985],[135.757,33.7009],[135.7583,33.7024],[135.7623,33.7027],[135.7658,33.7002],[135.7689,33.7009],[135.7717,33.7004],[135.7736,33.7038],[135.7764,33.7025],[135.7784,33.7026],[135.7807,33.7025],[135.7816,33.7003],[135.7841,33.6996],[135.7882,33.7001],[135.7895,33.7045],[135.7895,33.7057],[135.791,33.7076],[135.7941,33.7059],[135.7944,33.7045],[135.7962,33.7034],[135.7966,33.7018],[135.8007,33.7014],[135.8025,33.7029],[135.8065,33.7079],[135.8081,33.7082],[135.8092,33.7059],[135.8083,33.7047],[135.8103,33.7],[135.8149,33.6984],[135.8166,33.6963],[135.8196,33.6942],[135.822,33.694],[135.8232,33.6916],[135.8243,33.6917],[135.8263,33.6939],[135.8285,33.694],[135.8302,33.6924],[135.832,33.6929],[135.8335,33.6953],[135.8378,33.6954],[135.8396,33.6966],[135.8391,33.7],[135.8365,33.7019],[135.8332,33.7019],[135.8332,33.705],[135.8353,33.7069],[135.8371,33.7068],[135.8393,33.7079],[135.8397,33.709],[135.8428,33.7104],[135.8448,33.7107],[135.8446,33.7135],[135.8492,33.7146],[135.8501,33.7171],[135.8499,33.7185],[135.852,33.7187],[135.8553,33.7214],[135.8588,33.7221],[135.8617,33.7223],[135.8639,33.723],[135.8644,33.7211],[135.8664,33.7181],[135.8639,33.7147],[135.8646,33.7137],[135.8667,33.7132],[135.8709,33.7113],[135.8739,33.7117],[135.8787,33.7108],[135.8819,33.7095],[135.8815,33.7052],[135.8844,33.7013],[135.8872,33.7007],[135.8888,33.6994],[135.8915,33.6992],[135.8921,33.6974],[135.8939,33.697],[135.8958,33.6982],[135.8969,33.6962],[135.8991,33.6964],[135.9008,33.6956],[135.9009,33.6937],[135.903,33.6918],[135.9066,33.6874],[135.9059,33.6818],[135.9083,33.68],[135.911,33.6808],[135.9134,33.6797],[135.9169,33.6796],[135.9184,33.6806],[135.9204,33.6808],[135.9216,33.684],[135.9242,33.6859],[135.9253,33.688],[135.9267,33.6874],[135.9304,33.6907],[135.9321,33.6903],[135.9329,33.6871],[135.9358,33.6846],[135.942,33.6854],[135.9458,33.6846],[135.9481,33.6832],[135.9527,33.6794],[135.9543,33.6769],[135.9546,33.6753],[135.9559,33.6725],[135.9595,33.6721],[135.9611,33.671],[135.9621,33.672],[135.9645,33.6724],[135.9649,33.6714],[135.9677,33.6701],[135.9731,33.67],[135.9718,33.6726],[135.9754,33.6728],[135.9762,33.6733],[135.979,33.6799],[135.9831,33.6813],[135.9825,33.6826],[135.987,33.6837],[135.9884,33.6845],[135.9868,33.6873],[135.9868,33.6894],[135.9879,33.6909],[135.991,33.693],[135.9926,33.6955],[135.9923,33.697],[135.9931,33.6979],[135.9922,33.6998],[135.9925,33.7012],[135.9945,33.7042],[135.9981,33.7088],[136.0032,33.7144],[136.0107,33.7224],[136.0119,33.7233],[136.0081,33.727],[136.0039,33.7281],[135.9972,33.7305],[135.9917,33.733],[135.9833,33.7364],[135.9787,33.7369],[135.973,33.7354],[135.9717,33.7317],[135.9756,33.7288],[135.9771,33.7248],[135.9761,33.7231],[135.9732,33.723],[135.9635,33.7243],[135.9616,33.7251],[135.9551,33.7284],[135.9513,33.7295],[135.9459,33.732],[135.9422,33.7346],[135.9412,33.7357],[135.9399,33.7386],[135.939,33.745],[135.9385,33.7511],[135.9389,33.7563],[135.938,33.7574],[135.9348,33.7572],[135.9332,33.7557],[135.9305,33.754],[135.9284,33.754],[135.9242,33.7562],[135.9205,33.7588],[135.9193,33.7641],[135.9184,33.7655],[135.9159,33.767],[135.9138,33.7673],[135.9091,33.7666],[135.9069,33.7671],[135.9057,33.7685],[135.9037,33.7752],[135.9017,33.7804],[135.8968,33.7869],[135.8982,33.7901],[135.898,33.791],[135.8947,33.7977],[135.8909,33.8017],[135.8893,33.8025],[135.8862,33.8024],[135.8838,33.8013],[135.8804,33.803],[135.8772,33.8058],[135.8722,33.809],[135.8683,33.8095],[135.8644,33.8105],[135.858,33.8162],[135.856,33.8193],[135.8559,33.8203],[135.8571,33.8242],[135.8584,33.8271],[135.8589,33.8302],[135.8579,33.8323],[135.8564,33.8336],[135.8557,33.8367],[135.857,33.8426],[135.8589,33.8449],[135.8606,33.849],[135.8596,33.8516],[135.8581,33.8532],[135.8556,33.8546],[135.8534,33.8578],[135.8533,33.8623],[135.8538,33.8631],[135.8569,33.865],[135.8589,33.8685],[135.8578,33.872],[135.8579,33.8732],[135.8555,33.8756],[135.8531,33.8773],[135.8521,33.882],[135.8532,33.8826],[135.8535,33.8843],[135.8553,33.8878],[135.8524,33.8899],[135.8522,33.8926],[135.8511,33.8944],[135.8497,33.8946],[135.8463,33.8967],[135.8422,33.8971],[135.8392,33.8967],[135.8369,33.8954],[135.8306,33.8976],[135.8282,33.8995],[135.8265,33.9001],[135.8205,33.9031],[135.8192,33.9031],[135.8163,33.9056],[135.8146,33.9061],[135.8102,33.9058],[135.8086,33.9065],[135.8061,33.9044],[135.8034,33.903],[135.8026,33.8977],[135.8018,33.8958]]]]},"properties":{"prefectureCode":"30","prefectureName":"和歌山県","municipalityName":"新宮市","municipalityCode":"30207"}},
{"type":"Feature","geometry":{"type":"Polygon","coordinates":[[[135.4343,34.3482],[135.4304,34.3468],[135.4287,34.3456],[135.4282,34.3433],[135.4269,34.3411],[135.4248,34.34],[135.4215,34.3398],[135.4182,34.3403],[135.4156,34.3399],[135.4124,34.3419],[135.4092,34.3419],[135.4071,34.339],[135.4068,34.3355],[135.4054,34.3339],[135.4033,34.3339],[135.4017,34.3327],[135.3987,34.3323],[135.3974,34.3305],[135.3944,34.3308],[135.3911,34.333],[135.3882,34.3324],[135.3868,34.3291],[135.3827,34.3294],[135.3803,34.3284],[135.3779,34.33],[135.3741,34.331],[135.3714,34.3301],[135.3682,34.3312],[135.3663,34.3297],[135.3617,34.3293],[135.359,34.333],[135.3555,34.3334],[135.3537,34.3319],[135.3521,34.3322],[135.3494,34.3318],[135.3462,34.3305],[135.3422,34.3351],[135.3389,34.335],[135.3395,34.332],[135.3391,34.3294],[135.3357,34.327],[135.3344,34.3256],[135.3302,34.3253],[135.328,34.324],[135.3285,34.3214],[135.3305,34.3195],[135.3304,34.3167],[135.3281,34.3156],[135.3272,34.3136],[135.3288,34.3109],[135.3303,34.3105],[135.3316,34.3087],[135.3341,34.3082],[135.3345,34.3051],[135.336,34.3051],[135.3365,34.3038],[135.3347,34.3015],[135.3322,34.2994],[135.3324,34.2985],[135.3344,34.2957],[135.3346,34.2942],[135.3338,34.2929],[135.3329,34.288],[135.3342,34.2866],[135.3331,34.2815],[135.3339,34.2788],[135.3335,34.2765],[135.335,34.2729],[135.3382,34.2696],[135.3385,34.2646],[135.3378,34.2624],[135.3367,34.2622],[135.3359,34.2601],[135.3347,34.2537],[135.3348,34.252],[135.3338,34.248],[135.329,34.2471],[135.3254,34.2476],[135.3216,34.2488],[135.3213,34.2474],[135.324,34.2438],[135.3257,34.2428],[135.3248,34.2418],[135.3221,34.2408],[135.3179,34.2406],[135.3147,34.2389],[135.314,34.2372],[135.3113,34.2377],[135.3071,34.2378],[135.3051,34.2363],[135.3017,34.2361],[135.301,34.2344],[135.2962,34.231],[135.2927,34.2315],[135.2912,34.2301],[135.2875,34.2287],[135.2851,34.2293],[135.2847,34.2279],[135.2827,34.2269],[135.282,34.2256],[135.2788,34.2242],[135.2774,34.223],[135.2745,34.2219],[135.2748,34.2179],[135.2746,34.2168],[135.2771,34.2159],[135.278,34.2146],[135.281,34.2133],[135.28,34.2076],[135.2822,34.2071],[135.2828,34.2035],[135.2836,34.2036],[135.2846,34.203],[135.2879,34.2023],[135.2909,34.2027],[135.2927,34.2014],[135.2967,34.2004],[135.2973,34.1986],[135.3005,34.1972],[135.3043,34.197],[135.306,34.195],[135.3081,34.1968],[135.3084,34.2012],[135.3089,34.2025],[135.3135,34.2014],[135.3146,34.1992],[135.3151,34.1949],[135.3182,34.1935],[135.3198,34.1907],[135.3262,34.1883],[135.3274,34.1883],[135.3316,34.1917],[135.3333,34.1923],[135.335,34.194],[135.3391,34.1946],[135.3399,34.1954],[135.3427,34.1937],[135.3451,34.1963],[135.3477,34.1964],[135.3499,34.1952],[135.3482,34.1933],[135.3487,34.1917],[135.3502,34.1909],[135.3507,34.1894],[135.3526,34.1886],[135.3542,34.1872],[135.3559,34.1844],[135.3608,34.1838],[135.3629,34.1832],[135.3654,34.184],[135.3701,34.1849],[135.3715,34.1846],[135.3748,34.1861],[135.3765,34.1864],[135.3871,34.1858],[135.3901,34.1859],[135.3923,34.1849],[135.3941,34.185],[135.3957,34.1866],[135.3978,34.1864],[135.3995,34.1891],[135.406,34.1895],[135.4065,34.1867],[135.4072,34.1855],[135.4091,34.1852],[135.4126,34.1854],[135.417,34.183],[135.4211,34.1841],[135.4214,34.1825],[135.4247,34.1792],[135.4268,34.18],[135.4296,34.1791],[135.4304,34.1775],[135.4322,34.1764],[135.436,34.177],[135.438,34.1767],[135.4412,34.1783],[135.4425,34.1777],[135.445,34.1788],[135.4462,34.1786],[135.4511,34.1804],[135.4526,34.1793],[135.4542,34.1805],[135.4554,34.183],[135.4569,34.1837],[135.4593,34.1859],[135.4616,34.1868],[135.4623,34.1881],[135.466,34.1911],[135.4666,34.1922],[135.4659,34.1964],[135.4673,34.1976],[135.4716,34.1992],[135.4735,34.1989],[135.478,34.2018],[135.4803,34.202],[135.4811,34.2033],[135.4806,34.2044],[135.4805,34.2078],[135.4819,34.2108],[135.4811,34.2141],[135.4812,34.2171],[135.4817,34.2188],[135.4851,34.2202],[135.4853,34.224],[135.4841,34.2241],[135.4847,34.2271],[135.487,34.229],[135.4879,34.2324],[135.4876,34.2341],[135.486,34.2374],[135.4848,34.2387],[135.4844,34.2417],[135.4793,34.2451],[135.4771,34.2459],[135.4746,34.2481],[135.4741,34.2501],[135.4705,34.253],[135.4673,34.2529],[135.4651,34.2583],[135.4647,34.2611],[135.4663,34.2634],[135.4665,34.2645],[135.4655,34.2669],[135.4631,34.2683],[135.4605,34.2711],[135.4591,34.2716],[135.4549,34.2722],[135.4521,34.2749],[135.4514,34.2767],[135.4482,34.2793],[135.4488,34.282],[135.4476,34.2851],[135.4499,34.2874],[135.451,34.291],[135.4535,34.2953],[135.4582,34.2996],[135.4585,34.3012],[135.461,34.3047],[135.4641,34.3077],[135.4641,34.3108],[135.4691,34.3131],[135.4662,34.3157],[135.464,34.3191],[135.4627,34.3196],[135.4609,34.3217],[135.4613,34.3237],[135.4604,34.3252],[135.4572,34.3279],[135.4569,34.3297],[135.4555,34.3323],[135.4549,34.3349],[135.447,34.3353],[135.4474,34.3373],[135.4472,34.3397],[135.4457,34.3421],[135.4457,34.3443],[135.4443,34.3455],[135.4442,34.3477],[135.4415,34.3474],[135.4343,34.3482]]]},"properties":{"prefectureCode":"30","prefectureName":"和歌山県","municipalityName":"紀の川市","municipalityCode":"30208"}},
{"type":"Feature","geometry":{"type":"Polygon","coordinates":[[[135.2826,34.3179],[135.2809,34.3164],[135.2774,34.3156],[135.276,34.314],[135.2737,34.3133],[135.2727,34.3122],[135.271,34.3125],[135.2706,34.3096],[135.2709,34.3073],[135.2696,34.3051],[135.2702,34.3033],[135.2713,34.3034],[135.2725,34.3015],[135.2726,34.2988],[135.2732,34.2969],[135.2713,34.292],[135.2717,34.2901],[135.2747,34.2818],[135.2761,34.2795],[135.2761,34.2777],[135.2738,34.2713],[135.2769,34.2712],[135.2757,34.2681],[135.2769,34.2675],[135.275,34.265],[135.2758,34.2635],[135.2739,34.2624],[135.2741,34.2604],[135.2721,34.2571],[135.2728,34.2535],[135.2817,34.2545],[135.2874,34.2537],[135.2938,34.255],[135.2977,34.2553],[135.3076,34.2523],[135.3074,34.249],[135.3089,34.2487],[135.3101,34.2473],[135.3115,34.2473],[135.3134,34.2436],[135.3147,34.2389],[135.3179,34.2406],[135.3221,34.2408],[135.3248,34.2418],[135.3257,34.2428],[135.324,34.2438],[135.3213,34.2474],[135.3216,34.2488],[135.3254,34.2476],[135.329,34.2471],[135.3338,34.248],[135.3348,34.252],[135.3347,34.2537],[135.3359,34.2601],[135.3367,34.2622],[135.3378,34.2624],[135.3385,34.2646],[135.3382,34.2696],[135.335,34.2729],[135.3335,34.2765],[135.3339,34.2788],[135.3331,34.2815],[135.3342,34.2866],[135.3329,34.288],[135.3338,34.2929],[135.3346,34.2942],[135.3344,34.2957],[135.3324,34.2985],[135.3322,34.2994],[135.3347,34.3015],[135.3365,34.3038],[135.336,34.3051],[135.3345,34.3051],[135.3341,34.3082],[135.3316,34.3087],[135.3303,34.3105],[135.3288,34.3109],[135.3272,34.3136],[135.3281,34.3156],[135.3304,34.3167],[135.3289,34.3182],[135.3259,34.3192],[135.3242,34.3191],[135.3222,34.3178],[135.3167,34.3155],[135.3141,34.3151],[135.3132,34.3141],[135.3096,34.3133],[135.3076,34.3144],[135.304,34.3137],[135.3045,34.3099],[135.3028,34.3065],[135.3026,34.3049],[135.3003,34.3025],[135.2986,34.3027],[135.2976,34.3008],[135.2916,34.2995],[135.2897,34.3019],[135.287,34.3068],[135.2859,34.3104],[135.2866,34.3126],[135.2846,34.3162],[135.2826,34.3179]]]},"properties":{"prefectureCode":"30","prefectureName":"和歌山県","municipalityName":"岩出市","municipalityCode":"30209"}},
{"type":"Feature","geometry":{"type":"Polygon","coordinates":[[[135.2971,34.136],[135.2976,34.1349],[135.2995,34.1344],[135.3019,34.1351],[135.3032,34.1344],[135.3014,34.132],[135.3019,34.1294],[135.3044,34.1283],[135.3068,34.1251],[135.307,34.1239],[135.3087,34.1215],[135.3061,34.1168],[135.3076,34.1154],[135.3115,34.1148],[135.3121,34.113],[135.3115,34.1114],[135.3121,34.11],[135.3152,34.1076],[135.3156,34.1061],[135.3175,34.1045],[135.32,34.1047],[135.3251,34.1043],[135.329,34.1059],[135.3325,34.105],[135.3352,34.1053],[135.3362,34.1073],[135.3364,34.1092],[135.3373,34.1103],[135.3381,34.1135],[135.3462,34.1164],[135.3507,34.1153],[135.3526,34.1143],[135.3549,34.1145],[135.3561,34.1134],[135.3588,34.1151],[135.3628,34.1144],[135.364,34.1147],[135.3655,34.1134],[135.3672,34.114],[135.3703,34.1136],[135.3718,34.1122],[135.3747,34.1132],[135.3735,34.1154],[135.3743,34.1164],[135.3739,34.1199],[135.3744,34.1207],[135.3775,34.1211],[135.379,34.1207],[135.3809,34.1214],[135.3853,34.1206],[135.3872,34.1212],[135.3917,34.1216],[135.3937,34.1209],[135.3978,34.1206],[135.4017,34.1209],[135.4037,34.1217],[135.405,34.1207],[135.4126,34.1195],[135.415,34.1201],[135.417,34.1199],[135.419,34.1188],[135.4206,34.1173],[135.4254,34.1181],[135.4283,34.1155],[135.4311,34.1155],[135.4347,34.1171],[135.4385,34.1217],[135.4425,34.124],[135.4455,34.1235],[135.4491,34.1256],[135.452,34.1296],[135.4552,34.1307],[135.4581,34.1326],[135.4582,34.1342],[135.4592,34.1365],[135.4616,34.1385],[135.4643,34.1395],[135.4662,34.1412],[135.4678,34.1417],[135.4704,34.1442],[135.4736,34.1457],[135.4764,34.1484],[135.478,34.1489],[135.4829,34.1517],[135.4849,34.1533],[135.4873,34.1534],[135.4889,34.1549],[135.4894,34.1562],[135.4927,34.1589],[135.4914,34.1602],[135.4912,34.1624],[135.4919,34.1647],[135.4947,34.1651],[135.4977,34.167],[135.4994,34.1668],[135.5008,34.1693],[135.503,34.1713],[135.5053,34.1701],[135.5067,34.1723],[135.5083,34.1734],[135.506,34.1755],[135.5045,34.1776],[135.5024,34.1797],[135.4995,34.1808],[135.4984,34.1824],[135.4969,34.1826],[135.4947,34.1847],[135.4948,34.186],[135.4925,34.1871],[135.4917,34.1885],[135.4871,34.1913],[135.4852,34.1916],[135.4846,34.1931],[135.4818,34.1981],[135.482,34.1992],[135.4803,34.202],[135.478,34.2018],[135.4735,34.1989],[135.4716,34.1992],[135.4673,34.1976],[135.4659,34.1964],[135.4666,34.1922],[135.466,34.1911],[135.4623,34.1881],[135.4616,34.1868],[135.4593,34.1859],[135.4569,34.1837],[135.4554,34.183],[135.4542,34.1805],[135.4526,34.1793],[135.4511,34.1804],[135.4462,34.1786],[135.445,34.1788],[135.4425,34.1777],[135.4412,34.1783],[135.438,34.1767],[135.436,34.177],[135.4322,34.1764],[135.4304,34.1775],[135.4296,34.1791],[135.4268,34.18],[135.4247,34.1792],[135.4214,34.1825],[135.4211,34.1841],[135.417,34.183],[135.4126,34.1854],[135.4091,34.1852],[135.4072,34.1855],[135.4065,34.1867],[135.406,34.1895],[135.3995,34.1891],[135.3978,34.1864],[135.3957,34.1866],[135.3941,34.185],[135.3923,34.1849],[135.3901,34.1859],[135.3871,34.1858],[135.3765,34.1864],[135.3748,34.1861],[135.3715,34.1846],[135.3701,34.1849],[135.3654,34.184],[135.3629,34.1832],[135.3608,34.1838],[135.3559,34.1844],[135.3542,34.1872],[135.3526,34.1886],[135.3507,34.1894],[135.3502,34.1909],[135.3487,34.1917],[135.3482,34.1933],[135.3499,34.1952],[135.3477,34.1964],[135.3451,34.1963],[135.3427,34.1937],[135.3399,34.1954],[135.3391,34.1946],[135.335,34.194],[135.3333,34.1923],[135.3316,34.1917],[135.3274,34.1883],[135.3262,34.1883],[135.3198,34.1907],[135.3182,34.1935],[135.3153,34.1901],[135.3144,34.1883],[135.3142,34.1847],[135.3129,34.1824],[135.3123,34.1797],[135.3126,34.1784],[135.3102,34.1779],[135.3088,34.177],[135.3064,34.1766],[135.3036,34.1771],[135.2998,34.1755],[135.3004,34.1734],[135.2993,34.1721],[135.2976,34.1714],[135.2964,34.1693],[135.2912,34.1679],[135.2901,34.1662],[135.2915,34.1621],[135.2948,34.1616],[135.298,34.163],[135.2997,34.1645],[135.303,34.1655],[135.3024,34.1604],[135.3033,34.1587],[135.3015,34.1572],[135.3019,34.1556],[135.3014,34.1529],[135.3028,34.1501],[135.3019,34.1477],[135.3023,34.1463],[135.3014,34.1447],[135.2979,34.1442],[135.2989,34.1414],[135.2977,34.1398],[135.2969,34.1377],[135.2971,34.136]]]},"properties":{"prefectureCode":"30","prefectureName":"和歌山県","municipalityName":"紀美野町","municipalityCode":"30304"}},
{"type":"Feature","geometry":{"type":"Polygon","coordinates":[[[135.4442,34.3477],[135.4443,34.3455],[135.4457,34.3443],[135.4457,34.3421],[135.4472,34.3397],[135.4474,34.3373],[135.447,34.3353],[135.4549,34.3349],[135.4555,34.3323],[135.4569,34.3297],[135.4572,34.3279],[135.4604,34.3252],[135.4613,34.3237],[135.4609,34.3217],[135.4627,34.3196],[135.464,34.3191],[135.4662,34.3157],[135.4691,34.3131],[135.4641,34.3108],[135.4641,34.3077],[135.461,34.3047],[135.4585,34.3012],[135.4582,34.2996],[135.4535,34.2953],[135.451,34.291],[135.4499,34.2874],[135.4476,34.2851],[135.4488,34.282],[135.4482,34.2793],[135.4514,34.2767],[135.4521,34.2749],[135.4549,34.2722],[135.4591,34.2716],[135.4605,34.2711],[135.4631,34.2683],[135.4655,34.2669],[135.4665,34.2645],[135.4663,34.2634],[135.4647,34.2611],[135.4651,34.2583],[135.4673,34.2529],[135.4705,34.253],[135.4741,34.2501],[135.4746,34.2481],[135.4771,34.2459],[135.4793,34.2451],[135.4844,34.2417],[135.4848,34.2387],[135.486,34.2374],[135.4876,34.2341],[135.4879,34.2324],[135.487,34.229],[135.4847,34.2271],[135.4841,34.2241],[135.4853,34.224],[135.4851,34.2202],[135.4817,34.2188],[135.4812,34.2171],[135.4811,34.2141],[135.4819,34.2108],[135.4805,34.2078],[135.4806,34.2044],[135.4811,34.2033],[135.4803,34.202],[135.482,34.1992],[135.4818,34.1981],[135.4846,34.1931],[135.4852,34.1916],[135.4871,34.1913],[135.4917,34.1885],[135.4925,34.1871],[135.4948,34.186],[135.4947,34.1847],[135.4969,34.1826],[135.4984,34.1824],[135.4995,34.1808],[135.5024,34.1797],[135.5045,34.1776],[135.506,34.1755],[135.5083,34.1734],[135.5067,34.1723],[135.5053,34.1701],[135.503,34.1713],[135.5008,34.1693],[135.4994,34.1668],[135.4977,34.167],[135.4947,34.1651],[135.4919,34.1647],[135.4912,34.1624],[135.4914,34.1602],[135.4927,34.1589],[135.4894,34.1562],[135.4889,34.1549],[135.4895,34.1539],[135.4935,34.1534],[135.4972,34.1515],[135.4979,34.1517],[135.5005,34.148],[135.5035,34.1443],[135.5064,34.1435],[135.507,34.1401],[135.5066,34.1381],[135.5094,34.1378],[135.5111,34.1358],[135.5123,34.1352],[135.5128,34.1338],[135.5154,34.1299],[135.5138,34.1281],[135.5165,34.1249],[135.5193,34.1225],[135.5221,34.1208],[135.5224,34.1194],[135.5293,34.1156],[135.5329,34.1147],[135.5329,34.1102],[135.5342,34.1089],[135.5343,34.1038],[135.5332,34.1024],[135.5334,34.1013],[135.5377,34.0989],[135.5438,34.0971],[135.5463,34.098],[135.5473,34.1003],[135.5497,34.1006],[135.5522,34.1024],[135.5538,34.102],[135.5584,34.1034],[135.5571,34.1063],[135.5573,34.1081],[135.5602,34.1095],[135.5619,34.1098],[135.5658,34.1128],[135.5708,34.1135],[135.574,34.1149],[135.5772,34.1151],[135.5788,34.1164],[135.5794,34.12],[135.582,34.1261],[135.5821,34.1283],[135.5846,34.1322],[135.5857,34.139],[135.5852,34.1407],[135.5868,34.142],[135.5881,34.144],[135.5882,34.1465],[135.5909,34.149],[135.5936,34.1487],[135.5961,34.1507],[135.5983,34.1512],[135.6002,34.1526],[135.6035,34.1534],[135.6046,34.1543],[135.6039,34.1564],[135.6012,34.1587],[135.6,34.1584],[135.5963,34.1593],[135.5933,34.1591],[135.5873,34.1577],[135.5831,34.1574],[135.5818,34.1578],[135.5794,34.1602],[135.5767,34.1615],[135.5745,34.1606],[135.576,34.164],[135.5781,34.1634],[135.5806,34.1669],[135.5777,34.1668],[135.5733,34.1689],[135.572,34.1704],[135.5718,34.1718],[135.5701,34.1742],[135.5705,34.1761],[135.5722,34.1789],[135.5711,34.181],[135.5688,34.1829],[135.5665,34.1868],[135.5661,34.1923],[135.5638,34.1934],[135.5611,34.1924],[135.5608,34.1899],[135.5617,34.1875],[135.5609,34.1863],[135.5613,34.1849],[135.5605,34.1838],[135.5613,34.1826],[135.5612,34.1801],[135.5617,34.179],[135.5605,34.1766],[135.5622,34.1749],[135.5591,34.1709],[135.5585,34.1688],[135.5574,34.1673],[135.558,34.1651],[135.5543,34.1626],[135.5526,34.1627],[135.547,34.161],[135.543,34.1586],[135.5407,34.158],[135.5388,34.1567],[135.5359,34.1571],[135.5355,34.1578],[135.5326,34.1585],[135.5322,34.1593],[135.5294,34.1596],[135.5231,34.1614],[135.5223,34.1627],[135.5203,34.1642],[135.519,34.1664],[135.5147,34.171],[135.515,34.1735],[135.5134,34.1751],[135.5145,34.1763],[135.5154,34.1787],[135.5129,34.1815],[135.5126,34.1851],[135.5152,34.1867],[135.5203,34.191],[135.5199,34.1936],[135.5211,34.1983],[135.5237,34.2001],[135.5245,34.2015],[135.5286,34.2036],[135.5261,34.2055],[135.523,34.2064],[135.5215,34.2089],[135.5186,34.2093],[135.5173,34.2119],[135.5154,34.2134],[135.5164,34.2142],[135.5184,34.2137],[135.5201,34.2144],[135.5207,34.2171],[135.5196,34.22],[135.5213,34.2209],[135.5237,34.2212],[135.5203,34.2232],[135.5193,34.2252],[135.5202,34.2263],[135.5203,34.2298],[135.5199,34.2318],[135.5209,34.2321],[135.5217,34.2348],[135.5216,34.2378],[135.5244,34.2389],[135.533,34.2392],[135.5316,34.244],[135.5307,34.2447],[135.5303,34.2496],[135.528,34.251],[135.526,34.2554],[135.5276,34.2592],[135.5295,34.2611],[135.5304,34.2627],[135.5319,34.2682],[135.5309,34.2702],[135.5314,34.271],[135.5321,34.2779],[135.5351,34.281],[135.5356,34.2828],[135.5367,34.2835],[135.5401,34.2835],[135.5421,34.2822],[135.5431,34.2839],[135.5412,34.2861],[135.5419,34.2884],[135.5383,34.2931],[135.5369,34.2938],[135.5356,34.2968],[135.532,34.2984],[135.5351,34.3018],[135.5385,34.3042],[135.5421,34.3042],[135.5426,34.311],[135.5416,34.3135],[135.539,34.3181],[135.5389,34.3196],[135.5377,34.321],[135.535,34.3218],[135.5348,34.3235],[135.5321,34.3249],[135.5317,34.3265],[135.5294,34.3281],[135.5274,34.3273],[135.5269,34.3292],[135.5278,34.334],[135.53,34.3361],[135.5276,34.3389],[135.5285,34.3416],[135.5267,34.3446],[135.5267,34.3455],[135.5292,34.3514],[135.5271,34.3512],[135.5236,34.3485],[135.5215,34.3455],[135.5167,34.3424],[135.5145,34.3402],[135.512,34.3383],[135.509,34.3368],[135.5063,34.3363],[135.5035,34.3365],[135.5024,34.3381],[135.504,34.339],[135.5049,34.3412],[135.5029,34.3438],[135.5024,34.3454],[135.5036,34.3465],[135.5017,34.3502],[135.4988,34.3503],[135.4978,34.3523],[135.4945,34.3536],[135.4936,34.3544],[135.4899,34.3553],[135.4887,34.3564],[135.4854,34.3628],[135.4815,34.3593],[135.4793,34.3581],[135.4773,34.3554],[135.4777,34.3536],[135.4743,34.3529],[135.4732,34.3533],[135.4716,34.3523],[135.4701,34.3505],[135.4671,34.3495],[135.4657,34.3473],[135.4635,34.3483],[135.4576,34.3473],[135.4561,34.3477],[135.4551,34.349],[135.4531,34.3499],[135.4518,34.3491],[135.4504,34.3495],[135.4468,34.3487],[135.4442,34.3477]]]},"properties":{"prefectureCode":"30","prefectureName":"和歌山県","municipalityName":"かつらぎ町","municipalityCode":"30341"}},
{"type":"Feature","geometry":{"type":"Polygon","coordinates":[[[135.5421,34.3042],[135.5385,34.3042],[135.5351,34.3018],[135.532,34.2984],[135.5356,34.2968],[135.5369,34.2938],[135.5383,34.2931],[135.5419,34.2884],[135.5412,34.2861],[135.5431,34.2839],[135.5421,34.2822],[135.5401,34.2835],[135.5367,34.2835],[135.5356,34.2828],[135.5351,34.281],[135.5321,34.2779],[135.5314,34.271],[135.5309,34.2702],[135.5319,34.2682],[135.5304,34.2627],[135.5295,34.2611],[135.5276,34.2592],[135.526,34.2554],[135.528,34.251],[135.5303,34.2496],[135.5307,34.2447],[135.5316,34.244],[135.533,34.2392],[135.5365,34.2392],[135.5381,34.2405],[135.5391,34.2395],[135.5415,34.2397],[135.5431,34.2382],[135.5452,34.2395],[135.5478,34.2394],[135.5513,34.2402],[135.5526,34.2436],[135.5521,34.2448],[135.5534,34.2468],[135.5577,34.2469],[135.5595,34.2483],[135.5616,34.249],[135.5652,34.2485],[135.5691,34.2465],[135.5712,34.2477],[135.5731,34.2476],[135.5742,34.2503],[135.573,34.2518],[135.5711,34.2572],[135.572,34.262],[135.5732,34.2633],[135.5735,34.2657],[135.5723,34.2678],[135.5728,34.2709],[135.5743,34.2721],[135.5751,34.2698],[135.5771,34.27],[135.5778,34.2731],[135.5794,34.2729],[135.5813,34.2711],[135.5809,34.2689],[135.5819,34.2684],[135.5825,34.2633],[135.5844,34.2599],[135.5847,34.2568],[135.5855,34.2549],[135.5847,34.2534],[135.5859,34.2507],[135.5874,34.2495],[135.5878,34.2478],[135.5893,34.2454],[135.5915,34.2455],[135.5942,34.2444],[135.5963,34.245],[135.6002,34.2438],[135.6018,34.2423],[135.6033,34.2418],[135.603,34.2396],[135.6036,34.2376],[135.606,34.2366],[135.6068,34.2356],[135.6113,34.2359],[135.6145,34.2337],[135.6173,34.2346],[135.6189,34.2367],[135.6202,34.2373],[135.6212,34.2416],[135.6224,34.2432],[135.6251,34.2453],[135.6261,34.2453],[135.6286,34.2474],[135.6312,34.2471],[135.6323,34.2489],[135.6307,34.2514],[135.6307,34.254],[135.6324,34.2552],[135.6343,34.2557],[135.6362,34.2574],[135.6375,34.2579],[135.6363,34.2631],[135.6388,34.263],[135.6417,34.2635],[135.6442,34.2648],[135.6435,34.2663],[135.6437,34.268],[135.6414,34.2675],[135.6402,34.2681],[135.6404,34.2697],[135.6386,34.2708],[135.6364,34.2705],[135.6353,34.2716],[135.6343,34.2765],[135.6315,34.2756],[135.6321,34.2772],[135.6295,34.2783],[135.628,34.2799],[135.6279,34.2828],[135.6259,34.2844],[135.624,34.2837],[135.6211,34.2839],[135.6172,34.2814],[135.6135,34.2814],[135.6112,34.2827],[135.6069,34.2829],[135.6027,34.282],[135.6015,34.2825],[135.5996,34.2806],[135.5962,34.2798],[135.5946,34.2806],[135.5932,34.28],[135.5911,34.2781],[135.5893,34.2809],[135.588,34.2808],[135.5863,34.285],[135.5837,34.2863],[135.5814,34.2858],[135.5805,34.284],[135.5774,34.286],[135.5759,34.2858],[135.5762,34.2832],[135.574,34.2844],[135.573,34.2885],[135.5709,34.2896],[135.5728,34.2915],[135.5712,34.2923],[135.5727,34.2944],[135.5709,34.3001],[135.5678,34.2991],[135.5653,34.2973],[135.5625,34.2944],[135.5612,34.2939],[135.5572,34.2945],[135.5498,34.2984],[135.5421,34.3042]],[[135.5442,34.2812],[135.5447,34.2824],[135.5467,34.2842],[135.5495,34.2852],[135.5518,34.2865],[135.5531,34.2888],[135.5562,34.2902],[135.5571,34.2882],[135.556,34.2858],[135.5549,34.2848],[135.554,34.2823],[135.5527,34.2809],[135.5535,34.2776],[135.5519,34.2767],[135.5493,34.2779],[135.5458,34.2808],[135.5442,34.2812]]]},"properties":{"prefectureCode":"30","prefectureName":"和歌山県","municipalityName":"九度山町","municipalityCode":"30343"}},
{"type":"Feature","geometry":{"type":"Polygon","coordinates":[[[135.6812,34.2717],[135.6799,34.2711],[135.6779,34.2679],[135.6768,34.2669],[135.6736,34.2655],[135.6715,34.2642],[135.6709,34.2629],[135.6745,34.258],[135.6729,34.2554],[135.6686,34.2529],[135.6682,34.2517],[135.666,34.2507],[135.6651,34.2483],[135.6627,34.2471],[135.6615,34.2447],[135.6599,34.245],[135.6579,34.2431],[135.6564,34.243],[135.6544,34.2413],[135.6512,34.2427],[135.6537,34.246],[135.6531,34.2472],[135.6493,34.2454],[135.6472,34.2473],[135.6439,34.249],[135.6425,34.2484],[135.639,34.2484],[135.6347,34.2499],[135.6323,34.2489],[135.6312,34.2471],[135.6286,34.2474],[135.6261,34.2453],[135.6251,34.2453],[135.6224,34.2432],[135.6212,34.2416],[135.6202,34.2373],[135.6189,34.2367],[135.6173,34.2346],[135.6145,34.2337],[135.6113,34.2359],[135.6068,34.2356],[135.606,34.2366],[135.6036,34.2376],[135.603,34.2396],[135.6033,34.2418],[135.6018,34.2423],[135.6002,34.2438],[135.5963,34.245],[135.5942,34.2444],[135.5915,34.2455],[135.5893,34.2454],[135.5878,34.2478],[135.5874,34.2495],[135.5859,34.2507],[135.5847,34.2534],[135.5855,34.2549],[135.5847,34.2568],[135.5844,34.2599],[135.5825,34.2633],[135.5819,34.2684],[135.5809,34.2689],[135.5813,34.2711],[135.5794,34.2729],[135.5778,34.2731],[135.5771,34.27],[135.5751,34.2698],[135.5743,34.2721],[135.5728,34.2709],[135.5723,34.2678],[135.5735,34.2657],[135.5732,34.2633],[135.572,34.262],[135.5711,34.2572],[135.573,34.2518],[135.5742,34.2503],[135.5731,34.2476],[135.5712,34.2477],[135.5691,34.2465],[135.5652,34.2485],[135.5616,34.249],[135.5595,34.2483],[135.5577,34.2469],[135.5534,34.2468],[135.5521,34.2448],[135.5526,34.2436],[135.5513,34.2402],[135.5478,34.2394],[135.5452,34.2395],[135.5431,34.2382],[135.5415,34.2397],[135.5391,34.2395],[135.5381,34.2405],[135.5365,34.2392],[135.533,34.2392],[135.5244,34.2389],[135.5216,34.2378],[135.5217,34.2348],[135.5209,34.2321],[135.5199,34.2318],[135.5203,34.2298],[135.5202,34.2263],[135.5193,34.2252],[135.5203,34.2232],[135.5237,34.2212],[135.5213,34.2209],[135.5196,34.22],[135.5207,34.2171],[135.5201,34.2144],[135.5184,34.2137],[135.5164,34.2142],[135.5154,34.2134],[135.5173,34.2119],[135.5186,34.2093],[135.5215,34.2089],[135.523,34.2064],[135.5261,34.2055],[135.5286,34.2036],[135.5245,34.2015],[135.5237,34.2001],[135.5211,34.1983],[135.5199,34.1936],[135.5203,34.191],[135.5152,34.1867],[135.5126,34.1851],[135.5129,34.1815],[135.5154,34.1787],[135.5145,34.1763],[135.5134,34.1751],[135.515,34.1735],[135.5147,34.171],[135.519,34.1664],[135.5203,34.1642],[135.5223,34.1627],[135.5231,34.1614],[135.5294,34.1596],[135.5322,34.1593],[135.5326,34.1585],[135.5355,34.1578],[135.5359,34.1571],[135.5388,34.1567],[135.5407,34.158],[135.543,34.1586],[135.547,34.161],[135.5526,34.1627],[135.5543,34.1626],[135.558,34.1651],[135.5574,34.1673],[135.5585,34.1688],[135.5591,34.1709],[135.5622,34.1749],[135.5605,34.1766],[135.5617,34.179],[135.5612,34.1801],[135.5613,34.1826],[135.5605,34.1838],[135.5613,34.1849],[135.5609,34.1863],[135.5617,34.1875],[135.5608,34.1899],[135.5611,34.1924],[135.5638,34.1934],[135.5661,34.1923],[135.5665,34.1868],[135.5688,34.1829],[135.5711,34.181],[135.5722,34.1789],[135.5705,34.1761],[135.5701,34.1742],[135.5718,34.1718],[135.572,34.1704],[135.5733,34.1689],[135.5777,34.1668],[135.5806,34.1669],[135.5781,34.1634],[135.576,34.164],[135.5745,34.1606],[135.5767,34.1615],[135.5794,34.1602],[135.5818,34.1578],[135.5831,34.1574],[135.5873,34.1577],[135.5933,34.1591],[135.5963,34.1593],[135.6,34.1584],[135.6012,34.1587],[135.6039,34.1564],[135.6046,34.1543],[135.6077,34.1553],[135.6115,34.1551],[135.6151,34.156],[135.6168,34.1559],[135.6195,34.1576],[135.6219,34.1584],[135.623,34.1627],[135.622,34.1634],[135.6206,34.1661],[135.6206,34.1685],[135.6233,34.1697],[135.624,34.1721],[135.6254,34.1722],[135.6279,34.1748],[135.6286,34.1769],[135.6324,34.1774],[135.6356,34.1791],[135.6376,34.1793],[135.6383,34.1814],[135.642,34.1832],[135.6418,34.1841],[135.6433,34.1873],[135.6449,34.1885],[135.6451,34.1907],[135.6413,34.1915],[135.6407,34.1932],[135.6396,34.1935],[135.6361,34.1963],[135.6341,34.1991],[135.6354,34.2025],[135.6345,34.2046],[135.6412,34.2095],[135.6404,34.2106],[135.6409,34.213],[135.6435,34.2156],[135.6459,34.2162],[135.6481,34.219],[135.6504,34.2182],[135.6524,34.2167],[135.6553,34.2163],[135.6591,34.2182],[135.662,34.2183],[135.6661,34.222],[135.6678,34.2242],[135.6698,34.2246],[135.6726,34.2242],[135.6747,34.2231],[135.6777,34.2234],[135.682,34.2216],[135.6833,34.2219],[135.6855,34.2204],[135.6864,34.2181],[135.6879,34.2173],[135.6939,34.2171],[135.6978,34.2118],[135.7018,34.2123],[135.7078,34.2082],[135.7096,34.2088],[135.7116,34.2109],[135.7123,34.2133],[135.7136,34.2145],[135.7177,34.2149],[135.7233,34.2198],[135.7275,34.2207],[135.7275,34.2237],[135.7287,34.2257],[135.7292,34.2278],[135.7302,34.2283],[135.73,34.2316],[135.7285,34.2354],[135.7264,34.236],[135.7244,34.2381],[135.7234,34.2401],[135.7238,34.2424],[135.7222,34.2444],[135.722,34.2461],[135.7201,34.2499],[135.7207,34.2516],[135.7194,34.2546],[135.7195,34.2593],[135.7184,34.2633],[135.7162,34.2656],[135.7151,34.2651],[135.7117,34.2666],[135.7108,34.2679],[135.7083,34.2686],[135.7084,34.2719],[135.7038,34.2716],[135.7009,34.2754],[135.6987,34.2765],[135.694,34.2776],[135.6925,34.2783],[135.6909,34.2766],[135.6894,34.2717],[135.6872,34.2708],[135.6844,34.271],[135.6828,34.2702],[135.6812,34.2717]]]},"properties":{"prefectureCode":"30","prefectureName":"和歌山県","municipalityName":"高野町","municipalityCode":"30344"}},
{"type":"Feature","geometry":{"type":"Polygon","coordinates":[[[135.139,34.057],[135.1406,34.0573],[135.1464,34.0561],[135.1479,34.0528],[135.1463,34.0517],[135.1474,34.0507],[135.1475,34.049],[135.1456,34.0462],[135.1462,34.0453],[135.1518,34.0448],[135.1537,34.0462],[135.1577,34.0473],[135.1611,34.046],[135.1625,34.0437],[135.1626,34.0404],[135.1621,34.0395],[135.1585,34.0381],[135.1604,34.037],[135.1624,34.0368],[135.1677,34.0373],[135.1697,34.0349],[135.1708,34.0318],[135.1738,34.032],[135.1812,34.0293],[135.1825,34.0262],[135.1853,34.0259],[135.1884,34.0251],[135.1905,34.0239],[135.1919,34.0249],[135.1972,34.0249],[135.2,34.0232],[135.2014,34.0231],[135.2027,34.0184],[135.2052,34.0182],[135.2083,34.0139],[135.2088,34.012],[135.2112,34.0101],[135.2145,34.01],[135.2178,34.0082],[135.2208,34.0078],[135.2229,34.0071],[135.227,34.0083],[135.2358,34.0094],[135.2389,34.0093],[135.2397,34.0101],[135.2397,34.0121],[135.2416,34.014],[135.24,34.0167],[135.2379,34.0182],[135.2365,34.0202],[135.2373,34.0228],[135.236,34.0246],[135.234,34.0258],[135.2339,34.0277],[135.2323,34.0292],[135.2317,34.0309],[135.2299,34.0311],[135.2282,34.0329],[135.2243,34.0331],[135.2229,34.0315],[135.2215,34.031],[135.2166,34.0308],[135.2143,34.0335],[135.2137,34.0349],[135.2111,34.0361],[135.2102,34.037],[135.2072,34.0358],[135.2012,34.0352],[135.199,34.0345],[135.1972,34.0355],[135.196,34.0348],[135.1946,34.0354],[135.1953,34.037],[135.1953,34.0403],[135.1931,34.0405],[135.1945,34.0453],[135.1939,34.0474],[135.1919,34.0492],[135.19,34.0523],[135.1903,34.0546],[135.1884,34.0558],[135.1883,34.0571],[135.1864,34.0592],[135.1863,34.0615],[135.1833,34.0617],[135.1818,34.06],[135.1808,34.0572],[135.1787,34.0563],[135.1755,34.0562],[135.1732,34.0554],[135.171,34.0577],[135.1706,34.0593],[135.1691,34.0613],[135.1661,34.0631],[135.1609,34.0625],[135.1584,34.0627],[135.1539,34.061],[135.1524,34.0599],[135.1497,34.0594],[135.1488,34.0585],[135.1438,34.059],[135.1424,34.0603],[135.1397,34.0587],[135.139,34.057]]]},"properties":{"prefectureCode":"30","prefectureName":"和歌山県","municipalityName":"湯浅町","municipalityCode":"30361"}},
{"type":"Feature","geometry":{"type":"MultiPolygon","coordinates":[[[[135.1708,34.0318],[135.1697,34.0278],[135.17,34.0263],[135.1677,34.0255],[135.1681,34.0281],[135.1657,34.0285],[135.1614,34.0271],[135.1603,34.026],[135.1584,34.0259],[135.1574,34.0244],[135.1548,34.0261],[135.1523,34.0259],[135.1508,34.0246],[135.1516,34.0232],[135.1501,34.0221],[135.1518,34.0198],[135.1488,34.0176],[135.148,34.0182],[135.1414,34.0196],[135.1396,34.0194],[135.1369,34.0169],[135.143,34.0156],[135.143,34.0133],[135.1458,34.0138],[135.1469,34.0124],[135.1471,34.0108],[135.1514,34.0094],[135.1515,34.0077],[135.1477,34.0053],[135.1455,34.0058],[135.1446,34.005],[135.1425,34.0066],[135.1407,34.0062],[135.1401,34.0031],[135.137,34.0004],[135.1346,34],[135.1385,33.9972],[135.1417,33.9914],[135.1436,33.9895],[135.1469,33.9908],[135.1481,33.9907],[135.1536,33.9927],[135.1551,33.9922],[135.1571,33.9927],[135.1586,33.9939],[135.1626,33.9949],[135.1642,33.996],[135.1673,33.9947],[135.17,33.995],[135.1726,33.9945],[135.1749,33.9946],[135.1756,33.9938],[135.1746,33.9922],[135.1747,33.9904],[135.176,33.9874],[135.176,33.9849],[135.1754,33.984],[135.1764,33.9828],[135.1768,33.9808],[135.1779,33.9793],[135.1764,33.9753],[135.174,33.9748],[135.1733,33.9736],[135.174,33.9717],[135.1739,33.9684],[135.1746,33.965],[135.1776,33.9643],[135.1779,33.9618],[135.1774,33.9576],[135.178,33.9561],[135.1817,33.9565],[135.1845,33.9577],[135.1869,33.9574],[135.1901,33.9559],[135.1944,33.9559],[135.1964,33.9551],[135.1976,33.9537],[135.2008,33.9542],[135.2044,33.9538],[135.2065,33.9543],[135.2091,33.9523],[135.2124,33.9526],[135.2158,33.9523],[135.2181,33.9529],[135.2193,33.9525],[135.2221,33.9528],[135.2235,33.9513],[135.2234,33.9486],[135.2276,33.9476],[135.2314,33.948],[135.233,33.9476],[135.2328,33.9513],[135.236,33.9545],[135.2353,33.957],[135.2359,33.9586],[135.2387,33.9602],[135.2408,33.96],[135.244,33.9602],[135.2489,33.9627],[135.2495,33.9636],[135.2528,33.9635],[135.2547,33.9648],[135.2547,33.9671],[135.2561,33.9695],[135.2579,33.971],[135.2593,33.9733],[135.2568,33.9764],[135.2564,33.979],[135.2579,33.9811],[135.2578,33.9855],[135.2583,33.9883],[135.2591,33.9897],[135.2633,33.9927],[135.265,33.9931],[135.2677,33.9952],[135.2694,33.9955],[135.2718,33.9975],[135.2733,33.9978],[135.2764,34.0027],[135.2793,34.0042],[135.278,34.0057],[135.2733,34.008],[135.2701,34.01],[135.2687,34.0154],[135.2661,34.0151],[135.2611,34.0136],[135.2551,34.0146],[135.2511,34.0143],[135.249,34.0138],[135.2462,34.0143],[135.2436,34.0142],[135.2422,34.0158],[135.24,34.0167],[135.2416,34.014],[135.2397,34.0121],[135.2397,34.0101],[135.2389,34.0093],[135.2358,34.0094],[135.227,34.0083],[135.2229,34.0071],[135.2208,34.0078],[135.2178,34.0082],[135.2145,34.01],[135.2112,34.0101],[135.2088,34.012],[135.2083,34.0139],[135.2052,34.0182],[135.2027,34.0184],[135.2014,34.0231],[135.2,34.0232],[135.1972,34.0249],[135.1919,34.0249],[135.1905,34.0239],[135.1884,34.0251],[135.1853,34.0259],[135.1825,34.0262],[135.1812,34.0293],[135.1738,34.032],[135.1708,34.0318]]],[[[135.125,34.0162],[135.1252,34.0184],[135.1213,34.0196],[135.1187,34.0184],[135.1218,34.0166],[135.1223,34.0155],[135.125,34.0162]]]]},"properties":{"prefectureCode":"30","prefectureName":"和歌山県","municipalityName":"広川町","municipalityCode":"30362"}},
{"type":"Feature","geometry":{"type":"Polygon","coordinates":[[[135.5463,34.098],[135.5438,34.0971],[135.5377,34.0989],[135.5334,34.1013],[135.5332,34.1024],[135.5343,34.1038],[135.5342,34.1089],[135.5329,34.1102],[135.5329,34.1147],[135.5293,34.1156],[135.5224,34.1194],[135.5221,34.1208],[135.5193,34.1225],[135.5165,34.1249],[135.5138,34.1281],[135.5154,34.1299],[135.5128,34.1338],[135.5123,34.1352],[135.5111,34.1358],[135.5094,34.1378],[135.5066,34.1381],[135.507,34.1401],[135.5064,34.1435],[135.5035,34.1443],[135.5005,34.148],[135.4979,34.1517],[135.4972,34.1515],[135.4935,34.1534],[135.4895,34.1539],[135.4889,34.1549],[135.4873,34.1534],[135.4849,34.1533],[135.4829,34.1517],[135.478,34.1489],[135.4764,34.1484],[135.4736,34.1457],[135.4704,34.1442],[135.4678,34.1417],[135.4662,34.1412],[135.4643,34.1395],[135.4616,34.1385],[135.4592,34.1365],[135.4582,34.1342],[135.4581,34.1326],[135.4552,34.1307],[135.452,34.1296],[135.4491,34.1256],[135.4455,34.1235],[135.4425,34.124],[135.4385,34.1217],[135.4347,34.1171],[135.4311,34.1155],[135.4283,34.1155],[135.4254,34.1181],[135.4206,34.1173],[135.419,34.1188],[135.417,34.1199],[135.415,34.1201],[135.4126,34.1195],[135.405,34.1207],[135.4037,34.1217],[135.4017,34.1209],[135.3978,34.1206],[135.3937,34.1209],[135.3917,34.1216],[135.3872,34.1212],[135.3853,34.1206],[135.3809,34.1214],[135.379,34.1207],[135.3775,34.1211],[135.3744,34.1207],[135.3739,34.1199],[135.3743,34.1164],[135.3735,34.1154],[135.3747,34.1132],[135.3718,34.1122],[135.3703,34.1136],[135.3672,34.114],[135.3655,34.1134],[135.364,34.1147],[135.3628,34.1144],[135.3588,34.1151],[135.3561,34.1134],[135.3549,34.1145],[135.3526,34.1143],[135.3507,34.1153],[135.3462,34.1164],[135.3381,34.1135],[135.3373,34.1103],[135.3364,34.1092],[135.3362,34.1073],[135.3352,34.1053],[135.3325,34.105],[135.329,34.1059],[135.3251,34.1043],[135.32,34.1047],[135.3175,34.1045],[135.3156,34.1061],[135.3152,34.1076],[135.3121,34.11],[135.3115,34.1114],[135.3121,34.113],[135.3115,34.1148],[135.3076,34.1154],[135.3061,34.1168],[135.3087,34.1215],[135.307,34.1239],[135.3068,34.1251],[135.3044,34.1283],[135.3019,34.1294],[135.3014,34.132],[135.3032,34.1344],[135.3019,34.1351],[135.2995,34.1344],[135.2976,34.1349],[135.2971,34.136],[135.2942,34.1334],[135.2951,34.1319],[135.2941,34.1308],[135.2943,34.1295],[135.2922,34.1269],[135.2921,34.126],[135.289,34.1255],[135.2868,34.1244],[135.2845,34.1204],[135.2797,34.1187],[135.2784,34.1197],[135.2761,34.119],[135.2737,34.1172],[135.2678,34.1163],[135.2659,34.1176],[135.2628,34.1156],[135.2618,34.1167],[135.2592,34.1178],[135.2578,34.1177],[135.2562,34.1193],[135.2531,34.1214],[135.2502,34.1219],[135.2491,34.1226],[135.2448,34.1222],[135.2431,34.1213],[135.2392,34.1222],[135.2371,34.1204],[135.2355,34.1178],[135.236,34.1139],[135.2353,34.1121],[135.2336,34.1118],[135.2323,34.1104],[135.2313,34.1073],[135.2283,34.1066],[135.2243,34.1076],[135.2219,34.1102],[135.2172,34.11],[135.2164,34.1072],[135.213,34.1062],[135.2118,34.104],[135.2093,34.1031],[135.205,34.1001],[135.2027,34.1006],[135.1998,34.1001],[135.1979,34.0985],[135.1965,34.0988],[135.1875,34.0981],[135.1873,34.0951],[135.1868,34.0942],[135.1879,34.0923],[135.1879,34.0906],[135.1889,34.09],[135.1888,34.0867],[135.1894,34.0847],[135.193,34.0772],[135.1923,34.0754],[135.192,34.0727],[135.1905,34.0661],[135.1878,34.0651],[135.1875,34.0621],[135.1863,34.0615],[135.1864,34.0592],[135.1883,34.0571],[135.1884,34.0558],[135.1903,34.0546],[135.19,34.0523],[135.1919,34.0492],[135.1939,34.0474],[135.1945,34.0453],[135.1931,34.0405],[135.1953,34.0403],[135.1953,34.037],[135.1946,34.0354],[135.196,34.0348],[135.1972,34.0355],[135.199,34.0345],[135.2012,34.0352],[135.2072,34.0358],[135.2102,34.037],[135.2111,34.0361],[135.2137,34.0349],[135.2143,34.0335],[135.2166,34.0308],[135.2215,34.031],[135.2229,34.0315],[135.2243,34.0331],[135.2282,34.0329],[135.2299,34.0311],[135.2317,34.0309],[135.2323,34.0292],[135.2339,34.0277],[135.234,34.0258],[135.236,34.0246],[135.2373,34.0228],[135.2365,34.0202],[135.2379,34.0182],[135.24,34.0167],[135.2422,34.0158],[135.2436,34.0142],[135.2462,34.0143],[135.249,34.0138],[135.2511,34.0143],[135.2551,34.0146],[135.2611,34.0136],[135.2661,34.0151],[135.2687,34.0154],[135.2701,34.01],[135.2733,34.008],[135.278,34.0057],[135.2793,34.0042],[135.2819,34.0039],[135.284,34.0044],[135.288,34.0036],[135.2904,34.0014],[135.2925,34.0052],[135.2944,34.0071],[135.2984,34.0044],[135.3021,34.0035],[135.3062,34.005],[135.3105,34.0052],[135.313,34.0077],[135.3195,34.0067],[135.3231,34.0086],[135.3249,34.0087],[135.3294,34.0064],[135.3333,34.0073],[135.3357,34.0057],[135.34,34.0049],[135.343,34.0051],[135.3457,34.0045],[135.3475,34.0059],[135.3512,34.0057],[135.3521,34.0051],[135.3554,34.0057],[135.3574,34.0049],[135.3603,34.0052],[135.3606,34.0063],[135.3642,34.0079],[135.367,34.0129],[135.3715,34.0137],[135.3758,34.0119],[135.3786,34.0125],[135.3822,34.0121],[135.3828,34.0115],[135.3858,34.0117],[135.3891,34.0112],[135.3917,34.0101],[135.3953,34.012],[135.3977,34.0128],[135.3988,34.0144],[135.401,34.0149],[135.4023,34.019],[135.4072,34.0202],[135.4113,34.0225],[135.415,34.0237],[135.4169,34.0248],[135.4173,34.0269],[135.4206,34.0273],[135.4266,34.0272],[135.4281,34.0292],[135.4336,34.0309],[135.4372,34.0308],[135.4406,34.0344],[135.4426,34.0352],[135.4459,34.0381],[135.4487,34.0392],[135.4518,34.0409],[135.4534,34.0397],[135.4552,34.0396],[135.4589,34.0384],[135.4623,34.0352],[135.4642,34.0339],[135.4648,34.0323],[135.4675,34.0316],[135.4766,34.0322],[135.4778,34.033],[135.4817,34.0326],[135.4838,34.0341],[135.4865,34.0338],[135.4886,34.0348],[135.4926,34.0358],[135.4945,34.0359],[135.4957,34.0369],[135.4964,34.039],[135.4988,34.0432],[135.5032,34.0419],[135.505,34.042],[135.5058,34.0445],[135.5092,34.0466],[135.5111,34.0458],[135.5167,34.0467],[135.5192,34.0481],[135.5228,34.0479],[135.526,34.0481],[135.5282,34.0478],[135.5324,34.0487],[135.5356,34.051],[135.5371,34.0555],[135.5385,34.0578],[135.5378,34.0596],[135.5407,34.0607],[135.5427,34.062],[135.5435,34.0641],[135.5462,34.0657],[135.5482,34.0681],[135.5465,34.069],[135.5444,34.0718],[135.5425,34.0722],[135.5397,34.0754],[135.5398,34.0772],[135.5423,34.0798],[135.5431,34.0818],[135.549,34.0839],[135.5498,34.085],[135.5499,34.0907],[135.5492,34.0917],[135.5492,34.0943],[135.5487,34.0968],[135.5463,34.098]]]},"properties":{"prefectureCode":"30","prefectureName":"和歌山県","municipalityName":"有田川町","municipalityCode":"30366"}},
{"type":"Feature","geometry":{"type":"Polygon","coordinates":[[[135.1414,33.9139],[135.1374,33.9165],[135.1335,33.9157],[135.1325,33.912],[135.1334,33.9101],[135.1328,33.9083],[135.1334,33.9073],[135.1307,33.9038],[135.1298,33.9032],[135.1274,33.9034],[135.1235,33.9026],[135.1208,33.9032],[135.1167,33.9027],[135.1157,33.9046],[135.1133,33.9035],[135.1092,33.9037],[135.1085,33.9026],[135.1043,33.9027],[135.1033,33.9013],[135.1014,33.9012],[135.097,33.9018],[135.0937,33.9015],[135.0919,33.9001],[135.0897,33.9017],[135.0873,33.9026],[135.0835,33.9],[135.0809,33.9002],[135.0782,33.8998],[135.0751,33.8974],[135.0721,33.8968],[135.0726,33.8939],[135.0716,33.8891],[135.0689,33.8895],[135.0677,33.8886],[135.0657,33.8883],[135.0639,33.8856],[135.0635,33.8837],[135.0605,33.8811],[135.0577,33.8799],[135.0608,33.8798],[135.064,33.881],[135.0661,33.8814],[135.07,33.8835],[135.0727,33.8868],[135.0764,33.888],[135.0801,33.891],[135.0823,33.8906],[135.0822,33.8892],[135.0842,33.8872],[135.0878,33.8875],[135.0885,33.8868],[135.0911,33.8872],[135.0922,33.8887],[135.0956,33.8882],[135.1005,33.889],[135.1064,33.8913],[135.1088,33.8917],[135.1119,33.8934],[135.1138,33.8935],[135.1197,33.8923],[135.1316,33.8889],[135.1382,33.8865],[135.1419,33.8848],[135.1467,33.8818],[135.1497,33.8794],[135.1501,33.878],[135.1525,33.8755],[135.1543,33.8767],[135.1543,33.8803],[135.1529,33.8824],[135.1522,33.8856],[135.1499,33.8918],[135.1487,33.8959],[135.1474,33.8956],[135.1436,33.9071],[135.1443,33.9086],[135.1424,33.914],[135.1414,33.9139]]]},"properties":{"prefectureCode":"30","prefectureName":"和歌山県","municipalityName":"美浜町","municipalityCode":"30381"}},
{"type":"Feature","geometry":{"type":"MultiPolygon","coordinates":[[[[135.1739,33.9527],[135.1747,33.9547],[135.178,33.9561],[135.1774,33.9576],[135.1779,33.9618],[135.1776,33.9643],[135.1746,33.965],[135.1739,33.9684],[135.174,33.9717],[135.1733,33.9736],[135.174,33.9748],[135.1764,33.9753],[135.1779,33.9793],[135.1768,33.9808],[135.1764,33.9828],[135.1754,33.984],[135.1717,33.9834],[135.1677,33.9819],[135.1668,33.9805],[135.1608,33.9772],[135.159,33.9753],[135.1568,33.9751],[135.1543,33.9757],[135.1512,33.9732],[135.1487,33.9703],[135.1454,33.9676],[135.1436,33.965],[135.1411,33.9637],[135.1401,33.9597],[135.1387,33.9575],[135.1361,33.9565],[135.1349,33.9543],[135.133,33.9529],[135.1307,33.952],[135.1308,33.9508],[135.1257,33.9482],[135.1247,33.9482],[135.1225,33.946],[135.1193,33.946],[135.1167,33.9453],[135.1135,33.9459],[135.1082,33.9446],[135.1064,33.9495],[135.1028,33.9544],[135.1006,33.9496],[135.098,33.95],[135.096,33.9479],[135.0944,33.9479],[135.093,33.9492],[135.089,33.9491],[135.089,33.9477],[135.0881,33.9459],[135.091,33.9443],[135.09,33.9426],[135.088,33.9424],[135.0859,33.9436],[135.0834,33.9416],[135.0839,33.9401],[135.086,33.9398],[135.0867,33.9385],[135.085,33.9352],[135.0839,33.9349],[135.08,33.9357],[135.0785,33.9343],[135.0757,33.9349],[135.0751,33.9326],[135.0733,33.9313],[135.071,33.9319],[135.0683,33.9317],[135.0684,33.9302],[135.0663,33.928],[135.0669,33.9269],[135.0699,33.9247],[135.0718,33.9239],[135.0728,33.9245],[135.0741,33.9277],[135.0759,33.928],[135.0778,33.927],[135.0778,33.9253],[135.0797,33.9244],[135.0785,33.9232],[135.0761,33.9197],[135.0758,33.917],[135.0796,33.9181],[135.0811,33.9198],[135.0826,33.9192],[135.083,33.9175],[135.0817,33.9156],[135.0785,33.9132],[135.0821,33.9126],[135.0833,33.9113],[135.0833,33.9097],[135.0818,33.9066],[135.0794,33.9044],[135.0762,33.9031],[135.0726,33.9035],[135.0727,33.9058],[135.0712,33.9062],[135.0695,33.9052],[135.067,33.9062],[135.063,33.9062],[135.059,33.9049],[135.0583,33.902],[135.0605,33.8987],[135.0649,33.8962],[135.0643,33.8917],[135.057,33.8887],[135.0582,33.8833],[135.0574,33.8809],[135.0577,33.8799],[135.0605,33.8811],[135.0635,33.8837],[135.0639,33.8856],[135.0657,33.8883],[135.0677,33.8886],[135.0689,33.8895],[135.0716,33.8891],[135.0726,33.8939],[135.0721,33.8968],[135.0751,33.8974],[135.0782,33.8998],[135.0809,33.9002],[135.0835,33.9],[135.0873,33.9026],[135.0897,33.9017],[135.0919,33.9001],[135.0937,33.9015],[135.097,33.9018],[135.1014,33.9012],[135.1033,33.9013],[135.1043,33.9027],[135.1085,33.9026],[135.1092,33.9037],[135.1133,33.9035],[135.1157,33.9046],[135.1167,33.9027],[135.1208,33.9032],[135.1235,33.9026],[135.1274,33.9034],[135.1298,33.9032],[135.1307,33.9038],[135.1334,33.9073],[135.1328,33.9083],[135.1334,33.9101],[135.1325,33.912],[135.1335,33.9157],[135.1374,33.9165],[135.1414,33.9139],[135.1427,33.9155],[135.1474,33.9165],[135.1494,33.9183],[135.1531,33.9192],[135.1571,33.9193],[135.1582,33.92],[135.1596,33.9227],[135.1591,33.9242],[135.1592,33.9279],[135.1599,33.9296],[135.1598,33.9324],[135.1592,33.9335],[135.156,33.9361],[135.1556,33.9389],[135.1564,33.9398],[135.1569,33.9421],[135.1601,33.9453],[135.1601,33.9478],[135.1614,33.9498],[135.1638,33.9504],[135.1663,33.9499],[135.1739,33.9527]]],[[[135.0731,33.95],[135.0731,33.9473],[135.0756,33.948],[135.0762,33.9495],[135.0742,33.9507],[135.0731,33.95]]]]},"properties":{"prefectureCode":"30","prefectureName":"和歌山県","municipalityName":"日高町","municipalityCode":"30382"}},
{"type":"Feature","geometry":{"type":"MultiPolygon","coordinates":[[[[135.1346,34],[135.1339,33.9993],[135.1292,34.0006],[135.1274,33.9983],[135.1261,33.9975],[135.1246,33.9983],[135.1226,33.9984],[135.1202,33.9992],[135.1185,33.9989],[135.1171,33.9978],[135.115,33.9971],[135.1122,33.9953],[135.112,33.9936],[135.1128,33.9909],[135.1095,33.989],[135.1077,33.9889],[135.1062,33.9903],[135.106,33.9919],[135.1049,33.993],[135.0978,33.9926],[135.0935,33.9932],[135.092,33.992],[135.0912,33.9902],[135.0928,33.9898],[135.0916,33.9874],[135.0897,33.9868],[135.0902,33.9843],[135.0911,33.9835],[135.0903,33.9819],[135.0881,33.9792],[135.0844,33.9798],[135.0821,33.9785],[135.0781,33.9793],[135.0748,33.979],[135.0722,33.9775],[135.0693,33.978],[135.0677,33.9768],[135.0687,33.9758],[135.0705,33.9755],[135.0733,33.9766],[135.0759,33.975],[135.0761,33.9739],[135.0781,33.9732],[135.0794,33.971],[135.079,33.9701],[135.0815,33.9693],[135.0846,33.9698],[135.086,33.9674],[135.0847,33.9646],[135.0847,33.9629],[135.0838,33.9614],[135.0815,33.9609],[135.0802,33.9614],[135.0784,33.9604],[135.0744,33.9599],[135.074,33.9591],[135.08,33.9558],[135.0819,33.9564],[135.0828,33.9558],[135.0875,33.9562],[135.0867,33.9588],[135.0905,33.9573],[135.0915,33.9578],[135.0952,33.9577],[135.0988,33.9596],[135.1007,33.9612],[135.0997,33.9619],[135.1002,33.9659],[135.1026,33.9662],[135.1019,33.9643],[135.1023,33.9632],[135.1045,33.964],[135.1067,33.9639],[135.1082,33.9617],[135.1108,33.9629],[135.1121,33.96],[135.1132,33.9603],[135.1144,33.9568],[135.1127,33.9563],[135.1055,33.9562],[135.1028,33.9544],[135.1064,33.9495],[135.1082,33.9446],[135.1135,33.9459],[135.1167,33.9453],[135.1193,33.946],[135.1225,33.946],[135.1247,33.9482],[135.1257,33.9482],[135.1308,33.9508],[135.1307,33.952],[135.133,33.9529],[135.1349,33.9543],[135.1361,33.9565],[135.1387,33.9575],[135.1401,33.9597],[135.1411,33.9637],[135.1436,33.965],[135.1454,33.9676],[135.1487,33.9703],[135.1512,33.9732],[135.1543,33.9757],[135.1568,33.9751],[135.159,33.9753],[135.1608,33.9772],[135.1668,33.9805],[135.1677,33.9819],[135.1717,33.9834],[135.1754,33.984],[135.176,33.9849],[135.176,33.9874],[135.1747,33.9904],[135.1746,33.9922],[135.1756,33.9938],[135.1749,33.9946],[135.1726,33.9945],[135.17,33.995],[135.1673,33.9947],[135.1642,33.996],[135.1626,33.9949],[135.1586,33.9939],[135.1571,33.9927],[135.1551,33.9922],[135.1536,33.9927],[135.1481,33.9907],[135.1469,33.9908],[135.1436,33.9895],[135.1417,33.9914],[135.1385,33.9972],[135.1346,34]]],[[[135.0833,33.989],[135.0869,33.9886],[135.0876,33.9871],[135.0895,33.9869],[135.0873,33.9895],[135.087,33.9917],[135.082,33.9899],[135.0833,33.989]]],[[[135.0917,34.0019],[135.0922,34.0033],[135.0898,34.0034],[135.0893,34.0022],[135.0917,34.0019]]],[[[135.0917,34.0048],[135.0931,34.003],[135.0958,34.0034],[135.0999,34.0028],[135.1024,34.0041],[135.1018,34.005],[135.099,34.0057],[135.0965,34.0053],[135.095,34.0059],[135.095,34.0076],[135.0936,34.0079],[135.092,34.0068],[135.0917,34.0048]]]]},"properties":{"prefectureCode":"30","prefectureName":"和歌山県","municipalityName":"由良町","municipalityCode":"30383"}},
{"type":"Feature","geometry":{"type":"Polygon","coordinates":[[[135.1993,33.8131],[135.2052,33.8125],[135.2066,33.8113],[135.207,33.8092],[135.2099,33.809],[135.2123,33.8113],[135.2159,33.8141],[135.217,33.8142],[135.2184,33.8129],[135.2163,33.8097],[135.2182,33.8095],[135.2208,33.808],[135.2207,33.8047],[135.2234,33.8035],[135.2254,33.8033],[135.2273,33.8019],[135.2313,33.8011],[135.2344,33.7994],[135.2359,33.7979],[135.2372,33.7947],[135.237,33.7911],[135.2336,33.7896],[135.2342,33.7873],[135.2333,33.7841],[135.2347,33.7819],[135.2382,33.7805],[135.2425,33.7807],[135.2458,33.7802],[135.2472,33.7813],[135.2535,33.7825],[135.258,33.7828],[135.2626,33.7823],[135.2661,33.7829],[135.2643,33.7863],[135.2644,33.7885],[135.2631,33.7886],[135.2617,33.7922],[135.26,33.7936],[135.2594,33.796],[135.2595,33.7991],[135.2636,33.8026],[135.263,33.804],[135.2639,33.8061],[135.2672,33.8099],[135.2667,33.8114],[135.2681,33.8126],[135.2694,33.8124],[135.2705,33.8149],[135.2722,33.8144],[135.2735,33.8164],[135.2782,33.8182],[135.2809,33.8178],[135.2861,33.818],[135.2878,33.8172],[135.2911,33.8186],[135.2965,33.8195],[135.2974,33.8223],[135.2993,33.822],[135.2992,33.8248],[135.3014,33.827],[135.3002,33.8303],[135.302,33.8326],[135.3039,33.8325],[135.305,33.8336],[135.3072,33.834],[135.3092,33.8358],[135.309,33.8401],[135.3073,33.8436],[135.3081,33.8459],[135.31,33.8464],[135.3122,33.8484],[135.3124,33.8519],[135.3139,33.8533],[135.313,33.8566],[135.3097,33.8572],[135.3099,33.8613],[135.3113,33.861],[135.3131,33.8623],[135.3146,33.8623],[135.3168,33.864],[135.3179,33.866],[135.3217,33.8687],[135.321,33.8711],[135.3217,33.8739],[135.3239,33.8756],[135.3272,33.8773],[135.33,33.8775],[135.3326,33.8782],[135.3352,33.8797],[135.3387,33.8794],[135.3396,33.8786],[135.3444,33.8789],[135.3459,33.8785],[135.3497,33.8795],[135.3509,33.8803],[135.3521,33.8834],[135.3539,33.8847],[135.3562,33.8878],[135.3593,33.8876],[135.3618,33.8868],[135.3692,33.8857],[135.3713,33.886],[135.3744,33.8853],[135.3793,33.885],[135.381,33.8852],[135.3836,33.8864],[135.3862,33.8861],[135.3874,33.8845],[135.3916,33.8849],[135.394,33.8846],[135.3997,33.888],[135.4009,33.8879],[135.403,33.8908],[135.4029,33.8922],[135.4016,33.8945],[135.3975,33.895],[135.3966,33.8947],[135.3931,33.8957],[135.3933,33.8983],[135.392,33.902],[135.3947,33.9024],[135.3968,33.9041],[135.3979,33.9068],[135.3953,33.9076],[135.3951,33.9103],[135.396,33.9147],[135.3932,33.9168],[135.3873,33.9173],[135.3831,33.9166],[135.3806,33.9179],[135.3796,33.9191],[135.3749,33.9155],[135.3708,33.9165],[135.3682,33.9165],[135.3643,33.9151],[135.3566,33.9143],[135.3548,33.9145],[135.3501,33.9128],[135.3473,33.9126],[135.3461,33.913],[135.3425,33.9123],[135.3397,33.913],[135.3353,33.9123],[135.3341,33.9118],[135.3325,33.91],[135.3302,33.9098],[135.3292,33.907],[135.3271,33.906],[135.3255,33.9042],[135.315,33.9048],[135.3104,33.9024],[135.311,33.9008],[135.3013,33.8962],[135.2992,33.8931],[135.2991,33.892],[135.2958,33.8927],[135.2936,33.8916],[135.2892,33.8923],[135.2841,33.8903],[135.2817,33.8881],[135.2755,33.8879],[135.2748,33.8825],[135.2728,33.8799],[135.2713,33.8772],[135.269,33.8764],[135.2685,33.8752],[135.2655,33.8723],[135.264,33.8722],[135.2615,33.873],[135.2558,33.873],[135.2522,33.874],[135.2472,33.8726],[135.2454,33.873],[135.2418,33.8758],[135.2365,33.8779],[135.2322,33.8774],[135.2317,33.878],[135.2284,33.8775],[135.2164,33.8781],[135.2147,33.8788],[135.2128,33.8787],[135.2117,33.8803],[135.2081,33.8803],[135.2077,33.8818],[135.2061,33.8813],[135.2011,33.8824],[135.1995,33.882],[135.1991,33.8799],[135.1999,33.8783],[135.2005,33.8742],[135.2011,33.8733],[135.2099,33.8732],[135.211,33.874],[135.2149,33.8723],[135.2148,33.8701],[135.216,33.8691],[135.2159,33.8671],[135.214,33.8645],[135.2099,33.8642],[135.208,33.8651],[135.2059,33.8654],[135.204,33.8672],[135.2001,33.8683],[135.1987,33.8678],[135.197,33.8686],[135.1957,33.867],[135.1925,33.8683],[135.1894,33.8681],[135.1883,33.8697],[135.1869,33.8704],[135.1833,33.8698],[135.1799,33.8701],[135.1791,33.8692],[135.1826,33.8665],[135.1862,33.8656],[135.1855,33.8624],[135.1845,33.8619],[135.184,33.8585],[135.1883,33.8569],[135.1916,33.8566],[135.1925,33.8548],[135.1966,33.8537],[135.2004,33.8538],[135.2002,33.8512],[135.2029,33.8505],[135.2029,33.8482],[135.2037,33.845],[135.2021,33.8437],[135.2024,33.8421],[135.2049,33.8402],[135.207,33.8399],[135.2083,33.8381],[135.2087,33.8359],[135.2078,33.8348],[135.2043,33.8334],[135.2022,33.831],[135.2018,33.8304],[135.2018,33.8301],[135.2021,33.8286],[135.2021,33.8284],[135.2022,33.828],[135.2025,33.8272],[135.2025,33.8271],[135.2024,33.8269],[135.2023,33.8268],[135.2024,33.8265],[135.2028,33.825],[135.203,33.8239],[135.2025,33.8233],[135.2023,33.8232],[135.2023,33.823],[135.202,33.8224],[135.2019,33.8213],[135.2017,33.8194],[135.2007,33.8177],[135.2005,33.8174],[135.2002,33.817],[135.1999,33.8167],[135.1997,33.8163],[135.1999,33.8142],[135.1993,33.8131]]]},"properties":{"prefectureCode":"30","prefectureName":"和歌山県","municipalityName":"印南町","municipalityCode":"30390"}},
{"type":"Feature","geometry":{"type":"MultiPolygon","coordinates":[[[[135.4009,33.8879],[135.3997,33.888],[135.394,33.8846],[135.3916,33.8849],[135.3874,33.8845],[135.3862,33.8861],[135.3836,33.8864],[135.381,33.8852],[135.3793,33.885],[135.3744,33.8853],[135.3713,33.886],[135.3692,33.8857],[135.3618,33.8868],[135.3593,33.8876],[135.3562,33.8878],[135.3539,33.8847],[135.3521,33.8834],[135.3509,33.8803],[135.3497,33.8795],[135.3459,33.8785],[135.3444,33.8789],[135.3396,33.8786],[135.3387,33.8794],[135.3352,33.8797],[135.3326,33.8782],[135.33,33.8775],[135.3272,33.8773],[135.3239,33.8756],[135.3217,33.8739],[135.321,33.8711],[135.3217,33.8687],[135.3179,33.866],[135.3168,33.864],[135.3146,33.8623],[135.3131,33.8623],[135.3113,33.861],[135.3099,33.8613],[135.3097,33.8572],[135.313,33.8566],[135.3139,33.8533],[135.3124,33.8519],[135.3122,33.8484],[135.31,33.8464],[135.3081,33.8459],[135.3073,33.8436],[135.309,33.8401],[135.3092,33.8358],[135.3072,33.834],[135.305,33.8336],[135.3039,33.8325],[135.302,33.8326],[135.3002,33.8303],[135.3014,33.827],[135.2992,33.8248],[135.2993,33.822],[135.2974,33.8223],[135.2965,33.8195],[135.2911,33.8186],[135.2878,33.8172],[135.2861,33.818],[135.2809,33.8178],[135.2782,33.8182],[135.2735,33.8164],[135.2722,33.8144],[135.2705,33.8149],[135.2694,33.8124],[135.2681,33.8126],[135.2667,33.8114],[135.2672,33.8099],[135.2639,33.8061],[135.263,33.804],[135.2636,33.8026],[135.2595,33.7991],[135.2594,33.796],[135.26,33.7936],[135.2617,33.7922],[135.2631,33.7886],[135.2644,33.7885],[135.2643,33.7863],[135.2661,33.7829],[135.2707,33.7826],[135.2744,33.7805],[135.277,33.7804],[135.2815,33.778],[135.2825,33.7761],[135.2862,33.7742],[135.2871,33.7731],[135.2928,33.7724],[135.2955,33.7709],[135.2975,33.7687],[135.2979,33.7674],[135.2963,33.7652],[135.2978,33.7645],[135.301,33.7667],[135.3037,33.7676],[135.3064,33.7673],[135.307,33.7688],[135.3103,33.7696],[135.3119,33.7695],[135.3171,33.7677],[135.3219,33.7634],[135.3247,33.7597],[135.3252,33.7562],[135.3248,33.7539],[135.3234,33.7515],[135.3261,33.7506],[135.3291,33.7463],[135.3284,33.7454],[135.3286,33.7418],[135.3305,33.7442],[135.3344,33.7448],[135.3363,33.7455],[135.3361,33.7482],[135.3378,33.7492],[135.3364,33.7507],[135.3364,33.753],[135.3392,33.7531],[135.3404,33.7546],[135.3403,33.7564],[135.343,33.7592],[135.3429,33.7613],[135.3446,33.7622],[135.3451,33.7638],[135.3447,33.7675],[135.3458,33.7703],[135.3452,33.7748],[135.3468,33.7748],[135.3492,33.7774],[135.3485,33.7798],[135.3493,33.7837],[135.3481,33.7883],[135.3496,33.7896],[135.3485,33.7908],[135.3496,33.7919],[135.349,33.7932],[135.3501,33.7948],[135.3489,33.7971],[135.3483,33.7996],[135.3497,33.8025],[135.3493,33.8037],[135.3456,33.8071],[135.3469,33.8092],[135.3488,33.8102],[135.3505,33.8094],[135.3535,33.8097],[135.3562,33.809],[135.36,33.8119],[135.3603,33.8124],[135.3648,33.8144],[135.3669,33.8176],[135.3699,33.8206],[135.3692,33.8221],[135.3725,33.8246],[135.3745,33.827],[135.3747,33.8291],[135.3783,33.8298],[135.3788,33.8308],[135.3811,33.8326],[135.3831,33.8332],[135.387,33.8355],[135.3892,33.8363],[135.3908,33.8376],[135.3958,33.8363],[135.3968,33.8374],[135.3994,33.8371],[135.4018,33.8379],[135.4053,33.8367],[135.4071,33.834],[135.4111,33.8349],[135.4127,33.8357],[135.414,33.8341],[135.4155,33.8337],[135.4165,33.8347],[135.4191,33.8353],[135.4218,33.8351],[135.4221,33.8365],[135.4247,33.8385],[135.427,33.8387],[135.4289,33.8377],[135.431,33.8377],[135.4317,33.8392],[135.4338,33.8401],[135.4363,33.8387],[135.4399,33.8392],[135.4431,33.8411],[135.4454,33.8415],[135.4464,33.8401],[135.4481,33.8399],[135.4498,33.8407],[135.4523,33.8401],[135.4548,33.8383],[135.4591,33.8382],[135.4609,33.8385],[135.461,33.8407],[135.4605,33.8427],[135.4617,33.8453],[135.4628,33.8494],[135.465,33.8531],[135.4625,33.8536],[135.4583,33.8534],[135.4509,33.8546],[135.4501,33.8561],[135.444,33.8577],[135.4446,33.8604],[135.4445,33.8627],[135.442,33.8635],[135.4404,33.8656],[135.437,33.8659],[135.4352,33.8666],[135.43,33.865],[135.4286,33.8643],[135.4267,33.8672],[135.427,33.8707],[135.4281,33.8713],[135.4289,33.8736],[135.4311,33.8767],[135.4308,33.8778],[135.429,33.88],[135.4273,33.881],[135.4257,33.8801],[135.423,33.8817],[135.4215,33.88],[135.4181,33.8802],[135.4159,33.8794],[135.4134,33.8808],[135.4112,33.8811],[135.4098,33.8821],[135.407,33.8814],[135.4042,33.8843],[135.4033,33.8858],[135.4009,33.8879]]],[[[135.3147,33.75],[135.3162,33.7504],[135.3154,33.7524],[135.313,33.7524],[135.3147,33.75]]]]},"properties":{"prefectureCode":"30","prefectureName":"和歌山県","municipalityName":"みなべ町","municipalityCode":"30391"}},
{"type":"Feature","geometry":{"type":"Polygon","coordinates":[[[135.1995,33.882],[135.2011,33.8824],[135.2061,33.8813],[135.2077,33.8818],[135.2081,33.8803],[135.2117,33.8803],[135.2128,33.8787],[135.2147,33.8788],[135.2164,33.8781],[135.2284,33.8775],[135.2317,33.878],[135.2322,33.8774],[135.2365,33.8779],[135.2418,33.8758],[135.2454,33.873],[135.2472,33.8726],[135.2522,33.874],[135.2558,33.873],[135.2615,33.873],[135.264,33.8722],[135.2655,33.8723],[135.2685,33.8752],[135.269,33.8764],[135.2713,33.8772],[135.2728,33.8799],[135.2748,33.8825],[135.2755,33.8879],[135.2817,33.8881],[135.2841,33.8903],[135.2892,33.8923],[135.2936,33.8916],[135.2958,33.8927],[135.2991,33.892],[135.2992,33.8931],[135.3013,33.8962],[135.311,33.9008],[135.3104,33.9024],[135.315,33.9048],[135.3255,33.9042],[135.3271,33.906],[135.3292,33.907],[135.3302,33.9098],[135.3325,33.91],[135.3341,33.9118],[135.3353,33.9123],[135.3397,33.913],[135.3425,33.9123],[135.3461,33.913],[135.3473,33.9126],[135.3501,33.9128],[135.3548,33.9145],[135.3566,33.9143],[135.3643,33.9151],[135.3682,33.9165],[135.3708,33.9165],[135.3749,33.9155],[135.3796,33.9191],[135.3806,33.9179],[135.3831,33.9166],[135.3873,33.9173],[135.3932,33.9168],[135.3939,33.9176],[135.3939,33.92],[135.3933,33.9209],[135.3944,33.9225],[135.3983,33.9251],[135.3977,33.9294],[135.3986,33.93],[135.4023,33.9306],[135.4047,33.9299],[135.4081,33.9296],[135.4113,33.9303],[135.4131,33.93],[135.4155,33.9311],[135.418,33.9334],[135.4186,33.9356],[135.4177,33.9374],[135.4198,33.94],[135.4196,33.9409],[135.4227,33.9448],[135.4247,33.9461],[135.4294,33.9442],[135.4326,33.944],[135.4307,33.9412],[135.4323,33.9399],[135.4344,33.9403],[135.4351,33.9421],[135.4385,33.9437],[135.4387,33.9453],[135.4405,33.9469],[135.4435,33.9462],[135.4479,33.9463],[135.4519,33.946],[135.4545,33.9465],[135.4579,33.9451],[135.459,33.9419],[135.4611,33.9415],[135.4622,33.9399],[135.4632,33.9374],[135.4675,33.9361],[135.4687,33.9362],[135.4725,33.9376],[135.474,33.9402],[135.4762,33.9422],[135.4787,33.9421],[135.4797,33.9427],[135.482,33.9425],[135.4839,33.9408],[135.4853,33.9403],[135.4887,33.9413],[135.4904,33.9431],[135.4963,33.9458],[135.5015,33.9461],[135.5063,33.9485],[135.5075,33.9499],[135.5108,33.951],[135.5137,33.9511],[135.5161,33.9529],[135.5219,33.9517],[135.5267,33.9549],[135.5304,33.9558],[135.5326,33.9583],[135.5343,33.9592],[135.5387,33.9606],[135.5412,33.9621],[135.5441,33.9655],[135.5454,33.9662],[135.5445,33.9684],[135.5467,33.9709],[135.5477,33.9729],[135.5474,33.9738],[135.5427,33.9763],[135.5426,33.9784],[135.5436,33.9798],[135.5407,33.9845],[135.5413,33.9861],[135.5397,33.9888],[135.5372,33.9918],[135.537,33.9941],[135.5342,33.9952],[135.5335,33.9964],[135.531,33.9977],[135.5296,33.999],[135.5333,34.0033],[135.535,34.0039],[135.5373,34.0077],[135.5379,34.0121],[135.5357,34.013],[135.5339,34.0154],[135.5336,34.0169],[135.531,34.0197],[135.5293,34.0196],[135.5286,34.0223],[135.5261,34.023],[135.5209,34.0235],[135.5165,34.0229],[135.5147,34.0231],[135.5132,34.0224],[135.5083,34.024],[135.5085,34.0265],[135.5078,34.0274],[135.508,34.0315],[135.5073,34.0338],[135.5083,34.0363],[135.5049,34.038],[135.505,34.042],[135.5032,34.0419],[135.4988,34.0432],[135.4964,34.039],[135.4957,34.0369],[135.4945,34.0359],[135.4926,34.0358],[135.4886,34.0348],[135.4865,34.0338],[135.4838,34.0341],[135.4817,34.0326],[135.4778,34.033],[135.4766,34.0322],[135.4675,34.0316],[135.4648,34.0323],[135.4642,34.0339],[135.4623,34.0352],[135.4589,34.0384],[135.4552,34.0396],[135.4534,34.0397],[135.4518,34.0409],[135.4487,34.0392],[135.4459,34.0381],[135.4426,34.0352],[135.4406,34.0344],[135.4372,34.0308],[135.4336,34.0309],[135.4281,34.0292],[135.4266,34.0272],[135.4206,34.0273],[135.4173,34.0269],[135.4169,34.0248],[135.415,34.0237],[135.4113,34.0225],[135.4072,34.0202],[135.4023,34.019],[135.401,34.0149],[135.3988,34.0144],[135.3977,34.0128],[135.3953,34.012],[135.3917,34.0101],[135.3891,34.0112],[135.3858,34.0117],[135.3828,34.0115],[135.3822,34.0121],[135.3786,34.0125],[135.3758,34.0119],[135.3715,34.0137],[135.367,34.0129],[135.3642,34.0079],[135.3606,34.0063],[135.3603,34.0052],[135.3574,34.0049],[135.3554,34.0057],[135.3521,34.0051],[135.3512,34.0057],[135.3475,34.0059],[135.3457,34.0045],[135.343,34.0051],[135.34,34.0049],[135.3357,34.0057],[135.3333,34.0073],[135.3294,34.0064],[135.3249,34.0087],[135.3231,34.0086],[135.3195,34.0067],[135.313,34.0077],[135.3105,34.0052],[135.3062,34.005],[135.3021,34.0035],[135.2984,34.0044],[135.2944,34.0071],[135.2925,34.0052],[135.2904,34.0014],[135.288,34.0036],[135.284,34.0044],[135.2819,34.0039],[135.2793,34.0042],[135.2764,34.0027],[135.2733,33.9978],[135.2718,33.9975],[135.2694,33.9955],[135.2677,33.9952],[135.265,33.9931],[135.2633,33.9927],[135.2591,33.9897],[135.2583,33.9883],[135.2578,33.9855],[135.2579,33.9811],[135.2564,33.979],[135.2568,33.9764],[135.2593,33.9733],[135.2579,33.971],[135.2561,33.9695],[135.2547,33.9671],[135.2547,33.9648],[135.2528,33.9635],[135.2495,33.9636],[135.2489,33.9627],[135.244,33.9602],[135.2408,33.96],[135.2387,33.9602],[135.2359,33.9586],[135.2353,33.957],[135.236,33.9545],[135.2328,33.9513],[135.233,33.9476],[135.2314,33.948],[135.2276,33.9476],[135.2234,33.9486],[135.2235,33.9513],[135.2221,33.9528],[135.2193,33.9525],[135.2181,33.9529],[135.2158,33.9523],[135.2124,33.9526],[135.2091,33.9523],[135.2065,33.9543],[135.2044,33.9538],[135.2008,33.9542],[135.1976,33.9537],[135.1964,33.9551],[135.1944,33.9559],[135.1901,33.9559],[135.1869,33.9574],[135.1845,33.9577],[135.1817,33.9565],[135.178,33.9561],[135.1747,33.9547],[135.1739,33.9527],[135.1757,33.951],[135.1769,33.9471],[135.1759,33.9458],[135.1749,33.9428],[135.1763,33.939],[135.1767,33.9366],[135.1776,33.935],[135.1767,33.9323],[135.1744,33.9316],[135.1714,33.9287],[135.1723,33.9251],[135.1723,33.9235],[135.1744,33.9226],[135.175,33.9216],[135.1725,33.9191],[135.173,33.9172],[135.1728,33.9138],[135.1738,33.9127],[135.1766,33.9127],[135.1789,33.9112],[135.1806,33.9114],[135.1801,33.9091],[135.183,33.9078],[135.1829,33.9066],[135.1862,33.9064],[135.191,33.9036],[135.1942,33.8999],[135.1959,33.8954],[135.1974,33.8935],[135.1989,33.8925],[135.1979,33.8884],[135.1983,33.8873],[135.1977,33.8845],[135.1995,33.882]]]},"properties":{"prefectureCode":"30","prefectureName":"和歌山県","municipalityName":"日高川町","municipalityCode":"30392"}},
{"type":"Feature","geometry":{"type":"Polygon","coordinates":[[[135.3825,33.6911],[135.3797,33.6901],[135.3757,33.6905],[135.3729,33.6892],[135.376,33.684],[135.3733,33.6848],[135.3717,33.6862],[135.3664,33.6861],[135.3675,33.684],[135.3664,33.6829],[135.3649,33.6831],[135.3635,33.6808],[135.3636,33.6794],[135.3605,33.6796],[135.359,33.6801],[135.3606,33.6829],[135.3603,33.6838],[135.3573,33.6848],[135.356,33.6821],[135.3549,33.6833],[135.3552,33.6858],[135.3594,33.6882],[135.3578,33.6893],[135.3559,33.6894],[135.3557,33.6921],[135.3575,33.6934],[135.3562,33.695],[135.3542,33.695],[135.3525,33.6932],[135.3505,33.6933],[135.3494,33.6944],[135.3464,33.6934],[135.3435,33.6943],[135.3382,33.6938],[135.3359,33.6951],[135.3341,33.6925],[135.3391,33.6921],[135.3393,33.6907],[135.3417,33.6901],[135.342,33.6889],[135.3445,33.6888],[135.3441,33.6868],[135.342,33.6862],[135.3407,33.6844],[135.3429,33.684],[135.3444,33.6818],[135.3428,33.678],[135.3408,33.6766],[135.3382,33.6766],[135.335,33.6751],[135.3339,33.6736],[135.3324,33.6739],[135.3311,33.6717],[135.3297,33.6703],[135.3315,33.6684],[135.332,33.6662],[135.3353,33.6659],[135.3365,33.6635],[135.3391,33.6632],[135.339,33.6616],[135.3411,33.6608],[135.3426,33.6588],[135.3467,33.6582],[135.3496,33.6565],[135.3509,33.6567],[135.353,33.6548],[135.3553,33.6552],[135.3567,33.6541],[135.3617,33.6533],[135.3633,33.6538],[135.3627,33.6557],[135.3639,33.6559],[135.367,33.6523],[135.3711,33.6519],[135.3751,33.6524],[135.378,33.6503],[135.3796,33.6511],[135.3819,33.6511],[135.3832,33.6499],[135.3833,33.6477],[135.3867,33.6465],[135.3914,33.643],[135.3934,33.64],[135.3929,33.638],[135.3915,33.6373],[135.3926,33.6361],[135.393,33.6341],[135.3908,33.6329],[135.3912,33.6317],[135.3942,33.6301],[135.3948,33.6274],[135.3959,33.6265],[135.3939,33.6226],[135.3921,33.6212],[135.3899,33.621],[135.3912,33.6193],[135.3894,33.6187],[135.3902,33.6173],[135.3921,33.617],[135.3964,33.6183],[135.3978,33.6161],[135.3966,33.6148],[135.3953,33.6156],[135.3933,33.6143],[135.3919,33.6118],[135.3936,33.6101],[135.3933,33.6083],[135.3921,33.6078],[135.3897,33.6093],[135.3885,33.6071],[135.3888,33.6051],[135.386,33.6001],[135.3871,33.5991],[135.3894,33.5989],[135.3912,33.5977],[135.389,33.5955],[135.3901,33.5931],[135.3922,33.593],[135.3926,33.5886],[135.3944,33.5887],[135.3955,33.5878],[135.3961,33.5857],[135.3979,33.5844],[135.4002,33.5836],[135.4023,33.5873],[135.4033,33.5872],[135.4044,33.5852],[135.4029,33.5829],[135.4056,33.5778],[135.41,33.5756],[135.4121,33.5775],[135.4141,33.5784],[135.4167,33.5806],[135.418,33.5806],[135.4178,33.578],[135.4166,33.5765],[135.4189,33.5752],[135.4176,33.5738],[135.4187,33.5731],[135.4193,33.5696],[135.4242,33.5714],[135.4269,33.5696],[135.4284,33.5707],[135.4299,33.5702],[135.4316,33.5683],[135.4373,33.5669],[135.4406,33.5653],[135.4439,33.5632],[135.4455,33.5612],[135.4465,33.559],[135.4443,33.559],[135.4441,33.5575],[135.4491,33.5565],[135.4471,33.5534],[135.4475,33.5529],[135.4463,33.55],[135.4464,33.5489],[135.4504,33.5502],[135.4516,33.5485],[135.4548,33.5506],[135.4577,33.5532],[135.4602,33.552],[135.4591,33.5499],[135.4601,33.5488],[135.459,33.5476],[135.4588,33.546],[135.4598,33.547],[135.46,33.5471],[135.4604,33.5476],[135.4606,33.5477],[135.461,33.5479],[135.4611,33.5479],[135.4611,33.548],[135.4688,33.5516],[135.4702,33.5539],[135.4699,33.5551],[135.4713,33.5563],[135.4716,33.5585],[135.475,33.5614],[135.476,33.5635],[135.4749,33.5666],[135.4757,33.5683],[135.477,33.5684],[135.4815,33.5714],[135.4814,33.5735],[135.4834,33.5747],[135.4835,33.5782],[135.4846,33.5798],[135.487,33.5812],[135.4873,33.5822],[135.4894,33.583],[135.4906,33.5846],[135.491,33.5867],[135.4902,33.5883],[135.4886,33.5893],[135.4886,33.5911],[135.4871,33.5925],[135.4877,33.5944],[135.4862,33.5971],[135.4892,33.5997],[135.4908,33.5998],[135.4907,33.6016],[135.4933,33.6051],[135.4972,33.6061],[135.4993,33.6071],[135.5006,33.6099],[135.5025,33.6118],[135.5042,33.6127],[135.507,33.6109],[135.5086,33.6125],[135.5125,33.6119],[135.5138,33.6104],[135.517,33.6091],[135.5209,33.6099],[135.5239,33.6095],[135.5264,33.6085],[135.528,33.6086],[135.5281,33.6117],[135.5294,33.6137],[135.5314,33.6158],[135.5308,33.6176],[135.5286,33.6169],[135.5279,33.6179],[135.5282,33.6196],[135.53,33.6245],[135.5352,33.6255],[135.5393,33.6265],[135.5413,33.6283],[135.5433,33.631],[135.542,33.6333],[135.5424,33.6349],[135.5445,33.636],[135.5469,33.635],[135.5495,33.635],[135.5504,33.6337],[135.5525,33.6335],[135.5552,33.6345],[135.5559,33.6353],[135.5592,33.6361],[135.5602,33.6344],[135.5618,33.634],[135.5658,33.6359],[135.5677,33.6357],[135.5699,33.633],[135.5733,33.6327],[135.5779,33.6301],[135.5801,33.6307],[135.5841,33.6305],[135.5854,33.6311],[135.5885,33.6292],[135.5908,33.6297],[135.5937,33.6293],[135.5943,33.6284],[135.597,33.6272],[135.6011,33.6293],[135.6061,33.6332],[135.6106,33.6329],[135.6141,33.6302],[135.6142,33.6284],[135.6135,33.6259],[135.6148,33.6246],[135.6165,33.6244],[135.6175,33.6232],[135.6176,33.6208],[135.6187,33.62],[135.6218,33.6199],[135.6258,33.6227],[135.6298,33.6229],[135.6345,33.6217],[135.6361,33.6206],[135.6394,33.6213],[135.6417,33.6229],[135.6437,33.6231],[135.6439,33.6248],[135.6414,33.6278],[135.64,33.6308],[135.6405,33.6327],[135.6419,33.6354],[135.6449,33.6354],[135.6481,33.6373],[135.653,33.6378],[135.6563,33.6389],[135.6585,33.6422],[135.6606,33.6438],[135.6623,33.6463],[135.6657,33.6479],[135.6681,33.6502],[135.6667,33.6533],[135.6652,33.6534],[135.662,33.6554],[135.6576,33.6566],[135.6537,33.6552],[135.6527,33.6517],[135.6511,33.6502],[135.6508,33.6489],[135.6479,33.6494],[135.6435,33.6493],[135.6425,33.6483],[135.6395,33.6481],[135.6383,33.647],[135.6373,33.6451],[135.633,33.6445],[135.6311,33.6449],[135.6306,33.6464],[135.6284,33.6495],[135.6288,33.6513],[135.6271,33.6524],[135.6259,33.6516],[135.6222,33.6509],[135.62,33.6509],[135.619,33.6492],[135.6169,33.649],[135.6161,33.6498],[135.6125,33.6496],[135.61,33.648],[135.6052,33.6445],[135.604,33.6443],[135.6021,33.6453],[135.5998,33.6448],[135.5982,33.6457],[135.5952,33.6493],[135.5885,33.6514],[135.5876,33.654],[135.5859,33.657],[135.5848,33.6579],[135.5822,33.6583],[135.5802,33.6592],[135.579,33.6607],[135.5764,33.6602],[135.5709,33.6578],[135.5689,33.6581],[135.5661,33.6568],[135.5639,33.6563],[135.5612,33.6567],[135.5575,33.6563],[135.5541,33.657],[135.5532,33.6567],[135.5505,33.658],[135.5503,33.6596],[135.5516,33.6611],[135.5557,33.6622],[135.5552,33.6679],[135.5566,33.67],[135.5562,33.6725],[135.5568,33.6748],[135.5558,33.6771],[135.5564,33.6783],[135.5547,33.6805],[135.5517,33.6821],[135.5513,33.6839],[135.5498,33.6863],[135.5473,33.6877],[135.546,33.6912],[135.5443,33.6916],[135.5431,33.6902],[135.5413,33.6895],[135.539,33.6902],[135.5376,33.6913],[135.5349,33.6919],[135.5299,33.6918],[135.5277,33.6906],[135.5243,33.6906],[135.5233,33.6923],[135.5233,33.6955],[135.5242,33.6976],[135.5224,33.7007],[135.5211,33.7048],[135.5191,33.7036],[135.5165,33.7028],[135.5119,33.7008],[135.5113,33.6975],[135.5119,33.6959],[135.5083,33.6942],[135.5078,33.6911],[135.5072,33.6898],[135.5051,33.6885],[135.5014,33.687],[135.4993,33.6858],[135.4963,33.683],[135.4962,33.6815],[135.4984,33.6795],[135.499,33.6765],[135.4976,33.6744],[135.4979,33.6725],[135.4997,33.6691],[135.4989,33.6673],[135.49,33.6674],[135.4876,33.6693],[135.4834,33.6675],[135.4796,33.6685],[135.4771,33.6686],[135.4743,33.6667],[135.4724,33.6668],[135.47,33.6682],[135.4678,33.6679],[135.4651,33.6707],[135.4647,33.6722],[135.4618,33.6727],[135.4596,33.6753],[135.4573,33.6759],[135.4553,33.6753],[135.454,33.6759],[135.4525,33.675],[135.4485,33.6752],[135.446,33.673],[135.4442,33.6731],[135.4423,33.6743],[135.4406,33.674],[135.4383,33.6765],[135.436,33.6776],[135.4334,33.6777],[135.4314,33.6793],[135.4294,33.6794],[135.4279,33.6812],[135.4239,33.6835],[135.4222,33.6835],[135.4186,33.6856],[135.4185,33.6877],[135.4161,33.6866],[135.4127,33.684],[135.4096,33.6811],[135.4064,33.6773],[135.4047,33.6767],[135.4051,33.6798],[135.4029,33.6813],[135.4017,33.6804],[135.4003,33.681],[135.3987,33.6834],[135.4014,33.6855],[135.3994,33.6867],[135.3969,33.687],[135.3944,33.6857],[135.3917,33.6857],[135.3871,33.6863],[135.3865,33.6884],[135.3825,33.6911]]]},"properties":{"prefectureCode":"30","prefectureName":"和歌山県","municipalityName":"白浜町","municipalityCode":"30401"}},
{"type":"Feature","geometry":{"type":"Polygon","coordinates":[[[135.3969,33.687],[135.3994,33.6867],[135.4014,33.6855],[135.3987,33.6834],[135.4003,33.681],[135.4017,33.6804],[135.4029,33.6813],[135.4051,33.6798],[135.4047,33.6767],[135.4064,33.6773],[135.4096,33.6811],[135.4127,33.684],[135.4161,33.6866],[135.4185,33.6877],[135.4186,33.6856],[135.4222,33.6835],[135.4239,33.6835],[135.4279,33.6812],[135.4294,33.6794],[135.4314,33.6793],[135.4334,33.6777],[135.436,33.6776],[135.4383,33.6765],[135.4406,33.674],[135.4423,33.6743],[135.4442,33.6731],[135.446,33.673],[135.4485,33.6752],[135.4525,33.675],[135.454,33.6759],[135.4553,33.6753],[135.4573,33.6759],[135.4596,33.6753],[135.4618,33.6727],[135.4647,33.6722],[135.4651,33.6707],[135.4678,33.6679],[135.47,33.6682],[135.4724,33.6668],[135.4743,33.6667],[135.4771,33.6686],[135.4796,33.6685],[135.4834,33.6675],[135.4876,33.6693],[135.49,33.6674],[135.4989,33.6673],[135.4997,33.6691],[135.4979,33.6725],[135.4976,33.6744],[135.499,33.6765],[135.4984,33.6795],[135.4962,33.6815],[135.4963,33.683],[135.4993,33.6858],[135.5014,33.687],[135.5051,33.6885],[135.5072,33.6898],[135.5078,33.6911],[135.5083,33.6942],[135.5119,33.6959],[135.5113,33.6975],[135.5119,33.7008],[135.5094,33.7018],[135.5073,33.7046],[135.5052,33.7053],[135.5035,33.7041],[135.4986,33.7026],[135.4958,33.7015],[135.4935,33.7015],[135.4921,33.7024],[135.4905,33.7048],[135.4879,33.7058],[135.4857,33.7084],[135.4856,33.7093],[135.4836,33.711],[135.4823,33.7133],[135.4803,33.7136],[135.4783,33.7162],[135.4786,33.7174],[135.4806,33.7172],[135.4822,33.7184],[135.4826,33.7242],[135.4811,33.7257],[135.4787,33.7253],[135.477,33.7291],[135.4797,33.7329],[135.48,33.7343],[135.4817,33.7358],[135.4828,33.7394],[135.484,33.741],[135.4839,33.7431],[135.4861,33.7442],[135.4871,33.7455],[135.4859,33.7475],[135.4872,33.7513],[135.4838,33.7551],[135.4819,33.7558],[135.4799,33.758],[135.4799,33.7594],[135.4785,33.7603],[135.4763,33.7627],[135.475,33.766],[135.4721,33.7683],[135.4693,33.768],[135.4673,33.7605],[135.4655,33.758],[135.4647,33.7561],[135.4664,33.7523],[135.4655,33.7506],[135.4653,33.7481],[135.4643,33.7479],[135.4627,33.7493],[135.4612,33.7493],[135.4598,33.747],[135.4534,33.7468],[135.4506,33.7441],[135.4491,33.7439],[135.4448,33.7443],[135.444,33.7426],[135.4405,33.741],[135.4398,33.7385],[135.4404,33.7355],[135.4372,33.7344],[135.4366,33.7334],[135.4371,33.7311],[135.4356,33.7294],[135.4326,33.7298],[135.4314,33.7284],[135.4335,33.7267],[135.4341,33.7244],[135.4296,33.7221],[135.4283,33.7203],[135.4256,33.7203],[135.4244,33.7171],[135.4233,33.7163],[135.4212,33.7133],[135.4182,33.7134],[135.4163,33.7144],[135.4149,33.7132],[135.4103,33.7109],[135.4105,33.7096],[135.4096,33.7072],[135.4067,33.7065],[135.4055,33.7036],[135.4032,33.7032],[135.4014,33.6988],[135.4034,33.6953],[135.4001,33.6934],[135.3995,33.6905],[135.3967,33.6882],[135.3969,33.687]]]},"properties":{"prefectureCode":"30","prefectureName":"和歌山県","municipalityName":"上富田町","municipalityCode":"30404"}},
{"type":"Feature","geometry":{"type":"MultiPolygon","coordinates":[[[[135.4611,33.548],[135.4633,33.5484],[135.4653,33.5468],[135.4677,33.5463],[135.4715,33.5479],[135.4745,33.551],[135.4768,33.5513],[135.4797,33.5506],[135.4789,33.546],[135.4814,33.5451],[135.4824,33.547],[135.4837,33.5479],[135.4867,33.5482],[135.4879,33.5496],[135.49,33.5484],[135.4917,33.5488],[135.4932,33.5472],[135.4937,33.545],[135.4931,33.5442],[135.49,33.5426],[135.4886,33.5446],[135.4865,33.5444],[135.487,33.5428],[135.4893,33.5431],[135.4904,33.5421],[135.4897,33.5409],[135.4913,33.5401],[135.4935,33.5407],[135.494,33.5418],[135.4957,33.5416],[135.4962,33.5405],[135.4994,33.541],[135.4993,33.539],[135.5,33.5365],[135.5012,33.5352],[135.5045,33.5356],[135.5089,33.5354],[135.5104,33.5348],[135.5112,33.5332],[135.5139,33.5319],[135.5144,33.53],[135.5136,33.5284],[135.5109,33.5275],[135.5103,33.5259],[135.5123,33.5255],[135.5153,33.5234],[135.518,33.5219],[135.5204,33.5224],[135.5228,33.522],[135.5242,33.5233],[135.5295,33.5216],[135.5307,33.5194],[135.5347,33.5198],[135.5371,33.5207],[135.5405,33.5193],[135.5425,33.5207],[135.5448,33.5203],[135.5459,33.5185],[135.5472,33.5181],[135.5471,33.5161],[135.5512,33.5165],[135.555,33.5155],[135.5566,33.5165],[135.558,33.5162],[135.5597,33.5142],[135.5622,33.5153],[135.5653,33.5153],[135.5671,33.5168],[135.5695,33.5174],[135.5727,33.5159],[135.575,33.5157],[135.5768,33.5117],[135.5781,33.5102],[135.5789,33.5071],[135.5804,33.5079],[135.5833,33.5083],[135.5873,33.5064],[135.5878,33.504],[135.5889,33.5033],[135.5905,33.5036],[135.5899,33.5062],[135.5918,33.5074],[135.5942,33.5062],[135.5969,33.507],[135.5981,33.5045],[135.6002,33.5033],[135.6016,33.5043],[135.6041,33.5091],[135.6065,33.5097],[135.6087,33.5076],[135.6109,33.5062],[135.6116,33.5083],[135.6147,33.5064],[135.6172,33.5061],[135.6187,33.505],[135.6195,33.5032],[135.6228,33.5031],[135.6241,33.5025],[135.6261,33.5031],[135.6273,33.5059],[135.6287,33.5061],[135.6282,33.5082],[135.6305,33.509],[135.6314,33.5073],[135.6339,33.5065],[135.6355,33.5066],[135.6369,33.5109],[135.6363,33.5117],[135.6366,33.5161],[135.6384,33.5177],[135.6386,33.5221],[135.6374,33.5242],[135.6357,33.5243],[135.6331,33.526],[135.6308,33.5269],[135.6291,33.5284],[135.6269,33.5286],[135.6218,33.5304],[135.6228,33.5327],[135.6243,33.5322],[135.6264,33.5327],[135.6276,33.5337],[135.6287,33.5359],[135.6304,33.5365],[135.6314,33.5385],[135.6336,33.5396],[135.6367,33.5424],[135.6363,33.5459],[135.6398,33.545],[135.6378,33.548],[135.6381,33.55],[135.6406,33.5504],[135.6432,33.5494],[135.641,33.5535],[135.6385,33.5551],[135.6355,33.5537],[135.6332,33.5541],[135.6308,33.5533],[135.6292,33.5539],[135.6285,33.5561],[135.6292,33.5576],[135.628,33.5606],[135.629,33.5624],[135.6287,33.5655],[135.6277,33.5682],[135.6293,33.5705],[135.632,33.5726],[135.631,33.5736],[135.63,33.5763],[135.6304,33.5779],[135.6317,33.5797],[135.6361,33.5796],[135.6374,33.5802],[135.6395,33.5794],[135.6413,33.5795],[135.6435,33.5781],[135.645,33.578],[135.6464,33.5763],[135.6492,33.5765],[135.6524,33.5757],[135.6563,33.5768],[135.6607,33.576],[135.661,33.5777],[135.6626,33.5798],[135.6625,33.5817],[135.6615,33.5856],[135.662,33.5865],[135.6622,33.5899],[135.6638,33.5921],[135.665,33.5917],[135.664,33.5894],[135.6677,33.5897],[135.6682,33.5915],[135.6666,33.5949],[135.6635,33.5971],[135.6603,33.5978],[135.6598,33.6004],[135.6585,33.602],[135.6567,33.6052],[135.6558,33.606],[135.6548,33.6092],[135.6534,33.6115],[135.6516,33.6127],[135.6496,33.6156],[135.6473,33.621],[135.6437,33.6231],[135.6417,33.6229],[135.6394,33.6213],[135.6361,33.6206],[135.6345,33.6217],[135.6298,33.6229],[135.6258,33.6227],[135.6218,33.6199],[135.6187,33.62],[135.6176,33.6208],[135.6175,33.6232],[135.6165,33.6244],[135.6148,33.6246],[135.6135,33.6259],[135.6142,33.6284],[135.6141,33.6302],[135.6106,33.6329],[135.6061,33.6332],[135.6011,33.6293],[135.597,33.6272],[135.5943,33.6284],[135.5937,33.6293],[135.5908,33.6297],[135.5885,33.6292],[135.5854,33.6311],[135.5841,33.6305],[135.5801,33.6307],[135.5779,33.6301],[135.5733,33.6327],[135.5699,33.633],[135.5677,33.6357],[135.5658,33.6359],[135.5618,33.634],[135.5602,33.6344],[135.5592,33.6361],[135.5559,33.6353],[135.5552,33.6345],[135.5525,33.6335],[135.5504,33.6337],[135.5495,33.635],[135.5469,33.635],[135.5445,33.636],[135.5424,33.6349],[135.542,33.6333],[135.5433,33.631],[135.5413,33.6283],[135.5393,33.6265],[135.5352,33.6255],[135.53,33.6245],[135.5282,33.6196],[135.5279,33.6179],[135.5286,33.6169],[135.5308,33.6176],[135.5314,33.6158],[135.5294,33.6137],[135.5281,33.6117],[135.528,33.6086],[135.5264,33.6085],[135.5239,33.6095],[135.5209,33.6099],[135.517,33.6091],[135.5138,33.6104],[135.5125,33.6119],[135.5086,33.6125],[135.507,33.6109],[135.5042,33.6127],[135.5025,33.6118],[135.5006,33.6099],[135.4993,33.6071],[135.4972,33.6061],[135.4933,33.6051],[135.4907,33.6016],[135.4908,33.5998],[135.4892,33.5997],[135.4862,33.5971],[135.4877,33.5944],[135.4871,33.5925],[135.4886,33.5911],[135.4886,33.5893],[135.4902,33.5883],[135.491,33.5867],[135.4906,33.5846],[135.4894,33.583],[135.4873,33.5822],[135.487,33.5812],[135.4846,33.5798],[135.4835,33.5782],[135.4834,33.5747],[135.4814,33.5735],[135.4815,33.5714],[135.477,33.5684],[135.4757,33.5683],[135.4749,33.5666],[135.476,33.5635],[135.475,33.5614],[135.4716,33.5585],[135.4713,33.5563],[135.4699,33.5551],[135.4702,33.5539],[135.4688,33.5516],[135.4611,33.548]]],[[[135.5892,33.5],[135.5927,33.4978],[135.5935,33.5005],[135.5907,33.5026],[135.5894,33.5016],[135.5892,33.5]]]]},"properties":{"prefectureCode":"30","prefectureName":"和歌山県","municipalityName":"すさみ町","municipalityCode":"30406"}},
{"type":"Feature","geometry":{"type":"MultiPolygon","coordinates":[[[[135.7784,33.7026],[135.7769,33.6988],[135.7786,33.6976],[135.7813,33.6965],[135.7821,33.6947],[135.7809,33.693],[135.7809,33.6917],[135.7793,33.6896],[135.7809,33.687],[135.7792,33.6829],[135.7822,33.6821],[135.7832,33.6811],[135.7862,33.6801],[135.7883,33.6784],[135.7906,33.6781],[135.7919,33.6771],[135.7936,33.6771],[135.7967,33.6746],[135.7967,33.6725],[135.795,33.6697],[135.7936,33.6697],[135.7932,33.6678],[135.7965,33.6684],[135.7978,33.667],[135.7977,33.6648],[135.7987,33.6623],[135.797,33.6623],[135.7973,33.6586],[135.7988,33.6577],[135.8007,33.6542],[135.8,33.6537],[135.8003,33.6508],[135.8021,33.6489],[135.8029,33.6462],[135.802,33.6455],[135.8016,33.6433],[135.8046,33.642],[135.8041,33.6389],[135.805,33.6374],[135.8049,33.6355],[135.8075,33.633],[135.8079,33.6318],[135.8117,33.6307],[135.8127,33.6285],[135.8124,33.6274],[135.815,33.6257],[135.817,33.6251],[135.8174,33.6235],[135.8205,33.6206],[135.8206,33.6167],[135.82,33.6159],[135.8219,33.6147],[135.8238,33.6116],[135.8239,33.6105],[135.8219,33.6098],[135.8178,33.6091],[135.8183,33.6056],[135.8198,33.6042],[135.823,33.5983],[135.8249,33.596],[135.8248,33.5945],[135.8221,33.5923],[135.8228,33.5912],[135.8223,33.5872],[135.8249,33.5852],[135.8278,33.5857],[135.8306,33.5835],[135.8346,33.5832],[135.8356,33.5838],[135.8396,33.5814],[135.8406,33.5827],[135.842,33.5825],[135.8491,33.5845],[135.8503,33.5861],[135.8532,33.5876],[135.8558,33.5859],[135.8581,33.5862],[135.8608,33.5837],[135.8625,33.5788],[135.8655,33.5804],[135.8685,33.5802],[135.8702,33.5816],[135.8756,33.5815],[135.878,33.5797],[135.8804,33.5788],[135.8815,33.5759],[135.8813,33.5743],[135.8824,33.5693],[135.8841,33.5678],[135.8837,33.5664],[135.8859,33.5637],[135.8845,33.5636],[135.8801,33.5608],[135.882,33.5589],[135.8818,33.5576],[135.8831,33.557],[135.8838,33.5546],[135.8836,33.5511],[135.8843,33.5506],[135.8873,33.5524],[135.8901,33.5524],[135.8916,33.5519],[135.8945,33.5523],[135.8957,33.549],[135.8992,33.5461],[135.9016,33.5456],[135.9058,33.5473],[135.9057,33.5481],[135.9085,33.5497],[135.9099,33.5493],[135.9125,33.55],[135.912,33.5514],[135.9127,33.5524],[135.9159,33.5528],[135.915,33.5568],[135.917,33.5579],[135.9184,33.5594],[135.9218,33.5597],[135.9234,33.559],[135.924,33.5604],[135.9226,33.5623],[135.9191,33.5621],[135.9166,33.5628],[135.9156,33.5618],[135.9087,33.5619],[135.9074,33.5608],[135.9045,33.5605],[135.9019,33.5581],[135.899,33.5573],[135.8918,33.5558],[135.891,33.5569],[135.8932,33.5588],[135.8957,33.5585],[135.8955,33.56],[135.8981,33.5612],[135.8982,33.5622],[135.9009,33.5632],[135.9025,33.5626],[135.9056,33.5632],[135.9056,33.5652],[135.9086,33.5662],[135.9116,33.5693],[135.9159,33.5712],[135.918,33.5707],[135.9194,33.5695],[135.9211,33.5704],[135.9216,33.5723],[135.9214,33.5746],[135.9229,33.576],[135.9255,33.5771],[135.9276,33.5772],[135.9307,33.5764],[135.9321,33.5746],[135.9344,33.5734],[135.9368,33.5743],[135.9394,33.5745],[135.9398,33.5782],[135.9371,33.5794],[135.9391,33.5841],[135.938,33.5853],[135.9361,33.5858],[135.9344,33.5871],[135.9341,33.5899],[135.9306,33.5882],[135.928,33.5888],[135.9261,33.587],[135.923,33.5868],[135.9251,33.5894],[135.9251,33.5909],[135.9231,33.5921],[135.9216,33.5948],[135.9219,33.5986],[135.9239,33.6002],[135.9259,33.5998],[135.9287,33.5982],[135.9293,33.5998],[135.9305,33.6015],[135.9284,33.6028],[135.9295,33.6044],[135.9283,33.6052],[135.9261,33.6051],[135.9251,33.6088],[135.9261,33.6098],[135.9279,33.6094],[135.9288,33.6116],[135.9278,33.6128],[135.9281,33.6149],[135.9295,33.6153],[135.9307,33.6167],[135.9307,33.6187],[135.933,33.6182],[135.9356,33.6167],[135.9366,33.6172],[135.9383,33.6171],[135.9412,33.6156],[135.9425,33.6172],[135.9454,33.6177],[135.9451,33.6192],[135.9417,33.6199],[135.9421,33.6241],[135.9449,33.6279],[135.9492,33.6271],[135.9506,33.6254],[135.9506,33.6218],[135.9527,33.621],[135.9531,33.6263],[135.9516,33.6276],[135.9527,33.6283],[135.952,33.63],[135.9533,33.6312],[135.9516,33.6334],[135.9502,33.6338],[135.9482,33.6328],[135.947,33.6341],[135.9456,33.6338],[135.941,33.634],[135.9377,33.6366],[135.9365,33.6402],[135.9369,33.6421],[135.939,33.6454],[135.9417,33.6457],[135.9447,33.647],[135.9465,33.6486],[135.9487,33.6495],[135.9539,33.6499],[135.9555,33.6491],[135.9581,33.6501],[135.9576,33.6522],[135.9593,33.654],[135.961,33.6545],[135.9644,33.6539],[135.97,33.6526],[135.9683,33.6551],[135.9708,33.6551],[135.9723,33.6563],[135.975,33.6567],[135.9789,33.6555],[135.9792,33.6525],[135.9799,33.6513],[135.9816,33.6517],[135.9839,33.6543],[135.9862,33.6552],[135.9858,33.6586],[135.9872,33.6603],[135.989,33.6612],[135.9883,33.6632],[135.9867,33.6637],[135.9863,33.6616],[135.9848,33.6605],[135.9826,33.6608],[135.9825,33.6597],[135.981,33.6588],[135.9786,33.6586],[135.9764,33.6595],[135.9758,33.6608],[135.9763,33.6629],[135.9737,33.6638],[135.9734,33.6657],[135.9741,33.6672],[135.973,33.6689],[135.9731,33.67],[135.9677,33.6701],[135.9649,33.6714],[135.9645,33.6724],[135.9621,33.672],[135.9611,33.671],[135.9595,33.6721],[135.9559,33.6725],[135.9546,33.6753],[135.9543,33.6769],[135.9527,33.6794],[135.9481,33.6832],[135.9458,33.6846],[135.942,33.6854],[135.9358,33.6846],[135.9329,33.6871],[135.9321,33.6903],[135.9304,33.6907],[135.9267,33.6874],[135.9253,33.688],[135.9242,33.6859],[135.9216,33.684],[135.9204,33.6808],[135.9184,33.6806],[135.9169,33.6796],[135.9134,33.6797],[135.911,33.6808],[135.9083,33.68],[135.9059,33.6818],[135.9066,33.6874],[135.903,33.6918],[135.9009,33.6937],[135.9008,33.6956],[135.8991,33.6964],[135.8969,33.6962],[135.8958,33.6982],[135.8939,33.697],[135.8921,33.6974],[135.8915,33.6992],[135.8888,33.6994],[135.8872,33.7007],[135.8844,33.7013],[135.8815,33.7052],[135.8819,33.7095],[135.8787,33.7108],[135.8739,33.7117],[135.8709,33.7113],[135.8667,33.7132],[135.8646,33.7137],[135.8639,33.7147],[135.8664,33.7181],[135.8644,33.7211],[135.8639,33.723],[135.8617,33.7223],[135.8588,33.7221],[135.8553,33.7214],[135.852,33.7187],[135.8499,33.7185],[135.8501,33.7171],[135.8492,33.7146],[135.8446,33.7135],[135.8448,33.7107],[135.8428,33.7104],[135.8397,33.709],[135.8393,33.7079],[135.8371,33.7068],[135.8353,33.7069],[135.8332,33.705],[135.8332,33.7019],[135.8365,33.7019],[135.8391,33.7],[135.8396,33.6966],[135.8378,33.6954],[135.8335,33.6953],[135.832,33.6929],[135.8302,33.6924],[135.8285,33.694],[135.8263,33.6939],[135.8243,33.6917],[135.8232,33.6916],[135.822,33.694],[135.8196,33.6942],[135.8166,33.6963],[135.8149,33.6984],[135.8103,33.7],[135.8083,33.7047],[135.8092,33.7059],[135.8081,33.7082],[135.8065,33.7079],[135.8025,33.7029],[135.8007,33.7014],[135.7966,33.7018],[135.7962,33.7034],[135.7944,33.7045],[135.7941,33.7059],[135.791,33.7076],[135.7895,33.7057],[135.7895,33.7045],[135.7882,33.7001],[135.7841,33.6996],[135.7816,33.7003],[135.7807,33.7025],[135.7784,33.7026]]],[[[135.9469,33.6209],[135.9474,33.6186],[135.9491,33.6193],[135.9469,33.6209]]]]},"properties":{"prefectureCode":"30","prefectureName":"和歌山県","municipalityName":"那智勝浦町","municipalityCode":"30421"}},
{"type":"Feature","geometry":{"type":"MultiPolygon","coordinates":[[[[135.9279,33.6094],[135.9278,33.6094],[135.9279,33.6093],[135.9307,33.6108],[135.9331,33.6111],[135.9325,33.6125],[135.9356,33.6152],[135.9372,33.6139],[135.9383,33.6139],[135.9385,33.616],[135.9366,33.6172],[135.9356,33.6167],[135.933,33.6182],[135.9307,33.6187],[135.9307,33.6167],[135.9295,33.6153],[135.9281,33.6149],[135.9278,33.6128],[135.9288,33.6116],[135.9279,33.6094]]],[[[135.9398,33.5782],[135.9424,33.5793],[135.9448,33.5789],[135.946,33.5795],[135.9488,33.5794],[135.9508,33.5786],[135.9541,33.578],[135.9549,33.5792],[135.9575,33.5805],[135.9595,33.5821],[135.9578,33.5843],[135.9591,33.5857],[135.9588,33.5869],[135.9599,33.5904],[135.9612,33.591],[135.9607,33.5935],[135.9584,33.5936],[135.9559,33.5917],[135.9504,33.5896],[135.9481,33.5904],[135.9455,33.5908],[135.9478,33.5924],[135.948,33.5949],[135.9462,33.5965],[135.9463,33.599],[135.9477,33.6014],[135.9489,33.6024],[135.9478,33.604],[135.9466,33.6043],[135.944,33.6037],[135.939,33.6002],[135.936,33.5986],[135.9367,33.5957],[135.9362,33.5937],[135.9348,33.5937],[135.9308,33.5954],[135.9318,33.5992],[135.9293,33.5998],[135.9287,33.5982],[135.9259,33.5998],[135.9239,33.6002],[135.9219,33.5986],[135.9216,33.5948],[135.9231,33.5921],[135.9251,33.5909],[135.9251,33.5894],[135.923,33.5868],[135.9261,33.587],[135.928,33.5888],[135.9306,33.5882],[135.9341,33.5899],[135.9344,33.5871],[135.9361,33.5858],[135.938,33.5853],[135.9391,33.5841],[135.9371,33.5794],[135.9398,33.5782]]]]},"properties":{"prefectureCode":"30","prefectureName":"和歌山県","municipalityName":"太地町","municipalityCode":"30422"}},
{"type":"Feature","geometry":{"type":"Polygon","coordinates":[[[135.6576,33.6566],[135.662,33.6554],[135.6652,33.6534],[135.6667,33.6533],[135.6681,33.6502],[135.6657,33.6479],[135.6623,33.6463],[135.6606,33.6438],[135.6585,33.6422],[135.6563,33.6389],[135.653,33.6378],[135.6481,33.6373],[135.6449,33.6354],[135.6419,33.6354],[135.6405,33.6327],[135.64,33.6308],[135.6414,33.6278],[135.6439,33.6248],[135.6437,33.6231],[135.6473,33.621],[135.6496,33.6156],[135.6516,33.6127],[135.6534,33.6115],[135.6548,33.6092],[135.6558,33.606],[135.6567,33.6052],[135.6585,33.602],[135.6598,33.6004],[135.6603,33.5978],[135.6635,33.5971],[135.6666,33.5949],[135.6682,33.5915],[135.6677,33.5897],[135.664,33.5894],[135.665,33.5917],[135.6638,33.5921],[135.6622,33.5899],[135.662,33.5865],[135.6615,33.5856],[135.6625,33.5817],[135.6626,33.5798],[135.661,33.5777],[135.6607,33.576],[135.6563,33.5768],[135.6524,33.5757],[135.6492,33.5765],[135.6464,33.5763],[135.645,33.578],[135.6435,33.5781],[135.6413,33.5795],[135.6395,33.5794],[135.6374,33.5802],[135.6361,33.5796],[135.6317,33.5797],[135.6304,33.5779],[135.63,33.5763],[135.631,33.5736],[135.632,33.5726],[135.6334,33.5709],[135.638,33.5703],[135.639,33.5684],[135.6424,33.5667],[135.6436,33.5668],[135.6471,33.5658],[135.6516,33.5658],[135.6534,33.5615],[135.655,33.559],[135.6579,33.5575],[135.6586,33.5565],[135.6604,33.5568],[135.6623,33.5557],[135.6628,33.5527],[135.662,33.552],[135.6622,33.5486],[135.6636,33.5452],[135.665,33.5442],[135.6645,33.542],[135.6659,33.5384],[135.6668,33.534],[135.6667,33.5303],[135.6725,33.5299],[135.6749,33.5281],[135.6757,33.5268],[135.681,33.527],[135.6822,33.5243],[135.6818,33.5233],[135.6849,33.5218],[135.6857,33.5209],[135.6881,33.5207],[135.6897,33.5216],[135.6927,33.522],[135.6962,33.5211],[135.6976,33.5197],[135.7008,33.5195],[135.701,33.5229],[135.7048,33.5277],[135.707,33.5275],[135.7094,33.5255],[135.7123,33.5262],[135.7132,33.5253],[135.7158,33.5245],[135.7192,33.5257],[135.7199,33.5276],[135.7212,33.5284],[135.7209,33.5311],[135.7246,33.5308],[135.7263,33.5299],[135.7291,33.5302],[135.7311,33.5297],[135.7342,33.5263],[135.7363,33.5256],[135.7363,33.523],[135.737,33.5208],[135.7405,33.5192],[135.7414,33.5175],[135.7455,33.5168],[135.7485,33.5196],[135.7508,33.5182],[135.7531,33.522],[135.7573,33.5227],[135.7596,33.5225],[135.7628,33.5216],[135.7655,33.5225],[135.7699,33.5211],[135.7722,33.5224],[135.7742,33.5226],[135.7764,33.5213],[135.7787,33.5221],[135.7804,33.5221],[135.7813,33.5233],[135.7842,33.5251],[135.7828,33.5267],[135.7844,33.5277],[135.7869,33.5251],[135.788,33.5258],[135.7931,33.5266],[135.7946,33.5276],[135.7965,33.5274],[135.8028,33.5326],[135.8049,33.533],[135.8082,33.5356],[135.8102,33.536],[135.8188,33.5251],[135.8223,33.5226],[135.8249,33.5249],[135.8269,33.529],[135.8247,33.5321],[135.8247,33.5337],[135.8258,33.5356],[135.8277,33.5362],[135.8347,33.5358],[135.8366,33.5387],[135.8366,33.5407],[135.8358,33.5424],[135.8291,33.5593],[135.8302,33.5608],[135.8323,33.5619],[135.8339,33.562],[135.8351,33.5637],[135.8358,33.5706],[135.8399,33.5743],[135.84,33.5783],[135.8392,33.5795],[135.8396,33.5814],[135.8356,33.5838],[135.8346,33.5832],[135.8306,33.5835],[135.8278,33.5857],[135.8249,33.5852],[135.8223,33.5872],[135.8228,33.5912],[135.8221,33.5923],[135.8248,33.5945],[135.8249,33.596],[135.823,33.5983],[135.8198,33.6042],[135.8183,33.6056],[135.8178,33.6091],[135.8219,33.6098],[135.8239,33.6105],[135.8238,33.6116],[135.8219,33.6147],[135.82,33.6159],[135.8206,33.6167],[135.8205,33.6206],[135.8174,33.6235],[135.817,33.6251],[135.815,33.6257],[135.8124,33.6274],[135.8127,33.6285],[135.8117,33.6307],[135.8079,33.6318],[135.8075,33.633],[135.8049,33.6355],[135.805,33.6374],[135.8041,33.6389],[135.8046,33.642],[135.8016,33.6433],[135.802,33.6455],[135.8029,33.6462],[135.8021,33.6489],[135.8003,33.6508],[135.8,33.6537],[135.8007,33.6542],[135.7988,33.6577],[135.7973,33.6586],[135.797,33.6623],[135.7987,33.6623],[135.7977,33.6648],[135.7978,33.667],[135.7965,33.6684],[135.7932,33.6678],[135.7936,33.6697],[135.795,33.6697],[135.7967,33.6725],[135.7967,33.6746],[135.7936,33.6771],[135.7919,33.6771],[135.7906,33.6781],[135.7883,33.6784],[135.7862,33.6801],[135.7832,33.6811],[135.7822,33.6821],[135.7792,33.6829],[135.7809,33.687],[135.7793,33.6896],[135.7809,33.6917],[135.7809,33.693],[135.7821,33.6947],[135.7813,33.6965],[135.7786,33.6976],[135.7769,33.6988],[135.7784,33.7026],[135.7764,33.7025],[135.7736,33.7038],[135.7717,33.7004],[135.7689,33.7009],[135.7658,33.7002],[135.7623,33.7027],[135.7583,33.7024],[135.757,33.7009],[135.7575,33.6985],[135.754,33.6974],[135.7513,33.6979],[135.7492,33.7001],[135.7486,33.7023],[135.7488,33.7053],[135.7511,33.7086],[135.7496,33.7123],[135.7472,33.7159],[135.7422,33.7155],[135.74,33.7168],[135.7387,33.7191],[135.739,33.7213],[135.7384,33.7226],[135.7355,33.7234],[135.7337,33.725],[135.7318,33.725],[135.7297,33.7257],[135.7272,33.7256],[135.7262,33.7267],[135.7245,33.7268],[135.7224,33.7278],[135.7196,33.7271],[135.7162,33.7283],[135.7139,33.7269],[135.7144,33.7238],[135.7158,33.7224],[135.7168,33.7198],[135.7145,33.7169],[135.7145,33.7154],[135.7119,33.7134],[135.7107,33.7114],[135.7088,33.7113],[135.7065,33.7147],[135.7037,33.7159],[135.7022,33.7155],[135.7008,33.714],[135.6991,33.7136],[135.6971,33.7143],[135.694,33.7131],[135.6912,33.7111],[135.6901,33.709],[135.6902,33.7068],[135.689,33.7034],[135.687,33.7019],[135.6834,33.6971],[135.68,33.6953],[135.6776,33.6921],[135.6754,33.6915],[135.6746,33.6905],[135.6727,33.6901],[135.6656,33.6895],[135.664,33.6902],[135.6581,33.6896],[135.6551,33.6889],[135.6533,33.6858],[135.6528,33.6815],[135.6514,33.6771],[135.6548,33.6741],[135.6548,33.6734],[135.6517,33.6708],[135.6508,33.6686],[135.6501,33.6655],[135.6501,33.6634],[135.654,33.6624],[135.6543,33.6615],[135.6576,33.6597],[135.6576,33.6566]]]},"properties":{"prefectureCode":"30","prefectureName":"和歌山県","municipalityName":"古座川町","municipalityCode":"30424"}},
{"type":"Feature","geometry":{"type":"Polygon","coordinates":[[[135.9091,33.9185],[135.9135,33.9191],[135.9158,33.9199],[135.9179,33.9196],[135.9212,33.9168],[135.9223,33.9141],[135.9325,33.9169],[135.9336,33.9175],[135.9346,33.92],[135.9327,33.9227],[135.9305,33.9233],[135.9279,33.9225],[135.9261,33.9208],[135.9237,33.9198],[135.9196,33.9209],[135.9177,33.9228],[135.9173,33.9251],[135.9181,33.9274],[135.919,33.9318],[135.9218,33.9343],[135.928,33.9348],[135.9298,33.9337],[135.9313,33.9339],[135.9289,33.9374],[135.9279,33.9398],[135.9295,33.9414],[135.9331,33.9398],[135.9368,33.9392],[135.9419,33.9398],[135.9442,33.9396],[135.9473,33.9377],[135.9517,33.9367],[135.9576,33.9345],[135.9646,33.9284],[135.9665,33.9277],[135.9679,33.9283],[135.9698,33.93],[135.9708,33.9326],[135.9726,33.9349],[135.9729,33.9365],[135.9755,33.9415],[135.9758,33.9444],[135.9775,33.9474],[135.978,33.9515],[135.9771,33.9536],[135.9773,33.9572],[135.9768,33.9589],[135.9752,33.9606],[135.9754,33.9639],[135.9776,33.967],[135.9814,33.9682],[135.9854,33.9686],[135.9882,33.9677],[135.9915,33.965],[135.9934,33.961],[135.9972,33.9569],[135.9992,33.9558],[136.0014,33.9572],[136.0026,33.961],[136.0043,33.963],[136.0104,33.9656],[136.0119,33.9668],[136.0133,33.9692],[136.0134,33.9742],[136.0123,33.976],[136.0082,33.9791],[136.0048,33.9841],[136.0042,33.9857],[136.0046,33.9904],[136.004,33.9918],[135.9994,33.996],[135.9972,33.9978],[135.9956,34.0001],[135.9962,34.0023],[136.0019,34.0014],[136.0037,34.0016],[136.0053,34.0033],[136.007,34.0074],[136.0059,34.0091],[136.0036,34.0099],[136.0025,34.007],[136.0008,34.006],[135.9984,34.0061],[135.9972,34.0053],[135.9938,34.0051],[135.9909,34.0037],[135.9895,34.0022],[135.989,33.9989],[135.9848,33.9948],[135.9853,33.9928],[135.9846,33.9916],[135.9822,33.9909],[135.9797,33.9907],[135.9773,33.9897],[135.976,33.987],[135.9746,33.986],[135.9726,33.9857],[135.9685,33.986],[135.9641,33.9854],[135.9609,33.9845],[135.9581,33.9815],[135.954,33.9803],[135.9517,33.981],[135.9473,33.9807],[135.9452,33.9793],[135.9436,33.9765],[135.9413,33.9758],[135.9398,33.9778],[135.9405,33.98],[135.9379,33.981],[135.9356,33.9803],[135.9314,33.9807],[135.9289,33.9803],[135.9266,33.9814],[135.925,33.9795],[135.9221,33.9785],[135.9191,33.9752],[135.9157,33.9726],[135.9151,33.9709],[135.916,33.9679],[135.9148,33.9658],[135.912,33.9641],[135.9098,33.9643],[135.9067,33.9631],[135.9071,33.9595],[135.9047,33.9555],[135.9023,33.9539],[135.8982,33.9537],[135.8938,33.9501],[135.8946,33.9484],[135.8925,33.946],[135.8932,33.9447],[135.8925,33.9419],[135.8934,33.9402],[135.8931,33.9392],[135.8947,33.9382],[135.8948,33.9365],[135.8981,33.9338],[135.8987,33.9289],[135.8984,33.9267],[135.9002,33.9246],[135.9028,33.9241],[135.9049,33.9255],[135.9097,33.9227],[135.9091,33.9185]]]},"properties":{"prefectureCode":"30","prefectureName":"和歌山県","municipalityName":"北山村","municipalityCode":"30427"}},
{"type":"Feature","geometry":{"type":"MultiPolygon","coordinates":[[[[135.6355,33.5066],[135.6374,33.505],[135.6399,33.505],[135.6402,33.5025],[135.6416,33.5031],[135.6434,33.5018],[135.6464,33.5019],[135.6512,33.5003],[135.654,33.5006],[135.6573,33.4975],[135.6599,33.496],[135.661,33.4936],[135.6629,33.4944],[135.6642,33.4927],[135.6632,33.4907],[135.6662,33.4909],[135.67,33.4917],[135.6753,33.4878],[135.6769,33.4895],[135.6785,33.4899],[135.6807,33.4895],[135.6822,33.4901],[135.684,33.4894],[135.6864,33.4895],[135.6908,33.4879],[135.6965,33.4879],[135.6969,33.49],[135.699,33.4904],[135.6995,33.4933],[135.7018,33.4933],[135.7027,33.4919],[135.7015,33.4908],[135.7042,33.4877],[135.7061,33.4873],[135.7098,33.4881],[135.7096,33.4845],[135.7079,33.4832],[135.7079,33.4801],[135.7087,33.478],[135.7111,33.4793],[135.7117,33.4808],[135.7109,33.4817],[135.7107,33.4842],[135.7129,33.4857],[135.7151,33.4852],[135.7149,33.4843],[135.716,33.482],[135.7198,33.4797],[135.7236,33.479],[135.7271,33.4774],[135.7334,33.4829],[135.7348,33.4853],[135.7359,33.4856],[135.7385,33.4849],[135.7368,33.4833],[135.7374,33.4816],[135.7373,33.4793],[135.7383,33.4768],[135.7407,33.4772],[135.7427,33.4796],[135.7437,33.4793],[135.7473,33.4824],[135.7496,33.4817],[135.7522,33.4804],[135.7534,33.482],[135.7558,33.4819],[135.7563,33.4835],[135.7593,33.4844],[135.7616,33.4815],[135.7642,33.4811],[135.7653,33.482],[135.7674,33.4812],[135.7677,33.4799],[135.7662,33.4762],[135.7651,33.4752],[135.7652,33.4729],[135.7662,33.4723],[135.768,33.4734],[135.7687,33.4767],[135.7696,33.4786],[135.7711,33.479],[135.7747,33.4785],[135.775,33.4758],[135.7716,33.4759],[135.7726,33.4722],[135.7739,33.4719],[135.7746,33.4669],[135.7757,33.4662],[135.7765,33.4634],[135.7754,33.4607],[135.7701,33.4585],[135.7684,33.4581],[135.7648,33.4561],[135.7617,33.4562],[135.7605,33.455],[135.7588,33.4545],[135.7538,33.4513],[135.7513,33.4512],[135.75,33.4494],[135.7514,33.447],[135.7546,33.4459],[135.7559,33.4443],[135.7553,33.4422],[135.7552,33.4397],[135.7529,33.4386],[135.7538,33.4364],[135.7552,33.4372],[135.7563,33.4362],[135.7589,33.4361],[135.7617,33.4346],[135.763,33.4357],[135.7647,33.4354],[135.7653,33.4387],[135.7665,33.4403],[135.7676,33.444],[135.7692,33.4463],[135.771,33.4472],[135.7744,33.4462],[135.7767,33.4466],[135.7785,33.446],[135.7818,33.4429],[135.7818,33.4416],[135.7835,33.4397],[135.785,33.4409],[135.7868,33.4394],[135.7888,33.4404],[135.7891,33.4424],[135.7885,33.445],[135.7911,33.4465],[135.7913,33.4486],[135.7933,33.4478],[135.7963,33.4448],[135.798,33.4455],[135.796,33.4477],[135.7936,33.4493],[135.7946,33.4516],[135.7928,33.4525],[135.7918,33.4547],[135.7893,33.4579],[135.7944,33.4608],[135.797,33.4602],[135.7966,33.4619],[135.7896,33.4583],[135.7877,33.459],[135.7859,33.4604],[135.786,33.4624],[135.784,33.4624],[135.7835,33.4634],[135.7812,33.4633],[135.7818,33.4658],[135.7842,33.4657],[135.7842,33.4667],[135.7818,33.4668],[135.7823,33.4701],[135.7855,33.47],[135.7843,33.4715],[135.7859,33.4762],[135.7898,33.4806],[135.7896,33.4835],[135.7914,33.4854],[135.7942,33.486],[135.7945,33.4881],[135.7955,33.489],[135.7949,33.4908],[135.7954,33.4927],[135.7966,33.4935],[135.7973,33.4954],[135.7971,33.4968],[135.7985,33.4991],[135.8001,33.5002],[135.8018,33.4993],[135.8048,33.5024],[135.8059,33.5029],[135.8098,33.5027],[135.8111,33.5017],[135.814,33.5048],[135.817,33.5062],[135.8183,33.5074],[135.8197,33.511],[135.8212,33.5117],[135.8232,33.5137],[135.8252,33.5146],[135.828,33.5142],[135.8297,33.5134],[135.8331,33.5132],[135.8358,33.5125],[135.8424,33.5128],[135.8434,33.5138],[135.842,33.5172],[135.8459,33.5186],[135.8473,33.5209],[135.8481,33.5211],[135.851,33.5184],[135.8537,33.5197],[135.8524,33.5213],[135.8566,33.5229],[135.8588,33.5246],[135.8588,33.5263],[135.8617,33.5275],[135.8632,33.5267],[135.8647,33.5274],[135.8665,33.5304],[135.8683,33.5302],[135.8709,33.5316],[135.8706,33.5331],[135.8742,33.5338],[135.877,33.5318],[135.8757,33.5301],[135.8784,33.5289],[135.8817,33.5339],[135.8821,33.5357],[135.884,33.5361],[135.8864,33.5357],[135.8874,33.5368],[135.8874,33.5395],[135.891,33.5399],[135.8937,33.5395],[135.8935,33.5419],[135.8958,33.5432],[135.8957,33.544],[135.8992,33.5461],[135.8957,33.549],[135.8945,33.5523],[135.8916,33.5519],[135.8901,33.5524],[135.8873,33.5524],[135.8843,33.5506],[135.8836,33.5511],[135.8838,33.5546],[135.8831,33.557],[135.8818,33.5576],[135.882,33.5589],[135.8801,33.5608],[135.8845,33.5636],[135.8859,33.5637],[135.8837,33.5664],[135.8841,33.5678],[135.8824,33.5693],[135.8813,33.5743],[135.8815,33.5759],[135.8804,33.5788],[135.878,33.5797],[135.8756,33.5815],[135.8702,33.5816],[135.8685,33.5802],[135.8655,33.5804],[135.8625,33.5788],[135.8608,33.5837],[135.8581,33.5862],[135.8558,33.5859],[135.8532,33.5876],[135.8503,33.5861],[135.8491,33.5845],[135.842,33.5825],[135.8406,33.5827],[135.8396,33.5814],[135.8392,33.5795],[135.84,33.5783],[135.8399,33.5743],[135.8358,33.5706],[135.8351,33.5637],[135.8339,33.562],[135.8323,33.5619],[135.8302,33.5608],[135.8291,33.5593],[135.8358,33.5424],[135.8366,33.5407],[135.8366,33.5387],[135.8347,33.5358],[135.8277,33.5362],[135.8258,33.5356],[135.8247,33.5337],[135.8247,33.5321],[135.8269,33.529],[135.8249,33.5249],[135.8223,33.5226],[135.8188,33.5251],[135.8102,33.536],[135.8082,33.5356],[135.8049,33.533],[135.8028,33.5326],[135.7965,33.5274],[135.7946,33.5276],[135.7931,33.5266],[135.788,33.5258],[135.7869,33.5251],[135.7844,33.5277],[135.7828,33.5267],[135.7842,33.5251],[135.7813,33.5233],[135.7804,33.5221],[135.7787,33.5221],[135.7764,33.5213],[135.7742,33.5226],[135.7722,33.5224],[135.7699,33.5211],[135.7655,33.5225],[135.7628,33.5216],[135.7596,33.5225],[135.7573,33.5227],[135.7531,33.522],[135.7508,33.5182],[135.7485,33.5196],[135.7455,33.5168],[135.7414,33.5175],[135.7405,33.5192],[135.737,33.5208],[135.7363,33.523],[135.7363,33.5256],[135.7342,33.5263],[135.7311,33.5297],[135.7291,33.5302],[135.7263,33.5299],[135.7246,33.5308],[135.7209,33.5311],[135.7212,33.5284],[135.7199,33.5276],[135.7192,33.5257],[135.7158,33.5245],[135.7132,33.5253],[135.7123,33.5262],[135.7094,33.5255],[135.707,33.5275],[135.7048,33.5277],[135.701,33.5229],[135.7008,33.5195],[135.6976,33.5197],[135.6962,33.5211],[135.6927,33.522],[135.6897,33.5216],[135.6881,33.5207],[135.6857,33.5209],[135.6849,33.5218],[135.6818,33.5233],[135.6822,33.5243],[135.681,33.527],[135.6757,33.5268],[135.6749,33.5281],[135.6725,33.5299],[135.6667,33.5303],[135.6668,33.534],[135.6659,33.5384],[135.6645,33.542],[135.665,33.5442],[135.6636,33.5452],[135.6622,33.5486],[135.662,33.552],[135.6628,33.5527],[135.6623,33.5557],[135.6604,33.5568],[135.6586,33.5565],[135.6579,33.5575],[135.655,33.559],[135.6534,33.5615],[135.6516,33.5658],[135.6471,33.5658],[135.6436,33.5668],[135.6424,33.5667],[135.639,33.5684],[135.638,33.5703],[135.6334,33.5709],[135.632,33.5726],[135.6293,33.5705],[135.6277,33.5682],[135.6287,33.5655],[135.629,33.5624],[135.628,33.5606],[135.6292,33.5576],[135.6285,33.5561],[135.6292,33.5539],[135.6308,33.5533],[135.6332,33.5541],[135.6355,33.5537],[135.6385,33.5551],[135.641,33.5535],[135.6432,33.5494],[135.6406,33.5504],[135.6381,33.55],[135.6378,33.548],[135.6398,33.545],[135.6363,33.5459],[135.6367,33.5424],[135.6336,33.5396],[135.6314,33.5385],[135.6304,33.5365],[135.6287,33.5359],[135.6276,33.5337],[135.6264,33.5327],[135.6243,33.5322],[135.6228,33.5327],[135.6218,33.5304],[135.6269,33.5286],[135.6291,33.5284],[135.6308,33.5269],[135.6331,33.526],[135.6357,33.5243],[135.6374,33.5242],[135.6386,33.5221],[135.6384,33.5177],[135.6366,33.5161],[135.6363,33.5117],[135.6369,33.5109],[135.6355,33.5066]]],[[[135.7987,33.4657],[135.7976,33.4636],[135.8009,33.4615],[135.8025,33.4622],[135.8026,33.4638],[135.8052,33.4637],[135.8062,33.4647],[135.8082,33.4652],[135.8094,33.4631],[135.8112,33.4647],[135.813,33.4641],[135.8151,33.4641],[135.8131,33.4619],[135.8145,33.4608],[135.8155,33.4622],[135.8193,33.4615],[135.8209,33.4622],[135.8234,33.4612],[135.8249,33.4595],[135.8228,33.4584],[135.8237,33.4571],[135.8221,33.4555],[135.8228,33.4549],[135.8216,33.4524],[135.8247,33.4524],[135.8261,33.4509],[135.8284,33.4505],[135.8298,33.4493],[135.8314,33.449],[135.8318,33.4504],[135.8309,33.453],[135.8313,33.4542],[135.8291,33.4546],[135.8292,33.4562],[135.8352,33.4547],[135.8366,33.4529],[135.8387,33.4556],[135.8387,33.4581],[135.8397,33.4598],[135.8429,33.4593],[135.8461,33.4594],[135.8483,33.4601],[135.8499,33.4618],[135.8514,33.4607],[135.854,33.4617],[135.8534,33.4662],[135.8548,33.467],[135.8572,33.4669],[135.861,33.4707],[135.8627,33.4714],[135.8611,33.4726],[135.8589,33.4705],[135.8561,33.4707],[135.8551,33.4717],[135.8523,33.4721],[135.8506,33.471],[135.8481,33.4716],[135.8456,33.4747],[135.8407,33.4751],[135.8388,33.4739],[135.8375,33.4739],[135.8363,33.4767],[135.833,33.4773],[135.8317,33.4766],[135.8285,33.4775],[135.8267,33.4766],[135.823,33.4757],[135.8194,33.4766],[135.8141,33.4762],[135.8142,33.4794],[135.8107,33.4801],[135.808,33.4793],[135.8055,33.4761],[135.806,33.4746],[135.8039,33.4732],[135.8015,33.4736],[135.8004,33.472],[135.8022,33.4715],[135.7998,33.4696],[135.8,33.4664],[135.7987,33.4657]]],[[[135.6917,33.4815],[135.6938,33.4825],[135.6929,33.4834],[135.6912,33.4829],[135.6917,33.4815]]],[[[135.8167,33.4459],[135.817,33.4477],[135.8181,33.4491],[135.8206,33.4509],[135.8196,33.4524],[135.8177,33.4521],[135.8123,33.4497],[135.8136,33.4477],[135.8167,33.4459]]]]},"properties":{"prefectureCode":"30","prefectureName":"和歌山県","municipalityName":"串本町","municipalityCode":"30428"}}
]}