{"type":"FeatureCollection", "features": [
{"type":"Feature","geometry":{"type":"Polygon","coordinates":[[[136.4565,35.1653],[136.4555,35.167],[136.4552,35.1675],[136.4547,35.1679],[136.4541,35.1682],[136.4495,35.1694],[136.4492,35.1695],[136.4467,35.1731],[136.4464,35.1735],[136.4459,35.1738],[136.4454,35.1741],[136.4449,35.1743],[136.4443,35.1744],[136.4408,35.1742],[136.4401,35.1747],[136.4388,35.1774],[136.4386,35.1779],[136.4382,35.1783],[136.4378,35.1786],[136.4373,35.1789],[136.4366,35.1791],[136.4363,35.1796],[136.436,35.18],[136.4319,35.1834],[136.4283,35.1849],[136.427,35.1862],[136.4266,35.1866],[136.426,35.1869],[136.4254,35.1871],[136.4248,35.1872],[136.4242,35.1872],[136.4235,35.1871],[136.4203,35.1857],[136.4185,35.1871],[136.4181,35.1873],[136.4145,35.1887],[136.4138,35.1888],[136.4141,35.1893],[136.4152,35.1903],[136.4155,35.1907],[136.4158,35.1911],[136.416,35.1916],[136.4159,35.1953],[136.4167,35.1967],[136.4169,35.1972],[136.4171,35.1988],[136.4177,35.1998],[136.4187,35.2002],[136.4193,35.2005],[136.4198,35.2009],[136.4209,35.2024],[136.4211,35.2029],[136.4212,35.2034],[136.4212,35.204],[136.4211,35.2045],[136.4209,35.205],[136.4196,35.2063],[136.4197,35.2077],[136.4194,35.211],[136.42,35.2139],[136.4201,35.2143],[136.4201,35.2148],[136.4188,35.218],[136.4185,35.2185],[136.4181,35.219],[136.4176,35.2194],[136.4147,35.2204],[136.4138,35.2224],[136.4135,35.2229],[136.4107,35.2255],[136.4103,35.2258],[136.4098,35.2261],[136.4093,35.2262],[136.4064,35.2266],[136.4058,35.2272],[136.4053,35.2275],[136.4047,35.2278],[136.404,35.228],[136.4034,35.228],[136.4021,35.2279],[136.4019,35.2285],[136.4017,35.229],[136.4014,35.2295],[136.401,35.2299],[136.4004,35.2303],[136.397,35.2313],[136.3958,35.2342],[136.3956,35.2346],[136.3953,35.235],[136.3936,35.2363],[136.3931,35.2367],[136.3925,35.2369],[136.3919,35.237],[136.3893,35.237],[136.3886,35.2372],[136.3886,35.2374],[136.3885,35.2378],[136.3867,35.2408],[136.3863,35.2413],[136.3843,35.2426],[136.3837,35.2429],[136.3819,35.2433],[136.382,35.2433],[136.3822,35.2438],[136.3823,35.2455],[136.3824,35.2455],[136.3853,35.2456],[136.3859,35.2457],[136.3864,35.2459],[136.3886,35.2469],[136.3898,35.2471],[136.3904,35.2473],[136.3909,35.2475],[136.3962,35.2516],[136.3966,35.2519],[136.3969,35.2523],[136.3975,35.2539],[136.3996,35.2564],[136.3999,35.2568],[136.4001,35.2573],[136.4002,35.2578],[136.4002,35.2583],[136.4001,35.2588],[136.3998,35.2592],[136.3994,35.2597],[136.399,35.26],[136.3976,35.2607],[136.3971,35.2619],[136.3976,35.263],[136.3977,35.2636],[136.3978,35.2642],[136.3975,35.265],[136.398,35.2663],[136.3981,35.2668],[136.3978,35.2707],[136.399,35.274],[136.3991,35.2744],[136.399,35.281],[136.399,35.2815],[136.3988,35.282],[136.398,35.283],[136.398,35.2835],[136.3979,35.2841],[136.3962,35.2872],[136.3959,35.2876],[136.3943,35.2888],[136.3944,35.2892],[136.3947,35.2895],[136.3962,35.2902],[136.3967,35.2906],[136.3972,35.291],[136.3975,35.2915],[136.3976,35.2919],[136.3979,35.292],[136.3984,35.2923],[136.3988,35.2926],[136.4017,35.2973],[136.4043,35.2981],[136.4049,35.2983],[136.4054,35.2986],[136.4058,35.299],[136.4061,35.2995],[136.4063,35.3],[136.4065,35.3016],[136.4066,35.3016],[136.4073,35.3019],[136.4092,35.3034],[136.4096,35.3038],[136.4099,35.3043],[136.4106,35.3076],[136.4106,35.3081],[136.4104,35.3092],[136.4139,35.3123],[136.4142,35.3126],[136.4153,35.3144],[136.4155,35.315],[136.4155,35.3214],[136.4163,35.3226],[136.4166,35.323],[136.4168,35.3235],[136.4168,35.324],[136.4165,35.326],[136.4163,35.3266],[136.4151,35.3281],[136.4155,35.3287],[136.4158,35.33],[136.4163,35.3303],[136.4168,35.3306],[136.4172,35.331],[136.4188,35.3341],[136.4189,35.3346],[136.419,35.335],[136.4188,35.3361],[136.4201,35.3382],[136.4203,35.3383],[136.4208,35.3386],[136.4213,35.3389],[136.4216,35.3394],[136.4219,35.3399],[136.4224,35.3436],[136.4251,35.3469],[136.4254,35.3473],[136.4255,35.3478],[136.4256,35.3483],[136.4256,35.3488],[136.4243,35.3519],[136.4247,35.3534],[136.4247,35.354],[136.4246,35.3545],[136.4244,35.355],[136.4241,35.3555],[136.4237,35.3559],[136.4232,35.3562],[136.4226,35.3564],[136.422,35.3566],[136.4188,35.3565],[136.4181,35.3569],[136.4176,35.3572],[136.417,35.3574],[136.4163,35.3574],[136.4157,35.3574],[136.415,35.3573],[136.4147,35.3571],[136.4159,35.3581],[136.4163,35.3585],[136.4166,35.359],[136.4168,35.3595],[136.4168,35.3644],[136.4168,35.3649],[136.4166,35.3654],[136.4164,35.3658],[136.416,35.3662],[136.4162,35.3669],[136.4163,35.3674],[136.4162,35.368],[136.4158,35.3691],[136.4162,35.3694],[136.4165,35.3697],[136.4172,35.3706],[136.4206,35.3701],[136.4212,35.37],[136.4219,35.3701],[136.4225,35.3703],[136.4234,35.3707],[136.426,35.3706],[136.4266,35.3707],[136.4271,35.3708],[136.4299,35.3719],[136.4388,35.3769],[136.4393,35.3773],[136.4422,35.3812],[136.4438,35.3824],[136.4442,35.3828],[136.4471,35.3875],[136.4473,35.3879],[136.4475,35.3893],[136.4475,35.3899],[136.4474,35.3904],[136.4471,35.3909],[136.4468,35.3913],[136.4463,35.3917],[136.4446,35.3925],[136.4441,35.3944],[136.444,35.3949],[136.4437,35.3953],[136.4433,35.3957],[136.4428,35.3961],[136.4399,35.3971],[136.4398,35.3976],[136.4397,35.3981],[136.4394,35.3986],[136.439,35.3991],[136.4385,35.3994],[136.4379,35.3997],[136.4352,35.4003],[136.4337,35.4016],[136.4331,35.4019],[136.4299,35.403],[136.4286,35.4043],[136.4277,35.4055],[136.4279,35.4069],[136.4279,35.4074],[136.4278,35.4079],[136.4276,35.4083],[136.4273,35.4088],[136.4269,35.4091],[136.4255,35.4099],[136.4238,35.4126],[136.4236,35.4134],[136.4234,35.4139],[136.4231,35.4144],[136.4203,35.4169],[136.4168,35.4193],[136.4151,35.4201],[136.4151,35.4213],[136.4172,35.4229],[136.42,35.4243],[136.4206,35.4247],[136.4211,35.4251],[136.422,35.4268],[136.4221,35.4272],[136.4222,35.4277],[136.4221,35.4282],[136.422,35.4287],[136.4217,35.4291],[136.4192,35.4316],[136.419,35.4319],[136.4213,35.4332],[136.4218,35.4335],[136.4258,35.4382],[136.4261,35.4387],[136.4263,35.4391],[136.4264,35.4396],[136.4264,35.4401],[136.4262,35.4406],[136.4255,35.4418],[136.4255,35.442],[136.4265,35.444],[136.4288,35.4466],[136.4292,35.4471],[136.4294,35.4476],[136.4295,35.4482],[136.4278,35.454],[136.4276,35.4545],[136.4273,35.4549],[136.4246,35.457],[136.4241,35.4598],[136.4244,35.4617],[136.4245,35.4621],[136.4236,35.4667],[136.4235,35.4672],[136.4232,35.4677],[136.4213,35.4694],[136.4208,35.4697],[136.4202,35.4699],[136.4197,35.4701],[136.419,35.4702],[136.4184,35.4701],[136.4153,35.4693],[136.414,35.4702],[136.4134,35.4705],[136.4071,35.4718],[136.4065,35.4718],[136.4053,35.4717],[136.4052,35.4718],[136.4053,35.4734],[136.4052,35.474],[136.405,35.4745],[136.4029,35.477],[136.4014,35.4801],[136.4013,35.4811],[136.4012,35.4817],[136.4009,35.4822],[136.4006,35.4826],[136.4001,35.483],[136.3977,35.4841],[136.3968,35.485],[136.3958,35.4866],[136.3955,35.487],[136.3951,35.4874],[136.3947,35.4877],[136.3941,35.488],[136.3935,35.4881],[136.3921,35.4882],[136.3902,35.4896],[136.3902,35.4915],[136.3906,35.4918],[136.391,35.4923],[136.3913,35.4928],[136.3915,35.4933],[136.3913,35.4957],[136.3916,35.496],[136.3921,35.4964],[136.3924,35.4968],[136.3932,35.499],[136.395,35.5022],[136.3958,35.5027],[136.3962,35.5031],[136.3966,35.5034],[136.3972,35.5045],[136.3979,35.5047],[136.3984,35.5049],[136.3989,35.5052],[136.3994,35.5056],[136.3997,35.506],[136.4,35.5064],[136.4003,35.5078],[136.4009,35.5081],[136.4014,35.5084],[136.4019,35.5087],[136.4021,35.509],[136.4022,35.509],[136.4028,35.5088],[136.4035,35.5087],[136.4042,35.5088],[136.4048,35.5089],[136.4054,35.5091],[136.4059,35.5095],[136.4063,35.5099],[136.4069,35.5109],[136.4071,35.511],[136.4077,35.5112],[136.4081,35.5116],[136.4085,35.5121],[136.4088,35.5126],[136.4089,35.5131],[136.4089,35.5136],[136.4076,35.5174],[136.4073,35.518],[136.4069,35.5185],[136.4059,35.5191],[136.4057,35.5198],[136.4054,35.5202],[136.4051,35.5207],[136.4035,35.5217],[136.4037,35.5219],[136.404,35.5224],[136.405,35.5252],[136.4051,35.5256],[136.4051,35.5261],[136.4049,35.5266],[136.4047,35.5271],[136.4039,35.5279],[136.4037,35.5303],[136.4036,35.5308],[136.4033,35.5313],[136.403,35.5318],[136.3997,35.534],[136.3992,35.5343],[136.3987,35.5345],[136.3981,35.5346],[136.3975,35.5347],[136.3969,35.5346],[136.3954,35.5341],[136.3935,35.5346],[136.3914,35.5346],[136.3903,35.5352],[136.3898,35.5354],[136.3892,35.5356],[136.386,35.5357],[136.3859,35.5359],[136.386,35.5368],[136.386,35.5373],[136.3858,35.5378],[136.3856,35.5382],[136.3852,35.5387],[136.3848,35.539],[136.3839,35.5395],[136.3834,35.5413],[136.3836,35.546],[136.3835,35.5465],[136.3834,35.547],[136.3802,35.5512],[136.379,35.5523],[136.3788,35.5544],[136.3767,35.5601],[136.3765,35.5606],[136.3762,35.561],[136.3758,35.5614],[136.3754,35.5617],[136.3737,35.5623],[136.373,35.5624],[136.3723,35.5625],[136.3716,35.5624],[136.3698,35.5617],[136.3666,35.5625],[136.3659,35.5626],[136.3652,35.5626],[136.3646,35.5625],[136.3609,35.5608],[136.3604,35.5605],[136.3599,35.5602],[136.3596,35.5597],[136.3593,35.5593],[136.3592,35.5587],[136.3594,35.5564],[136.3581,35.5519],[136.3566,35.5505],[136.3562,35.5501],[136.356,35.5496],[136.3554,35.5455],[136.3543,35.5445],[136.3539,35.5441],[136.3536,35.5437],[136.3535,35.5432],[136.3534,35.5413],[136.3517,35.5413],[136.3511,35.5412],[136.3506,35.5411],[136.3487,35.5402],[136.3474,35.5404],[136.3468,35.5404],[136.3462,35.5403],[136.3456,35.5402],[136.3451,35.54],[136.3449,35.5399],[136.3445,35.54],[136.3439,35.5402],[136.3433,35.5403],[136.3432,35.5402],[136.3442,35.5416],[136.3444,35.5421],[136.3445,35.5426],[136.3446,35.5431],[136.3445,35.5436],[136.3442,35.5441],[136.3439,35.5446],[136.3431,35.5452],[136.3421,35.5491],[136.3419,35.5497],[136.34,35.5519],[136.3396,35.5522],[136.339,35.5526],[136.3384,35.5528],[136.3378,35.5529],[136.334,35.5528],[136.3306,35.5536],[136.33,35.5536],[136.3293,35.5536],[136.3286,35.5535],[136.3237,35.5511],[136.3232,35.5507],[136.3227,35.5503],[136.3224,35.5498],[136.3222,35.5492],[136.3222,35.5487],[136.3225,35.5476],[136.3203,35.549],[136.32,35.5498],[136.3206,35.5518],[136.3207,35.5523],[136.3207,35.5527],[136.3197,35.556],[136.3216,35.5617],[136.3221,35.5646],[136.3255,35.5685],[136.3258,35.5689],[136.326,35.5694],[136.3261,35.5699],[136.326,35.5704],[136.3254,35.572],[136.3262,35.5735],[136.3264,35.5739],[136.3265,35.5744],[136.326,35.5775],[136.3263,35.578],[136.3265,35.5785],[136.3265,35.579],[136.3265,35.5796],[136.3257,35.5812],[136.3261,35.5814],[136.3266,35.5818],[136.327,35.5822],[136.3273,35.5826],[136.3275,35.5831],[136.3275,35.5851],[136.3275,35.5856],[136.3273,35.5861],[136.3255,35.5886],[136.3254,35.5892],[136.326,35.5929],[136.326,35.5934],[136.3259,35.5939],[136.3257,35.5943],[136.3254,35.5948],[136.325,35.5951],[136.3249,35.5952],[136.325,35.5981],[136.325,35.5987],[136.3222,35.6048],[136.3218,35.6053],[136.3205,35.6064],[136.3231,35.6091],[136.3235,35.6094],[136.3246,35.6121],[136.3266,35.6153],[136.3269,35.6158],[136.327,35.6162],[136.327,35.6167],[136.3269,35.6172],[136.3267,35.6177],[136.3244,35.6203],[136.3239,35.6207],[136.3227,35.6213],[136.3214,35.6229],[136.3209,35.6233],[136.3203,35.6237],[136.3197,35.6239],[136.3188,35.624],[136.3186,35.6244],[136.3183,35.6249],[136.3179,35.6253],[136.3174,35.6256],[136.3168,35.6259],[136.3162,35.626],[136.3156,35.6261],[136.3121,35.6256],[136.3113,35.6258],[136.3108,35.626],[136.3102,35.626],[136.3096,35.626],[136.3054,35.6248],[136.3048,35.6246],[136.3016,35.6225],[136.2979,35.6205],[136.2977,35.6206],[136.2971,35.6208],[136.2965,35.6208],[136.2951,35.6207],[136.2913,35.6224],[136.2905,35.6246],[136.2907,35.6278],[136.2907,35.6284],[136.2905,35.6289],[136.2888,35.6312],[136.2867,35.6328],[136.2857,35.6353],[136.2855,35.6358],[136.2851,35.6362],[136.2828,35.6378],[136.2832,35.6379],[136.2837,35.6382],[136.2841,35.6385],[136.2856,35.6403],[136.2859,35.6408],[136.2864,35.6434],[136.2864,35.644],[136.2848,35.6484],[136.2846,35.6488],[136.2843,35.6492],[136.2798,35.6527],[136.2797,35.6534],[136.2801,35.6542],[136.2824,35.6566],[136.2828,35.6571],[136.2838,35.6608],[136.2839,35.6613],[136.2838,35.6619],[136.2836,35.6624],[136.2832,35.6628],[136.2798,35.6655],[136.2762,35.6675],[136.2757,35.6678],[136.2752,35.6679],[136.2738,35.6681],[136.2722,35.6701],[136.2718,35.6705],[136.2714,35.6708],[136.2652,35.6736],[136.2608,35.6744],[136.2601,35.6745],[136.2585,35.6743],[136.2569,35.6757],[136.2565,35.676],[136.2539,35.677],[136.2529,35.678],[136.2524,35.6784],[136.2519,35.6787],[136.2513,35.6788],[136.2506,35.6789],[136.25,35.6789],[136.2457,35.6779],[136.2451,35.6777],[136.2427,35.679],[136.2383,35.6827],[136.2371,35.6841],[136.2366,35.6845],[136.236,35.6848],[136.2354,35.685],[136.2314,35.6854],[136.2308,35.6854],[136.2302,35.6853],[136.2296,35.6851],[136.2267,35.6832],[136.2258,35.6836],[136.2252,35.6844],[136.2248,35.6849],[136.2243,35.6853],[136.2237,35.6855],[136.2223,35.6858],[136.2222,35.6859],[136.2218,35.6863],[136.2213,35.6866],[136.2208,35.6868],[136.2202,35.687],[136.2164,35.6871],[136.2158,35.6871],[136.2152,35.687],[136.2137,35.6863],[136.2137,35.6864],[136.2135,35.6869],[136.2132,35.6874],[136.2103,35.6897],[136.2098,35.69],[136.2091,35.6902],[136.2085,35.6904],[136.2078,35.6904],[136.2049,35.6897],[136.2046,35.6904],[136.2043,35.6909],[136.2039,35.6913],[136.2034,35.6917],[136.2029,35.692],[136.2022,35.6922],[136.2005,35.6922],[136.1999,35.6931],[136.1986,35.6977],[136.1961,35.702],[136.1957,35.7024],[136.1953,35.7028],[136.1948,35.7031],[136.1944,35.7032],[136.1942,35.7036],[136.1939,35.704],[136.1934,35.7044],[136.193,35.7047],[136.1924,35.7049],[136.1918,35.705],[136.19,35.705],[136.1866,35.7062],[136.1858,35.7064],[136.1831,35.7063],[136.1825,35.7062],[136.1819,35.706],[136.1813,35.7057],[136.1801,35.7046],[136.1797,35.7046],[136.1795,35.7047],[136.179,35.705],[136.1759,35.7062],[136.1754,35.7064],[136.1748,35.7064],[136.1742,35.7064],[136.1736,35.7063],[136.173,35.7061],[136.1707,35.7047],[136.1706,35.7048],[136.1701,35.7051],[136.1695,35.7053],[136.1689,35.7054],[136.1682,35.7055],[136.1676,35.7054],[136.1654,35.7047],[136.1649,35.7044],[136.1644,35.7041],[136.164,35.7037],[136.1637,35.7032],[136.1628,35.7001],[136.1605,35.7012],[136.1591,35.7023],[136.1585,35.7026],[136.1579,35.7029],[136.1573,35.703],[136.1567,35.7031],[136.156,35.703],[136.1554,35.7028],[136.153,35.7015],[136.1506,35.7011],[136.15,35.7009],[136.1495,35.7007],[136.149,35.7003],[136.1486,35.6999],[136.1467,35.6964],[136.1465,35.6959],[136.1465,35.6953],[136.147,35.6936],[136.147,35.6921],[136.1466,35.6918],[136.1462,35.6913],[136.1454,35.6893],[136.1446,35.689],[136.144,35.6887],[136.1435,35.6883],[136.143,35.6878],[136.1423,35.686],[136.141,35.6848],[136.1407,35.6845],[136.1404,35.6841],[136.1395,35.6809],[136.1382,35.6804],[136.1376,35.6801],[136.1372,35.6798],[136.1368,35.6794],[136.1365,35.679],[136.1364,35.6785],[136.1363,35.678],[136.1363,35.6777],[136.1354,35.6767],[136.135,35.6762],[136.1348,35.6757],[136.1347,35.6749],[136.1342,35.6746],[136.1316,35.6712],[136.1314,35.6708],[136.1312,35.6703],[136.1312,35.6698],[136.1317,35.6671],[136.1319,35.6666],[136.1321,35.6662],[136.1349,35.6633],[136.1354,35.663],[136.1359,35.6627],[136.1365,35.6625],[136.1377,35.6623],[136.1382,35.6619],[136.1387,35.6616],[136.1393,35.6613],[136.1399,35.6612],[136.1431,35.6611],[136.1455,35.6604],[136.1473,35.6579],[136.1477,35.6564],[136.1473,35.656],[136.147,35.6555],[136.1468,35.6551],[136.1467,35.6545],[136.1468,35.654],[136.147,35.6535],[136.1477,35.6525],[136.1477,35.6522],[136.1476,35.6517],[136.1477,35.6512],[136.1478,35.6507],[136.1481,35.6502],[136.1481,35.65],[136.1482,35.648],[136.1484,35.6474],[136.1503,35.6448],[136.1506,35.6444],[136.1509,35.6442],[136.1508,35.6437],[136.1509,35.6432],[136.151,35.6427],[136.1526,35.6405],[136.153,35.64],[136.1536,35.6396],[136.1546,35.6392],[136.1552,35.6374],[136.155,35.6361],[136.155,35.6356],[136.1551,35.6351],[136.1553,35.6346],[136.1556,35.6341],[136.156,35.6338],[136.1564,35.6336],[136.1563,35.6319],[136.156,35.6316],[136.1556,35.6311],[136.1554,35.6305],[136.1553,35.63],[136.1554,35.6294],[136.1568,35.6269],[136.1566,35.6256],[136.1566,35.6251],[136.1567,35.6246],[136.1569,35.6241],[136.1572,35.6236],[136.1577,35.6232],[136.1601,35.622],[136.161,35.6205],[136.161,35.6198],[136.1611,35.6193],[136.1613,35.6188],[136.1616,35.6184],[136.1621,35.618],[136.1641,35.6169],[136.1655,35.6134],[136.1657,35.6129],[136.1672,35.6113],[136.1675,35.6084],[136.1676,35.6079],[136.1711,35.6028],[136.1711,35.6024],[136.1712,35.6019],[136.1729,35.5982],[136.1737,35.5958],[136.1736,35.5957],[136.1731,35.5952],[136.1723,35.5936],[136.1711,35.5928],[136.1706,35.5924],[136.1703,35.5919],[136.1694,35.5895],[136.1686,35.5887],[136.1659,35.5867],[136.1637,35.5842],[136.1634,35.5837],[136.1632,35.5831],[136.1632,35.5826],[136.1632,35.582],[136.1647,35.5795],[136.1653,35.5769],[136.1654,35.5765],[136.1657,35.5761],[136.1666,35.5752],[136.1663,35.5748],[136.1662,35.5743],[136.1661,35.5738],[136.1669,35.5712],[136.1668,35.5709],[136.1664,35.572],[136.1661,35.5725],[136.1657,35.5729],[136.1653,35.5733],[136.1647,35.5736],[136.1608,35.5745],[136.1601,35.5746],[136.1595,35.5746],[136.1572,35.574],[136.1566,35.5741],[136.1565,35.5741],[136.1561,35.5745],[136.1556,35.5748],[136.1551,35.575],[136.1514,35.5755],[136.1508,35.5756],[136.1502,35.5755],[136.1496,35.5754],[136.1491,35.5751],[136.1486,35.5748],[136.1483,35.5745],[136.1481,35.5745],[136.1475,35.5746],[136.1468,35.5746],[136.1462,35.5745],[136.1456,35.5743],[136.1453,35.5742],[136.1447,35.5751],[136.1444,35.5755],[136.1441,35.5758],[136.1406,35.5779],[136.1401,35.5781],[136.1395,35.5783],[136.1363,35.5785],[136.1357,35.5785],[136.1351,35.5784],[136.1324,35.5774],[136.1295,35.578],[136.127,35.5781],[136.1243,35.5788],[136.1236,35.5789],[136.1221,35.5789],[136.1204,35.5794],[136.1204,35.5795],[136.1206,35.5802],[136.1207,35.5808],[136.1206,35.5814],[136.1204,35.5819],[136.1182,35.5845],[136.1178,35.5848],[136.1173,35.5852],[136.1167,35.5854],[136.1161,35.5855],[136.1155,35.5856],[136.1148,35.5855],[136.1118,35.5845],[136.1111,35.5842],[136.1106,35.5838],[136.1102,35.5833],[136.1089,35.5803],[136.1088,35.5768],[136.1088,35.5762],[136.1095,35.5748],[136.1094,35.5742],[136.1074,35.5711],[136.1064,35.5707],[136.1059,35.5704],[136.1054,35.5701],[136.1051,35.5696],[136.1048,35.5692],[136.1047,35.5687],[136.1046,35.5682],[136.1047,35.5677],[136.1049,35.5672],[136.1059,35.5659],[136.1073,35.563],[136.107,35.5606],[136.1051,35.5593],[136.1029,35.5571],[136.1025,35.5567],[136.1023,35.5562],[136.1022,35.5557],[136.1021,35.5552],[136.1023,35.5547],[136.1054,35.5496],[136.1049,35.5485],[136.1047,35.548],[136.1046,35.5474],[136.1047,35.5468],[136.106,35.5446],[136.1059,35.5432],[136.1051,35.5416],[136.1038,35.5406],[136.1034,35.5402],[136.1031,35.5398],[136.1029,35.5393],[136.1027,35.537],[136.1027,35.5365],[136.1033,35.5348],[136.1031,35.5342],[136.1031,35.5343],[136.1029,35.5348],[136.1025,35.5353],[136.1021,35.5357],[136.1015,35.536],[136.1009,35.5362],[136.0988,35.5365],[136.097,35.5378],[136.0965,35.5386],[136.0961,35.5391],[136.0957,35.5394],[136.0951,35.5397],[136.0946,35.5399],[136.0911,35.5403],[136.0847,35.543],[136.0842,35.5431],[136.0836,35.5432],[136.083,35.5432],[136.0824,35.5432],[136.0818,35.543],[136.0786,35.5411],[136.078,35.5407],[136.0776,35.5402],[136.0765,35.5375],[136.075,35.5367],[136.0745,35.5364],[136.074,35.536],[136.0737,35.5355],[136.0735,35.535],[136.0734,35.5344],[136.0739,35.5323],[136.0714,35.5314],[136.0708,35.5311],[136.0704,35.5308],[136.0692,35.5293],[136.0688,35.5292],[136.0687,35.5292],[136.068,35.5299],[136.0676,35.5303],[136.0671,35.5305],[136.0665,35.5308],[136.0659,35.5309],[136.0647,35.5309],[136.0638,35.5328],[136.0636,35.5333],[136.0632,35.5337],[136.0627,35.5341],[136.0621,35.5343],[136.0615,35.5345],[136.0592,35.5346],[136.0581,35.5354],[136.0576,35.5358],[136.057,35.536],[136.0564,35.5361],[136.0558,35.5362],[136.0542,35.536],[136.0532,35.5365],[136.0526,35.5367],[136.0489,35.5372],[136.0482,35.5372],[136.0476,35.5372],[136.047,35.537],[136.0464,35.5367],[136.0459,35.5364],[136.0455,35.5359],[136.0442,35.5332],[136.044,35.5333],[136.0438,35.5336],[136.0434,35.534],[136.0429,35.5344],[136.0423,35.5346],[136.0417,35.5348],[136.041,35.5349],[136.0403,35.5348],[136.0356,35.5333],[136.0296,35.5323],[136.0283,35.5319],[136.0277,35.5321],[136.0271,35.5322],[136.0264,35.5322],[136.0258,35.5321],[136.0252,35.5319],[136.0246,35.5317],[136.0241,35.5313],[136.0238,35.5309],[136.0235,35.5304],[136.0229,35.5272],[136.0229,35.5267],[136.023,35.5261],[136.0233,35.5256],[136.0236,35.5251],[136.024,35.5249],[136.0239,35.5248],[136.024,35.5243],[136.0242,35.5239],[136.0243,35.5236],[136.0217,35.5223],[136.0212,35.522],[136.0208,35.5216],[136.0205,35.5212],[136.0203,35.5208],[136.0202,35.5203],[136.0202,35.5196],[136.0179,35.5148],[136.0163,35.515],[136.0157,35.515],[136.0151,35.5149],[136.0145,35.5147],[136.014,35.5144],[136.0135,35.5141],[136.0132,35.5137],[136.0129,35.5133],[136.0121,35.5101],[136.011,35.5093],[136.0106,35.5089],[136.0088,35.5061],[136.0085,35.5055],[136.0083,35.5013],[136.0081,35.5011],[136.0078,35.5006],[136.0076,35.5001],[136.0075,35.4995],[136.0075,35.499],[136.008,35.4979],[136.0067,35.4961],[136.0061,35.4959],[136.0055,35.4957],[136.005,35.4954],[136.0045,35.495],[136.0042,35.4945],[136.0041,35.4942],[136.0035,35.4944],[136.0027,35.4946],[135.9993,35.4942],[135.9992,35.4944],[135.9987,35.4948],[135.9981,35.4951],[135.9975,35.4952],[135.9968,35.4953],[135.9961,35.4953],[135.9955,35.4951],[135.9938,35.4943],[135.9937,35.4943],[135.9906,35.4952],[135.99,35.4953],[135.9894,35.4954],[135.9887,35.4953],[135.9881,35.4951],[135.9875,35.4949],[135.9848,35.4925],[135.9827,35.4914],[135.9823,35.4911],[135.9822,35.491],[135.982,35.4917],[135.9818,35.4923],[135.9792,35.4952],[135.9777,35.4985],[135.9774,35.499],[135.9769,35.4994],[135.9761,35.5],[135.9759,35.5007],[135.9756,35.5013],[135.9752,35.5018],[135.9747,35.5022],[135.9723,35.5033],[135.9717,35.504],[135.9712,35.5044],[135.9707,35.5048],[135.9683,35.5055],[135.9677,35.5056],[135.9671,35.5057],[135.9664,35.5056],[135.963,35.5044],[135.9603,35.5075],[135.9598,35.5079],[135.9593,35.5083],[135.9586,35.5085],[135.9579,35.5086],[135.9554,35.5085],[135.9555,35.5091],[135.955,35.5119],[135.9534,35.5159],[135.9518,35.5179],[135.9501,35.5214],[135.9498,35.522],[135.9484,35.5232],[135.9479,35.5235],[135.9474,35.5237],[135.9468,35.5239],[135.9428,35.524],[135.9388,35.5231],[135.9382,35.523],[135.9377,35.5227],[135.9372,35.5224],[135.9369,35.522],[135.9359,35.5202],[135.9357,35.5197],[135.9357,35.5174],[135.9345,35.5148],[135.9343,35.5141],[135.9346,35.5116],[135.9336,35.51],[135.9323,35.5053],[135.9309,35.5043],[135.9305,35.5039],[135.9302,35.5035],[135.93,35.503],[135.9297,35.501],[135.9284,35.4985],[135.928,35.4955],[135.9271,35.4936],[135.9261,35.493],[135.924,35.4926],[135.9234,35.4924],[135.9228,35.4921],[135.9223,35.4917],[135.9219,35.4913],[135.9207,35.4883],[135.9202,35.4879],[135.9197,35.4875],[135.9193,35.487],[135.9191,35.4865],[135.919,35.4859],[135.9197,35.4823],[135.9199,35.4818],[135.92,35.4816],[135.9186,35.4793],[135.9184,35.4789],[135.9183,35.4784],[135.9183,35.4774],[135.9161,35.4759],[135.9156,35.4755],[135.9152,35.475],[135.9146,35.4731],[135.9138,35.4726],[135.9134,35.4722],[135.913,35.4717],[135.9128,35.4712],[135.9127,35.4707],[135.9127,35.4702],[135.9129,35.4697],[135.914,35.4681],[135.914,35.4672],[135.913,35.4648],[135.9126,35.4618],[135.9118,35.4601],[135.9116,35.4596],[135.9115,35.4591],[135.9122,35.4563],[135.9116,35.455],[135.9114,35.4546],[135.9113,35.4526],[135.91,35.4507],[135.9085,35.45],[135.908,35.4497],[135.9075,35.4492],[135.9071,35.4488],[135.9069,35.4483],[135.9068,35.4477],[135.9073,35.4452],[135.9075,35.4446],[135.9078,35.4441],[135.9083,35.4437],[135.9088,35.4434],[135.9094,35.4431],[135.9095,35.4431],[135.9094,35.4428],[135.9092,35.4423],[135.9091,35.4417],[135.9096,35.4395],[135.9098,35.4389],[135.9114,35.437],[135.9115,35.4354],[135.9111,35.4335],[135.9103,35.4329],[135.9081,35.4323],[135.9069,35.4326],[135.9063,35.4327],[135.9057,35.4328],[135.9019,35.4321],[135.9013,35.4319],[135.9008,35.4316],[135.9003,35.4313],[135.899,35.4297],[135.8987,35.4293],[135.8981,35.4275],[135.8962,35.4265],[135.8957,35.4262],[135.894,35.4242],[135.8938,35.4242],[135.8933,35.424],[135.8928,35.4237],[135.8905,35.4216],[135.8901,35.4212],[135.8898,35.4206],[135.8897,35.4201],[135.8897,35.4195],[135.8902,35.418],[135.8905,35.4149],[135.89,35.4123],[135.89,35.4119],[135.8901,35.411],[135.8896,35.4099],[135.8894,35.4095],[135.8892,35.4076],[135.8882,35.4057],[135.8866,35.4055],[135.8787,35.403],[135.8757,35.4013],[135.8739,35.3999],[135.8715,35.3995],[135.8708,35.3993],[135.8702,35.399],[135.8697,35.3986],[135.8692,35.3986],[135.8685,35.3985],[135.8678,35.3983],[135.8661,35.3973],[135.8651,35.3972],[135.8645,35.3975],[135.8639,35.3977],[135.8622,35.3979],[135.8617,35.3984],[135.8613,35.3988],[135.8594,35.3999],[135.8592,35.4006],[135.8589,35.4011],[135.8585,35.4015],[135.8582,35.4018],[135.8583,35.4022],[135.8585,35.4028],[135.858,35.4056],[135.8585,35.4065],[135.8587,35.407],[135.8588,35.4074],[135.8587,35.4097],[135.8586,35.4102],[135.8583,35.4107],[135.858,35.4112],[135.8575,35.4116],[135.8542,35.4131],[135.8537,35.4133],[135.8531,35.4134],[135.85,35.4133],[135.8478,35.4138],[135.8466,35.4149],[135.8461,35.4152],[135.8456,35.4155],[135.8449,35.4157],[135.8419,35.4158],[135.8398,35.4167],[135.8392,35.4168],[135.8385,35.4169],[135.8379,35.4169],[135.8373,35.4168],[135.8367,35.4165],[135.8362,35.4162],[135.8348,35.4148],[135.833,35.4149],[135.8283,35.417],[135.8275,35.4173],[135.8246,35.4174],[135.8238,35.4173],[135.8186,35.4153],[135.8135,35.4157],[135.8129,35.4157],[135.8123,35.4156],[135.8117,35.4154],[135.8112,35.4151],[135.8107,35.4147],[135.8079,35.4108],[135.8077,35.4104],[135.8075,35.41],[135.8073,35.4035],[135.8063,35.399],[135.805,35.3962],[135.8048,35.3956],[135.8051,35.3929],[135.8052,35.3924],[135.8054,35.392],[135.8057,35.3916],[135.8063,35.391],[135.8048,35.3873],[135.8033,35.3877],[135.8027,35.3878],[135.8007,35.3877],[135.8004,35.388],[135.8001,35.3883],[135.7997,35.3886],[135.7967,35.3898],[135.796,35.39],[135.7953,35.3901],[135.7902,35.3893],[135.7896,35.3891],[135.7889,35.3888],[135.7884,35.3884],[135.788,35.388],[135.7877,35.3875],[135.7873,35.3847],[135.7873,35.3841],[135.7883,35.3814],[135.7879,35.3808],[135.7859,35.3805],[135.7828,35.3795],[135.7822,35.3793],[135.7817,35.379],[135.7812,35.3786],[135.7805,35.3774],[135.7774,35.3758],[135.7769,35.3755],[135.7765,35.3751],[135.7762,35.3747],[135.776,35.3742],[135.7758,35.3737],[135.7759,35.3732],[135.7764,35.3717],[135.776,35.37],[135.7751,35.368],[135.7729,35.3672],[135.7723,35.367],[135.7717,35.3666],[135.7713,35.3662],[135.771,35.3657],[135.7707,35.3647],[135.7676,35.3617],[135.7672,35.3612],[135.7663,35.3587],[135.7656,35.3567],[135.7655,35.3562],[135.7655,35.3557],[135.7656,35.3552],[135.7653,35.3549],[135.7649,35.3544],[135.7643,35.3524],[135.7641,35.3523],[135.7637,35.352],[135.7633,35.3516],[135.763,35.3512],[135.7628,35.3507],[135.7627,35.3502],[135.7628,35.3493],[135.7615,35.348],[135.7611,35.3476],[135.7609,35.3472],[135.7607,35.3467],[135.7608,35.3445],[135.7608,35.344],[135.761,35.3435],[135.7613,35.3431],[135.7617,35.3427],[135.7621,35.3424],[135.764,35.3416],[135.7645,35.3414],[135.7681,35.3412],[135.7682,35.3411],[135.7689,35.3408],[135.7732,35.3402],[135.7756,35.3391],[135.7759,35.3386],[135.7764,35.3382],[135.7769,35.3378],[135.7775,35.3376],[135.7782,35.3374],[135.7789,35.3374],[135.7791,35.3374],[135.779,35.3365],[135.779,35.336],[135.7791,35.3355],[135.7794,35.335],[135.7808,35.3335],[135.7827,35.3297],[135.783,35.3293],[135.7833,35.3289],[135.787,35.3267],[135.7876,35.3234],[135.7878,35.3229],[135.788,35.3225],[135.7884,35.322],[135.7888,35.3217],[135.7922,35.3202],[135.7923,35.3199],[135.7927,35.3195],[135.7931,35.3191],[135.7993,35.3164],[135.8018,35.315],[135.8023,35.3148],[135.8055,35.3141],[135.8069,35.3141],[135.808,35.3128],[135.808,35.3104],[135.8075,35.309],[135.8074,35.3085],[135.8074,35.3079],[135.8076,35.3074],[135.8079,35.3069],[135.8083,35.3064],[135.8088,35.3061],[135.8116,35.3051],[135.8123,35.3032],[135.8119,35.3022],[135.8117,35.3017],[135.8117,35.3011],[135.8118,35.3006],[135.812,35.3002],[135.8123,35.2997],[135.8143,35.298],[135.8148,35.2977],[135.8153,35.2975],[135.8175,35.297],[135.8181,35.2962],[135.818,35.2951],[135.8169,35.2918],[135.8168,35.2912],[135.8168,35.2906],[135.817,35.2901],[135.8191,35.2875],[135.8222,35.2829],[135.822,35.2819],[135.822,35.2814],[135.8222,35.281],[135.8224,35.2805],[135.8227,35.2801],[135.8245,35.2786],[135.8267,35.2754],[135.8271,35.275],[135.8276,35.2746],[135.8282,35.2743],[135.8293,35.274],[135.8326,35.2719],[135.8331,35.2717],[135.8337,35.2715],[135.8344,35.2714],[135.835,35.2714],[135.8411,35.273],[135.8417,35.2732],[135.8422,35.2735],[135.8426,35.2738],[135.843,35.2742],[135.8432,35.2747],[135.8434,35.2755],[135.8457,35.2757],[135.8489,35.2765],[135.8495,35.2767],[135.8518,35.2782],[135.8522,35.2786],[135.8525,35.2789],[135.8543,35.2828],[135.8546,35.2842],[135.8553,35.2845],[135.8559,35.2848],[135.8562,35.2852],[135.8565,35.2847],[135.857,35.2837],[135.8562,35.283],[135.8558,35.2826],[135.8556,35.2822],[135.8554,35.2817],[135.8552,35.2797],[135.8532,35.2785],[135.8519,35.2769],[135.8515,35.2765],[135.8513,35.276],[135.8512,35.2755],[135.8516,35.2728],[135.8502,35.271],[135.8459,35.269],[135.8453,35.2687],[135.8449,35.2682],[135.8416,35.2624],[135.8414,35.2619],[135.8414,35.2614],[135.8414,35.2608],[135.8426,35.2583],[135.8415,35.2576],[135.8411,35.2573],[135.8407,35.2569],[135.8393,35.2542],[135.8391,35.2537],[135.8391,35.2532],[135.8391,35.2527],[135.8393,35.2522],[135.8395,35.2518],[135.8401,35.2513],[135.8382,35.2501],[135.8377,35.2498],[135.8374,35.2494],[135.8371,35.249],[135.8369,35.2485],[135.8367,35.245],[135.8356,35.244],[135.8345,35.2439],[135.8339,35.2439],[135.8333,35.2437],[135.8328,35.2434],[135.8323,35.2431],[135.8319,35.2426],[135.8317,35.2422],[135.8315,35.2417],[135.8315,35.2412],[135.832,35.239],[135.8322,35.2385],[135.8326,35.238],[135.8331,35.2376],[135.8341,35.2371],[135.8343,35.2367],[135.8346,35.2354],[135.8337,35.2321],[135.8337,35.2315],[135.8344,35.2288],[135.8342,35.2273],[135.8329,35.2263],[135.8296,35.2253],[135.829,35.225],[135.8284,35.2246],[135.8264,35.2218],[135.8262,35.2213],[135.826,35.2208],[135.826,35.2203],[135.8262,35.2197],[135.8272,35.218],[135.8267,35.2171],[135.8266,35.2166],[135.8265,35.2161],[135.8266,35.2156],[135.8268,35.2151],[135.828,35.2134],[135.8284,35.213],[135.8285,35.2129],[135.8279,35.2112],[135.8278,35.2106],[135.8278,35.2101],[135.828,35.2095],[135.8283,35.209],[135.8287,35.2085],[135.8312,35.2071],[135.8323,35.2057],[135.8326,35.2039],[135.8324,35.2035],[135.8321,35.203],[135.832,35.2025],[135.832,35.2019],[135.8321,35.2014],[135.8338,35.1989],[135.8342,35.1958],[135.8343,35.1952],[135.8358,35.1929],[135.8367,35.1906],[135.8369,35.1902],[135.8372,35.1898],[135.8388,35.1885],[135.8388,35.1883],[135.8381,35.1875],[135.8378,35.1871],[135.8376,35.1866],[135.8375,35.1862],[135.8377,35.1844],[135.8371,35.1831],[135.837,35.1825],[135.8374,35.1797],[135.8375,35.1792],[135.8377,35.1788],[135.8381,35.1784],[135.8385,35.178],[135.8399,35.1773],[135.8399,35.1769],[135.8392,35.1746],[135.8391,35.174],[135.8391,35.1734],[135.8393,35.1728],[135.8406,35.1713],[135.8408,35.1687],[135.841,35.1681],[135.8422,35.1662],[135.8422,35.1659],[135.8421,35.1653],[135.8422,35.1648],[135.8424,35.1642],[135.8434,35.1631],[135.8435,35.162],[135.8437,35.1615],[135.844,35.161],[135.8444,35.1606],[135.8484,35.1582],[135.8489,35.1579],[135.8494,35.1577],[135.8533,35.1574],[135.8535,35.1566],[135.8535,35.1553],[135.8531,35.1551],[135.8526,35.1549],[135.8521,35.1545],[135.8518,35.1541],[135.8496,35.1497],[135.8494,35.1492],[135.8493,35.1473],[135.848,35.1462],[135.8459,35.1432],[135.8456,35.1428],[135.8455,35.1423],[135.8454,35.1418],[135.8455,35.1413],[135.8456,35.1409],[135.8463,35.1399],[135.8462,35.1393],[135.8462,35.1388],[135.8463,35.1383],[135.8465,35.1378],[135.8466,35.1376],[135.8465,35.137],[135.8469,35.1347],[135.8471,35.1342],[135.8475,35.1336],[135.848,35.1332],[135.8488,35.1328],[135.8487,35.132],[135.8466,35.128],[135.8464,35.1276],[135.846,35.125],[135.846,35.1245],[135.8461,35.1241],[135.8466,35.1233],[135.8465,35.1231],[135.8463,35.1226],[135.8462,35.122],[135.8463,35.1213],[135.8456,35.1206],[135.8452,35.1202],[135.845,35.1198],[135.8445,35.117],[135.8439,35.1169],[135.8433,35.1167],[135.8428,35.1164],[135.8424,35.116],[135.842,35.1156],[135.8418,35.1151],[135.8415,35.1131],[135.8403,35.1111],[135.8401,35.1106],[135.84,35.1101],[135.8403,35.1069],[135.8398,35.1039],[135.8376,35.1023],[135.8372,35.1019],[135.835,35.0988],[135.8348,35.0983],[135.8343,35.0954],[135.8323,35.0928],[135.832,35.0923],[135.8318,35.0918],[135.8318,35.0912],[135.8319,35.0906],[135.8321,35.0901],[135.8325,35.0897],[135.8351,35.0878],[135.836,35.0868],[135.8363,35.0861],[135.8352,35.0831],[135.8351,35.0827],[135.835,35.0813],[135.8346,35.0811],[135.8341,35.0807],[135.8337,35.0803],[135.8335,35.0798],[135.8333,35.0789],[135.8321,35.0781],[135.8317,35.0778],[135.8313,35.0773],[135.8311,35.0768],[135.8309,35.0758],[135.829,35.0727],[135.8287,35.0722],[135.8286,35.0717],[135.8286,35.0711],[135.8288,35.0706],[135.8312,35.067],[135.8314,35.0645],[135.8326,35.0618],[135.8326,35.0593],[135.8319,35.0568],[135.8309,35.056],[135.8307,35.0557],[135.828,35.0564],[135.8273,35.0565],[135.8266,35.0565],[135.826,35.0564],[135.8253,35.0562],[135.8197,35.052],[135.8187,35.0519],[135.8182,35.0518],[135.8177,35.0516],[135.814,35.0496],[135.8135,35.0492],[135.8131,35.0488],[135.8117,35.0457],[135.8115,35.0453],[135.8115,35.0448],[135.8116,35.0443],[135.8117,35.0438],[135.812,35.0434],[135.8123,35.0431],[135.8122,35.0427],[135.8121,35.0422],[135.8122,35.0417],[135.8124,35.0411],[135.8145,35.0384],[135.8149,35.038],[135.8169,35.0368],[135.8191,35.0345],[135.8195,35.0341],[135.82,35.0338],[135.8205,35.0335],[135.8219,35.0333],[135.8224,35.0314],[135.8226,35.0308],[135.823,35.0303],[135.8245,35.0292],[135.8247,35.0285],[135.8233,35.0244],[135.8231,35.0239],[135.8231,35.0233],[135.8233,35.0228],[135.8245,35.0209],[135.8248,35.0204],[135.8253,35.0201],[135.8258,35.0198],[135.829,35.0189],[135.8296,35.0188],[135.8301,35.0187],[135.8317,35.0189],[135.8318,35.0186],[135.8316,35.0183],[135.8315,35.0177],[135.8315,35.0171],[135.8324,35.0146],[135.8316,35.0144],[135.8269,35.0149],[135.8268,35.015],[135.8263,35.0153],[135.8256,35.0156],[135.8227,35.0161],[135.8219,35.0162],[135.8192,35.0155],[135.8186,35.0153],[135.8181,35.015],[135.8177,35.0147],[135.8173,35.0142],[135.8171,35.0137],[135.817,35.0132],[135.817,35.0127],[135.8171,35.0122],[135.8173,35.0117],[135.8177,35.0113],[135.8181,35.0109],[135.8199,35.01],[135.8211,35.0078],[135.8214,35.0073],[135.8218,35.0069],[135.8223,35.0066],[135.8228,35.0063],[135.8262,35.0057],[135.8269,35.0057],[135.8276,35.0057],[135.8301,35.0067],[135.8308,35.0039],[135.831,35.0034],[135.8313,35.003],[135.8326,35.0018],[135.8324,35.0018],[135.8317,35.0017],[135.8311,35.0015],[135.8305,35.0012],[135.8301,35.0008],[135.8279,34.9977],[135.8267,34.9967],[135.8262,34.9962],[135.8259,34.9957],[135.8258,34.9952],[135.8257,34.9946],[135.8259,34.994],[135.8247,34.9926],[135.8244,34.9921],[135.8243,34.9917],[135.8242,34.9911],[135.8242,34.9906],[135.8244,34.9901],[135.8247,34.9897],[135.8251,34.9893],[135.8255,34.9889],[135.8261,34.9887],[135.8267,34.9885],[135.8344,34.9881],[135.8398,34.9873],[135.8422,34.9872],[135.8427,34.9873],[135.846,34.9881],[135.8458,34.9875],[135.8458,34.9848],[135.8459,34.9843],[135.8461,34.9838],[135.8463,34.9834],[135.8467,34.983],[135.8472,34.9826],[135.8495,34.9817],[135.8501,34.9815],[135.8508,34.9814],[135.8534,34.9818],[135.8534,34.9817],[135.8534,34.9808],[135.8513,34.978],[135.851,34.9776],[135.8509,34.9771],[135.8508,34.9767],[135.8508,34.9762],[135.851,34.9756],[135.8505,34.9751],[135.85,34.9746],[135.8491,34.972],[135.849,34.9715],[135.849,34.971],[135.8492,34.9705],[135.8494,34.97],[135.8498,34.9696],[135.8502,34.9693],[135.853,34.968],[135.8529,34.9676],[135.8528,34.9671],[135.8529,34.9666],[135.8531,34.9661],[135.8534,34.9656],[135.8562,34.9632],[135.8571,34.9618],[135.8575,34.9614],[135.858,34.961],[135.8586,34.9607],[135.8591,34.9606],[135.8602,34.9592],[135.8602,34.9583],[135.8603,34.9578],[135.8605,34.9573],[135.8607,34.9569],[135.8625,34.9553],[135.8629,34.955],[135.8635,34.9547],[135.8675,34.9539],[135.8681,34.9538],[135.8685,34.9535],[135.869,34.9532],[135.8695,34.9529],[135.8702,34.9527],[135.872,34.9527],[135.8722,34.9525],[135.8724,34.9504],[135.8725,34.9499],[135.8727,34.9494],[135.8748,34.947],[135.8738,34.946],[135.873,34.9442],[135.8728,34.9437],[135.8727,34.9432],[135.8728,34.9427],[135.8736,34.9411],[135.8735,34.9411],[135.8734,34.9405],[135.8734,34.9399],[135.8736,34.9393],[135.8751,34.9372],[135.8751,34.9367],[135.8752,34.9362],[135.8758,34.9351],[135.8749,34.9344],[135.8738,34.9329],[135.8737,34.9329],[135.8732,34.9327],[135.8727,34.9324],[135.8703,34.9298],[135.87,34.9295],[135.8697,34.929],[135.8697,34.9286],[135.8691,34.9283],[135.8685,34.928],[135.8681,34.9276],[135.8677,34.9271],[135.8675,34.9266],[135.8674,34.926],[135.8675,34.9254],[135.8679,34.9246],[135.8678,34.9244],[135.8675,34.924],[135.8672,34.9236],[135.867,34.9224],[135.8665,34.9219],[135.8662,34.9215],[135.8659,34.921],[135.8658,34.9205],[135.8661,34.9162],[135.8662,34.9156],[135.8664,34.9151],[135.8668,34.9147],[135.868,34.9137],[135.8682,34.912],[135.868,34.9108],[135.8674,34.9099],[135.8661,34.9095],[135.8656,34.9092],[135.8609,34.9057],[135.8605,34.9053],[135.8602,34.9049],[135.86,34.9044],[135.8599,34.9039],[135.86,34.9022],[135.8601,34.9018],[135.8603,34.9014],[135.863,34.8981],[135.864,34.8962],[135.8642,34.894],[135.8638,34.8935],[135.8635,34.893],[135.8634,34.8925],[135.8634,34.892],[135.8635,34.8914],[135.8637,34.8909],[135.8641,34.8904],[135.8646,34.89],[135.8672,34.8889],[135.8702,34.8867],[135.8707,34.8864],[135.8713,34.8862],[135.872,34.8861],[135.8724,34.8861],[135.8729,34.8851],[135.8732,34.8847],[135.8736,34.8843],[135.8741,34.884],[135.8746,34.8838],[135.8752,34.8837],[135.8758,34.8836],[135.876,34.8836],[135.8761,34.8835],[135.8796,34.8815],[135.8801,34.8813],[135.8807,34.8811],[135.8813,34.8811],[135.8819,34.8811],[135.8838,34.8816],[135.8847,34.8811],[135.8848,34.881],[135.8838,34.8805],[135.8832,34.8802],[135.8828,34.8797],[135.8825,34.8792],[135.8818,34.8761],[135.8817,34.8756],[135.8818,34.8751],[135.882,34.8746],[135.8823,34.8742],[135.8827,34.8738],[135.8831,34.8734],[135.8837,34.8732],[135.8842,34.873],[135.888,34.8728],[135.8937,34.8709],[135.8945,34.8699],[135.895,34.8694],[135.8955,34.869],[135.8961,34.8688],[135.8968,34.8686],[135.8999,34.8687],[135.9004,34.8688],[135.901,34.8689],[135.9052,34.8712],[135.9075,34.8713],[135.9082,34.8714],[135.9088,34.8716],[135.9093,34.8719],[135.9098,34.8723],[135.9102,34.8727],[135.9104,34.8732],[135.9106,34.8738],[135.9106,34.8742],[135.9114,34.8747],[135.9119,34.8751],[135.9123,34.8755],[135.9126,34.8761],[135.913,34.8791],[135.9138,34.8797],[135.9142,34.88],[135.9147,34.8807],[135.9153,34.8807],[135.9158,34.8807],[135.9164,34.8808],[135.9192,34.8819],[135.9227,34.8812],[135.9234,34.8811],[135.924,34.8811],[135.9247,34.8812],[135.9252,34.8814],[135.9258,34.8817],[135.9262,34.8821],[135.9265,34.8826],[135.9268,34.8832],[135.9295,34.8846],[135.9301,34.885],[135.9307,34.8857],[135.9314,34.8854],[135.932,34.8852],[135.9327,34.8851],[135.9334,34.8851],[135.934,34.8853],[135.9346,34.8855],[135.9368,34.8871],[135.937,34.8868],[135.9374,34.8866],[135.9378,34.8847],[135.9369,34.8808],[135.9368,34.8803],[135.9368,34.8798],[135.937,34.8794],[135.9372,34.8789],[135.9376,34.8785],[135.9395,34.8772],[135.9404,34.8746],[135.9404,34.8733],[135.9395,34.871],[135.9385,34.8696],[135.9382,34.869],[135.9377,34.8639],[135.9377,34.8634],[135.9379,34.8628],[135.9382,34.8623],[135.9394,34.8612],[135.94,34.8592],[135.9402,34.8587],[135.9405,34.8583],[135.9409,34.8579],[135.9413,34.8576],[135.9417,34.8574],[135.9419,34.8564],[135.9435,34.8535],[135.9431,34.8528],[135.943,34.8523],[135.9429,34.8518],[135.943,34.8513],[135.9431,34.8508],[135.9434,34.8504],[135.9438,34.85],[135.9442,34.8496],[135.9448,34.8494],[135.9453,34.8492],[135.9493,34.8489],[135.9499,34.8489],[135.9505,34.849],[135.9544,34.8506],[135.9555,34.8507],[135.9561,34.8508],[135.9566,34.851],[135.9577,34.8517],[135.9585,34.8514],[135.9591,34.8512],[135.9595,34.8512],[135.9595,34.8506],[135.9595,34.8501],[135.9596,34.8496],[135.9599,34.8491],[135.9602,34.8487],[135.9606,34.8484],[135.9611,34.8481],[135.9636,34.8473],[135.9641,34.8464],[135.9643,34.8459],[135.9647,34.8455],[135.9652,34.8452],[135.9657,34.8449],[135.9663,34.8448],[135.968,34.8446],[135.9679,34.8445],[135.9678,34.844],[135.9678,34.8436],[135.9678,34.8431],[135.9683,34.842],[135.9682,34.8386],[135.9682,34.838],[135.9684,34.8375],[135.9687,34.837],[135.9691,34.8366],[135.9696,34.8363],[135.9702,34.836],[135.9708,34.8359],[135.9782,34.8358],[135.983,34.8367],[135.9835,34.8369],[135.984,34.8371],[135.9857,34.8384],[135.9858,34.8383],[135.9864,34.8382],[135.9869,34.8381],[135.9875,34.8381],[135.9906,34.8389],[135.9912,34.8391],[135.9925,34.8399],[135.9941,34.8396],[135.9947,34.8396],[135.9953,34.8396],[135.9959,34.8397],[135.9965,34.8399],[135.9994,34.842],[136.0007,34.8423],[136.0006,34.8421],[136.0004,34.8415],[136.0005,34.8396],[136.0001,34.8391],[135.9997,34.8387],[135.9995,34.8383],[135.9993,34.8378],[135.9993,34.8373],[135.9995,34.8359],[135.9991,34.8331],[135.999,34.8326],[135.9991,34.8321],[135.9994,34.8316],[136.0006,34.8301],[136.0008,34.829],[136.0023,34.8256],[136.0026,34.8252],[136.0029,34.8248],[136.0033,34.8245],[136.0038,34.8242],[136.0044,34.824],[136.0089,34.8235],[136.0107,34.8227],[136.0113,34.8226],[136.0119,34.8225],[136.0125,34.8225],[136.0131,34.8226],[136.017,34.8242],[136.0172,34.8243],[136.0198,34.8225],[136.0248,34.8201],[136.0253,34.8185],[136.0255,34.8177],[136.0254,34.8176],[136.0245,34.8175],[136.0239,34.8175],[136.0233,34.8173],[136.0227,34.8171],[136.0204,34.8151],[136.0203,34.8151],[136.0196,34.8153],[136.0189,34.8154],[136.0183,34.8154],[136.0177,34.8152],[136.0171,34.815],[136.0166,34.8148],[136.0125,34.8109],[136.0122,34.8105],[136.0119,34.81],[136.0118,34.8095],[136.0118,34.8083],[136.0107,34.8062],[136.0087,34.8039],[136.0085,34.8036],[136.0072,34.8004],[136.007,34.7999],[136.007,34.7994],[136.0081,34.7952],[136.0084,34.7947],[136.0087,34.7942],[136.0092,34.7938],[136.0097,34.7935],[136.0103,34.7932],[136.011,34.7931],[136.0117,34.7931],[136.0123,34.7932],[136.0133,34.7937],[136.0134,34.7934],[136.0137,34.793],[136.0177,34.7901],[136.0183,34.7898],[136.0214,34.789],[136.0222,34.7889],[136.0238,34.789],[136.0242,34.7888],[136.0247,34.7884],[136.0252,34.7882],[136.0258,34.788],[136.0264,34.7879],[136.0287,34.788],[136.0293,34.7881],[136.0299,34.7883],[136.034,34.7909],[136.0344,34.7912],[136.0347,34.7915],[136.0348,34.7915],[136.0381,34.7913],[136.0388,34.7913],[136.0395,34.7914],[136.0401,34.7916],[136.0407,34.7919],[136.0433,34.7948],[136.0436,34.7953],[136.044,34.7966],[136.0441,34.7966],[136.0452,34.7966],[136.0459,34.7967],[136.0466,34.7969],[136.0471,34.7972],[136.0472,34.7972],[136.0508,34.7965],[136.0516,34.7964],[136.0523,34.7965],[136.0562,34.798],[136.0568,34.7983],[136.0572,34.7986],[136.0575,34.7989],[136.0579,34.7986],[136.0585,34.7982],[136.0617,34.7973],[136.0624,34.7972],[136.0631,34.7972],[136.0637,34.7973],[136.0644,34.7975],[136.0649,34.7978],[136.0654,34.7983],[136.0661,34.7994],[136.0667,34.7996],[136.0673,34.7998],[136.0697,34.8013],[136.0732,34.8015],[136.0739,34.8016],[136.0745,34.8018],[136.075,34.8021],[136.0755,34.8024],[136.0773,34.8051],[136.0775,34.805],[136.0781,34.8048],[136.0787,34.8048],[136.0822,34.8051],[136.0829,34.8052],[136.0835,34.8055],[136.0841,34.8058],[136.0857,34.8076],[136.0868,34.8082],[136.0883,34.8083],[136.0891,34.8085],[136.0923,34.8099],[136.0927,34.8102],[136.0932,34.8105],[136.0935,34.8109],[136.0942,34.8127],[136.0944,34.8132],[136.0942,34.8148],[136.0974,34.8171],[136.0978,34.8175],[136.0982,34.818],[136.0984,34.8185],[136.0985,34.819],[136.0984,34.8195],[136.0983,34.8201],[136.0943,34.8253],[136.0943,34.8255],[136.0944,34.826],[136.0943,34.8266],[136.0941,34.8271],[136.0937,34.8276],[136.0918,34.829],[136.0918,34.8291],[136.0919,34.8292],[136.0924,34.8296],[136.0927,34.8301],[136.0933,34.8328],[136.0934,34.8334],[136.0933,34.834],[136.093,34.8345],[136.0938,34.8347],[136.0944,34.8349],[136.095,34.8353],[136.0965,34.8371],[136.0993,34.8365],[136.0999,34.8364],[136.1006,34.8364],[136.1012,34.8366],[136.1018,34.8368],[136.1023,34.8371],[136.103,34.8378],[136.1046,34.8379],[136.1052,34.838],[136.1059,34.8382],[136.1064,34.8384],[136.1069,34.8388],[136.1073,34.8393],[136.1079,34.8409],[136.108,34.8409],[136.1085,34.8412],[136.1089,34.8416],[136.1104,34.8441],[136.1106,34.8446],[136.111,34.8484],[136.1114,34.8491],[136.1116,34.8497],[136.1116,34.8521],[136.1121,34.8527],[136.114,34.8534],[136.1172,34.8532],[136.1178,34.8532],[136.1184,34.8533],[136.1189,34.8535],[136.1194,34.8538],[136.1199,34.8541],[136.1202,34.8545],[136.1208,34.8557],[136.1221,34.8564],[136.1226,34.8567],[136.123,34.857],[136.1234,34.8577],[136.1265,34.8587],[136.127,34.8589],[136.1285,34.86],[136.129,34.8604],[136.1293,34.8608],[136.1295,34.8613],[136.1297,34.8618],[136.1296,34.8623],[136.1295,34.8629],[136.1272,34.8663],[136.1274,34.8666],[136.1288,34.8688],[136.129,34.8693],[136.1291,34.8698],[136.1291,34.8703],[136.129,34.8708],[136.1273,34.8735],[136.127,34.874],[136.1265,34.8744],[136.1259,34.8747],[136.1229,34.8754],[136.1222,34.8754],[136.1215,34.8754],[136.1208,34.8752],[136.1183,34.8739],[136.1174,34.8743],[136.1168,34.8745],[136.1161,34.8747],[136.1155,34.8747],[136.1148,34.8746],[136.1142,34.8743],[136.1136,34.874],[136.112,34.8724],[136.1111,34.8727],[136.1105,34.8728],[136.1099,34.8728],[136.1093,34.8727],[136.1086,34.8724],[136.106,34.8729],[136.1052,34.8729],[136.1031,34.8725],[136.1015,34.8728],[136.1014,34.873],[136.1011,34.8735],[136.1007,34.874],[136.0976,34.8758],[136.097,34.8761],[136.0964,34.8763],[136.0942,34.8763],[136.0924,34.8775],[136.0919,34.8778],[136.0901,34.8783],[136.0906,34.8785],[136.0912,34.8788],[136.0916,34.8792],[136.092,34.8797],[136.0928,34.8818],[136.0929,34.8823],[136.0928,34.8829],[136.0927,34.8835],[136.0908,34.8859],[136.094,34.8852],[136.0946,34.8851],[136.0952,34.8851],[136.0959,34.8853],[136.1,34.8872],[136.1006,34.8875],[136.101,34.888],[136.1014,34.8884],[136.1018,34.8897],[136.1024,34.8902],[136.1028,34.8907],[136.1042,34.8937],[136.1046,34.8939],[136.1078,34.8964],[136.1082,34.8968],[136.1088,34.8978],[136.1107,34.8983],[136.1118,34.8964],[136.1116,34.896],[136.1113,34.8955],[136.1112,34.8949],[136.1112,34.8944],[136.1113,34.8938],[136.1135,34.8908],[136.1138,34.8904],[136.1143,34.89],[136.1148,34.8898],[136.1153,34.8896],[136.1159,34.8895],[136.1165,34.8895],[136.1172,34.8896],[136.1187,34.8867],[136.119,34.8863],[136.1195,34.8859],[136.12,34.8856],[136.1205,34.8854],[136.1211,34.8852],[136.1217,34.8852],[136.1224,34.8852],[136.123,34.8854],[136.1236,34.8857],[136.1252,34.8836],[136.1256,34.8831],[136.1297,34.8809],[136.1303,34.8806],[136.1309,34.8805],[136.1315,34.8804],[136.1321,34.8805],[136.1327,34.8806],[136.1366,34.8826],[136.1372,34.8829],[136.1376,34.8834],[136.1384,34.8847],[136.1398,34.8843],[136.1413,34.8836],[136.1414,34.8832],[136.1417,34.8828],[136.142,34.8823],[136.1424,34.882],[136.1468,34.8797],[136.1474,34.8795],[136.148,34.8794],[136.1486,34.8793],[136.1493,34.8794],[136.1532,34.8807],[136.1537,34.881],[136.155,34.8819],[136.1596,34.8821],[136.1602,34.8821],[136.1608,34.8823],[136.1613,34.8826],[136.1618,34.8829],[136.1622,34.8833],[136.1625,34.8838],[136.1627,34.8845],[136.165,34.8845],[136.1657,34.8846],[136.1668,34.8849],[136.1685,34.8843],[136.1691,34.8841],[136.1698,34.884],[136.1705,34.884],[136.1724,34.8846],[136.1757,34.8842],[136.1756,34.8842],[136.1753,34.8837],[136.1751,34.8832],[136.175,34.8827],[136.175,34.8822],[136.176,34.8797],[136.1764,34.8792],[136.1799,34.8763],[136.1804,34.8759],[136.181,34.8757],[136.1817,34.8755],[136.1857,34.8756],[136.1858,34.8752],[136.186,34.8747],[136.1864,34.8743],[136.1868,34.874],[136.1869,34.8739],[136.1868,34.8737],[136.1868,34.8731],[136.1869,34.8726],[136.1872,34.8721],[136.1876,34.8716],[136.1881,34.8712],[136.1906,34.8701],[136.1912,34.8699],[136.1918,34.8698],[136.1938,34.87],[136.1943,34.8697],[136.1953,34.8685],[136.1956,34.8681],[136.196,34.8677],[136.1965,34.8675],[136.1971,34.8673],[136.2001,34.8669],[136.2003,34.8667],[136.2008,34.8663],[136.2014,34.866],[136.202,34.8658],[136.2027,34.8657],[136.2053,34.866],[136.2076,34.8656],[136.2099,34.864],[136.2105,34.8636],[136.2161,34.8625],[136.2167,34.8624],[136.2169,34.8624],[136.2172,34.862],[136.2176,34.8616],[136.2181,34.8612],[136.2187,34.8609],[136.2193,34.8607],[136.2223,34.8606],[136.2233,34.8598],[136.2237,34.8596],[136.2265,34.8585],[136.2271,34.8583],[136.2278,34.8583],[136.2285,34.8583],[136.2298,34.8587],[136.2323,34.8583],[136.233,34.8582],[136.2343,34.8584],[136.2349,34.8579],[136.2353,34.8576],[136.2358,34.8573],[136.2363,34.8572],[136.2406,34.8566],[136.2426,34.8569],[136.247,34.8562],[136.2493,34.8553],[136.2499,34.8551],[136.2506,34.855],[136.2548,34.8556],[136.2553,34.8558],[136.2559,34.856],[136.2563,34.8563],[136.2567,34.8567],[136.2571,34.8572],[136.2596,34.8585],[136.2652,34.8603],[136.2694,34.8621],[136.27,34.8624],[136.2714,34.8639],[136.2718,34.8643],[136.272,34.8648],[136.2721,34.8665],[136.2727,34.8665],[136.2732,34.8666],[136.2738,34.8667],[136.2743,34.8669],[136.2782,34.8698],[136.2787,34.8703],[136.2788,34.8706],[136.2797,34.8695],[136.2802,34.8691],[136.2808,34.8687],[136.2882,34.867],[136.2888,34.8669],[136.2894,34.8669],[136.2899,34.867],[136.2985,34.8703],[136.2991,34.8706],[136.2996,34.871],[136.301,34.8731],[136.3015,34.8727],[136.3021,34.8725],[136.3027,34.8723],[136.3033,34.8723],[136.3056,34.8725],[136.3062,34.8727],[136.3067,34.8729],[136.3123,34.8771],[136.3127,34.8775],[136.313,34.8778],[136.3138,34.878],[136.3144,34.8782],[136.3149,34.8785],[136.3153,34.8788],[136.3157,34.8792],[136.316,34.8796],[136.3169,34.8835],[136.317,34.8839],[136.3168,34.8852],[136.3182,34.8857],[136.3187,34.8859],[136.3202,34.8868],[136.322,34.8867],[136.3226,34.8867],[136.3236,34.8869],[136.3244,34.8865],[136.325,34.8862],[136.3256,34.886],[136.3263,34.8859],[136.327,34.886],[136.3276,34.8862],[136.3282,34.8864],[136.3324,34.89],[136.3361,34.8907],[136.3367,34.8908],[136.3405,34.8928],[136.343,34.893],[136.3445,34.8924],[136.3451,34.8922],[136.3457,34.892],[136.3464,34.892],[136.347,34.8921],[136.3476,34.8923],[136.3516,34.895],[136.352,34.8953],[136.3524,34.8957],[136.3528,34.8967],[136.3582,34.8979],[136.3587,34.898],[136.3593,34.8983],[136.3616,34.9002],[136.362,34.9006],[136.3628,34.9022],[136.3629,34.9023],[136.3662,34.9023],[136.3668,34.9024],[136.3674,34.9025],[136.368,34.9028],[136.3685,34.9031],[136.3689,34.9036],[136.3692,34.904],[136.3693,34.9046],[136.3693,34.9084],[136.3692,34.909],[136.369,34.9095],[136.3686,34.9099],[136.3682,34.9103],[136.3681,34.9111],[136.3681,34.9112],[136.3706,34.9129],[136.3711,34.9133],[136.3714,34.9137],[136.3717,34.9143],[136.3718,34.9148],[136.3718,34.9153],[136.3716,34.9159],[136.3708,34.9171],[136.3712,34.9187],[136.3713,34.9191],[136.3713,34.9196],[136.3712,34.9201],[136.371,34.9204],[136.3719,34.9209],[136.3743,34.9211],[136.3749,34.9212],[136.3755,34.9214],[136.376,34.9217],[136.3764,34.9221],[136.3768,34.9225],[136.377,34.923],[136.3772,34.9235],[136.377,34.9256],[136.3769,34.9261],[136.3767,34.9266],[136.376,34.9274],[136.3761,34.9278],[136.3762,34.9283],[136.3762,34.9288],[136.3751,34.9319],[136.3752,34.9331],[136.3753,34.9332],[136.3777,34.9362],[136.378,34.9367],[136.3786,34.9395],[136.3786,34.94],[136.3786,34.9404],[136.3784,34.9409],[136.3781,34.9413],[136.3774,34.9421],[136.379,34.9432],[136.3799,34.9435],[136.3805,34.9437],[136.3811,34.944],[136.383,34.9463],[136.3867,34.9489],[136.3876,34.95],[136.3886,34.9494],[136.3891,34.9492],[136.3923,34.9485],[136.3929,34.9484],[136.3934,34.9484],[136.3957,34.9488],[136.3962,34.949],[136.3967,34.9492],[136.3972,34.9496],[136.3975,34.9499],[136.3994,34.9534],[136.3996,34.9539],[136.3997,34.9567],[136.4005,34.9579],[136.402,34.9593],[136.4024,34.9597],[136.4026,34.9601],[136.4028,34.9606],[136.4028,34.9611],[136.4027,34.962],[136.4044,34.9631],[136.406,34.9648],[136.4063,34.9652],[136.4065,34.9656],[136.4066,34.9661],[136.4065,34.9683],[136.4069,34.9687],[136.4092,34.9699],[136.4097,34.9702],[136.4101,34.9706],[136.4105,34.9711],[136.4107,34.9716],[136.4108,34.9726],[136.4113,34.9731],[136.4155,34.9758],[136.4159,34.9761],[136.4186,34.9793],[136.4189,34.9798],[136.4191,34.9803],[136.4192,34.9808],[136.4185,34.9838],[136.4193,34.9877],[136.4194,34.9882],[136.4189,34.9902],[136.4194,34.9911],[136.4196,34.9916],[136.4196,34.9922],[136.4196,34.9927],[136.4193,34.9933],[136.419,34.9937],[136.4176,34.9949],[136.4181,34.9953],[136.4201,34.9958],[136.4207,34.996],[136.4236,34.998],[136.424,34.9984],[136.4243,34.9989],[136.4246,34.9994],[136.4246,34.9999],[136.4243,35.0025],[136.4241,35.003],[136.4238,35.0035],[136.4233,35.004],[136.4234,35.0051],[136.4234,35.0056],[136.4232,35.0061],[136.422,35.0078],[136.4218,35.0095],[136.4216,35.01],[136.4202,35.012],[136.4202,35.0142],[136.4214,35.0154],[136.4217,35.0159],[136.422,35.0164],[136.422,35.017],[136.422,35.0175],[136.4216,35.0184],[136.4227,35.0189],[136.4232,35.0191],[136.4237,35.0194],[136.424,35.0198],[136.4243,35.0202],[136.4245,35.0207],[136.4247,35.0234],[136.4258,35.0271],[136.4267,35.0285],[136.427,35.029],[136.4271,35.0295],[136.4271,35.0301],[136.427,35.0306],[136.4267,35.0311],[136.4263,35.0316],[136.4258,35.0319],[136.4252,35.0322],[136.4246,35.0324],[136.4216,35.0325],[136.4215,35.0329],[136.4202,35.0347],[136.4198,35.0372],[136.4203,35.039],[136.4204,35.0396],[136.4204,35.0401],[136.4202,35.0406],[136.4201,35.0407],[136.4204,35.041],[136.4208,35.0415],[136.421,35.042],[136.421,35.0462],[136.4215,35.0472],[136.4216,35.0478],[136.4216,35.0481],[136.4237,35.049],[136.4243,35.0493],[136.4247,35.0496],[136.4251,35.0501],[136.4253,35.0505],[136.4259,35.0534],[136.4263,35.054],[136.4281,35.0537],[136.4288,35.0537],[136.4294,35.0537],[136.43,35.0539],[136.4306,35.0541],[136.4311,35.0545],[136.433,35.0567],[136.4337,35.0568],[136.4343,35.0569],[136.4349,35.057],[136.4354,35.0573],[136.4358,35.0577],[136.4362,35.0581],[136.4364,35.0585],[136.4366,35.059],[136.4366,35.0599],[136.4399,35.062],[136.4401,35.0619],[136.4408,35.0619],[136.4414,35.0619],[136.4421,35.062],[136.4427,35.0622],[136.4432,35.0626],[136.4437,35.063],[136.444,35.0634],[136.4448,35.0661],[136.4449,35.0666],[136.4442,35.0706],[136.4441,35.071],[136.4432,35.0727],[136.4435,35.0735],[136.4436,35.074],[136.4437,35.0746],[136.4435,35.0751],[136.4427,35.0766],[136.4423,35.0771],[136.4402,35.0787],[136.4391,35.0807],[136.4392,35.0807],[136.4397,35.0809],[136.4402,35.0812],[136.4424,35.0831],[136.4438,35.0839],[136.4444,35.0842],[136.4448,35.0846],[136.4451,35.0851],[136.4453,35.0856],[136.4454,35.0862],[136.4453,35.0867],[136.4428,35.0915],[136.4425,35.092],[136.4423,35.0921],[136.4427,35.0925],[136.4429,35.0931],[136.4429,35.0937],[136.4421,35.0963],[136.4428,35.0982],[136.4445,35.0999],[136.4448,35.1003],[136.4451,35.1008],[136.4452,35.1013],[136.4452,35.1018],[136.4447,35.1033],[136.4451,35.1045],[136.4452,35.105],[136.4451,35.1055],[136.4444,35.1076],[136.4455,35.1098],[136.4457,35.1103],[136.4458,35.1108],[136.4458,35.1113],[136.4444,35.1144],[136.4436,35.1153],[136.4463,35.1167],[136.4469,35.1171],[136.4473,35.1176],[136.4488,35.1208],[136.4502,35.1218],[136.4506,35.1222],[136.451,35.1227],[136.4512,35.1232],[136.4513,35.1237],[136.4513,35.1243],[136.4511,35.1248],[136.4508,35.1253],[136.447,35.1285],[136.4466,35.1288],[136.4419,35.1309],[136.4402,35.1312],[136.4399,35.1314],[136.441,35.1352],[136.4419,35.1359],[136.4441,35.1365],[136.4446,35.1367],[136.4451,35.137],[136.4456,35.1374],[136.4459,35.1379],[136.4472,35.1415],[136.4473,35.1419],[136.4473,35.1424],[136.4466,35.1449],[136.4475,35.1464],[136.4477,35.147],[136.4501,35.1468],[136.4507,35.1468],[136.4513,35.1469],[136.4519,35.1471],[136.4524,35.1473],[136.454,35.1487],[136.4567,35.1501],[136.4572,35.1504],[136.4577,35.1508],[136.458,35.1513],[136.4582,35.1518],[136.4583,35.1523],[136.4572,35.1583],[136.457,35.1588],[136.4569,35.1591],[136.4575,35.1601],[136.4578,35.1606],[136.4579,35.1611],[136.4578,35.1627],[136.4577,35.1632],[136.4565,35.1653]]]},"properties":{"prefectureName":"滋賀県","prefectureCode":"25"}},
{"type":"Feature","geometry":{"type":"MultiPolygon","coordinates":[[[[134.8617,35.6497],[134.8621,35.6493],[134.863,35.6488],[134.8639,35.6484],[134.8635,35.648],[134.8631,35.6475],[134.8625,35.6457],[134.8625,35.6449],[134.8626,35.6443],[134.8632,35.6433],[134.8635,35.643],[134.8637,35.6421],[134.8636,35.642],[134.8632,35.6416],[134.8626,35.6403],[134.8624,35.6398],[134.8624,35.6393],[134.8625,35.6387],[134.8625,35.6382],[134.8628,35.637],[134.8634,35.6359],[134.8643,35.635],[134.8644,35.6348],[134.8647,35.6345],[134.8654,35.634],[134.866,35.6337],[134.8667,35.6335],[134.8675,35.6334],[134.8674,35.633],[134.8672,35.6326],[134.8671,35.6321],[134.867,35.6316],[134.8672,35.6303],[134.8676,35.6295],[134.8678,35.6278],[134.8683,35.6264],[134.8687,35.6258],[134.8685,35.625],[134.8687,35.6244],[134.8689,35.6238],[134.8695,35.6229],[134.8696,35.6224],[134.8698,35.6219],[134.8702,35.6212],[134.8695,35.6197],[134.8693,35.619],[134.8692,35.6189],[134.8689,35.6184],[134.8688,35.6175],[134.8687,35.6174],[134.8679,35.6173],[134.8672,35.6172],[134.8666,35.617],[134.866,35.6166],[134.8657,35.6163],[134.865,35.6159],[134.8645,35.6155],[134.8641,35.6151],[134.8638,35.6146],[134.8634,35.6123],[134.8634,35.6118],[134.8635,35.6114],[134.8638,35.6108],[134.8639,35.6103],[134.8639,35.6097],[134.864,35.6091],[134.8638,35.6088],[134.8632,35.6079],[134.863,35.6073],[134.8629,35.6065],[134.863,35.606],[134.8633,35.6051],[134.8633,35.605],[134.8633,35.6049],[134.8628,35.6039],[134.8626,35.6035],[134.8625,35.6031],[134.8627,35.602],[134.8624,35.6011],[134.8623,35.6002],[134.8618,35.5996],[134.8617,35.5994],[134.8608,35.5992],[134.8601,35.5989],[134.8596,35.5986],[134.8592,35.5983],[134.8588,35.5979],[134.8583,35.5968],[134.857,35.5962],[134.8569,35.5962],[134.8558,35.5962],[134.8553,35.5961],[134.8545,35.5959],[134.854,35.5957],[134.8535,35.5954],[134.8526,35.5945],[134.8522,35.5941],[134.852,35.5937],[134.8519,35.5932],[134.8519,35.5927],[134.852,35.5922],[134.8522,35.5918],[134.8514,35.5909],[134.8512,35.5906],[134.8509,35.5902],[134.8508,35.5897],[134.8507,35.5885],[134.8508,35.588],[134.8511,35.5875],[134.8516,35.5868],[134.8521,35.5864],[134.8526,35.5861],[134.8527,35.586],[134.8537,35.5849],[134.8541,35.5846],[134.8546,35.5843],[134.8552,35.5841],[134.8558,35.5839],[134.8564,35.5839],[134.857,35.584],[134.8574,35.5841],[134.8575,35.584],[134.8591,35.5841],[134.8591,35.5839],[134.8592,35.5834],[134.8594,35.5829],[134.8598,35.5824],[134.8602,35.582],[134.8607,35.5817],[134.8612,35.5815],[134.8618,35.5813],[134.8619,35.5813],[134.8633,35.5796],[134.8637,35.5792],[134.8641,35.5789],[134.8655,35.5783],[134.8649,35.5769],[134.8647,35.5764],[134.8647,35.5759],[134.8647,35.5754],[134.8649,35.5749],[134.8652,35.5745],[134.8656,35.5741],[134.8661,35.5738],[134.8666,35.5735],[134.8695,35.5729],[134.8701,35.5728],[134.8707,35.5728],[134.8713,35.5729],[134.8714,35.573],[134.8734,35.572],[134.8757,35.5691],[134.876,35.5687],[134.8771,35.568],[134.8776,35.5673],[134.8774,35.5668],[134.8773,35.5663],[134.8778,35.5636],[134.878,35.5631],[134.8782,35.5626],[134.8786,35.5622],[134.8791,35.5618],[134.8811,35.561],[134.8812,35.561],[134.8816,35.5605],[134.885,35.5583],[134.8856,35.558],[134.8875,35.5575],[134.8882,35.5575],[134.8889,35.5575],[134.8896,35.5577],[134.8897,35.5577],[134.89,35.5575],[134.8952,35.5556],[134.8979,35.5543],[134.8981,35.5537],[134.8982,35.5533],[134.8996,35.5511],[134.8998,35.5491],[134.8999,35.5486],[134.9002,35.5482],[134.9005,35.5478],[134.9009,35.5474],[134.9014,35.5471],[134.9042,35.5461],[134.9043,35.5458],[134.9046,35.5453],[134.905,35.5449],[134.9055,35.5445],[134.906,35.5442],[134.9067,35.5441],[134.9097,35.5439],[134.9115,35.5432],[134.9116,35.5418],[134.9116,35.5413],[134.9118,35.5408],[134.9121,35.5403],[134.9125,35.5399],[134.913,35.5396],[134.9136,35.5394],[134.9152,35.539],[134.9158,35.5384],[134.9144,35.5356],[134.9142,35.5351],[134.9141,35.5347],[134.9142,35.5342],[134.9148,35.5323],[134.9148,35.5317],[134.9146,35.5317],[134.914,35.5314],[134.9134,35.5311],[134.9129,35.5307],[134.9126,35.5303],[134.9119,35.5284],[134.9118,35.5278],[134.9119,35.5273],[134.9121,35.5267],[134.9124,35.5262],[134.9159,35.5233],[134.9173,35.5219],[134.9177,35.5214],[134.9183,35.5211],[134.9199,35.5207],[134.92,35.5162],[134.9201,35.5157],[134.9203,35.5153],[134.9206,35.5148],[134.9236,35.5122],[134.9237,35.5118],[134.924,35.5113],[134.9243,35.5109],[134.9247,35.5105],[134.9253,35.5102],[134.929,35.5091],[134.9297,35.509],[134.9304,35.509],[134.931,35.5091],[134.9339,35.5103],[134.9353,35.5099],[134.9359,35.5098],[134.9365,35.5097],[134.9371,35.5098],[134.9421,35.5113],[134.9428,35.5111],[134.9435,35.5109],[134.9441,35.5109],[134.9448,35.5109],[134.9454,35.5111],[134.9459,35.5114],[134.9466,35.5119],[134.948,35.5121],[134.9524,35.5119],[134.9531,35.5119],[134.9537,35.512],[134.9543,35.5122],[134.9548,35.5125],[134.9553,35.5116],[134.9558,35.5112],[134.9563,35.5108],[134.9569,35.5105],[134.9576,35.5103],[134.9608,35.5103],[134.9614,35.5104],[134.962,35.5105],[134.9653,35.5123],[134.9658,35.5126],[134.9661,35.513],[134.9664,35.5134],[134.968,35.5178],[134.9681,35.5178],[134.9687,35.518],[134.9692,35.5183],[134.9706,35.5197],[134.9724,35.5204],[134.973,35.5206],[134.9735,35.521],[134.9739,35.5214],[134.9743,35.5221],[134.9744,35.5222],[134.9784,35.5214],[134.9791,35.5213],[134.9798,35.5213],[134.9805,35.5215],[134.9811,35.5217],[134.9832,35.5235],[134.9837,35.524],[134.9848,35.5265],[134.9857,35.5269],[134.9882,35.5268],[134.9888,35.5269],[134.9894,35.527],[134.9899,35.5272],[134.9904,35.5275],[134.9909,35.5279],[134.9912,35.5283],[134.9916,35.5293],[134.9934,35.5299],[134.9939,35.5301],[134.9944,35.5304],[134.9948,35.5307],[134.9954,35.5317],[134.9961,35.5317],[134.9976,35.5323],[135.0008,35.5317],[135.0015,35.5316],[135.0022,35.5317],[135.0046,35.5325],[135.0059,35.5316],[135.0064,35.5313],[135.007,35.5311],[135.0076,35.531],[135.0082,35.5309],[135.0088,35.531],[135.0094,35.5312],[135.0118,35.5325],[135.0144,35.5333],[135.0149,35.5334],[135.0154,35.5337],[135.0158,35.534],[135.0164,35.5347],[135.0184,35.5353],[135.0225,35.5359],[135.0243,35.5359],[135.025,35.5359],[135.0256,35.536],[135.0283,35.5374],[135.0289,35.5375],[135.0293,35.5372],[135.0298,35.5369],[135.0303,35.5367],[135.0309,35.5366],[135.0315,35.5365],[135.0336,35.5368],[135.0329,35.5341],[135.0329,35.5306],[135.033,35.53],[135.0332,35.5294],[135.0354,35.5272],[135.0358,35.5268],[135.0363,35.5265],[135.0365,35.5265],[135.0366,35.5263],[135.0364,35.5256],[135.0363,35.5251],[135.0363,35.5245],[135.0365,35.524],[135.0367,35.5235],[135.0371,35.5231],[135.0375,35.5228],[135.0375,35.5217],[135.0376,35.5211],[135.0378,35.5206],[135.0381,35.5201],[135.04,35.5186],[135.0402,35.5178],[135.0397,35.5163],[135.0396,35.5159],[135.0395,35.5154],[135.0401,35.5131],[135.0398,35.5123],[135.0396,35.5117],[135.0396,35.5111],[135.0403,35.5091],[135.0405,35.5087],[135.0409,35.5083],[135.041,35.5082],[135.0402,35.5075],[135.0398,35.5072],[135.0388,35.5058],[135.0363,35.5048],[135.0358,35.5045],[135.0353,35.5042],[135.035,35.5038],[135.0347,35.5033],[135.0345,35.5029],[135.0345,35.5028],[135.0328,35.5017],[135.0301,35.4995],[135.0297,35.4991],[135.0294,35.4986],[135.0292,35.4981],[135.0291,35.4976],[135.0292,35.4971],[135.0293,35.4966],[135.0296,35.4962],[135.03,35.4958],[135.0335,35.4936],[135.0341,35.4934],[135.039,35.4924],[135.0391,35.4924],[135.0388,35.4919],[135.0386,35.4914],[135.0385,35.4908],[135.0388,35.4891],[135.0371,35.4831],[135.0371,35.483],[135.0354,35.4829],[135.0348,35.4828],[135.0342,35.4826],[135.0336,35.4824],[135.0332,35.482],[135.0328,35.4816],[135.0325,35.4811],[135.0318,35.4771],[135.032,35.4747],[135.0322,35.4742],[135.0324,35.4738],[135.0327,35.4733],[135.0331,35.473],[135.0336,35.4727],[135.0342,35.4724],[135.0348,35.4723],[135.0354,35.4723],[135.0361,35.4723],[135.0369,35.4726],[135.0376,35.4724],[135.0377,35.4723],[135.0377,35.4694],[135.0386,35.4667],[135.0388,35.4662],[135.0391,35.4658],[135.0407,35.4646],[135.0409,35.4639],[135.0406,35.4636],[135.0403,35.4631],[135.0402,35.4626],[135.0402,35.4621],[135.0403,35.4616],[135.0416,35.459],[135.0421,35.4548],[135.0422,35.4544],[135.0424,35.4539],[135.0427,35.4535],[135.0441,35.4523],[135.0443,35.4517],[135.0447,35.4512],[135.0469,35.4493],[135.0473,35.4479],[135.0471,35.4466],[135.047,35.446],[135.0481,35.4431],[135.0469,35.4419],[135.0465,35.4414],[135.0462,35.4409],[135.0461,35.4404],[135.0462,35.4391],[135.0448,35.4361],[135.0447,35.4356],[135.0447,35.4352],[135.0451,35.4325],[135.0443,35.4313],[135.044,35.4309],[135.0438,35.4304],[135.0438,35.4299],[135.0439,35.4294],[135.0441,35.4288],[135.044,35.4286],[135.0438,35.4281],[135.0436,35.4276],[135.0437,35.427],[135.0442,35.4257],[135.0438,35.4245],[135.0437,35.424],[135.0438,35.4235],[135.0439,35.4231],[135.0463,35.4194],[135.0468,35.4171],[135.0466,35.4164],[135.0465,35.4159],[135.0468,35.4141],[135.0459,35.4126],[135.0456,35.4121],[135.0455,35.4117],[135.0455,35.4112],[135.0454,35.4112],[135.0415,35.4115],[135.04,35.4121],[135.0394,35.4123],[135.0389,35.4124],[135.0359,35.4124],[135.0303,35.4128],[135.0296,35.4128],[135.029,35.4126],[135.0283,35.4124],[135.0278,35.4121],[135.0273,35.4116],[135.0263,35.4097],[135.0261,35.4091],[135.0263,35.407],[135.0262,35.407],[135.0257,35.4067],[135.0235,35.4043],[135.0216,35.4032],[135.0212,35.4029],[135.0208,35.4025],[135.0184,35.398],[135.017,35.3962],[135.0168,35.3962],[135.0159,35.3965],[135.0152,35.3967],[135.0145,35.3968],[135.0138,35.3968],[135.0116,35.3961],[135.0111,35.3958],[135.0107,35.3955],[135.0103,35.3952],[135.0098,35.3944],[135.0093,35.3944],[135.0086,35.3943],[135.0071,35.3935],[135.005,35.3933],[135.0045,35.3932],[135.0039,35.3931],[135.0034,35.3928],[135.0029,35.3925],[135.0026,35.3921],[135.0017,35.3903],[135.0005,35.3895],[135,35.3894],[134.9983,35.3897],[134.9976,35.3898],[134.9917,35.3887],[134.9904,35.3899],[134.9915,35.3915],[134.9917,35.392],[134.9919,35.3924],[134.9919,35.3929],[134.9918,35.3934],[134.991,35.3952],[134.9907,35.3957],[134.9902,35.3962],[134.9887,35.3969],[134.9885,35.3972],[134.9882,35.3978],[134.9877,35.3982],[134.9824,35.4007],[134.9818,35.4009],[134.9813,35.401],[134.9772,35.401],[134.9766,35.4013],[134.9761,35.4015],[134.9755,35.4016],[134.9723,35.4016],[134.968,35.4049],[134.9672,35.407],[134.9669,35.4075],[134.9652,35.4091],[134.9607,35.4114],[134.9601,35.4116],[134.9595,35.4118],[134.9589,35.4118],[134.9555,35.4113],[134.953,35.4124],[134.9529,35.4126],[134.9526,35.413],[134.9521,35.4134],[134.9479,35.4156],[134.9473,35.4158],[134.9467,35.416],[134.946,35.416],[134.9454,35.4159],[134.9448,35.4158],[134.9442,35.4155],[134.9429,35.4144],[134.9423,35.4143],[134.9417,35.4142],[134.9382,35.4127],[134.9377,35.4125],[134.9356,35.4105],[134.9334,35.41],[134.9328,35.4098],[134.9301,35.408],[134.9297,35.4076],[134.9293,35.4072],[134.9282,35.4042],[134.9281,35.4038],[134.9282,35.4025],[134.9267,35.4021],[134.9261,35.4019],[134.9256,35.4016],[134.9252,35.4013],[134.9248,35.4008],[134.9246,35.4004],[134.9241,35.3978],[134.9236,35.397],[134.9233,35.397],[134.9226,35.3969],[134.922,35.3967],[134.9214,35.3964],[134.9209,35.3961],[134.9205,35.3956],[134.9203,35.3951],[134.9197,35.3914],[134.9197,35.3909],[134.9198,35.3904],[134.9224,35.3855],[134.9227,35.3851],[134.9232,35.3847],[134.9231,35.3827],[134.9231,35.3822],[134.9232,35.3818],[134.9238,35.3808],[134.9236,35.3785],[134.9222,35.3771],[134.9219,35.3767],[134.9205,35.3736],[134.9176,35.3697],[134.9173,35.3692],[134.9172,35.3687],[134.9172,35.3674],[134.916,35.3657],[134.9158,35.3653],[134.9157,35.3648],[134.9156,35.3643],[134.9157,35.3639],[134.9177,35.3599],[134.9193,35.3551],[134.9198,35.3543],[134.9182,35.3535],[134.9165,35.352],[134.9161,35.3516],[134.9158,35.3512],[134.9156,35.3507],[134.9155,35.3475],[134.9151,35.3473],[134.9147,35.3469],[134.9144,35.3465],[134.9141,35.346],[134.914,35.3455],[134.914,35.345],[134.9141,35.3445],[134.9146,35.3437],[134.9139,35.3406],[134.9139,35.3401],[134.914,35.3396],[134.9141,35.3391],[134.9144,35.3387],[134.9148,35.3383],[134.919,35.3358],[134.9194,35.3355],[134.9233,35.3345],[134.9236,35.334],[134.9246,35.3305],[134.9242,35.3297],[134.9223,35.3278],[134.9219,35.3274],[134.9216,35.3268],[134.9215,35.3263],[134.9215,35.3257],[134.9217,35.3252],[134.9225,35.324],[134.9225,35.3234],[134.9186,35.3189],[134.9183,35.3185],[134.9181,35.3181],[134.918,35.3176],[134.9183,35.3149],[134.9184,35.3144],[134.9186,35.314],[134.922,35.3101],[134.9225,35.3097],[134.923,35.3094],[134.9277,35.3079],[134.9325,35.3055],[134.933,35.3053],[134.9335,35.3051],[134.9374,35.3049],[134.9382,35.305],[134.9412,35.3059],[134.9422,35.3058],[134.9432,35.3053],[134.9439,35.3032],[134.9442,35.3027],[134.9446,35.3022],[134.9451,35.3018],[134.9457,35.3015],[134.9492,35.3008],[134.9504,35.3002],[134.9517,35.2987],[134.9521,35.2983],[134.9527,35.298],[134.9554,35.2972],[134.9582,35.2957],[134.9589,35.2954],[134.9596,35.2952],[134.9634,35.2954],[134.9643,35.2953],[134.9649,35.2946],[134.9654,35.2941],[134.9659,35.2938],[134.9666,35.2935],[134.9757,35.2924],[134.9788,35.2917],[134.9813,35.2904],[134.9818,35.2902],[134.9824,35.2901],[134.9855,35.2899],[134.9897,35.2879],[134.9903,35.2874],[134.9907,35.287],[134.9912,35.2867],[134.9917,35.2865],[134.9923,35.2864],[134.9929,35.2864],[134.9967,35.2869],[135.0021,35.2834],[135.0027,35.2831],[135.0034,35.2829],[135.006,35.2829],[135.0072,35.282],[135.0083,35.2804],[135.0082,35.2803],[135.0082,35.2798],[135.0086,35.2767],[135.0073,35.2748],[135.0062,35.2716],[135.0061,35.2711],[135.0061,35.2706],[135.0062,35.2701],[135.0065,35.2697],[135.0079,35.2681],[135.0083,35.2677],[135.0089,35.2674],[135.0145,35.266],[135.0151,35.2659],[135.0157,35.2659],[135.0169,35.2662],[135.0171,35.266],[135.0201,35.2644],[135.0207,35.2642],[135.0211,35.2641],[135.0214,35.2637],[135.0218,35.2633],[135.0222,35.2629],[135.0228,35.2627],[135.0233,35.2625],[135.024,35.2625],[135.0264,35.2627],[135.0337,35.2603],[135.0348,35.2591],[135.0353,35.2587],[135.0358,35.2584],[135.0364,35.2581],[135.037,35.258],[135.0377,35.258],[135.0383,35.2581],[135.0413,35.2592],[135.042,35.2596],[135.043,35.2606],[135.0433,35.2604],[135.0438,35.2602],[135.0488,35.2593],[135.0495,35.2593],[135.0501,35.2593],[135.0526,35.2601],[135.0525,35.2596],[135.0525,35.259],[135.0527,35.2585],[135.0547,35.256],[135.0547,35.2549],[135.0548,35.2544],[135.055,35.2539],[135.0573,35.2509],[135.0577,35.2505],[135.0573,35.2494],[135.0573,35.2489],[135.0573,35.2484],[135.0575,35.2479],[135.0577,35.2474],[135.0581,35.247],[135.0586,35.2466],[135.0609,35.2456],[135.0612,35.2454],[135.0614,35.2435],[135.0612,35.2422],[135.0612,35.2417],[135.0613,35.2411],[135.0615,35.2406],[135.0644,35.2377],[135.0647,35.2367],[135.0649,35.2362],[135.0652,35.2358],[135.0656,35.2354],[135.0661,35.2351],[135.0667,35.2348],[135.0673,35.2347],[135.068,35.2347],[135.0686,35.2347],[135.0692,35.2349],[135.0718,35.2363],[135.0741,35.237],[135.0746,35.2373],[135.0751,35.2375],[135.0768,35.2392],[135.0771,35.2398],[135.0776,35.2414],[135.0787,35.2418],[135.0797,35.2416],[135.0804,35.2415],[135.0811,35.2416],[135.0817,35.2418],[135.0823,35.242],[135.0853,35.2445],[135.0858,35.245],[135.088,35.2508],[135.0882,35.2509],[135.0888,35.251],[135.0913,35.2521],[135.0917,35.2524],[135.0921,35.2527],[135.094,35.2553],[135.0943,35.2559],[135.0944,35.2568],[135.0945,35.2569],[135.0958,35.2563],[135.0963,35.2561],[135.097,35.2559],[135.0976,35.2559],[135.0983,35.256],[135.1018,35.2573],[135.1023,35.2576],[135.1028,35.2579],[135.1042,35.2598],[135.1066,35.2615],[135.109,35.2628],[135.1093,35.2626],[135.1099,35.2622],[135.1183,35.2601],[135.1189,35.26],[135.1194,35.2599],[135.1212,35.2602],[135.1217,35.2599],[135.1222,35.2597],[135.1229,35.2596],[135.1251,35.2596],[135.1271,35.2585],[135.1277,35.2582],[135.1284,35.2581],[135.1291,35.258],[135.1318,35.2586],[135.1324,35.2587],[135.1329,35.259],[135.1361,35.2616],[135.1365,35.2622],[135.137,35.2615],[135.1374,35.2612],[135.1379,35.2608],[135.1407,35.2598],[135.1413,35.2596],[135.142,35.2596],[135.1455,35.2601],[135.1462,35.2603],[135.1473,35.2608],[135.1478,35.2606],[135.1555,35.2588],[135.1575,35.2572],[135.1579,35.2534],[135.1581,35.2529],[135.1583,35.2524],[135.1598,35.2509],[135.1597,35.2501],[135.1597,35.2496],[135.1599,35.249],[135.1602,35.2485],[135.1606,35.248],[135.162,35.2472],[135.1629,35.2455],[135.1637,35.2426],[135.1633,35.2405],[135.1629,35.2402],[135.1624,35.2398],[135.162,35.2394],[135.1618,35.2389],[135.1615,35.2374],[135.1603,35.2362],[135.1599,35.2357],[135.1589,35.2328],[135.1561,35.2325],[135.1555,35.2324],[135.1548,35.2322],[135.1543,35.2318],[135.1538,35.2314],[135.1517,35.2278],[135.1515,35.2274],[135.1514,35.2268],[135.1514,35.2263],[135.1516,35.2258],[135.1518,35.2254],[135.1522,35.2249],[135.1526,35.2246],[135.154,35.224],[135.1543,35.2233],[135.1546,35.2227],[135.1576,35.2204],[135.1594,35.2196],[135.1604,35.2185],[135.1608,35.2181],[135.1613,35.2178],[135.1619,35.2176],[135.1625,35.2174],[135.1672,35.2175],[135.1678,35.2175],[135.1683,35.2177],[135.1686,35.2169],[135.1688,35.2164],[135.1709,35.2139],[135.1712,35.2136],[135.1732,35.2124],[135.1737,35.2122],[135.1743,35.212],[135.175,35.2119],[135.1804,35.2125],[135.1808,35.2126],[135.1826,35.2104],[135.183,35.21],[135.1835,35.2097],[135.1849,35.2092],[135.185,35.209],[135.1856,35.2063],[135.1858,35.2058],[135.1862,35.2052],[135.1867,35.2048],[135.1881,35.2041],[135.189,35.2029],[135.1893,35.2025],[135.1898,35.2021],[135.1903,35.2019],[135.1908,35.2017],[135.1914,35.2016],[135.192,35.2016],[135.1926,35.2016],[135.1935,35.2019],[135.1939,35.2018],[135.1942,35.2015],[135.195,35.1998],[135.1956,35.197],[135.1956,35.1969],[135.1927,35.1968],[135.1921,35.1967],[135.1916,35.1965],[135.188,35.1947],[135.1875,35.1946],[135.1868,35.1945],[135.1863,35.1942],[135.1858,35.1939],[135.184,35.1917],[135.1837,35.1912],[135.1835,35.1907],[135.1834,35.1902],[135.1843,35.1866],[135.1844,35.1862],[135.1847,35.1858],[135.185,35.1854],[135.1863,35.1845],[135.1865,35.1839],[135.1857,35.1831],[135.1854,35.1827],[135.1851,35.1822],[135.185,35.1817],[135.1852,35.1785],[135.1837,35.1739],[135.1836,35.1734],[135.1836,35.173],[135.1841,35.1713],[135.1843,35.1708],[135.1846,35.1703],[135.1851,35.1699],[135.1857,35.1696],[135.1863,35.1694],[135.1909,35.169],[135.1915,35.1689],[135.1924,35.1691],[135.1945,35.1673],[135.1957,35.1668],[135.1957,35.1665],[135.1959,35.166],[135.1962,35.1655],[135.1977,35.1641],[135.1983,35.1637],[135.2012,35.1627],[135.2015,35.1623],[135.2016,35.1618],[135.2017,35.1613],[135.202,35.1608],[135.2042,35.1588],[135.2047,35.1584],[135.2053,35.1582],[135.2059,35.158],[135.2066,35.1579],[135.2112,35.1586],[135.2117,35.1587],[135.2138,35.1596],[135.2153,35.1591],[135.2158,35.159],[135.2165,35.1589],[135.2171,35.159],[135.2176,35.1591],[135.219,35.1597],[135.2227,35.1602],[135.2232,35.1603],[135.2238,35.1605],[135.2246,35.1611],[135.2251,35.1611],[135.2257,35.1611],[135.2263,35.1613],[135.2268,35.1615],[135.2285,35.1628],[135.2298,35.1633],[135.2304,35.1635],[135.2309,35.1638],[135.2313,35.1642],[135.2316,35.1647],[135.2318,35.1652],[135.232,35.1679],[135.2329,35.1707],[135.233,35.1713],[135.233,35.1718],[135.2343,35.1738],[135.2345,35.1742],[135.2347,35.1749],[135.2348,35.1749],[135.2351,35.1745],[135.2356,35.1742],[135.2361,35.1739],[135.2368,35.1737],[135.2374,35.1736],[135.242,35.1742],[135.2434,35.174],[135.2441,35.174],[135.2466,35.1744],[135.2492,35.1743],[135.2499,35.1743],[135.2505,35.1744],[135.2509,35.1746],[135.252,35.1741],[135.2526,35.1739],[135.2533,35.1737],[135.254,35.1738],[135.2567,35.1745],[135.2576,35.1739],[135.2582,35.1736],[135.2589,35.1734],[135.2596,35.1733],[135.2614,35.1735],[135.2617,35.1734],[135.2623,35.1731],[135.2629,35.173],[135.2675,35.173],[135.2682,35.1731],[135.2688,35.1733],[135.27,35.1739],[135.272,35.1742],[135.2721,35.1742],[135.2724,35.1738],[135.2729,35.1734],[135.2758,35.1722],[135.2764,35.172],[135.2769,35.1719],[135.2775,35.1719],[135.2781,35.172],[135.2785,35.1721],[135.2788,35.1715],[135.2791,35.171],[135.2796,35.1706],[135.2831,35.1688],[135.2837,35.1686],[135.2844,35.1685],[135.2851,35.1685],[135.2868,35.1689],[135.2869,35.1649],[135.287,35.1644],[135.2872,35.1639],[135.2875,35.1634],[135.2879,35.163],[135.2882,35.1628],[135.2886,35.1617],[135.2864,35.1607],[135.2859,35.1604],[135.2855,35.16],[135.2852,35.1596],[135.2841,35.1569],[135.2834,35.1562],[135.2829,35.1558],[135.2826,35.1552],[135.2824,35.154],[135.2823,35.1539],[135.2822,35.154],[135.2816,35.1541],[135.2809,35.1542],[135.2779,35.1537],[135.2773,35.1536],[135.2767,35.1533],[135.2762,35.1529],[135.2757,35.1525],[135.2754,35.152],[135.2753,35.1515],[135.2753,35.1509],[135.2768,35.1463],[135.277,35.1458],[135.2772,35.1454],[135.28,35.1431],[135.2805,35.1428],[135.2811,35.1425],[135.2842,35.142],[135.285,35.1411],[135.2854,35.1408],[135.2858,35.1405],[135.2863,35.1403],[135.293,35.1389],[135.2936,35.1389],[135.2943,35.1389],[135.2949,35.139],[135.2954,35.1393],[135.2973,35.1406],[135.2984,35.1408],[135.2998,35.1403],[135.3005,35.1401],[135.3035,35.1401],[135.3041,35.1401],[135.3095,35.1417],[135.3116,35.142],[135.3121,35.142],[135.3161,35.1436],[135.321,35.1436],[135.3244,35.1439],[135.325,35.144],[135.3256,35.1442],[135.3261,35.1445],[135.3285,35.1467],[135.3312,35.1471],[135.3345,35.1468],[135.3366,35.1472],[135.3376,35.1472],[135.3376,35.147],[135.3363,35.1466],[135.3357,35.1464],[135.3352,35.146],[135.3347,35.1456],[135.3344,35.1452],[135.3342,35.1447],[135.3341,35.1441],[135.3342,35.1436],[135.3344,35.1431],[135.3366,35.1402],[135.3365,35.1379],[135.3365,35.1374],[135.3367,35.1369],[135.3369,35.1364],[135.3373,35.136],[135.3412,35.1335],[135.3418,35.1332],[135.3424,35.133],[135.343,35.133],[135.3437,35.133],[135.3452,35.1334],[135.3499,35.1331],[135.354,35.1338],[135.3548,35.1334],[135.3553,35.1323],[135.3557,35.1317],[135.3577,35.1302],[135.3583,35.1298],[135.3589,35.1296],[135.3633,35.1293],[135.3674,35.1285],[135.368,35.1284],[135.3687,35.1284],[135.3693,35.1286],[135.3694,35.1286],[135.3695,35.1283],[135.3697,35.1278],[135.3701,35.1274],[135.3705,35.127],[135.371,35.1267],[135.3716,35.1264],[135.3722,35.1263],[135.3728,35.1263],[135.376,35.1268],[135.3767,35.1266],[135.3773,35.1266],[135.3819,35.127],[135.3836,35.1265],[135.3843,35.1264],[135.385,35.1264],[135.3863,35.1267],[135.3866,35.1266],[135.3862,35.1248],[135.3836,35.1226],[135.3832,35.1221],[135.3829,35.1216],[135.3828,35.121],[135.3833,35.1174],[135.3834,35.117],[135.3842,35.1154],[135.3846,35.1149],[135.3875,35.1127],[135.388,35.1124],[135.3886,35.1121],[135.3891,35.1121],[135.3893,35.1119],[135.3887,35.1116],[135.3883,35.1114],[135.3868,35.1102],[135.3863,35.1097],[135.386,35.1092],[135.3856,35.106],[135.3856,35.1054],[135.3858,35.1049],[135.3859,35.1047],[135.3857,35.1043],[135.3854,35.1039],[135.3844,35.0996],[135.3844,35.0991],[135.3845,35.0986],[135.3846,35.0981],[135.3849,35.0977],[135.3853,35.0973],[135.3873,35.0961],[135.3877,35.0959],[135.3882,35.0957],[135.3907,35.0954],[135.3947,35.0938],[135.3948,35.0936],[135.3952,35.0932],[135.3956,35.0929],[135.3978,35.092],[135.3984,35.09],[135.3986,35.0895],[135.3989,35.0891],[135.3974,35.0875],[135.3971,35.0871],[135.3969,35.0867],[135.3966,35.0841],[135.3959,35.0832],[135.3956,35.0827],[135.3954,35.0821],[135.3954,35.0815],[135.3964,35.0785],[135.3952,35.0784],[135.3946,35.0783],[135.3941,35.0781],[135.3924,35.0771],[135.3919,35.0767],[135.3915,35.0763],[135.3912,35.0755],[135.3901,35.0757],[135.3894,35.0757],[135.3863,35.0752],[135.3856,35.075],[135.385,35.0746],[135.3837,35.0734],[135.3824,35.0731],[135.3818,35.0729],[135.3813,35.0726],[135.3809,35.0722],[135.3799,35.0709],[135.3779,35.0703],[135.3773,35.0701],[135.3744,35.068],[135.374,35.0677],[135.3737,35.0672],[135.3735,35.0668],[135.3731,35.0645],[135.3731,35.0639],[135.3733,35.0634],[135.3737,35.0628],[135.372,35.0624],[135.3715,35.0622],[135.3692,35.0607],[135.3688,35.0603],[135.3659,35.0562],[135.3656,35.0557],[135.3654,35.0551],[135.3655,35.0545],[135.3666,35.0518],[135.3661,35.0492],[135.366,35.0486],[135.3661,35.0481],[135.3661,35.048],[135.3683,35.0441],[135.3686,35.0437],[135.3691,35.0432],[135.3697,35.0429],[135.3715,35.0425],[135.3736,35.0419],[135.3753,35.0391],[135.3757,35.0386],[135.377,35.0376],[135.3772,35.037],[135.3768,35.036],[135.3766,35.0355],[135.3766,35.0351],[135.3767,35.0346],[135.3787,35.0304],[135.3785,35.0277],[135.3779,35.0273],[135.3774,35.0269],[135.377,35.0265],[135.3762,35.0247],[135.376,35.0242],[135.376,35.0236],[135.3762,35.0231],[135.3757,35.0228],[135.3752,35.0224],[135.3748,35.022],[135.3746,35.0215],[135.3744,35.021],[135.3746,35.018],[135.3747,35.0176],[135.3763,35.0145],[135.3766,35.014],[135.377,35.0136],[135.3775,35.0133],[135.3776,35.0133],[135.3782,35.012],[135.3783,35.0103],[135.3784,35.0097],[135.3786,35.0092],[135.3789,35.0088],[135.3793,35.0084],[135.3798,35.0081],[135.3804,35.0079],[135.381,35.0077],[135.3845,35.0077],[135.3851,35.0078],[135.3856,35.0079],[135.3862,35.0081],[135.3869,35.0086],[135.3879,35.0086],[135.389,35.0077],[135.3895,35.0074],[135.393,35.0062],[135.3936,35.0061],[135.3942,35.0061],[135.3949,35.0061],[135.3955,35.0063],[135.3966,35.0069],[135.3971,35.0064],[135.4017,35.0043],[135.4023,35.0041],[135.403,35.004],[135.4036,35.004],[135.4043,35.0041],[135.4049,35.0044],[135.4095,35.0077],[135.41,35.0073],[135.4105,35.0071],[135.4113,35.0068],[135.4124,35.0053],[135.4139,35.0041],[135.4151,35.0021],[135.4155,35.0016],[135.416,35.0012],[135.4188,34.9998],[135.4195,34.9996],[135.4227,34.9994],[135.4232,34.9994],[135.4238,34.9995],[135.4244,34.9997],[135.4271,35.0015],[135.4286,35.0018],[135.4292,35.002],[135.4297,35.0022],[135.4301,35.0026],[135.4308,35.0033],[135.4348,35.0054],[135.436,35.0056],[135.4397,35.0046],[135.4397,35.0045],[135.4401,35.004],[135.4407,35.0036],[135.4413,35.0033],[135.4453,35.0025],[135.4459,35.0024],[135.4463,35.0025],[135.4473,35.0019],[135.4496,34.9999],[135.4501,34.9995],[135.4507,34.9993],[135.4514,34.9991],[135.4521,34.9991],[135.4549,34.9996],[135.4563,34.9991],[135.4569,34.9989],[135.4587,34.9989],[135.4645,34.9951],[135.4695,34.9925],[135.4701,34.9923],[135.4761,34.9915],[135.4769,34.9915],[135.4797,34.9923],[135.4799,34.9918],[135.4802,34.9913],[135.4807,34.9909],[135.4812,34.9905],[135.4818,34.9902],[135.4853,34.9898],[135.486,34.9887],[135.4864,34.9883],[135.4866,34.9881],[135.4856,34.9878],[135.4851,34.9876],[135.4846,34.9874],[135.4806,34.9836],[135.4803,34.9832],[135.48,34.9827],[135.4799,34.9821],[135.4799,34.9816],[135.48,34.9811],[135.4803,34.9806],[135.481,34.9798],[135.4811,34.9784],[135.4812,34.9778],[135.4815,34.9773],[135.4837,34.9749],[135.4836,34.9747],[135.4835,34.9742],[135.4834,34.9737],[135.4842,34.9711],[135.4842,34.9691],[135.4842,34.9689],[135.484,34.9689],[135.4834,34.9686],[135.4827,34.9678],[135.4822,34.9679],[135.4815,34.9679],[135.4809,34.9678],[135.4803,34.9675],[135.4797,34.9672],[135.4793,34.9668],[135.4789,34.9663],[135.478,34.963],[135.4779,34.9625],[135.4779,34.962],[135.4781,34.9615],[135.4783,34.961],[135.4807,34.9587],[135.4812,34.9584],[135.4817,34.9581],[135.4822,34.9567],[135.4823,34.9564],[135.4821,34.9561],[135.4782,34.9519],[135.4779,34.9514],[135.4777,34.9509],[135.4776,34.9503],[135.4776,34.9498],[135.4778,34.9492],[135.4782,34.9487],[135.4824,34.9454],[135.4829,34.9451],[135.4858,34.9442],[135.4873,34.9409],[135.4876,34.9404],[135.488,34.94],[135.4885,34.9396],[135.489,34.9394],[135.4896,34.9392],[135.4918,34.939],[135.4931,34.9385],[135.4937,34.9382],[135.4973,34.938],[135.498,34.938],[135.5008,34.9388],[135.5014,34.9391],[135.5044,34.9414],[135.5048,34.9417],[135.5054,34.9427],[135.5054,34.9426],[135.5059,34.9423],[135.5065,34.9421],[135.5115,34.9414],[135.5117,34.9368],[135.5118,34.9362],[135.5144,34.9322],[135.5147,34.9318],[135.5152,34.9314],[135.5158,34.9311],[135.5164,34.9309],[135.5189,34.9307],[135.5195,34.9294],[135.5198,34.9288],[135.5202,34.9284],[135.5239,34.9264],[135.5291,34.9247],[135.5296,34.9246],[135.5325,34.9244],[135.5337,34.9239],[135.5329,34.9217],[135.5327,34.9212],[135.5327,34.9207],[135.5328,34.9202],[135.5342,34.9178],[135.5346,34.9174],[135.535,34.9171],[135.5354,34.9168],[135.536,34.9165],[135.5362,34.9165],[135.5383,34.9138],[135.5387,34.9134],[135.5392,34.9131],[135.5397,34.9129],[135.5403,34.9127],[135.5409,34.9126],[135.5416,34.9126],[135.5443,34.9134],[135.5449,34.9137],[135.5454,34.914],[135.5458,34.9139],[135.5488,34.9141],[135.5495,34.9142],[135.5502,34.9144],[135.5502,34.9145],[135.5507,34.9139],[135.5512,34.9135],[135.5517,34.9132],[135.5523,34.913],[135.553,34.9129],[135.5536,34.9129],[135.5542,34.913],[135.5587,34.9148],[135.5622,34.9151],[135.5662,34.9138],[135.567,34.9136],[135.5735,34.9142],[135.5741,34.9143],[135.5748,34.9145],[135.5753,34.9148],[135.5757,34.9152],[135.5766,34.9165],[135.5831,34.9202],[135.5837,34.9206],[135.5841,34.9211],[135.5844,34.9216],[135.5845,34.9221],[135.5845,34.9227],[135.584,34.9243],[135.5844,34.9252],[135.5846,34.9257],[135.5844,34.9295],[135.5843,34.9299],[135.584,34.9307],[135.585,34.9351],[135.585,34.9356],[135.585,34.936],[135.5841,34.938],[135.5839,34.9384],[135.5835,34.9388],[135.5831,34.9392],[135.5826,34.9394],[135.5794,34.9402],[135.5785,34.9409],[135.578,34.9411],[135.5774,34.9414],[135.5722,34.9418],[135.5715,34.9418],[135.5709,34.9416],[135.5702,34.9414],[135.5692,34.9407],[135.569,34.9412],[135.5687,34.9417],[135.5683,34.942],[135.568,34.9422],[135.568,34.9427],[135.5678,34.9432],[135.5675,34.9437],[135.5672,34.9442],[135.5667,34.9445],[135.5661,34.9448],[135.5654,34.945],[135.5652,34.945],[135.5647,34.9465],[135.5657,34.9482],[135.5659,34.9487],[135.5659,34.9493],[135.5657,34.9502],[135.5658,34.9503],[135.5664,34.9502],[135.5671,34.9503],[135.5678,34.9504],[135.5684,34.9507],[135.5689,34.951],[135.5695,34.9517],[135.5702,34.9517],[135.5709,34.9518],[135.5723,34.9523],[135.574,34.9522],[135.5746,34.9522],[135.5753,34.9523],[135.5772,34.953],[135.579,34.9532],[135.5796,34.9533],[135.5801,34.9535],[135.5806,34.9538],[135.5811,34.9541],[135.5814,34.9546],[135.5817,34.955],[135.5822,34.9578],[135.5823,34.9583],[135.5816,34.961],[135.5814,34.9616],[135.581,34.962],[135.5806,34.9625],[135.58,34.9628],[135.5794,34.963],[135.5757,34.9634],[135.5746,34.9647],[135.5746,34.967],[135.5744,34.9688],[135.5746,34.969],[135.5757,34.9692],[135.5762,34.9694],[135.5768,34.9697],[135.5787,34.9714],[135.5808,34.9717],[135.5815,34.9718],[135.5821,34.9721],[135.5825,34.9724],[135.584,34.9698],[135.5855,34.9679],[135.5861,34.9664],[135.5864,34.9659],[135.5867,34.9655],[135.5872,34.9651],[135.5877,34.9648],[135.5883,34.9646],[135.589,34.9645],[135.5893,34.9646],[135.5898,34.9642],[135.5903,34.9638],[135.5909,34.9636],[135.5916,34.9634],[135.5923,34.9634],[135.593,34.9635],[135.5936,34.9637],[135.5942,34.964],[135.5946,34.9644],[135.5958,34.9662],[135.5964,34.9662],[135.6022,34.9679],[135.6023,34.9679],[135.6067,34.9667],[135.6074,34.9666],[135.6081,34.9667],[135.6088,34.9668],[135.6104,34.9676],[135.6105,34.9672],[135.6106,34.9666],[135.6109,34.9661],[135.6123,34.9648],[135.6124,34.9627],[135.6125,34.9622],[135.6126,34.9617],[135.6129,34.9613],[135.6149,34.9595],[135.6151,34.9592],[135.6143,34.9582],[135.614,34.9577],[135.6138,34.9572],[135.6138,34.9567],[135.6127,34.9556],[135.6123,34.9551],[135.6121,34.9547],[135.6119,34.9542],[135.6119,34.9536],[135.612,34.9531],[135.6122,34.9528],[135.6113,34.9517],[135.6111,34.9513],[135.6109,34.9508],[135.6108,34.9489],[135.6086,34.9451],[135.6084,34.9447],[135.6079,34.942],[135.6077,34.942],[135.6071,34.9418],[135.6065,34.9416],[135.606,34.9413],[135.6056,34.9409],[135.6053,34.9404],[135.6048,34.939],[135.6024,34.9384],[135.6019,34.9382],[135.6014,34.9379],[135.601,34.9376],[135.6006,34.9372],[135.599,34.9338],[135.5979,34.9326],[135.5975,34.9321],[135.5973,34.9316],[135.5972,34.9311],[135.5973,34.9305],[135.5975,34.9301],[135.597,34.9296],[135.5967,34.9291],[135.5965,34.9286],[135.5965,34.9281],[135.5965,34.9276],[135.5967,34.9271],[135.5969,34.9267],[135.5973,34.9263],[135.5977,34.9259],[135.5983,34.9257],[135.6019,34.9247],[135.6024,34.9246],[135.6055,34.9247],[135.6062,34.9248],[135.6085,34.9257],[135.6115,34.9257],[135.6143,34.925],[135.615,34.9249],[135.6157,34.925],[135.6164,34.9251],[135.6187,34.9263],[135.6192,34.9266],[135.6195,34.9269],[135.6216,34.93],[135.6241,34.9312],[135.6247,34.9315],[135.6252,34.9313],[135.6259,34.9311],[135.6281,34.931],[135.6287,34.9311],[135.6294,34.9313],[135.63,34.9315],[135.6305,34.9319],[135.6307,34.9321],[135.6311,34.9321],[135.6311,34.9319],[135.6312,34.9314],[135.6315,34.9309],[135.6319,34.9305],[135.6347,34.9288],[135.6352,34.9286],[135.6358,34.9284],[135.6364,34.9283],[135.637,34.9284],[135.6376,34.9285],[135.6381,34.9287],[135.6388,34.929],[135.6401,34.9286],[135.6402,34.9285],[135.6422,34.9261],[135.6427,34.9256],[135.6462,34.924],[135.6473,34.9225],[135.6471,34.9217],[135.6471,34.9212],[135.6471,34.9207],[135.6479,34.9191],[135.6474,34.9188],[135.647,34.9185],[135.6467,34.9181],[135.6451,34.9143],[135.645,34.9138],[135.6452,34.9094],[135.6453,34.9089],[135.6455,34.9084],[135.6458,34.908],[135.6462,34.9076],[135.6467,34.9073],[135.6472,34.9071],[135.6478,34.9069],[135.6484,34.9069],[135.6516,34.9072],[135.6521,34.9071],[135.6542,34.905],[135.6546,34.9047],[135.6551,34.9044],[135.6571,34.9037],[135.6598,34.9017],[135.6604,34.9014],[135.6611,34.9011],[135.6617,34.901],[135.6668,34.9015],[135.6673,34.9014],[135.672,34.8984],[135.6726,34.8974],[135.6722,34.8966],[135.672,34.8961],[135.672,34.8955],[135.672,34.895],[135.6722,34.8945],[135.6725,34.8941],[135.6729,34.8937],[135.6734,34.8933],[135.6739,34.8931],[135.6745,34.8929],[135.6763,34.889],[135.6776,34.8876],[135.678,34.8872],[135.6784,34.8869],[135.678,34.8862],[135.6767,34.882],[135.6766,34.8815],[135.6767,34.8809],[135.6768,34.8804],[135.6771,34.8799],[135.6775,34.8795],[135.678,34.8791],[135.6796,34.8785],[135.6799,34.878],[135.6794,34.8774],[135.6791,34.877],[135.6789,34.8765],[135.6787,34.8732],[135.6788,34.8726],[135.6795,34.8711],[135.6799,34.8706],[135.6803,34.8702],[135.687,34.8667],[135.6874,34.8665],[135.6882,34.8663],[135.6885,34.8649],[135.688,34.8637],[135.6878,34.8632],[135.6878,34.8627],[135.6882,34.8609],[135.6883,34.8604],[135.6886,34.8599],[135.6888,34.8598],[135.6876,34.8576],[135.6874,34.857],[135.6874,34.8565],[135.6875,34.8559],[135.6877,34.8554],[135.688,34.8549],[135.6886,34.8544],[135.6885,34.8541],[135.6884,34.8536],[135.6884,34.8531],[135.6885,34.8526],[135.6894,34.8509],[135.6898,34.8504],[135.6918,34.849],[135.6925,34.8473],[135.6928,34.8468],[135.6931,34.8464],[135.6936,34.8461],[135.6941,34.8458],[135.6947,34.8456],[135.6953,34.8455],[135.6959,34.8455],[135.6965,34.8456],[135.6971,34.8457],[135.6998,34.8473],[135.7029,34.8485],[135.7032,34.8487],[135.7034,34.8483],[135.7038,34.8479],[135.7042,34.8476],[135.7047,34.8473],[135.7054,34.8471],[135.7061,34.8461],[135.7065,34.8455],[135.7067,34.8454],[135.7067,34.845],[135.7066,34.8445],[135.7068,34.844],[135.707,34.8435],[135.7074,34.843],[135.7082,34.8424],[135.709,34.8395],[135.7092,34.839],[135.7095,34.8385],[135.7099,34.8381],[135.7104,34.8378],[135.711,34.8375],[135.7116,34.8374],[135.7117,34.8374],[135.7125,34.8367],[135.7125,34.8364],[135.7126,34.8359],[135.7157,34.8308],[135.7164,34.8289],[135.7167,34.8284],[135.7171,34.8279],[135.7175,34.8276],[135.7181,34.8273],[135.7185,34.8272],[135.7199,34.8255],[135.7198,34.8253],[135.7198,34.8248],[135.72,34.8242],[135.7214,34.822],[135.7218,34.8215],[135.7223,34.8211],[135.7228,34.8208],[135.7235,34.8206],[135.7268,34.8205],[135.7278,34.82],[135.7284,34.8198],[135.729,34.8196],[135.7297,34.8196],[135.7304,34.8198],[135.7306,34.8194],[135.731,34.8188],[135.7315,34.8184],[135.7323,34.818],[135.7337,34.8139],[135.7352,34.8107],[135.7355,34.8102],[135.736,34.8098],[135.7365,34.8095],[135.7371,34.8092],[135.7389,34.8072],[135.7398,34.8047],[135.74,34.8042],[135.7403,34.8038],[135.7408,34.8034],[135.7427,34.8024],[135.7432,34.8011],[135.7429,34.7997],[135.7406,34.7965],[135.7405,34.796],[135.74,34.7959],[135.7393,34.7958],[135.7387,34.7955],[135.7382,34.7952],[135.7378,34.7948],[135.7364,34.7922],[135.7363,34.7917],[135.7362,34.7912],[135.7362,34.7908],[135.7366,34.7897],[135.7363,34.7895],[135.7358,34.7893],[135.7354,34.7889],[135.7336,34.7867],[135.733,34.7866],[135.7325,34.7865],[135.7321,34.7862],[135.7298,34.7845],[135.7264,34.7807],[135.7256,34.779],[135.7254,34.7784],[135.7254,34.7778],[135.7265,34.7744],[135.7265,34.7732],[135.7266,34.7714],[135.7266,34.771],[135.7273,34.7695],[135.727,34.7685],[135.7269,34.768],[135.7273,34.7652],[135.7274,34.7646],[135.7277,34.7641],[135.7286,34.7633],[135.7285,34.7629],[135.7293,34.7593],[135.7289,34.7583],[135.7288,34.7578],[135.7288,34.7573],[135.7289,34.7568],[135.7291,34.7564],[135.7294,34.756],[135.7301,34.7553],[135.7301,34.7549],[135.7301,34.7544],[135.7303,34.7538],[135.7306,34.7534],[135.731,34.7529],[135.7315,34.7526],[135.732,34.7523],[135.7327,34.7521],[135.7333,34.7521],[135.7334,34.7521],[135.7334,34.752],[135.7331,34.7503],[135.7331,34.7498],[135.7332,34.7493],[135.7334,34.7488],[135.7338,34.7484],[135.7342,34.748],[135.7347,34.7477],[135.7362,34.7472],[135.7365,34.7467],[135.7369,34.7464],[135.7374,34.7461],[135.7379,34.7458],[135.7445,34.7444],[135.7443,34.7436],[135.7443,34.7431],[135.7444,34.7426],[135.7446,34.7421],[135.7465,34.7398],[135.7471,34.7393],[135.7489,34.7384],[135.7509,34.7365],[135.7525,34.7354],[135.7524,34.7352],[135.7521,34.7347],[135.7521,34.7306],[135.7516,34.7289],[135.7515,34.7284],[135.7516,34.7279],[135.7517,34.7274],[135.7519,34.727],[135.7529,34.7259],[135.7534,34.7255],[135.7539,34.7252],[135.7545,34.725],[135.7552,34.7249],[135.7558,34.7249],[135.7572,34.7251],[135.7594,34.7238],[135.7599,34.7236],[135.7604,34.7234],[135.761,34.7233],[135.763,34.7234],[135.766,34.7228],[135.7666,34.7227],[135.7688,34.7229],[135.7691,34.7227],[135.7697,34.7225],[135.7703,34.7225],[135.7709,34.7225],[135.7714,34.7226],[135.7717,34.7224],[135.7769,34.7207],[135.7775,34.7205],[135.7816,34.7204],[135.7822,34.7204],[135.7828,34.7206],[135.7854,34.7218],[135.7899,34.7217],[135.7914,34.7219],[135.792,34.7217],[135.792,34.7214],[135.7921,34.7209],[135.7924,34.7205],[135.7927,34.7201],[135.7932,34.7197],[135.7959,34.7185],[135.7965,34.7183],[135.7971,34.7182],[135.7977,34.7182],[135.7983,34.7183],[135.7989,34.7185],[135.7994,34.7188],[135.7999,34.7191],[135.8003,34.7197],[135.8008,34.7196],[135.8009,34.7193],[135.801,34.7189],[135.8012,34.7184],[135.8033,34.7163],[135.8037,34.7159],[135.8042,34.7156],[135.8048,34.7154],[135.8085,34.715],[135.8085,34.7149],[135.8086,34.7144],[135.8087,34.7139],[135.809,34.7135],[135.8094,34.7131],[135.8099,34.7127],[135.8104,34.7125],[135.811,34.7123],[135.8116,34.7122],[135.813,34.7123],[135.8143,34.7119],[135.8147,34.7115],[135.8151,34.711],[135.818,34.7094],[135.8186,34.7092],[135.8192,34.7091],[135.8198,34.709],[135.8239,34.7096],[135.8256,34.7103],[135.8258,34.7102],[135.8263,34.7099],[135.8269,34.7097],[135.8275,34.7097],[135.8281,34.7097],[135.8315,34.7105],[135.8325,34.71],[135.8331,34.7098],[135.8368,34.7094],[135.837,34.7091],[135.8397,34.7072],[135.8402,34.7069],[135.8407,34.7067],[135.8458,34.7061],[135.8457,34.7058],[135.8458,34.7053],[135.8461,34.7048],[135.8464,34.7043],[135.8468,34.704],[135.8474,34.7036],[135.848,34.7034],[135.8509,34.703],[135.8561,34.7034],[135.8597,34.7043],[135.8624,34.7037],[135.863,34.7036],[135.8636,34.7036],[135.8642,34.7037],[135.8648,34.7038],[135.8653,34.7041],[135.8681,34.7067],[135.8686,34.7072],[135.8688,34.7078],[135.8692,34.7079],[135.8735,34.7089],[135.8741,34.7091],[135.8747,34.7093],[135.8756,34.7102],[135.8761,34.7099],[135.8767,34.7097],[135.8774,34.7096],[135.8781,34.7096],[135.8806,34.7102],[135.8812,34.7105],[135.8817,34.7108],[135.882,34.7107],[135.8826,34.7105],[135.8832,34.7104],[135.8839,34.7104],[135.8843,34.7105],[135.8878,34.7075],[135.8883,34.7072],[135.8889,34.707],[135.8895,34.7068],[135.8901,34.7067],[135.8907,34.7068],[135.8913,34.7069],[135.8919,34.7071],[135.8924,34.7075],[135.8928,34.7078],[135.8931,34.7083],[135.8956,34.7161],[135.8956,34.7172],[135.8962,34.7179],[135.8966,34.7184],[135.898,34.7226],[135.8985,34.7228],[135.899,34.7231],[135.8994,34.7234],[135.8997,34.7239],[135.9007,34.7262],[135.9008,34.7268],[135.9005,34.7283],[135.9006,34.7283],[135.9012,34.7283],[135.9018,34.7284],[135.9024,34.7286],[135.9029,34.7288],[135.9055,34.7311],[135.9058,34.7315],[135.9061,34.7319],[135.9062,34.7324],[135.9064,34.7343],[135.9066,34.7344],[135.9072,34.7346],[135.9077,34.7349],[135.9105,34.7382],[135.9113,34.7398],[135.914,34.7419],[135.9145,34.7423],[135.9148,34.7428],[135.9151,34.7443],[135.9156,34.7446],[135.916,34.7449],[135.9164,34.7454],[135.9166,34.7459],[135.9168,34.7484],[135.9179,34.7497],[135.9183,34.7506],[135.9198,34.7504],[135.9204,34.7503],[135.9209,34.7504],[135.9215,34.7505],[135.9221,34.7507],[135.9225,34.751],[135.9246,34.753],[135.9253,34.7523],[135.9243,34.7513],[135.9218,34.7473],[135.9208,34.7464],[135.9204,34.746],[135.9201,34.7454],[135.9199,34.7449],[135.9199,34.7443],[135.9201,34.7438],[135.9207,34.7428],[135.9206,34.7415],[135.9207,34.741],[135.9208,34.7405],[135.9211,34.7401],[135.9214,34.7397],[135.9235,34.7383],[135.924,34.738],[135.9245,34.7378],[135.9259,34.7376],[135.9291,34.7357],[135.9314,34.7351],[135.9321,34.735],[135.9327,34.735],[135.9334,34.7351],[135.934,34.7353],[135.9369,34.7371],[135.9394,34.7366],[135.9405,34.7356],[135.941,34.7353],[135.9416,34.735],[135.9422,34.7349],[135.9428,34.7348],[135.9435,34.7348],[135.9441,34.735],[135.9447,34.7352],[135.9452,34.7356],[135.9456,34.736],[135.9459,34.7365],[135.9467,34.7395],[135.9482,34.7402],[135.9487,34.7404],[135.9491,34.7407],[135.9499,34.7416],[135.9506,34.7417],[135.9512,34.7419],[135.9517,34.7421],[135.9522,34.7425],[135.9535,34.7442],[135.9538,34.7443],[135.9539,34.7441],[135.9547,34.7434],[135.955,34.7406],[135.9551,34.7401],[135.9554,34.7396],[135.9558,34.7391],[135.9563,34.7387],[135.9568,34.7385],[135.9615,34.7375],[135.9621,34.7374],[135.9627,34.7374],[135.9633,34.7375],[135.9639,34.7377],[135.9644,34.738],[135.966,34.7396],[135.9676,34.7385],[135.9681,34.7382],[135.9687,34.738],[135.9693,34.7379],[135.9699,34.7378],[135.9705,34.7379],[135.9711,34.7381],[135.9716,34.7383],[135.9722,34.7388],[135.9738,34.7376],[135.9754,34.7356],[135.9758,34.7352],[135.9763,34.7348],[135.9769,34.7346],[135.9775,34.7344],[135.9785,34.7344],[135.9786,34.734],[135.9788,34.7335],[135.9792,34.7331],[135.9795,34.7328],[135.9794,34.7325],[135.9794,34.7319],[135.9796,34.7314],[135.9813,34.7287],[135.9825,34.7264],[135.9825,34.7263],[135.9823,34.7258],[135.9827,34.7225],[135.9819,34.7198],[135.9818,34.7193],[135.9818,34.7187],[135.982,34.7181],[135.983,34.7168],[135.9829,34.7156],[135.9829,34.7151],[135.983,34.7146],[135.9832,34.7141],[135.9835,34.7137],[135.9839,34.7133],[135.9844,34.713],[135.985,34.7128],[135.9887,34.7122],[135.9887,34.7121],[135.9888,34.7116],[135.989,34.7111],[135.9893,34.7106],[135.9898,34.7102],[135.9903,34.7099],[135.9909,34.7096],[135.9915,34.7095],[135.9922,34.7095],[135.998,34.7107],[135.9983,34.7105],[135.9989,34.7104],[135.9995,34.7103],[136.0002,34.7103],[136.0008,34.7104],[136.0014,34.7106],[136.0044,34.7127],[136.0049,34.7131],[136.0052,34.7136],[136.0055,34.7142],[136.0056,34.7142],[136.0061,34.7141],[136.008,34.714],[136.0098,34.7125],[136.0103,34.7113],[136.0097,34.7093],[136.0096,34.7088],[136.0096,34.7082],[136.0098,34.7077],[136.0101,34.7072],[136.0115,34.7059],[136.012,34.7056],[136.0126,34.7053],[136.0132,34.7052],[136.0138,34.7051],[136.019,34.7058],[136.0256,34.7036],[136.0261,34.7035],[136.0267,34.7034],[136.0293,34.7037],[136.0299,34.7038],[136.0305,34.7041],[136.031,34.7044],[136.0315,34.7048],[136.0318,34.7053],[136.032,34.7058],[136.0321,34.7063],[136.0313,34.7099],[136.0318,34.7112],[136.0321,34.7112],[136.0326,34.7114],[136.0332,34.7116],[136.0336,34.7119],[136.034,34.7123],[136.0343,34.7127],[136.0345,34.7133],[136.0352,34.7136],[136.0357,34.7139],[136.0362,34.7143],[136.0365,34.7147],[136.0367,34.7152],[136.0369,34.716],[136.041,34.7177],[136.0415,34.718],[136.042,34.7184],[136.0423,34.7188],[136.0426,34.7193],[136.0432,34.7233],[136.0448,34.7274],[136.0449,34.7279],[136.0449,34.7283],[136.0444,34.7308],[136.045,34.7334],[136.0456,34.7343],[136.0464,34.7348],[136.0515,34.736],[136.0553,34.7359],[136.056,34.7359],[136.0566,34.736],[136.0572,34.7363],[136.0577,34.7366],[136.0581,34.737],[136.0585,34.7374],[136.0587,34.7379],[136.0588,34.7385],[136.0587,34.739],[136.0585,34.7395],[136.0583,34.74],[136.0579,34.7404],[136.0575,34.7406],[136.0574,34.7407],[136.0572,34.7408],[136.0569,34.741],[136.0568,34.741],[136.0567,34.7411],[136.0562,34.7412],[136.0558,34.7413],[136.0556,34.7415],[136.0553,34.7419],[136.0549,34.7422],[136.0544,34.7425],[136.0538,34.7427],[136.0517,34.743],[136.0512,34.7436],[136.0508,34.7448],[136.0506,34.7453],[136.0503,34.7458],[136.0447,34.7501],[136.0423,34.7511],[136.042,34.753],[136.0419,34.7534],[136.0417,34.7539],[136.041,34.7547],[136.0413,34.7555],[136.0414,34.7561],[136.0414,34.7566],[136.0412,34.7571],[136.0409,34.7576],[136.0405,34.7581],[136.04,34.7584],[136.0395,34.7587],[136.0352,34.7595],[136.0344,34.7596],[136.0321,34.7591],[136.0335,34.7605],[136.0339,34.7609],[136.0342,34.7614],[136.0343,34.762],[136.0343,34.7625],[136.0342,34.763],[136.0329,34.7651],[136.0337,34.7675],[136.036,34.7703],[136.0363,34.7707],[136.0373,34.7735],[136.0374,34.774],[136.0374,34.7745],[136.0373,34.775],[136.0369,34.7756],[136.0369,34.7795],[136.0368,34.78],[136.0366,34.7806],[136.0362,34.7811],[136.0357,34.7815],[136.0336,34.7825],[136.0331,34.7827],[136.0324,34.7828],[136.0318,34.7828],[136.0312,34.7827],[136.0306,34.783],[136.0263,34.7839],[136.0251,34.7843],[136.0238,34.7868],[136.0236,34.7872],[136.0238,34.7883],[136.0242,34.7888],[136.0252,34.7903],[136.0254,34.7908],[136.0256,34.7913],[136.0256,34.7918],[136.0254,34.7923],[136.0252,34.7928],[136.0248,34.7933],[136.0243,34.7937],[136.0238,34.794],[136.0214,34.7945],[136.0194,34.7961],[136.019,34.7982],[136.0188,34.7987],[136.0185,34.7992],[136.0181,34.7996],[136.0177,34.8],[136.0171,34.8002],[136.0166,34.8004],[136.0159,34.8005],[136.0153,34.8005],[136.0147,34.8004],[136.0139,34.8],[136.0143,34.8011],[136.0165,34.8036],[136.0181,34.8067],[136.0183,34.8073],[136.0184,34.8082],[136.0198,34.8096],[136.0202,34.8096],[136.0208,34.8095],[136.0214,34.8096],[136.0237,34.8105],[136.0242,34.8107],[136.026,34.8122],[136.0275,34.8122],[136.0281,34.8123],[136.0288,34.8125],[136.0294,34.8128],[136.0299,34.8132],[136.0319,34.8161],[136.0322,34.8166],[136.0323,34.8171],[136.0323,34.8176],[136.0316,34.8198],[136.0309,34.8224],[136.0307,34.8229],[136.0304,34.8234],[136.0299,34.8238],[136.0236,34.8269],[136.0212,34.8285],[136.0208,34.8294],[136.0204,34.8299],[136.0199,34.8303],[136.0193,34.8307],[136.0168,34.8313],[136.0162,34.8314],[136.0156,34.8314],[136.015,34.8313],[136.0144,34.8312],[136.0139,34.8309],[136.0135,34.8305],[136.0131,34.8301],[136.0128,34.8297],[136.0125,34.8284],[136.0121,34.8282],[136.0113,34.8285],[136.0108,34.8286],[136.0078,34.829],[136.0072,34.8303],[136.007,34.8314],[136.0069,34.8319],[136.0067,34.8323],[136.0058,34.8335],[136.0061,34.8356],[136.0062,34.8361],[136.0061,34.8366],[136.0064,34.8369],[136.0068,34.8374],[136.0071,34.8378],[136.0072,34.8384],[136.007,34.8404],[136.008,34.8416],[136.0083,34.8421],[136.0085,34.8425],[136.0086,34.843],[136.0085,34.8435],[136.0084,34.844],[136.0081,34.8445],[136.0065,34.8461],[136.006,34.8465],[136.0055,34.8467],[136.0016,34.8477],[136.001,34.8478],[136.0005,34.8478],[135.9969,34.847],[135.9962,34.8468],[135.9939,34.8452],[135.9923,34.8455],[135.9917,34.8455],[135.9911,34.8455],[135.9905,34.8454],[135.9899,34.8452],[135.988,34.8439],[135.9873,34.8437],[135.9862,34.844],[135.9856,34.8442],[135.985,34.8442],[135.9843,34.8442],[135.9837,34.844],[135.9832,34.8438],[135.9805,34.8418],[135.9774,34.8412],[135.9749,34.8412],[135.9749,34.8424],[135.9749,34.843],[135.9746,34.8437],[135.9752,34.8452],[135.9753,34.8457],[135.9753,34.8462],[135.9752,34.8467],[135.975,34.8472],[135.9747,34.8477],[135.9742,34.8481],[135.9713,34.8495],[135.9707,34.8497],[135.9695,34.8499],[135.9692,34.8504],[135.9689,34.8509],[135.9684,34.8514],[135.9679,34.8517],[135.9661,34.8523],[135.9662,34.853],[135.9661,34.8535],[135.966,34.854],[135.9658,34.8544],[135.964,34.8563],[135.9635,34.8567],[135.9629,34.857],[135.9623,34.8572],[135.9617,34.8573],[135.961,34.8573],[135.9604,34.8572],[135.9595,34.8569],[135.9584,34.8573],[135.9577,34.8574],[135.957,34.8575],[135.9563,34.8574],[135.9557,34.8572],[135.9537,34.8559],[135.9529,34.8559],[135.9524,34.8558],[135.9499,34.8547],[135.9483,34.858],[135.9478,34.86],[135.9476,34.8605],[135.9473,34.8609],[135.947,34.8614],[135.9465,34.8617],[135.9459,34.862],[135.9456,34.8632],[135.9454,34.8636],[135.9451,34.864],[135.9444,34.8647],[135.9446,34.8674],[135.9456,34.8689],[135.9469,34.8723],[135.947,34.8748],[135.947,34.8753],[135.9463,34.8772],[135.9465,34.8778],[135.9465,34.8783],[135.9464,34.8789],[135.9462,34.8794],[135.9458,34.8799],[135.9437,34.8813],[135.9444,34.8842],[135.9445,34.8847],[135.9436,34.8885],[135.9433,34.8891],[135.9431,34.8895],[135.9435,34.892],[135.9436,34.8925],[135.9435,34.893],[135.9433,34.8935],[135.943,34.8939],[135.9425,34.8943],[135.9407,34.8954],[135.9401,34.8956],[135.9395,34.8958],[135.9389,34.8958],[135.9383,34.8958],[135.9377,34.8956],[135.9343,34.8939],[135.9338,34.8936],[135.9334,34.8932],[135.9321,34.8911],[135.9318,34.8912],[135.9311,34.8913],[135.9305,34.8913],[135.9278,34.8907],[135.9272,34.8905],[135.9267,34.8902],[135.9262,34.8899],[135.9254,34.8888],[135.9222,34.8872],[135.9218,34.8869],[135.9197,34.8874],[135.9191,34.8875],[135.9185,34.8875],[135.9179,34.8874],[135.9147,34.8861],[135.9128,34.8862],[135.9122,34.8862],[135.9116,34.8861],[135.911,34.8858],[135.9105,34.8855],[135.91,34.8851],[135.9088,34.8833],[135.9076,34.8823],[135.9072,34.882],[135.9069,34.8816],[135.9067,34.8811],[135.9063,34.8784],[135.9048,34.8775],[135.9044,34.8772],[135.904,34.8768],[135.9038,34.8765],[135.9034,34.8764],[135.9028,34.8763],[135.8989,34.8742],[135.8987,34.8745],[135.8983,34.8749],[135.8978,34.8753],[135.8907,34.8778],[135.8911,34.8782],[135.8914,34.8787],[135.892,34.8808],[135.892,34.8814],[135.8919,34.8819],[135.8917,34.8825],[135.8895,34.8848],[135.8891,34.8852],[135.8858,34.8868],[135.8852,34.8871],[135.8845,34.8872],[135.8838,34.8872],[135.8819,34.8867],[135.8812,34.8871],[135.8811,34.8874],[135.8808,34.8879],[135.8804,34.8883],[135.8799,34.8887],[135.8794,34.889],[135.8788,34.8892],[135.8781,34.8893],[135.8778,34.8892],[135.8774,34.89],[135.877,34.8905],[135.8766,34.8909],[135.876,34.8912],[135.8754,34.8914],[135.8748,34.8915],[135.8735,34.8915],[135.8709,34.8934],[135.8707,34.8934],[135.8706,34.897],[135.8705,34.8975],[135.8687,34.9008],[135.8669,34.9029],[135.8692,34.9047],[135.871,34.9053],[135.8716,34.9056],[135.8721,34.906],[135.874,34.9086],[135.8743,34.9091],[135.8748,34.9119],[135.8745,34.9153],[135.8743,34.9158],[135.8741,34.9163],[135.8738,34.9167],[135.8725,34.9176],[135.8724,34.9193],[135.8727,34.9196],[135.8731,34.92],[135.8733,34.9205],[135.8735,34.9215],[135.8741,34.9219],[135.8745,34.9223],[135.8749,34.9228],[135.8751,34.9233],[135.8751,34.9239],[135.8751,34.9245],[135.8748,34.9249],[135.8752,34.9252],[135.8755,34.9256],[135.8758,34.9261],[135.876,34.9271],[135.877,34.9282],[135.8772,34.9282],[135.8778,34.9285],[135.8783,34.9289],[135.88,34.9309],[135.8821,34.9325],[135.8826,34.9329],[135.8829,34.9333],[135.8831,34.9338],[135.8832,34.9343],[135.8832,34.9348],[135.8831,34.9353],[135.8818,34.9375],[135.8818,34.9377],[135.8818,34.9383],[135.8816,34.9388],[135.8803,34.9406],[135.8803,34.9409],[135.8803,34.9414],[135.8803,34.9418],[135.8796,34.9433],[135.8814,34.9452],[135.8817,34.9456],[135.8819,34.9461],[135.882,34.9466],[135.8821,34.9471],[135.882,34.9476],[135.8813,34.9488],[135.8789,34.9515],[135.8787,34.9539],[135.8786,34.9543],[135.8784,34.9548],[135.8781,34.9552],[135.8757,34.9572],[135.8752,34.9576],[135.8746,34.9578],[135.874,34.958],[135.8723,34.958],[135.8717,34.9586],[135.8712,34.9589],[135.8707,34.9592],[135.8701,34.9594],[135.8695,34.9594],[135.8688,34.9594],[135.8681,34.9593],[135.8667,34.9596],[135.8667,34.9602],[135.8666,34.9606],[135.8665,34.9611],[135.864,34.9643],[135.8636,34.9647],[135.8632,34.9651],[135.8626,34.9653],[135.8622,34.9654],[135.8615,34.9665],[135.8597,34.968],[135.8597,34.9685],[135.8596,34.9691],[135.8587,34.971],[135.8583,34.9715],[135.8578,34.9719],[135.8565,34.9725],[135.8572,34.9732],[135.8576,34.9736],[135.8579,34.9742],[135.858,34.9747],[135.858,34.9753],[135.8577,34.9762],[135.8595,34.9785],[135.8598,34.979],[135.86,34.9795],[135.86,34.9825],[135.8599,34.983],[135.8598,34.9834],[135.8578,34.9861],[135.8575,34.9866],[135.857,34.9869],[135.8564,34.9872],[135.8558,34.9874],[135.8551,34.9874],[135.8525,34.9871],[135.8533,34.9892],[135.8534,34.9898],[135.8533,34.9904],[135.8523,34.9927],[135.8521,34.9931],[135.8517,34.9936],[135.8512,34.9939],[135.8507,34.9942],[135.8501,34.9943],[135.8495,34.9944],[135.8489,34.9944],[135.8418,34.9927],[135.8405,34.9927],[135.8352,34.9935],[135.8327,34.9936],[135.8327,34.9938],[135.8327,34.994],[135.8333,34.9945],[135.8346,34.9965],[135.8357,34.9966],[135.8364,34.9967],[135.837,34.9969],[135.8376,34.9972],[135.8381,34.9976],[135.8395,35.0001],[135.8398,35.0006],[135.8398,35.0012],[135.8398,35.0018],[135.8386,35.0042],[135.8383,35.0045],[135.8371,35.0057],[135.836,35.0097],[135.8361,35.0097],[135.8367,35.0098],[135.8373,35.0101],[135.8378,35.0104],[135.8382,35.0108],[135.8385,35.0113],[135.8392,35.0139],[135.8392,35.0144],[135.8392,35.0149],[135.8382,35.0174],[135.8383,35.0175],[135.8384,35.0181],[135.8378,35.0225],[135.8376,35.023],[135.8373,35.0235],[135.8369,35.0239],[135.8364,35.0243],[135.8359,35.0245],[135.8352,35.0247],[135.8346,35.0248],[135.8303,35.0242],[135.8301,35.0242],[135.8313,35.0276],[135.8314,35.0281],[135.8314,35.0285],[135.8307,35.0312],[135.8305,35.0318],[135.8301,35.0323],[135.8286,35.0334],[135.8278,35.0362],[135.8276,35.0367],[135.8273,35.0372],[135.8269,35.0376],[135.8264,35.0379],[135.8258,35.0382],[135.8236,35.0385],[135.8219,35.0404],[135.8215,35.0408],[135.8196,35.0419],[135.8191,35.0424],[135.8192,35.0425],[135.8194,35.043],[135.8195,35.0435],[135.8194,35.0441],[135.8193,35.0446],[135.819,35.045],[135.8186,35.0455],[135.8186,35.0457],[135.8203,35.0466],[135.8215,35.0467],[135.8222,35.0469],[135.8228,35.0471],[135.8278,35.0508],[135.8305,35.05],[135.8312,35.0499],[135.8318,35.0499],[135.8342,35.0504],[135.8348,35.0506],[135.8354,35.0509],[135.8359,35.0513],[135.8362,35.0518],[135.8365,35.0523],[135.8366,35.0531],[135.8373,35.0538],[135.8378,35.0543],[135.8392,35.0587],[135.8391,35.0624],[135.8391,35.0628],[135.8379,35.0656],[135.8377,35.068],[135.8376,35.0685],[135.8356,35.0715],[135.837,35.0738],[135.8373,35.0742],[135.8373,35.0747],[135.8384,35.0755],[135.8389,35.0758],[135.8392,35.0762],[135.8394,35.0765],[135.84,35.0767],[135.8405,35.0771],[135.841,35.0775],[135.8413,35.078],[135.8415,35.0785],[135.8416,35.0819],[135.843,35.0853],[135.8431,35.0859],[135.8431,35.0865],[135.8418,35.0894],[135.8399,35.0915],[135.8394,35.0919],[135.8403,35.093],[135.8406,35.0936],[135.8411,35.0966],[135.8424,35.0985],[135.8451,35.1005],[135.8455,35.1009],[135.8459,35.1013],[135.8461,35.1017],[135.8469,35.1069],[135.8466,35.1094],[135.8477,35.1112],[135.8478,35.1116],[135.8479,35.1116],[135.8486,35.1118],[135.8492,35.112],[135.8497,35.1124],[135.8502,35.1128],[135.8505,35.1133],[135.8513,35.1178],[135.8523,35.1188],[135.8527,35.1192],[135.8529,35.1196],[135.8531,35.1201],[135.8531,35.1206],[135.8529,35.1217],[135.8532,35.1222],[135.8534,35.1228],[135.8535,35.1233],[135.8534,35.1239],[135.8527,35.1252],[135.8528,35.1263],[135.8551,35.1306],[135.8556,35.134],[135.8556,35.1345],[135.8555,35.135],[135.8552,35.1355],[135.8549,35.1359],[135.8544,35.1363],[135.8535,35.1368],[135.8537,35.1372],[135.8539,35.1377],[135.8539,35.1382],[135.8538,35.1387],[135.8536,35.1392],[135.8533,35.1396],[135.8529,35.1399],[135.853,35.1402],[135.853,35.1408],[135.8528,35.1414],[135.8525,35.1418],[135.8533,35.1429],[135.855,35.1443],[135.8554,35.1447],[135.8557,35.1451],[135.8558,35.1456],[135.856,35.1482],[135.8572,35.1508],[135.8582,35.1512],[135.8587,35.1515],[135.8592,35.1518],[135.8595,35.1522],[135.8598,35.1526],[135.86,35.1531],[135.8602,35.1571],[135.8594,35.16],[135.8592,35.1605],[135.8589,35.1609],[135.8585,35.1613],[135.858,35.1616],[135.8559,35.1625],[135.8553,35.1626],[135.8515,35.163],[135.8499,35.1639],[135.8498,35.1645],[135.8497,35.165],[135.8494,35.1654],[135.8489,35.166],[135.849,35.1661],[135.849,35.1666],[135.849,35.1671],[135.8488,35.1676],[135.8473,35.1697],[135.8471,35.1724],[135.847,35.1729],[135.8468,35.1734],[135.8459,35.1745],[135.8465,35.1762],[135.8464,35.1789],[135.8464,35.1795],[135.8461,35.18],[135.8458,35.1805],[135.8453,35.1809],[135.8437,35.1817],[135.8436,35.182],[135.8441,35.1831],[135.8443,35.1837],[135.8442,35.1852],[135.8449,35.186],[135.8453,35.1864],[135.8455,35.1869],[135.8456,35.1874],[135.8452,35.1902],[135.8451,35.1906],[135.8448,35.1911],[135.8445,35.1915],[135.8427,35.1929],[135.8419,35.1951],[135.8406,35.1969],[135.8403,35.2],[135.8401,35.2006],[135.839,35.2022],[135.8391,35.2025],[135.8393,35.203],[135.8388,35.207],[135.8386,35.2076],[135.8363,35.2105],[135.8359,35.2109],[135.8349,35.2116],[135.8356,35.2135],[135.8358,35.2141],[135.8357,35.2146],[135.8356,35.2152],[135.8353,35.2157],[135.8349,35.2161],[135.8344,35.2165],[135.8336,35.2168],[135.8338,35.2173],[135.834,35.2178],[135.834,35.2184],[135.8339,35.2189],[135.8331,35.2204],[135.8332,35.2206],[135.8359,35.2215],[135.8364,35.2217],[135.8395,35.2239],[135.84,35.2243],[135.8403,35.2247],[135.8405,35.2252],[135.841,35.2287],[135.841,35.2291],[135.8403,35.2316],[135.8412,35.2347],[135.8412,35.2352],[135.8408,35.2379],[135.8407,35.2384],[135.8398,35.2398],[135.8423,35.242],[135.8427,35.2424],[135.843,35.2428],[135.8431,35.2433],[135.8434,35.2465],[135.8447,35.2473],[135.8451,35.2476],[135.8455,35.248],[135.847,35.2506],[135.8472,35.2511],[135.8473,35.2516],[135.8473,35.2521],[135.8471,35.2526],[135.8468,35.2531],[135.8462,35.2538],[135.8481,35.255],[135.8486,35.2553],[135.8489,35.2557],[135.8492,35.2562],[135.8494,35.2567],[135.8493,35.2585],[135.8493,35.259],[135.8482,35.2612],[135.8501,35.2648],[135.8541,35.2666],[135.8547,35.267],[135.8578,35.2707],[135.8581,35.2711],[135.8583,35.2716],[135.8583,35.272],[135.858,35.2746],[135.858,35.2747],[135.8605,35.2762],[135.861,35.2767],[135.8614,35.2771],[135.8617,35.2777],[135.8619,35.28],[135.8631,35.2811],[135.8635,35.2815],[135.8638,35.2819],[135.864,35.2824],[135.8641,35.2829],[135.864,35.2834],[135.8625,35.2872],[135.8618,35.288],[135.8617,35.2893],[135.8616,35.2899],[135.8614,35.2904],[135.861,35.2909],[135.8606,35.2913],[135.86,35.2916],[135.8594,35.2918],[135.8587,35.2919],[135.8581,35.2919],[135.8541,35.2909],[135.8534,35.2907],[135.8529,35.2904],[135.8515,35.289],[135.8501,35.2883],[135.8495,35.288],[135.849,35.2876],[135.8487,35.2871],[135.8479,35.2843],[135.8468,35.2819],[135.8463,35.2815],[135.8444,35.281],[135.8415,35.2808],[135.8408,35.2807],[135.8402,35.2805],[135.8382,35.2792],[135.8378,35.2789],[135.8375,35.2784],[135.8372,35.278],[135.8371,35.2776],[135.8352,35.2771],[135.8328,35.2786],[135.8322,35.2789],[135.8318,35.279],[135.8301,35.2816],[135.8298,35.282],[135.8288,35.2828],[135.8288,35.2833],[135.8288,35.2838],[135.8287,35.2843],[135.8247,35.2903],[135.8237,35.2915],[135.8246,35.2943],[135.8247,35.2967],[135.8247,35.2972],[135.8245,35.2977],[135.8225,35.3006],[135.8222,35.3011],[135.8217,35.3014],[135.8211,35.3017],[135.8189,35.3022],[135.819,35.3028],[135.8191,35.3033],[135.8175,35.3079],[135.8173,35.3083],[135.817,35.3087],[135.8166,35.3091],[135.8161,35.3094],[135.8146,35.3099],[135.8146,35.3135],[135.8145,35.314],[135.8143,35.3145],[135.8116,35.3183],[135.8112,35.3187],[135.8107,35.3191],[135.8101,35.3194],[135.8094,35.3195],[135.8062,35.3195],[135.805,35.3198],[135.8027,35.321],[135.7979,35.3231],[135.7977,35.3234],[135.7974,35.3238],[135.7969,35.3242],[135.7939,35.3255],[135.7933,35.3286],[135.7931,35.3292],[135.7928,35.3296],[135.7924,35.3301],[135.7884,35.3325],[135.7867,35.3359],[135.7865,35.3363],[135.7857,35.3371],[135.7858,35.3382],[135.7858,35.3388],[135.7856,35.3394],[135.7836,35.342],[135.7832,35.3425],[135.7826,35.3428],[135.782,35.3431],[135.7813,35.3432],[135.7806,35.3433],[135.78,35.3431],[135.776,35.3451],[135.7754,35.3454],[135.7713,35.3459],[135.771,35.3461],[135.7705,35.3463],[135.77,35.3464],[135.7685,35.3465],[135.7688,35.3468],[135.7692,35.3472],[135.7694,35.3478],[135.7695,35.3483],[135.7695,35.3488],[135.7699,35.3492],[135.7702,35.3497],[135.7709,35.3518],[135.7719,35.3525],[135.7724,35.3529],[135.7727,35.3533],[135.7729,35.3538],[135.7731,35.3543],[135.773,35.3548],[135.7729,35.3553],[135.7717,35.3573],[135.7713,35.3577],[135.7708,35.3581],[135.7703,35.3584],[135.7697,35.3586],[135.769,35.3587],[135.7683,35.3587],[135.7669,35.3583],[135.7667,35.3585],[135.7663,35.3587],[135.7662,35.3588],[135.7656,35.359],[135.765,35.3592],[135.7644,35.3592],[135.7637,35.3592],[135.7605,35.3582],[135.76,35.3579],[135.7588,35.3571],[135.7563,35.3571],[135.7523,35.3594],[135.7453,35.3615],[135.7447,35.3616],[135.7441,35.3616],[135.7395,35.3609],[135.7389,35.3607],[135.7383,35.3605],[135.7377,35.3601],[135.7373,35.3597],[135.737,35.3591],[135.7369,35.3586],[135.7369,35.358],[135.7377,35.3556],[135.7377,35.3555],[135.7351,35.3538],[135.7321,35.3537],[135.7318,35.3536],[135.7296,35.3548],[135.7291,35.3551],[135.7285,35.3552],[135.7279,35.3553],[135.7272,35.3552],[135.7253,35.3547],[135.7233,35.3556],[135.7212,35.3572],[135.7207,35.3576],[135.7202,35.3578],[135.7195,35.358],[135.7189,35.358],[135.7182,35.3579],[135.7176,35.3578],[135.717,35.3575],[135.7159,35.3566],[135.7158,35.3566],[135.7151,35.3568],[135.7144,35.3567],[135.7138,35.3566],[135.7111,35.3554],[135.7105,35.355],[135.7101,35.3546],[135.7097,35.3541],[135.709,35.3512],[135.7084,35.3502],[135.7068,35.3497],[135.7061,35.3494],[135.7056,35.349],[135.7051,35.3491],[135.7045,35.3491],[135.7039,35.349],[135.7033,35.3488],[135.7027,35.3485],[135.7023,35.3482],[135.7019,35.3477],[135.7015,35.347],[135.7014,35.3471],[135.7009,35.3473],[135.7003,35.3475],[135.6997,35.3476],[135.6979,35.3474],[135.6964,35.3481],[135.6958,35.3483],[135.6938,35.3485],[135.6923,35.3498],[135.6917,35.3501],[135.6911,35.3504],[135.688,35.3508],[135.6875,35.3508],[135.6869,35.3508],[135.6856,35.3504],[135.6818,35.3523],[135.6812,35.3526],[135.6805,35.3527],[135.6786,35.3526],[135.6762,35.355],[135.6759,35.3553],[135.674,35.3563],[135.6733,35.3566],[135.6719,35.3568],[135.6713,35.358],[135.671,35.3585],[135.6706,35.3589],[135.6701,35.3592],[135.6696,35.3595],[135.669,35.3597],[135.6684,35.3598],[135.6678,35.3597],[135.6662,35.3594],[135.6647,35.3595],[135.6641,35.3596],[135.6627,35.3593],[135.662,35.3601],[135.6615,35.3605],[135.6609,35.3609],[135.6551,35.3624],[135.6534,35.3626],[135.6517,35.3633],[135.6508,35.3645],[135.6445,35.3688],[135.644,35.3691],[135.6433,35.3693],[135.6427,35.3694],[135.642,35.3694],[135.6414,35.3693],[135.6408,35.3691],[135.6373,35.3668],[135.6369,35.3666],[135.6338,35.3681],[135.63,35.3693],[135.6255,35.372],[135.6249,35.3723],[135.6243,35.3725],[135.6237,35.3726],[135.6217,35.3724],[135.6203,35.3729],[135.6196,35.3731],[135.619,35.3732],[135.6183,35.3731],[135.6177,35.373],[135.6167,35.3734],[135.6162,35.3736],[135.6156,35.3737],[135.615,35.3738],[135.6144,35.3737],[135.6138,35.3735],[135.6106,35.3718],[135.6105,35.3719],[135.61,35.3727],[135.6096,35.3732],[135.6091,35.3736],[135.6086,35.3739],[135.6079,35.3741],[135.6072,35.3742],[135.6059,35.3741],[135.6048,35.3745],[135.6042,35.3747],[135.6036,35.3747],[135.603,35.3747],[135.6007,35.3742],[135.6005,35.3744],[135.5999,35.3747],[135.5993,35.3749],[135.5953,35.3753],[135.5947,35.3753],[135.5941,35.3752],[135.5935,35.3751],[135.593,35.3748],[135.5925,35.3745],[135.5922,35.3741],[135.5914,35.3727],[135.5908,35.3725],[135.5902,35.3723],[135.5896,35.372],[135.5887,35.3711],[135.5864,35.3721],[135.5854,35.3737],[135.582,35.3767],[135.5816,35.377],[135.5811,35.3773],[135.5806,35.3775],[135.5761,35.3779],[135.5755,35.3779],[135.575,35.3779],[135.5744,35.3777],[135.573,35.377],[135.5725,35.377],[135.5711,35.3776],[135.5705,35.3778],[135.5699,35.3779],[135.5694,35.3779],[135.5685,35.3789],[135.568,35.3793],[135.5675,35.3797],[135.5656,35.3802],[135.565,35.3803],[135.5643,35.3804],[135.5637,35.3803],[135.5609,35.3792],[135.5603,35.3792],[135.5598,35.3796],[135.5592,35.3799],[135.5586,35.3801],[135.5579,35.3802],[135.5554,35.3799],[135.5552,35.38],[135.5546,35.3803],[135.554,35.3805],[135.5533,35.3805],[135.5526,35.3805],[135.5498,35.3796],[135.5446,35.3796],[135.5375,35.3794],[135.5365,35.3797],[135.5362,35.38],[135.5356,35.3803],[135.5313,35.3815],[135.5307,35.3818],[135.5304,35.3849],[135.5304,35.3851],[135.5308,35.3855],[135.532,35.3876],[135.5322,35.3882],[135.5322,35.3896],[135.5338,35.3908],[135.5343,35.3912],[135.5346,35.3916],[135.5348,35.3921],[135.5349,35.3926],[135.5349,35.3931],[135.533,35.3984],[135.5327,35.3989],[135.5324,35.3993],[135.5319,35.3997],[135.5313,35.4],[135.5307,35.4002],[135.5303,35.4002],[135.5301,35.4005],[135.5299,35.401],[135.5288,35.402],[135.5287,35.4027],[135.5289,35.4031],[135.5293,35.4032],[135.5299,35.4035],[135.5303,35.4039],[135.5314,35.4058],[135.5323,35.4065],[135.5327,35.4069],[135.533,35.4074],[135.5332,35.4079],[135.5333,35.4101],[135.5332,35.4106],[135.5331,35.411],[135.5328,35.4115],[135.531,35.4132],[135.5309,35.4153],[135.5309,35.4158],[135.5307,35.4162],[135.5301,35.4171],[135.5302,35.4178],[135.5303,35.4183],[135.5303,35.4187],[135.5302,35.4192],[135.5288,35.4216],[135.5284,35.422],[135.5262,35.4238],[135.5256,35.4242],[135.5249,35.4244],[135.5236,35.4246],[135.5229,35.425],[135.5224,35.4253],[135.5218,35.4255],[135.5212,35.4256],[135.5206,35.4256],[135.5165,35.4249],[135.5133,35.4266],[135.5128,35.4269],[135.5122,35.427],[135.5102,35.4271],[135.5096,35.4271],[135.509,35.427],[135.5085,35.4268],[135.5046,35.4241],[135.5038,35.4233],[135.5038,35.4237],[135.5036,35.4241],[135.5034,35.4246],[135.503,35.425],[135.5001,35.4271],[135.4997,35.4273],[135.4999,35.4278],[135.4999,35.4283],[135.4998,35.4288],[135.4995,35.4293],[135.5,35.4298],[135.5008,35.4299],[135.5015,35.43],[135.502,35.4302],[135.5025,35.4304],[135.503,35.4308],[135.5033,35.4312],[135.5036,35.4316],[135.5039,35.433],[135.504,35.4336],[135.5039,35.4341],[135.5036,35.4346],[135.5033,35.4351],[135.5018,35.4362],[135.5009,35.4384],[135.5006,35.4389],[135.5002,35.4394],[135.497,35.4412],[135.4965,35.4414],[135.4959,35.4416],[135.4954,35.4416],[135.4924,35.4414],[135.4925,35.4416],[135.4924,35.4421],[135.4904,35.4457],[135.4893,35.4492],[135.4891,35.4497],[135.4887,35.4502],[135.4883,35.4506],[135.4877,35.4509],[135.4871,35.4512],[135.4864,35.4513],[135.4857,35.4512],[135.4836,35.4507],[135.4822,35.4508],[135.4804,35.4521],[135.4773,35.4538],[135.4766,35.4547],[135.4762,35.4551],[135.4757,35.4554],[135.474,35.4561],[135.4739,35.4564],[135.4725,35.4592],[135.4722,35.4596],[135.4691,35.4626],[135.4667,35.4641],[135.466,35.4644],[135.4648,35.4647],[135.4634,35.4667],[135.4629,35.4681],[135.4627,35.4686],[135.4624,35.469],[135.4626,35.4693],[135.4628,35.4698],[135.463,35.4703],[135.463,35.4708],[135.4625,35.4727],[135.4652,35.4772],[135.4687,35.4802],[135.4691,35.4805],[135.4694,35.481],[135.4697,35.482],[135.4707,35.4823],[135.4713,35.4825],[135.4718,35.4828],[135.4722,35.4832],[135.4726,35.4836],[135.4728,35.4841],[135.4729,35.4846],[135.4727,35.4859],[135.4729,35.4858],[135.4735,35.4856],[135.4742,35.4855],[135.4748,35.4856],[135.4755,35.4857],[135.4761,35.4859],[135.4785,35.4877],[135.479,35.4881],[135.4793,35.4885],[135.4795,35.489],[135.4796,35.4895],[135.4793,35.4923],[135.4791,35.4928],[135.4782,35.4941],[135.4774,35.4976],[135.4762,35.5009],[135.4774,35.5027],[135.4785,35.5035],[135.4789,35.5039],[135.4792,35.5044],[135.4794,35.5049],[135.4795,35.5054],[135.4795,35.5059],[135.4793,35.5065],[135.479,35.5069],[135.4754,35.5101],[135.475,35.5104],[135.4744,35.5107],[135.4739,35.5108],[135.4728,35.5109],[135.4724,35.5113],[135.4719,35.5116],[135.4714,35.5118],[135.4708,35.512],[135.469,35.5121],[135.4662,35.5149],[135.4656,35.5153],[135.4616,35.5167],[135.458,35.5197],[135.4556,35.5209],[135.4547,35.5222],[135.4544,35.5226],[135.4539,35.523],[135.4534,35.5233],[135.4528,35.5235],[135.4527,35.5235],[135.4527,35.5238],[135.4529,35.5256],[135.4534,35.5258],[135.4538,35.5261],[135.4542,35.5265],[135.4544,35.527],[135.455,35.5295],[135.4557,35.53],[135.4561,35.5304],[135.4564,35.5307],[135.4576,35.5332],[135.4578,35.5338],[135.4575,35.5364],[135.4587,35.5383],[135.4606,35.5398],[135.4624,35.5419],[135.4627,35.5425],[135.4635,35.5466],[135.4653,35.5473],[135.4686,35.5496],[135.4729,35.5511],[135.474,35.551],[135.4746,35.551],[135.4752,35.5512],[135.4784,35.5526],[135.4814,35.5531],[135.485,35.5543],[135.4856,35.5546],[135.4861,35.555],[135.4866,35.5554],[135.4869,35.5559],[135.4872,35.5574],[135.4873,35.5579],[135.4872,35.5585],[135.487,35.559],[135.4866,35.5595],[135.4861,35.5599],[135.4828,35.5614],[135.4823,35.5616],[135.4817,35.5617],[135.4811,35.5617],[135.4805,35.5617],[135.4785,35.561],[135.4778,35.5611],[135.4772,35.5611],[135.4765,35.5611],[135.476,35.5609],[135.4753,35.5606],[135.4754,35.5607],[135.4756,35.5612],[135.4757,35.5617],[135.4753,35.5644],[135.4751,35.5649],[135.4777,35.5636],[135.4783,35.5634],[135.4789,35.5633],[135.4795,35.5632],[135.4802,35.5633],[135.4817,35.5639],[135.4827,35.5642],[135.4832,35.5645],[135.4837,35.5649],[135.4841,35.5653],[135.4844,35.5657],[135.4845,35.5662],[135.4846,35.5668],[135.4845,35.5673],[135.4837,35.5688],[135.4834,35.5693],[135.4829,35.5697],[135.4824,35.57],[135.4818,35.5702],[135.4812,35.5704],[135.476,35.5702],[135.4753,35.5701],[135.4747,35.5699],[135.4742,35.5697],[135.4737,35.5693],[135.4733,35.5689],[135.473,35.5684],[135.4729,35.5679],[135.4728,35.5674],[135.4729,35.5668],[135.473,35.5666],[135.4728,35.5667],[135.4721,35.5667],[135.4718,35.5667],[135.4718,35.5668],[135.4716,35.5673],[135.4713,35.5678],[135.4688,35.5698],[135.4683,35.5718],[135.4681,35.5723],[135.4678,35.5728],[135.4673,35.5732],[135.4668,35.5735],[135.4662,35.5737],[135.4656,35.5739],[135.465,35.5739],[135.4598,35.573],[135.4592,35.5728],[135.4591,35.5728],[135.4587,35.5729],[135.4581,35.5731],[135.4574,35.5731],[135.4568,35.5731],[135.4562,35.5729],[135.4556,35.5726],[135.4551,35.5723],[135.4541,35.5711],[135.4528,35.573],[135.4527,35.5754],[135.4531,35.5767],[135.4532,35.5773],[135.4532,35.5778],[135.4527,35.5789],[135.4537,35.5794],[135.4561,35.5816],[135.4564,35.5821],[135.4565,35.5821],[135.4569,35.5822],[135.4575,35.5823],[135.4581,35.5826],[135.4586,35.583],[135.459,35.5834],[135.4592,35.5839],[135.4594,35.5844],[135.4594,35.585],[135.4582,35.5886],[135.4579,35.5892],[135.4578,35.5893],[135.4582,35.5894],[135.4587,35.5896],[135.4593,35.5899],[135.4597,35.5903],[135.4599,35.5905],[135.4606,35.5901],[135.4612,35.5899],[135.4618,35.5897],[135.4625,35.5896],[135.4632,35.5897],[135.4638,35.5899],[135.4644,35.5901],[135.4649,35.5905],[135.4653,35.5909],[135.4656,35.5914],[135.4658,35.5919],[135.4657,35.5946],[135.4656,35.5951],[135.4654,35.5956],[135.4652,35.596],[135.4649,35.5962],[135.4649,35.5964],[135.4651,35.5969],[135.465,35.5974],[135.4661,35.598],[135.4666,35.5984],[135.467,35.5988],[135.4673,35.5993],[135.4675,35.5998],[135.4675,35.6004],[135.4674,35.6009],[135.4672,35.6014],[135.4664,35.6024],[135.466,35.6041],[135.4658,35.6046],[135.4656,35.6051],[135.4652,35.6055],[135.4647,35.6059],[135.4642,35.6061],[135.4636,35.6063],[135.463,35.6064],[135.4623,35.6064],[135.4617,35.6063],[135.4611,35.6061],[135.4585,35.6044],[135.4574,35.6043],[135.4567,35.6043],[135.4561,35.6041],[135.4555,35.6038],[135.4551,35.6034],[135.4545,35.6026],[135.4543,35.6026],[135.4535,35.6024],[135.4529,35.6021],[135.4528,35.6021],[135.4521,35.6021],[135.4495,35.6016],[135.4489,35.6014],[135.4483,35.6011],[135.4478,35.6007],[135.4468,35.5991],[135.4465,35.5987],[135.4464,35.5982],[135.4466,35.5963],[135.4465,35.5963],[135.4459,35.5963],[135.4452,35.5962],[135.4447,35.596],[135.4441,35.5957],[135.4437,35.5953],[135.443,35.5943],[135.4428,35.5944],[135.4421,35.5944],[135.4361,35.593],[135.4353,35.5932],[135.4347,35.5934],[135.4341,35.5934],[135.4334,35.5934],[135.4328,35.5932],[135.4323,35.593],[135.4318,35.5927],[135.4314,35.5923],[135.4311,35.5919],[135.4305,35.5901],[135.4304,35.5896],[135.4304,35.589],[135.4307,35.5884],[135.431,35.5879],[135.4319,35.5872],[135.4317,35.587],[135.4314,35.5866],[135.4312,35.5861],[135.431,35.5834],[135.431,35.5831],[135.4309,35.5831],[135.4304,35.5829],[135.43,35.5827],[135.4296,35.5828],[135.4268,35.5828],[135.4261,35.5828],[135.4255,35.5826],[135.4249,35.5824],[135.4244,35.582],[135.424,35.5816],[135.4232,35.5803],[135.423,35.5798],[135.423,35.5793],[135.423,35.5789],[135.4232,35.5784],[135.4234,35.5779],[135.4238,35.5775],[135.424,35.5773],[135.4237,35.5772],[135.4232,35.5768],[135.4228,35.5765],[135.4225,35.576],[135.4222,35.5755],[135.4218,35.5704],[135.4187,35.5713],[135.4169,35.5714],[135.4153,35.5723],[135.4147,35.5725],[135.4141,35.5727],[135.4135,35.5728],[135.4129,35.5728],[135.4122,35.5726],[135.4096,35.5714],[135.409,35.571],[135.4072,35.569],[135.4038,35.5663],[135.4022,35.5646],[135.4,35.5647],[135.3994,35.5646],[135.3989,35.5645],[135.3983,35.5643],[135.3978,35.5641],[135.3974,35.5637],[135.3958,35.5617],[135.3946,35.5609],[135.3909,35.56],[135.3901,35.5596],[135.3895,35.5599],[135.3875,35.5617],[135.387,35.562],[135.3808,35.5645],[135.3802,35.5646],[135.3796,35.5647],[135.379,35.5647],[135.3784,35.5646],[135.3779,35.5644],[135.3774,35.5642],[135.3757,35.5627],[135.3754,35.5624],[135.3751,35.562],[135.3746,35.5606],[135.3725,35.5593],[135.3681,35.5555],[135.3653,35.554],[135.3612,35.5536],[135.3607,35.5536],[135.356,35.5519],[135.3554,35.5516],[135.3499,35.5465],[135.3479,35.5458],[135.3476,35.5459],[135.3477,35.5466],[135.3474,35.5515],[135.3473,35.552],[135.3471,35.5525],[135.3468,35.5529],[135.3464,35.5533],[135.3448,35.5542],[135.3442,35.5544],[135.3436,35.5546],[135.343,35.5546],[135.3424,35.5546],[135.3418,35.5544],[135.3412,35.5542],[135.3381,35.5519],[135.3377,35.5516],[135.3358,35.5485],[135.3355,35.548],[135.3354,35.5475],[135.3354,35.547],[135.3359,35.5455],[135.3357,35.5445],[135.3355,35.5442],[135.335,35.5437],[135.3332,35.5381],[135.333,35.5322],[135.333,35.5318],[135.3344,35.5276],[135.3343,35.5272],[135.3343,35.5267],[135.3343,35.5262],[135.336,35.5226],[135.3363,35.5222],[135.3367,35.5218],[135.3372,35.5214],[135.3377,35.5212],[135.3383,35.521],[135.3388,35.521],[135.3391,35.5206],[135.3395,35.5202],[135.34,35.5199],[135.3405,35.5197],[135.3411,35.5195],[135.3422,35.5195],[135.3426,35.5192],[135.3431,35.5189],[135.3437,35.5187],[135.3443,35.5186],[135.345,35.5186],[135.3434,35.5184],[135.3428,35.5182],[135.3422,35.518],[135.3417,35.5176],[135.3413,35.5172],[135.341,35.5167],[135.3404,35.5144],[135.3403,35.5138],[135.3404,35.5133],[135.3406,35.5128],[135.341,35.5123],[135.3414,35.5119],[135.3423,35.5115],[135.342,35.5113],[135.3396,35.5091],[135.3392,35.5087],[135.339,35.5082],[135.3388,35.5077],[135.3388,35.5072],[135.3389,35.5067],[135.3391,35.5062],[135.3394,35.5058],[135.3398,35.5054],[135.3403,35.5051],[135.3404,35.5051],[135.3403,35.5049],[135.3402,35.5044],[135.3403,35.5038],[135.3404,35.5033],[135.3407,35.5028],[135.3411,35.5024],[135.3416,35.502],[135.3422,35.5018],[135.3428,35.5016],[135.3467,35.5015],[135.3473,35.5016],[135.3479,35.5017],[135.3484,35.5019],[135.3488,35.5021],[135.3503,35.502],[135.3517,35.5014],[135.3524,35.5007],[135.3528,35.5003],[135.3533,35.5001],[135.3539,35.4998],[135.3544,35.4997],[135.355,35.4997],[135.3573,35.5],[135.358,35.5002],[135.3586,35.5005],[135.3592,35.5009],[135.3602,35.5024],[135.3622,35.5017],[135.3628,35.5015],[135.3635,35.5014],[135.3641,35.5014],[135.3648,35.5016],[135.3654,35.5018],[135.3665,35.5027],[135.3667,35.5026],[135.3673,35.5024],[135.3679,35.5022],[135.3686,35.5022],[135.3721,35.5028],[135.3727,35.503],[135.373,35.5031],[135.3758,35.5023],[135.377,35.5009],[135.3774,35.5005],[135.3779,35.5002],[135.3786,35.4999],[135.3792,35.4998],[135.3799,35.4998],[135.3806,35.4998],[135.385,35.5016],[135.3855,35.5018],[135.3859,35.5022],[135.3863,35.5025],[135.3873,35.5043],[135.3875,35.5048],[135.3876,35.5058],[135.391,35.4987],[135.3913,35.4983],[135.3918,35.4978],[135.3923,35.4975],[135.3929,35.4972],[135.3936,35.4971],[135.3948,35.4971],[135.3946,35.4967],[135.3946,35.4962],[135.3948,35.4956],[135.395,35.4951],[135.3953,35.4947],[135.3957,35.4945],[135.3955,35.4944],[135.395,35.4939],[135.3931,35.4908],[135.3929,35.4902],[135.3928,35.4885],[135.3918,35.4855],[135.3913,35.4855],[135.3888,35.4849],[135.3882,35.4847],[135.3876,35.4844],[135.3872,35.484],[135.3861,35.4824],[135.3835,35.4808],[135.3834,35.4809],[135.3828,35.4808],[135.3833,35.4811],[135.3853,35.4831],[135.3856,35.4835],[135.3858,35.4839],[135.386,35.4844],[135.386,35.4849],[135.3859,35.4854],[135.3851,35.4869],[135.3848,35.4873],[135.3845,35.4877],[135.3825,35.4889],[135.3828,35.4895],[135.3829,35.49],[135.3829,35.4906],[135.3828,35.4911],[135.3826,35.4915],[135.3823,35.492],[135.3818,35.4924],[135.3813,35.4927],[135.376,35.4942],[135.3755,35.4944],[135.3749,35.4944],[135.3743,35.4944],[135.3723,35.4938],[135.3717,35.4935],[135.3712,35.4932],[135.3709,35.4929],[135.3703,35.4928],[135.3697,35.4925],[135.3692,35.4927],[135.3685,35.4928],[135.3657,35.4927],[135.3651,35.4926],[135.3645,35.4924],[135.364,35.4922],[135.3621,35.4905],[135.3618,35.4908],[135.3612,35.4911],[135.3606,35.4913],[135.36,35.4915],[135.3562,35.4913],[135.3548,35.4929],[135.3544,35.4933],[135.3539,35.4936],[135.3534,35.4939],[135.3527,35.494],[135.3509,35.4955],[135.351,35.4963],[135.3511,35.4968],[135.3511,35.4973],[135.351,35.4978],[135.3507,35.4983],[135.3504,35.4988],[135.3499,35.4991],[135.3494,35.4994],[135.3456,35.5004],[135.3449,35.5006],[135.3431,35.5004],[135.343,35.5005],[135.3425,35.5009],[135.3419,35.5011],[135.3413,35.5013],[135.3406,35.5014],[135.34,35.5013],[135.3378,35.5007],[135.3372,35.5004],[135.3367,35.5001],[135.3363,35.4997],[135.3361,35.4993],[135.3365,35.5011],[135.3366,35.5015],[135.3366,35.5019],[135.3367,35.502],[135.3372,35.5023],[135.3376,35.5027],[135.3379,35.5032],[135.338,35.5037],[135.338,35.5058],[135.3379,35.5062],[135.3378,35.5067],[135.3352,35.5103],[135.3357,35.5116],[135.3358,35.5122],[135.3351,35.5164],[135.3349,35.5169],[135.3341,35.5182],[135.3338,35.5186],[135.3333,35.5189],[135.3328,35.5192],[135.3323,35.5194],[135.3302,35.5197],[135.3303,35.5211],[135.3303,35.5216],[135.3301,35.5221],[135.3298,35.5226],[135.3295,35.523],[135.3285,35.5236],[135.3282,35.5249],[135.328,35.5254],[135.3278,35.5258],[135.3258,35.5275],[135.3253,35.5279],[135.3248,35.5281],[135.3242,35.5283],[135.3236,35.5283],[135.3201,35.528],[135.3195,35.5278],[135.3189,35.5276],[135.3149,35.5247],[135.3145,35.5242],[135.3142,35.5238],[135.314,35.5232],[135.3139,35.521],[135.3117,35.5179],[135.3114,35.5173],[135.3107,35.5169],[135.3088,35.515],[135.3082,35.5151],[135.3059,35.5158],[135.2991,35.5173],[135.298,35.5178],[135.2973,35.5181],[135.2937,35.5184],[135.2929,35.5183],[135.2913,35.5179],[135.2883,35.519],[135.2869,35.5207],[135.2864,35.5211],[135.2794,35.5246],[135.279,35.5247],[135.2779,35.525],[135.2761,35.5264],[135.2758,35.5265],[135.2764,35.5278],[135.2765,35.5283],[135.2765,35.5289],[135.2764,35.5294],[135.2762,35.5299],[135.2758,35.5303],[135.2753,35.5307],[135.2727,35.5319],[135.2726,35.5335],[135.2725,35.534],[135.2723,35.5345],[135.2719,35.535],[135.2715,35.5354],[135.2709,35.5357],[135.2684,35.5364],[135.2678,35.5365],[135.2672,35.5365],[135.2644,35.536],[135.2626,35.5362],[135.2598,35.5373],[135.2593,35.5375],[135.2587,35.5376],[135.2581,35.5376],[135.2549,35.5369],[135.2539,35.5371],[135.2498,35.5384],[135.2491,35.5386],[135.2484,35.5386],[135.2461,35.5382],[135.2432,35.5412],[135.2416,35.5437],[135.2403,35.5469],[135.2399,35.55],[135.2403,35.5523],[135.2412,35.554],[135.2445,35.5573],[135.245,35.5583],[135.2463,35.5588],[135.2468,35.5588],[135.2466,35.5587],[135.2462,35.5583],[135.2459,35.5579],[135.2458,35.5574],[135.2457,35.5555],[135.2457,35.555],[135.2459,35.5544],[135.2462,35.554],[135.2483,35.5522],[135.2488,35.5518],[135.2494,35.5515],[135.2512,35.5512],[135.2522,35.5505],[135.2527,35.5503],[135.2533,35.55],[135.2539,35.5499],[135.2545,35.5499],[135.2552,35.55],[135.2558,35.5502],[135.2563,35.5505],[135.2568,35.5508],[135.2572,35.5512],[135.2574,35.5517],[135.2575,35.5518],[135.2601,35.5511],[135.2609,35.551],[135.2633,35.5513],[135.264,35.5514],[135.2646,35.5517],[135.2651,35.552],[135.2674,35.5547],[135.2707,35.5561],[135.2723,35.5562],[135.2731,35.5563],[135.2765,35.5578],[135.2771,35.5582],[135.2775,35.5586],[135.2779,35.5591],[135.2781,35.5596],[135.2781,35.5601],[135.2781,35.5607],[135.2772,35.5625],[135.2769,35.5629],[135.2766,35.5633],[135.2761,35.5636],[135.2737,35.5646],[135.2726,35.5656],[135.2722,35.5674],[135.272,35.5679],[135.2716,35.5684],[135.2711,35.5689],[135.2694,35.5698],[135.2688,35.57],[135.2681,35.5701],[135.2675,35.5701],[135.2668,35.57],[135.2658,35.5696],[135.264,35.5704],[135.2635,35.5706],[135.2629,35.5707],[135.2595,35.5707],[135.2588,35.5706],[135.2582,35.5704],[135.258,35.5703],[135.2575,35.5705],[135.257,35.5706],[135.2555,35.5706],[135.254,35.5718],[135.2534,35.5739],[135.2534,35.574],[135.2547,35.5751],[135.2552,35.5755],[135.2555,35.576],[135.2557,35.5765],[135.2557,35.5771],[135.2556,35.5776],[135.2554,35.5781],[135.255,35.5786],[135.2546,35.579],[135.2522,35.5801],[135.2508,35.5818],[135.2511,35.582],[135.2517,35.5823],[135.2521,35.5827],[135.2525,35.5831],[135.2527,35.5836],[135.2528,35.5842],[135.2528,35.5847],[135.2526,35.5852],[135.2524,35.5857],[135.2544,35.5854],[135.2551,35.5854],[135.2557,35.5855],[135.2563,35.5857],[135.2569,35.586],[135.2574,35.5863],[135.2584,35.5877],[135.2587,35.5882],[135.2588,35.5888],[135.2586,35.5907],[135.2591,35.5911],[135.2594,35.5915],[135.2597,35.5919],[135.2598,35.5924],[135.2599,35.5929],[135.2593,35.5952],[135.2595,35.5984],[135.2594,35.5988],[135.2593,35.5993],[135.2591,35.5998],[135.2587,35.6002],[135.2566,35.6017],[135.2561,35.602],[135.2554,35.6022],[135.2532,35.6025],[135.2525,35.6024],[135.2519,35.6023],[135.2513,35.6021],[135.2507,35.6018],[135.2488,35.5998],[135.2484,35.5993],[135.2482,35.5989],[135.2478,35.5956],[135.2469,35.5951],[135.2464,35.5948],[135.246,35.5944],[135.2457,35.594],[135.2452,35.594],[135.2446,35.5938],[135.2441,35.5936],[135.2436,35.5933],[135.2432,35.5929],[135.2429,35.5925],[135.2422,35.5906],[135.2415,35.5906],[135.2408,35.5906],[135.2402,35.5904],[135.2396,35.5902],[135.2391,35.5899],[135.2387,35.5895],[135.2383,35.5891],[135.2381,35.5886],[135.238,35.5881],[135.238,35.5875],[135.2386,35.586],[135.2381,35.5852],[135.2368,35.5844],[135.2352,35.5845],[135.2315,35.5868],[135.2293,35.5877],[135.2287,35.5879],[135.2281,35.588],[135.2274,35.588],[135.2268,35.5878],[135.2262,35.5876],[135.2257,35.5873],[135.2252,35.587],[135.2249,35.5865],[135.2246,35.586],[135.2245,35.5855],[135.2245,35.585],[135.2265,35.5795],[135.2267,35.5778],[135.2258,35.5771],[135.2254,35.5768],[135.2251,35.5764],[135.2248,35.5759],[135.2242,35.5719],[135.2237,35.5706],[135.2234,35.5703],[135.2231,35.5705],[135.2225,35.5707],[135.2219,35.5708],[135.2213,35.5709],[135.2206,35.5708],[135.22,35.5706],[135.2175,35.5692],[135.2154,35.5688],[135.2147,35.5686],[135.2141,35.5683],[135.2111,35.5655],[135.2104,35.5656],[135.2098,35.5657],[135.2072,35.5654],[135.2066,35.5653],[135.2061,35.5651],[135.2056,35.5649],[135.2017,35.5613],[135.2013,35.5609],[135.201,35.5604],[135.2009,35.5598],[135.2009,35.5593],[135.2012,35.5583],[135.2007,35.5557],[135.2007,35.5551],[135.2008,35.5545],[135.2011,35.554],[135.2014,35.5536],[135.2019,35.5532],[135.2025,35.5529],[135.2048,35.5523],[135.2063,35.5516],[135.2072,35.5505],[135.2075,35.5481],[135.2067,35.5456],[135.2059,35.5441],[135.2045,35.5425],[135.2037,35.5421],[135.2036,35.5421],[135.203,35.5422],[135.2023,35.5421],[135.2017,35.542],[135.2011,35.5418],[135.2006,35.5414],[135.2003,35.5411],[135.2,35.5413],[135.1994,35.5417],[135.1987,35.5418],[135.1963,35.542],[135.1957,35.5421],[135.1957,35.5422],[135.1955,35.5427],[135.1952,35.5431],[135.1944,35.5438],[135.1942,35.5449],[135.194,35.5455],[135.1937,35.546],[135.1912,35.5482],[135.1912,35.5483],[135.1913,35.5489],[135.1909,35.5512],[135.1914,35.5522],[135.1916,35.5527],[135.1917,35.5532],[135.1917,35.5537],[135.1902,35.5572],[135.1919,35.562],[135.1922,35.5641],[135.1927,35.5654],[135.1942,35.5672],[135.1955,35.5695],[135.1972,35.571],[135.1991,35.5735],[135.2022,35.5766],[135.2074,35.5806],[135.2077,35.5809],[135.2094,35.5832],[135.2097,35.5837],[135.2102,35.5868],[135.2117,35.5895],[135.2141,35.591],[135.2146,35.5913],[135.215,35.5918],[135.2171,35.5964],[135.2231,35.5993],[135.2236,35.5993],[135.2243,35.5993],[135.2249,35.5995],[135.2255,35.5997],[135.2277,35.6014],[135.2281,35.6018],[135.2284,35.6023],[135.2286,35.6027],[135.2287,35.6041],[135.2303,35.6059],[135.2318,35.6066],[135.236,35.6098],[135.2365,35.6102],[135.2368,35.6108],[135.2374,35.6135],[135.2378,35.6142],[135.2422,35.6152],[135.2427,35.6154],[135.2432,35.6156],[135.2471,35.6188],[135.2475,35.6192],[135.2478,35.6196],[135.248,35.6201],[135.2482,35.6225],[135.2488,35.6233],[135.249,35.6238],[135.2496,35.6268],[135.2492,35.6299],[135.2499,35.6308],[135.2502,35.6313],[135.2509,35.6339],[135.2536,35.6395],[135.2543,35.6448],[135.2558,35.6477],[135.2601,35.6529],[135.2619,35.654],[135.2624,35.6545],[135.2641,35.6572],[135.2658,35.6588],[135.2662,35.6592],[135.2664,35.6596],[135.2672,35.6623],[135.2695,35.6645],[135.2702,35.6647],[135.2712,35.6643],[135.2717,35.664],[135.2724,35.6639],[135.273,35.6638],[135.2736,35.6639],[135.2742,35.664],[135.2763,35.6651],[135.2773,35.6657],[135.2775,35.6658],[135.2778,35.6657],[135.2784,35.6656],[135.279,35.6656],[135.2792,35.6657],[135.2802,35.6641],[135.2805,35.6637],[135.281,35.6633],[135.2815,35.663],[135.282,35.6628],[135.2826,35.6627],[135.2855,35.6627],[135.2856,35.6627],[135.2859,35.6625],[135.2865,35.6623],[135.2885,35.6619],[135.2903,35.6592],[135.2906,35.6588],[135.291,35.6584],[135.2931,35.6574],[135.2937,35.6572],[135.2943,35.6571],[135.2949,35.6571],[135.2996,35.658],[135.3002,35.6582],[135.3008,35.6585],[135.3012,35.6588],[135.3016,35.6592],[135.3018,35.6595],[135.3019,35.6595],[135.3026,35.6594],[135.3032,35.6594],[135.3038,35.6596],[135.3044,35.6598],[135.3049,35.6601],[135.3053,35.6604],[135.3064,35.6619],[135.3066,35.6624],[135.3067,35.663],[135.3067,35.6635],[135.3046,35.6682],[135.303,35.6705],[135.3029,35.6725],[135.3027,35.6731],[135.303,35.6735],[135.3033,35.6739],[135.3039,35.6761],[135.304,35.6765],[135.304,35.677],[135.3038,35.6775],[135.3026,35.6793],[135.3029,35.6801],[135.3042,35.6808],[135.3047,35.6811],[135.3051,35.6815],[135.3054,35.6819],[135.3059,35.6835],[135.3073,35.6855],[135.3076,35.686],[135.3078,35.6866],[135.3074,35.69],[135.3076,35.691],[135.3077,35.6911],[135.3082,35.6911],[135.3089,35.6911],[135.3095,35.6912],[135.3101,35.6913],[135.3106,35.6916],[135.3111,35.6919],[135.3115,35.6923],[135.3118,35.6928],[135.3119,35.6933],[135.312,35.6938],[135.3119,35.6943],[135.3104,35.6974],[135.3098,35.6998],[135.3096,35.7003],[135.3092,35.7008],[135.3088,35.7012],[135.3083,35.7015],[135.3077,35.7017],[135.307,35.7019],[135.3047,35.7018],[135.3007,35.703],[135.2991,35.7043],[135.2974,35.7065],[135.2971,35.7069],[135.2967,35.7072],[135.2934,35.7087],[135.2929,35.7089],[135.2923,35.709],[135.2905,35.709],[135.2899,35.7106],[135.2918,35.7139],[135.292,35.7144],[135.2921,35.715],[135.2921,35.7155],[135.2917,35.7164],[135.2923,35.7171],[135.2926,35.7176],[135.2928,35.7182],[135.2929,35.7188],[135.2918,35.722],[135.2918,35.7243],[135.2917,35.7249],[135.2906,35.727],[135.2902,35.7275],[135.2898,35.7279],[135.2892,35.7283],[135.2877,35.7287],[135.2868,35.7299],[135.2864,35.7303],[135.286,35.7306],[135.2855,35.7309],[135.2849,35.7311],[135.2843,35.7312],[135.2837,35.7312],[135.2833,35.7311],[135.2832,35.7313],[135.283,35.7317],[135.2826,35.732],[135.2799,35.7338],[135.2793,35.7341],[135.2786,35.7343],[135.2779,35.7344],[135.2772,35.7343],[135.2775,35.7351],[135.2777,35.7357],[135.2771,35.7393],[135.2779,35.7405],[135.2781,35.7411],[135.2782,35.7416],[135.2782,35.7422],[135.278,35.7427],[135.2777,35.7432],[135.2773,35.7436],[135.2768,35.744],[135.2762,35.7442],[135.2755,35.7444],[135.2706,35.7444],[135.27,35.7445],[135.2698,35.7453],[135.2695,35.7459],[135.2692,35.7463],[135.2687,35.7467],[135.2681,35.7471],[135.2674,35.7473],[135.2668,35.7474],[135.2627,35.7469],[135.2589,35.747],[135.2583,35.7477],[135.2582,35.7481],[135.2581,35.7485],[135.2579,35.7489],[135.2553,35.7517],[135.2548,35.7521],[135.2549,35.7527],[135.2555,35.7528],[135.256,35.753],[135.2565,35.7533],[135.257,35.7537],[135.2584,35.7555],[135.2587,35.7561],[135.2588,35.7566],[135.2584,35.7594],[135.2583,35.7599],[135.258,35.7604],[135.2576,35.7608],[135.2571,35.7612],[135.2566,35.7614],[135.2531,35.7622],[135.2524,35.7623],[135.2517,35.7622],[135.249,35.7614],[135.2489,35.7613],[135.2486,35.7616],[135.2481,35.762],[135.2475,35.7623],[135.2451,35.7628],[135.2425,35.7647],[135.2427,35.7664],[135.2427,35.7669],[135.2425,35.7674],[135.2423,35.7679],[135.2419,35.7684],[135.2414,35.7687],[135.2395,35.7695],[135.2389,35.7697],[135.2383,35.7698],[135.2381,35.7698],[135.2379,35.7701],[135.2355,35.7713],[135.2334,35.7741],[135.2331,35.7744],[135.2305,35.7763],[135.23,35.7765],[135.2287,35.777],[135.2286,35.7781],[135.2285,35.7787],[135.2282,35.7793],[135.2279,35.7797],[135.2255,35.7813],[135.2249,35.7816],[135.2243,35.7818],[135.2236,35.7819],[135.2205,35.7815],[135.2199,35.7813],[135.2193,35.7811],[135.2188,35.7808],[135.2169,35.7786],[135.2166,35.7782],[135.2164,35.7777],[135.216,35.7753],[135.216,35.7747],[135.2162,35.7742],[135.2165,35.7737],[135.2178,35.7724],[135.212,35.7699],[135.2084,35.7675],[135.2061,35.7666],[135.2043,35.7665],[135.2004,35.7677],[135.1998,35.7679],[135.1994,35.7679],[135.1993,35.7682],[135.1991,35.7687],[135.1988,35.7691],[135.1983,35.7695],[135.1978,35.7698],[135.1972,35.7701],[135.1966,35.7702],[135.1929,35.7701],[135.1922,35.77],[135.1916,35.7698],[135.191,35.7695],[135.1905,35.7691],[135.1902,35.7687],[135.1895,35.7674],[135.1893,35.7673],[135.1889,35.7674],[135.1883,35.7675],[135.1877,35.7676],[135.1852,35.7671],[135.1846,35.7669],[135.1841,35.7667],[135.1836,35.7663],[135.1832,35.7659],[135.1829,35.7655],[135.1828,35.765],[135.1827,35.7645],[135.1828,35.7638],[135.1819,35.7631],[135.1807,35.7629],[135.178,35.7637],[135.175,35.764],[135.1743,35.764],[135.1737,35.7639],[135.173,35.7637],[135.1725,35.7634],[135.172,35.763],[135.1716,35.7626],[135.1714,35.762],[135.1712,35.7606],[135.1703,35.7599],[135.169,35.7598],[135.168,35.76],[135.1673,35.7602],[135.1666,35.7602],[135.1659,35.7601],[135.1653,35.7599],[135.1647,35.7596],[135.1622,35.7571],[135.1606,35.7563],[135.1587,35.756],[135.1574,35.7566],[135.1568,35.7568],[135.1562,35.7569],[135.1555,35.7569],[135.1549,35.7568],[135.1543,35.7566],[135.1537,35.7563],[135.1532,35.7559],[135.1529,35.7555],[135.1526,35.755],[135.1523,35.7551],[135.1517,35.7552],[135.1511,35.7553],[135.1504,35.7553],[135.1498,35.7551],[135.1492,35.7549],[135.1487,35.7546],[135.1483,35.7542],[135.1482,35.7541],[135.148,35.7541],[135.1474,35.754],[135.1469,35.7537],[135.1457,35.7529],[135.1444,35.7531],[135.1442,35.7532],[135.1433,35.7552],[135.1434,35.7568],[135.1434,35.7573],[135.1432,35.7577],[135.143,35.7582],[135.1427,35.7586],[135.1423,35.759],[135.1403,35.76],[135.1397,35.7602],[135.139,35.7603],[135.1383,35.7603],[135.134,35.7594],[135.1333,35.7591],[135.1327,35.7588],[135.1302,35.7561],[135.1298,35.7556],[135.1296,35.7551],[135.1295,35.7546],[135.1296,35.7541],[135.1298,35.7536],[135.13,35.7531],[135.1305,35.7527],[135.1288,35.752],[135.1233,35.7485],[135.1209,35.7487],[135.1203,35.7487],[135.1197,35.7486],[135.1169,35.7475],[135.1156,35.7476],[135.1149,35.7475],[135.1142,35.7474],[135.1135,35.7472],[135.1135,35.7471],[135.1133,35.7473],[135.1128,35.7476],[135.1123,35.7478],[135.1117,35.748],[135.1111,35.7481],[135.1089,35.7479],[135.1083,35.7478],[135.1077,35.7476],[135.1072,35.7473],[135.1067,35.747],[135.1059,35.746],[135.1037,35.745],[135.1002,35.744],[135.0983,35.744],[135.0968,35.745],[135.0962,35.7453],[135.0956,35.7455],[135.095,35.7457],[135.0944,35.7457],[135.0937,35.7456],[135.0931,35.7454],[135.0926,35.7451],[135.0921,35.7447],[135.0908,35.7428],[135.0906,35.7429],[135.09,35.743],[135.0894,35.743],[135.0887,35.7429],[135.0872,35.7424],[135.0863,35.7425],[135.0856,35.7426],[135.0849,35.7425],[135.0843,35.7423],[135.0837,35.742],[135.0818,35.7402],[135.0815,35.7398],[135.0812,35.7393],[135.0809,35.7376],[135.0809,35.7371],[135.081,35.7365],[135.0812,35.736],[135.0815,35.7357],[135.0814,35.7353],[135.0814,35.7348],[135.0815,35.7343],[135.0817,35.7338],[135.0843,35.7311],[135.0824,35.7272],[135.0818,35.7266],[135.0784,35.7246],[135.0779,35.7242],[135.077,35.7232],[135.0734,35.721],[135.072,35.7213],[135.0714,35.7214],[135.0708,35.7214],[135.067,35.7206],[135.0664,35.7204],[135.0659,35.7202],[135.0654,35.7198],[135.0651,35.7194],[135.0648,35.7189],[135.0645,35.7174],[135.0638,35.7168],[135.0635,35.7164],[135.0632,35.7159],[135.063,35.7149],[135.0623,35.7147],[135.0616,35.7145],[135.0611,35.7142],[135.0606,35.7138],[135.0602,35.7134],[135.0595,35.7117],[135.0577,35.71],[135.0564,35.7099],[135.0558,35.7098],[135.0552,35.7097],[135.0546,35.7094],[135.0542,35.709],[135.0529,35.7074],[135.0516,35.7065],[135.0485,35.7054],[135.0458,35.7051],[135.0452,35.705],[135.0446,35.7048],[135.0441,35.7045],[135.0421,35.7026],[135.0421,35.7025],[135.042,35.7027],[135.0416,35.7031],[135.0411,35.7035],[135.0383,35.7047],[135.0376,35.7049],[135.0369,35.705],[135.0362,35.7049],[135.0329,35.7039],[135.0324,35.7037],[135.0305,35.7024],[135.0301,35.7019],[135.0297,35.7015],[135.0295,35.7009],[135.0294,35.7005],[135.0278,35.6995],[135.0273,35.6992],[135.0269,35.6987],[135.0266,35.6982],[135.0265,35.6977],[135.0265,35.6972],[135.0266,35.6966],[135.0277,35.6947],[135.0272,35.6936],[135.025,35.6924],[135.0237,35.6927],[135.0226,35.6939],[135.0221,35.6943],[135.0215,35.6946],[135.0209,35.6949],[135.0202,35.695],[135.0195,35.695],[135.0172,35.6944],[135.0167,35.6942],[135.0165,35.6941],[135.0165,35.6943],[135.0161,35.6947],[135.0157,35.6952],[135.0151,35.6955],[135.0145,35.6957],[135.0138,35.6959],[135.0131,35.6959],[135.0111,35.6954],[135.0097,35.6958],[135.005,35.696],[135.0045,35.6962],[135.0038,35.6964],[135.0032,35.6965],[135.0025,35.6965],[135.0018,35.6963],[135.0012,35.6961],[134.9985,35.6941],[134.9947,35.6942],[134.9941,35.6942],[134.9935,35.6941],[134.9929,35.6939],[134.9927,35.6937],[134.9925,35.6937],[134.9872,35.6947],[134.9865,35.6948],[134.9859,35.6948],[134.9853,35.6946],[134.9847,35.6944],[134.9818,35.6923],[134.9814,35.6919],[134.981,35.6914],[134.9806,35.6901],[134.9796,35.689],[134.9793,35.6886],[134.9791,35.6882],[134.9787,35.6865],[134.9773,35.6859],[134.9767,35.6856],[134.9766,35.6857],[134.9761,35.6859],[134.9754,35.6861],[134.9748,35.6862],[134.9741,35.6861],[134.9735,35.686],[134.9729,35.6857],[134.9724,35.6854],[134.9699,35.6825],[134.9697,35.6821],[134.9689,35.68],[134.9687,35.6794],[134.9689,35.6787],[134.9683,35.6786],[134.9677,35.6784],[134.9675,35.6783],[134.9672,35.6784],[134.9665,35.6784],[134.9659,35.6783],[134.9653,35.6781],[134.9647,35.6779],[134.9632,35.6766],[134.9628,35.6762],[134.9625,35.6757],[134.9623,35.6752],[134.9623,35.675],[134.962,35.6748],[134.9615,35.6744],[134.9611,35.6739],[134.9609,35.6734],[134.9608,35.6708],[134.9608,35.6703],[134.961,35.6698],[134.9612,35.6694],[134.9616,35.669],[134.962,35.6686],[134.9635,35.6679],[134.9635,35.6673],[134.9619,35.6651],[134.961,35.6643],[134.9571,35.6624],[134.9532,35.6601],[134.9488,35.6582],[134.9433,35.6562],[134.9415,35.6549],[134.9362,35.6532],[134.9346,35.6531],[134.9339,35.6529],[134.9332,35.6527],[134.9326,35.6523],[134.932,35.6517],[134.9279,35.6502],[134.9271,35.6502],[134.9264,35.6502],[134.9225,35.649],[134.9182,35.6485],[134.918,35.6485],[134.9174,35.6486],[134.9118,35.648],[134.9097,35.648],[134.9048,35.6494],[134.9016,35.6509],[134.901,35.6511],[134.9003,35.6512],[134.8996,35.6512],[134.899,35.6511],[134.8984,35.6509],[134.8959,35.6493],[134.895,35.6503],[134.8946,35.6507],[134.8941,35.6511],[134.8935,35.6513],[134.8929,35.6515],[134.8923,35.6515],[134.8872,35.6507],[134.8878,35.6518],[134.888,35.6523],[134.8881,35.6529],[134.888,35.6535],[134.8878,35.6539],[134.8887,35.6556],[134.8889,35.6561],[134.889,35.6566],[134.8889,35.6572],[134.8887,35.6577],[134.8884,35.6582],[134.888,35.6586],[134.8874,35.659],[134.8868,35.6592],[134.8856,35.6594],[134.8855,35.6595],[134.8853,35.6599],[134.8849,35.6603],[134.8808,35.663],[134.8802,35.6633],[134.8796,35.6635],[134.879,35.6636],[134.8783,35.6635],[134.8777,35.6634],[134.877,35.6632],[134.8752,35.6618],[134.8711,35.6624],[134.8704,35.6624],[134.8697,35.6623],[134.8691,35.6621],[134.8685,35.6618],[134.8678,35.6613],[134.8675,35.661],[134.8669,35.6609],[134.8662,35.6607],[134.8656,35.6604],[134.8651,35.6601],[134.8647,35.6597],[134.8644,35.6592],[134.8642,35.6586],[134.8642,35.6575],[134.8642,35.6572],[134.8635,35.6565],[134.8631,35.6559],[134.8627,35.6546],[134.8616,35.6535],[134.8612,35.653],[134.861,35.6526],[134.8608,35.6521],[134.8608,35.6516],[134.8609,35.6511],[134.861,35.6506],[134.8612,35.6502],[134.8617,35.6497]],[[135.2872,35.6686],[135.287,35.6689],[135.2866,35.6692],[135.2863,35.6694],[135.2869,35.6707],[135.2879,35.6711],[135.2884,35.6715],[135.2888,35.6718],[135.2896,35.6713],[135.2898,35.6712],[135.2894,35.671],[135.2889,35.6707],[135.2885,35.6702],[135.2879,35.669],[135.2872,35.6686]],[[135.3357,35.4982],[135.3361,35.4961],[135.3354,35.4945],[135.3353,35.494],[135.3353,35.4935],[135.3353,35.493],[135.3356,35.4925],[135.3359,35.4921],[135.3363,35.4917],[135.3368,35.4914],[135.3373,35.4911],[135.3379,35.491],[135.3385,35.4909],[135.3392,35.491],[135.3422,35.4919],[135.3427,35.4919],[135.3421,35.4917],[135.3416,35.4914],[135.3411,35.4911],[135.3407,35.4906],[135.3404,35.4901],[135.3402,35.4896],[135.3402,35.4891],[135.3403,35.4885],[135.3413,35.4868],[135.3416,35.4864],[135.3421,35.486],[135.3424,35.4858],[135.3417,35.4858],[135.3411,35.4856],[135.3405,35.4854],[135.34,35.4851],[135.3396,35.4847],[135.3382,35.4824],[135.3379,35.4819],[135.3378,35.4814],[135.3378,35.4809],[135.338,35.4804],[135.3383,35.4799],[135.3386,35.4795],[135.3391,35.4791],[135.3415,35.4781],[135.3421,35.4779],[135.3427,35.4778],[135.3427,35.4774],[135.3427,35.4773],[135.34,35.476],[135.3376,35.4758],[135.3367,35.4766],[135.3362,35.4769],[135.3356,35.4772],[135.335,35.4774],[135.3344,35.4774],[135.3337,35.4774],[135.3331,35.4773],[135.3298,35.4757],[135.3294,35.4754],[135.329,35.4751],[135.3276,35.4732],[135.3266,35.4716],[135.3263,35.4711],[135.3262,35.4706],[135.3262,35.4701],[135.3263,35.4696],[135.3266,35.4691],[135.327,35.4686],[135.3273,35.4683],[135.3271,35.4679],[135.3267,35.4678],[135.3261,35.4677],[135.3255,35.4674],[135.325,35.4671],[135.3246,35.4667],[135.3243,35.4663],[135.3238,35.4645],[135.3237,35.4641],[135.324,35.4616],[135.3235,35.4615],[135.3229,35.4612],[135.3223,35.4608],[135.3219,35.4604],[135.3213,35.4603],[135.3207,35.46],[135.3199,35.4595],[135.3211,35.4626],[135.3212,35.4631],[135.3212,35.4636],[135.3211,35.4641],[135.3205,35.4651],[135.321,35.4654],[135.3213,35.4659],[135.3225,35.4682],[135.3226,35.4688],[135.3227,35.4694],[135.3219,35.4715],[135.3218,35.4718],[135.3246,35.475],[135.3249,35.4755],[135.3251,35.476],[135.3252,35.4765],[135.3252,35.477],[135.325,35.4775],[135.324,35.4789],[135.3239,35.479],[135.3252,35.4793],[135.3258,35.4794],[135.3263,35.4797],[135.3268,35.48],[135.3271,35.4805],[135.3274,35.4809],[135.3276,35.4814],[135.3276,35.4819],[135.3274,35.4827],[135.3275,35.4828],[135.3278,35.4833],[135.328,35.4838],[135.328,35.4843],[135.328,35.4848],[135.3278,35.4852],[135.3271,35.4863],[135.3273,35.4865],[135.3276,35.487],[135.3278,35.4875],[135.3277,35.4878],[135.3285,35.4879],[135.3291,35.4881],[135.3297,35.4883],[135.3323,35.4901],[135.3328,35.4905],[135.335,35.4939],[135.3352,35.4943],[135.3354,35.4948],[135.3354,35.4968],[135.3357,35.4982]],[[135.3172,35.4562],[135.3168,35.4561],[135.3162,35.4559],[135.3159,35.4558],[135.3156,35.4558],[135.3154,35.4557],[135.3152,35.4563],[135.3157,35.4562],[135.3164,35.4561],[135.317,35.4562],[135.3172,35.4562]],[[135.3878,35.5091],[135.3879,35.5107],[135.388,35.5107],[135.3887,35.5107],[135.3889,35.5108],[135.3885,35.5104],[135.3881,35.51],[135.3879,35.5095],[135.3878,35.5091]],[[135.39,35.5113],[135.3904,35.5116],[135.3908,35.5121],[135.3916,35.5144],[135.3923,35.5146],[135.3929,35.5146],[135.393,35.5145],[135.3929,35.5142],[135.3908,35.5119],[135.3904,35.5115],[135.3904,35.5114],[135.3901,35.5113],[135.39,35.5113]]],[[[135.4785,35.5905],[135.4798,35.5903],[135.4805,35.5903],[135.4811,35.5903],[135.4817,35.5905],[135.4822,35.5907],[135.4827,35.591],[135.4832,35.5914],[135.4835,35.5918],[135.4844,35.5948],[135.4842,35.5996],[135.4845,35.6006],[135.4847,35.6011],[135.4847,35.6017],[135.4836,35.6047],[135.4833,35.6052],[135.4829,35.6056],[135.4824,35.606],[135.4797,35.6071],[135.4791,35.6073],[135.4784,35.6073],[135.4778,35.6073],[135.4771,35.6072],[135.4765,35.6069],[135.476,35.6066],[135.4756,35.6062],[135.4742,35.6038],[135.474,35.6033],[135.4739,35.6028],[135.4739,35.6023],[135.4743,35.6012],[135.4738,35.6004],[135.4735,35.5998],[135.4733,35.5971],[135.4726,35.5965],[135.4722,35.5961],[135.4719,35.5956],[135.4717,35.5951],[135.4717,35.5945],[135.4718,35.594],[135.472,35.5935],[135.4724,35.593],[135.4729,35.5926],[135.4763,35.591],[135.4767,35.5909],[135.4785,35.5905]]],[[[135.4303,35.6794],[135.4308,35.6804],[135.4309,35.6809],[135.431,35.6813],[135.4301,35.687],[135.4299,35.6875],[135.4296,35.688],[135.4292,35.6884],[135.4287,35.6888],[135.4282,35.689],[135.4276,35.6892],[135.4269,35.6893],[135.4263,35.6893],[135.4256,35.6891],[135.425,35.6889],[135.4245,35.6886],[135.4225,35.6864],[135.4198,35.6843],[135.4195,35.684],[135.4192,35.6836],[135.4181,35.681],[135.418,35.6805],[135.418,35.6799],[135.4182,35.6793],[135.4196,35.6773],[135.4203,35.6756],[135.4205,35.6751],[135.4209,35.6747],[135.4213,35.6744],[135.4219,35.6741],[135.4224,35.6739],[135.423,35.6738],[135.4237,35.6738],[135.4243,35.6739],[135.4249,35.674],[135.4254,35.6743],[135.4292,35.6775],[135.4296,35.6779],[135.4303,35.6794]]]]},"properties":{"prefectureName":"京都府","prefectureCode":"26"}},
{"type":"Feature","geometry":{"type":"MultiPolygon","coordinates":[[[[135.5084,34.3339],[135.5098,34.3342],[135.5103,34.3343],[135.514,34.3362],[135.5169,34.3383],[135.519,34.3405],[135.5235,34.3434],[135.5239,34.3437],[135.5262,34.3468],[135.5286,34.3486],[135.5291,34.3487],[135.5309,34.3484],[135.5316,34.3484],[135.5323,34.3485],[135.5362,34.3499],[135.5367,34.3502],[135.5372,34.3505],[135.5408,34.3547],[135.5409,34.3547],[135.5417,34.3543],[135.5423,34.354],[135.5429,34.3539],[135.548,34.354],[135.5486,34.3541],[135.5492,34.3542],[135.5525,34.356],[135.553,34.3564],[135.5533,34.3568],[135.5541,34.3568],[135.5548,34.3568],[135.5555,34.3569],[135.5561,34.3571],[135.5588,34.359],[135.5592,34.3594],[135.5595,34.3598],[135.5599,34.3608],[135.5616,34.3627],[135.5623,34.363],[135.5629,34.3633],[135.5633,34.3636],[135.5658,34.3673],[135.5683,34.3683],[135.5688,34.3685],[135.5692,34.3684],[135.5699,34.3683],[135.5705,34.3684],[135.5737,34.3694],[135.5742,34.3696],[135.5747,34.3699],[135.5751,34.3703],[135.5756,34.371],[135.5766,34.3713],[135.5772,34.3715],[135.5777,34.3718],[135.5781,34.3721],[135.5792,34.3736],[135.5828,34.3741],[135.5851,34.373],[135.5857,34.3728],[135.5863,34.3726],[135.59,34.3728],[135.5915,34.3723],[135.5922,34.3722],[135.5929,34.3721],[135.5959,34.3728],[135.5965,34.373],[135.5971,34.3733],[135.5976,34.3737],[135.599,34.3761],[135.5992,34.3765],[135.5993,34.3768],[135.5997,34.3765],[135.6025,34.3751],[135.6031,34.3748],[135.6037,34.3747],[135.6075,34.3749],[135.6125,34.374],[135.6131,34.3739],[135.6137,34.3739],[135.6143,34.374],[135.6148,34.3742],[135.6175,34.376],[135.618,34.3764],[135.6207,34.3811],[135.6208,34.3814],[135.6225,34.381],[135.6232,34.3809],[135.626,34.3811],[135.631,34.3804],[135.6351,34.379],[135.6356,34.3789],[135.6362,34.3788],[135.6368,34.3788],[135.6399,34.3796],[135.6406,34.3798],[135.6411,34.3801],[135.6416,34.3805],[135.6419,34.381],[135.6436,34.3812],[135.6454,34.3808],[135.646,34.3808],[135.6481,34.3809],[135.6487,34.381],[135.6503,34.3806],[135.651,34.3805],[135.6546,34.3811],[135.6554,34.3812],[135.6561,34.3814],[135.6567,34.3817],[135.6572,34.3821],[135.6589,34.3846],[135.6601,34.3855],[135.6606,34.386],[135.6626,34.3899],[135.6645,34.3911],[135.665,34.3914],[135.6654,34.3918],[135.6657,34.3923],[135.6663,34.3946],[135.6679,34.3951],[135.6692,34.3951],[135.6697,34.3951],[135.6766,34.3969],[135.6771,34.3971],[135.6776,34.3974],[135.6781,34.3978],[135.6784,34.3982],[135.6797,34.4015],[135.6799,34.4021],[135.6795,34.4045],[135.6821,34.4063],[135.6826,34.4067],[135.6829,34.4071],[135.6833,34.4082],[135.6834,34.4088],[135.6834,34.4094],[135.6832,34.41],[135.681,34.4125],[135.6811,34.4131],[135.6811,34.4137],[135.6809,34.4142],[135.6806,34.4147],[135.6802,34.4152],[135.6797,34.4155],[135.6791,34.4158],[135.6762,34.4164],[135.6756,34.4164],[135.675,34.4164],[135.6745,34.4163],[135.6728,34.4155],[135.6716,34.4159],[135.6702,34.4178],[135.6694,34.4228],[135.6692,34.4234],[135.6698,34.4238],[135.671,34.4234],[135.6717,34.4232],[135.6724,34.4232],[135.6731,34.4233],[135.6737,34.4235],[135.6743,34.4238],[135.6748,34.4242],[135.6765,34.4269],[135.6782,34.4279],[135.6813,34.4308],[135.6828,34.433],[135.6834,34.4352],[135.6844,34.4366],[135.6846,34.4371],[135.6848,34.4376],[135.6848,34.4381],[135.6842,34.4401],[135.6843,34.4414],[135.6845,34.4418],[135.6874,34.4444],[135.6895,34.4474],[135.6899,34.4479],[135.6902,34.4513],[135.6902,34.4518],[135.6901,34.4523],[135.6898,34.4527],[135.6862,34.4564],[135.6863,34.4568],[135.6864,34.4573],[135.6853,34.4611],[135.6857,34.4632],[135.6857,34.4637],[135.6854,34.4652],[135.6859,34.4712],[135.6866,34.4758],[135.6866,34.4763],[135.6865,34.4769],[135.6862,34.4774],[135.6851,34.4786],[135.6849,34.4793],[135.6855,34.4797],[135.6875,34.482],[135.6878,34.4825],[135.688,34.4831],[135.6881,34.4836],[135.688,34.4842],[135.6855,34.489],[135.6852,34.4894],[135.6848,34.4898],[135.6844,34.4901],[135.6836,34.4905],[135.6825,34.4923],[135.6824,34.4928],[135.6831,34.4943],[135.6833,34.4948],[135.6833,34.4954],[135.6832,34.4959],[135.683,34.4964],[135.6818,34.4979],[135.6816,34.4998],[135.6814,34.5003],[135.6812,34.5007],[135.6809,34.5011],[135.6781,34.5033],[135.6775,34.5036],[135.6777,34.5038],[135.6788,34.5045],[135.6793,34.5049],[135.6797,34.5053],[135.6799,34.5058],[135.6801,34.5064],[135.6801,34.507],[135.6798,34.5077],[135.6799,34.5078],[135.6803,34.5083],[135.6806,34.5088],[135.6808,34.5093],[135.6801,34.5152],[135.6806,34.5178],[135.6806,34.5184],[135.6793,34.5222],[135.6802,34.5238],[135.6804,34.5243],[135.6804,34.5247],[135.6804,34.5252],[135.6801,34.5263],[135.6798,34.5267],[135.6796,34.5271],[135.6757,34.5302],[135.6755,34.5306],[135.6751,34.5311],[135.6747,34.5315],[135.6713,34.5331],[135.6707,34.5333],[135.6678,34.5335],[135.6671,34.5335],[135.6665,34.5334],[135.6659,34.5332],[135.6654,34.5329],[135.6652,34.5327],[135.6649,34.5328],[135.6646,34.5328],[135.6646,34.5334],[135.6648,34.5338],[135.665,34.5342],[135.6651,34.5347],[135.6651,34.5352],[135.6642,34.5384],[135.664,34.539],[135.6636,34.5395],[135.6632,34.5397],[135.6634,34.5407],[135.6634,34.5413],[135.6623,34.5446],[135.662,34.5451],[135.6617,34.5456],[135.6612,34.546],[135.6606,34.5463],[135.66,34.5464],[135.6593,34.5465],[135.6586,34.5465],[135.658,34.5464],[135.6574,34.5461],[135.655,34.5443],[135.6546,34.5442],[135.6556,34.5452],[135.6581,34.5473],[135.6585,34.5477],[135.6588,34.5481],[135.6598,34.5514],[135.6599,34.5519],[135.6597,34.554],[135.6596,34.5545],[135.6598,34.5547],[135.6601,34.5551],[135.6604,34.5556],[135.661,34.5611],[135.661,34.5615],[135.6638,34.5634],[135.6664,34.5654],[135.671,34.5674],[135.6741,34.5682],[135.6747,34.5684],[135.6752,34.5687],[135.6757,34.5691],[135.676,34.5696],[135.6765,34.571],[135.6766,34.5716],[135.6766,34.5721],[135.6764,34.5727],[135.6742,34.5753],[135.6739,34.5762],[135.6742,34.5771],[135.6756,34.577],[135.6762,34.5771],[135.6768,34.5772],[135.6773,34.5774],[135.6798,34.579],[135.6825,34.5803],[135.683,34.5805],[135.6834,34.5809],[135.6837,34.5813],[135.6849,34.5839],[135.685,34.5844],[135.685,34.585],[135.6849,34.5855],[135.6847,34.586],[135.6843,34.5865],[135.6839,34.5868],[135.6838,34.5871],[135.6837,34.5876],[135.6834,34.5881],[135.6819,34.5896],[135.682,34.5897],[135.6822,34.5902],[135.6824,34.5907],[135.6824,34.5913],[135.6822,34.5918],[135.682,34.5923],[135.6812,34.5932],[135.6812,34.5935],[135.6812,34.5941],[135.6811,34.5947],[135.6796,34.597],[135.6794,34.599],[135.6792,34.5995],[135.679,34.5999],[135.6782,34.6009],[135.6782,34.6017],[135.6781,34.6022],[135.6779,34.6027],[135.6776,34.6032],[135.6772,34.6036],[135.6729,34.606],[135.6723,34.6062],[135.6717,34.6064],[135.6711,34.6064],[135.6705,34.6064],[135.6699,34.6063],[135.6684,34.6055],[135.6614,34.6047],[135.6569,34.6058],[135.6563,34.6058],[135.6553,34.6058],[135.655,34.6072],[135.6549,34.6077],[135.6546,34.6082],[135.6545,34.6083],[135.6553,34.6087],[135.6576,34.6091],[135.6582,34.6093],[135.6588,34.6096],[135.6593,34.61],[135.6616,34.6134],[135.6619,34.6139],[135.662,34.6144],[135.662,34.6149],[135.6619,34.6155],[135.6613,34.6166],[135.6626,34.6202],[135.6627,34.6206],[135.6628,34.6211],[135.6624,34.6224],[135.6635,34.6235],[135.6639,34.6239],[135.6641,34.6243],[135.6648,34.627],[135.6656,34.6277],[135.6659,34.628],[135.6662,34.6285],[135.6664,34.6289],[135.6667,34.6332],[135.6666,34.6337],[135.6665,34.6342],[135.6662,34.6346],[135.6659,34.635],[135.6659,34.6351],[135.6661,34.6355],[135.6663,34.636],[135.666,34.6398],[135.6669,34.6415],[135.6671,34.6416],[135.6676,34.6419],[135.668,34.6423],[135.6683,34.6428],[135.6685,34.6433],[135.6687,34.6475],[135.6689,34.648],[135.6691,34.6485],[135.6691,34.6491],[135.669,34.6496],[135.6687,34.6501],[135.6684,34.6506],[135.6679,34.6509],[135.6682,34.6511],[135.6687,34.6513],[135.6691,34.6517],[135.6695,34.652],[135.6708,34.6547],[135.6713,34.655],[135.6719,34.6554],[135.6724,34.6559],[135.6742,34.6608],[135.6744,34.6613],[135.6744,34.6618],[135.6743,34.6623],[135.6737,34.6633],[135.6739,34.6635],[135.6741,34.6639],[135.6743,34.6659],[135.6764,34.668],[135.6768,34.6686],[135.6775,34.6707],[135.6788,34.672],[135.6792,34.6724],[135.68,34.6747],[135.6813,34.6761],[135.6816,34.6765],[135.6819,34.677],[135.682,34.6775],[135.682,34.678],[135.6813,34.6801],[135.6816,34.6829],[135.6816,34.6834],[135.6816,34.6838],[135.679,34.6886],[135.6787,34.689],[135.6764,34.6912],[135.6764,34.694],[135.6773,34.6979],[135.6773,34.6984],[135.6773,34.699],[135.6765,34.7005],[135.6773,34.7011],[135.6816,34.7055],[135.6819,34.7059],[135.6825,34.7073],[135.6844,34.7086],[135.6876,34.7087],[135.6882,34.7087],[135.6888,34.7089],[135.6894,34.7091],[135.6899,34.7095],[135.6918,34.7119],[135.6945,34.7135],[135.695,34.7139],[135.6958,34.715],[135.6987,34.7167],[135.6991,34.7171],[135.6995,34.7175],[135.7001,34.7186],[135.7006,34.7189],[135.7021,34.719],[135.7028,34.7191],[135.7035,34.7194],[135.7064,34.7217],[135.7068,34.7221],[135.7071,34.7226],[135.7072,34.7231],[135.7073,34.7237],[135.7072,34.7242],[135.707,34.7247],[135.7057,34.7264],[135.7037,34.7308],[135.703,34.7328],[135.7033,34.7355],[135.7033,34.736],[135.7032,34.7365],[135.7006,34.7407],[135.7002,34.7419],[135.7002,34.7424],[135.7004,34.7425],[135.7009,34.7428],[135.7014,34.7433],[135.7017,34.7438],[135.7023,34.7458],[135.7023,34.7463],[135.7023,34.7467],[135.7022,34.747],[135.7025,34.7467],[135.703,34.7463],[135.7036,34.7461],[135.7043,34.7459],[135.7069,34.746],[135.7076,34.746],[135.7082,34.7462],[135.7088,34.7465],[135.7093,34.7469],[135.7097,34.7474],[135.7108,34.7504],[135.7117,34.7509],[135.7122,34.7513],[135.7127,34.7517],[135.713,34.7523],[135.7135,34.7556],[135.7135,34.7562],[135.7125,34.7588],[135.713,34.7594],[135.7133,34.7599],[135.7134,34.7605],[135.7134,34.761],[135.7133,34.7616],[135.7131,34.7621],[135.7122,34.763],[135.7122,34.7649],[135.7122,34.7654],[135.7118,34.7665],[135.7118,34.7682],[135.713,34.7706],[135.7132,34.7711],[135.7132,34.7716],[135.7132,34.7721],[135.713,34.7726],[135.7127,34.7731],[135.7124,34.7735],[135.7119,34.7738],[135.7114,34.774],[135.7114,34.7741],[135.7127,34.7762],[135.7129,34.7766],[135.713,34.7771],[135.713,34.7773],[135.7131,34.7773],[135.7137,34.7772],[135.7146,34.776],[135.7177,34.7729],[135.7181,34.7726],[135.7186,34.7723],[135.7191,34.7721],[135.7197,34.772],[135.7225,34.7719],[135.7232,34.772],[135.7265,34.7732],[135.7291,34.7741],[135.7297,34.7744],[135.7303,34.7748],[135.7316,34.7769],[135.7321,34.7779],[135.7322,34.7781],[135.7348,34.781],[135.7356,34.7816],[135.7365,34.7818],[135.7371,34.782],[135.7376,34.7822],[135.738,34.7825],[135.7401,34.7851],[135.7422,34.786],[135.7428,34.7863],[135.7432,34.7867],[135.7436,34.7871],[135.7438,34.7876],[135.7439,34.7882],[135.7439,34.7887],[135.743,34.7909],[135.7436,34.791],[135.7442,34.7911],[135.7448,34.7913],[135.7453,34.7916],[135.7457,34.792],[135.746,34.7924],[135.7467,34.7944],[135.7488,34.7974],[135.7491,34.7978],[135.7498,34.8007],[135.7499,34.8014],[135.7486,34.805],[135.7484,34.8055],[135.748,34.8059],[135.7476,34.8063],[135.7457,34.8072],[135.745,34.8091],[135.7448,34.8096],[135.7417,34.8132],[135.7413,34.8136],[135.7408,34.8139],[135.7407,34.8139],[135.7399,34.8156],[135.7383,34.8206],[135.738,34.8211],[135.7376,34.8216],[135.7371,34.822],[135.7361,34.8225],[135.7356,34.8234],[135.7353,34.8239],[135.7348,34.8243],[135.7342,34.8246],[135.732,34.8252],[135.7314,34.8253],[135.7308,34.8254],[135.73,34.8252],[135.7294,34.8255],[135.7289,34.8257],[135.7284,34.8258],[135.7265,34.8258],[135.7265,34.8259],[135.7266,34.8264],[135.7265,34.8269],[135.7263,34.8273],[135.7233,34.831],[135.723,34.8313],[135.7225,34.8317],[135.7221,34.8318],[135.7217,34.8329],[135.719,34.8373],[135.719,34.838],[135.7189,34.8385],[135.7187,34.8389],[135.7184,34.8393],[135.7156,34.8419],[135.7151,34.8423],[135.7149,34.8424],[135.7144,34.8444],[135.7142,34.845],[135.7138,34.8455],[135.7134,34.8458],[135.7134,34.8463],[135.7134,34.8469],[135.7133,34.8475],[135.713,34.848],[135.7126,34.8484],[135.7115,34.8491],[135.7106,34.8505],[135.7103,34.851],[135.7099,34.8513],[135.7094,34.8516],[135.7085,34.8519],[135.7081,34.8524],[135.7078,34.8528],[135.7073,34.8531],[135.7068,34.8534],[135.7032,34.8543],[135.7026,34.8544],[135.7019,34.8544],[135.7013,34.8543],[135.7007,34.8541],[135.7001,34.8538],[135.6994,34.8531],[135.6972,34.8523],[135.6952,34.8537],[135.6955,34.8545],[135.6956,34.855],[135.6957,34.8555],[135.6955,34.856],[135.6953,34.8565],[135.695,34.8569],[135.6946,34.8572],[135.6967,34.8586],[135.6972,34.8589],[135.6976,34.8594],[135.6978,34.8599],[135.698,34.8604],[135.698,34.861],[135.6978,34.8615],[135.6976,34.862],[135.6972,34.8625],[135.6967,34.8629],[135.6961,34.8631],[135.6948,34.8634],[135.695,34.8638],[135.6951,34.8643],[135.6951,34.8647],[135.6943,34.8689],[135.6941,34.8694],[135.6939,34.8699],[135.6935,34.8703],[135.693,34.8706],[135.6925,34.8709],[135.69,34.8715],[135.6853,34.8739],[135.6854,34.8751],[135.6862,34.8761],[135.6865,34.8766],[135.6867,34.8771],[135.6868,34.8776],[135.6868,34.8781],[135.6853,34.8815],[135.685,34.882],[135.6846,34.8824],[135.6841,34.8827],[135.6838,34.8829],[135.6842,34.8844],[135.6856,34.8866],[135.6859,34.8871],[135.686,34.8877],[135.6859,34.8883],[135.6858,34.8888],[135.6855,34.8893],[135.685,34.8897],[135.6825,34.8912],[135.6821,34.8916],[135.6801,34.8961],[135.6798,34.8966],[135.6795,34.897],[135.6795,34.8976],[135.6794,34.8981],[135.6776,34.9014],[135.6772,34.9019],[135.6708,34.906],[135.6703,34.9062],[135.668,34.9068],[135.6674,34.9069],[135.6631,34.9065],[135.6611,34.908],[135.6606,34.9083],[135.6587,34.909],[135.6566,34.9111],[135.6562,34.9114],[135.6557,34.9117],[135.653,34.9125],[135.6525,34.9126],[135.6519,34.9127],[135.6516,34.9126],[135.6516,34.9131],[135.652,34.9143],[135.6528,34.9144],[135.6534,34.9145],[135.654,34.9148],[135.6545,34.9151],[135.655,34.9155],[135.6553,34.9159],[135.6555,34.9165],[135.6556,34.917],[135.6556,34.9175],[135.6537,34.9215],[135.654,34.9226],[135.654,34.9231],[135.6539,34.9235],[135.6538,34.924],[135.6514,34.9274],[135.651,34.9278],[135.6506,34.9281],[135.6472,34.9296],[135.6461,34.9309],[135.6459,34.9315],[135.6456,34.9321],[135.6451,34.9325],[135.6446,34.9329],[135.6394,34.9346],[135.6387,34.9348],[135.638,34.9348],[135.6374,34.9347],[135.6373,34.9348],[135.637,34.9352],[135.6352,34.9366],[135.6346,34.937],[135.634,34.9372],[135.6294,34.9377],[135.6288,34.9377],[135.6282,34.9376],[135.6276,34.9374],[135.627,34.9371],[135.6266,34.9368],[135.6252,34.9373],[135.6246,34.9375],[135.6239,34.9376],[135.6233,34.9376],[135.6226,34.9374],[135.6221,34.9372],[135.6215,34.9369],[135.6203,34.9356],[135.6175,34.9343],[135.617,34.934],[135.6165,34.9336],[135.6145,34.9306],[135.6129,34.931],[135.6124,34.9311],[135.6076,34.931],[135.6069,34.931],[135.6045,34.9301],[135.6044,34.9301],[135.6043,34.9302],[135.6042,34.9305],[135.6048,34.9312],[135.606,34.9337],[135.6086,34.9344],[135.6092,34.9346],[135.6098,34.9349],[135.6103,34.9353],[135.6106,34.9358],[135.611,34.937],[135.6114,34.9371],[135.6121,34.9373],[135.6127,34.9375],[135.6132,34.9379],[135.6136,34.9383],[135.6139,34.9388],[135.6147,34.9431],[135.6171,34.9472],[135.6173,34.9477],[135.6174,34.9495],[135.6189,34.9514],[135.6192,34.9519],[135.6193,34.9525],[135.6194,34.953],[135.6193,34.9535],[135.6192,34.9536],[135.6196,34.954],[135.62,34.9544],[135.6202,34.9549],[135.6204,34.9554],[135.6204,34.956],[135.6215,34.9573],[135.6218,34.9578],[135.622,34.9582],[135.6221,34.9588],[135.622,34.9593],[135.6209,34.962],[135.6206,34.9624],[135.6189,34.9639],[135.6188,34.966],[135.6187,34.9665],[135.6185,34.9669],[135.6183,34.9673],[135.6169,34.9686],[135.6165,34.9715],[135.6164,34.972],[135.6161,34.9725],[135.6158,34.973],[135.6153,34.9733],[135.6147,34.9736],[135.6141,34.9738],[135.6134,34.9739],[135.6102,34.9735],[135.6095,34.9734],[135.6071,34.9723],[135.6062,34.9725],[135.606,34.9727],[135.6056,34.9731],[135.6051,34.9734],[135.6046,34.9736],[135.604,34.9738],[135.6034,34.9738],[135.6027,34.9738],[135.5959,34.9717],[135.5952,34.9719],[135.5945,34.972],[135.5939,34.972],[135.5932,34.9719],[135.5926,34.9717],[135.592,34.9714],[135.5916,34.971],[135.5913,34.9706],[135.5897,34.9724],[135.5877,34.9762],[135.5874,34.9766],[135.5854,34.9785],[135.5849,34.9788],[135.5844,34.9791],[135.5837,34.9793],[135.583,34.9794],[135.5824,34.9793],[135.5817,34.9792],[135.5811,34.9789],[135.5787,34.9769],[135.5765,34.9766],[135.576,34.9765],[135.5755,34.9763],[135.575,34.976],[135.5729,34.9742],[135.572,34.9739],[135.5713,34.9737],[135.5687,34.9717],[135.5683,34.9714],[135.5679,34.9709],[135.5677,34.9705],[135.5676,34.97],[135.5681,34.9667],[135.5679,34.964],[135.568,34.9634],[135.5682,34.9629],[135.5711,34.9593],[135.5716,34.9589],[135.5722,34.9585],[135.5728,34.9583],[135.5749,34.9581],[135.5737,34.9576],[135.5719,34.9578],[135.5713,34.9578],[135.5706,34.9577],[135.5694,34.9572],[135.5685,34.9573],[135.5679,34.9573],[135.5673,34.9573],[135.5667,34.9571],[135.5661,34.9569],[135.5657,34.9565],[135.5652,34.956],[135.564,34.9563],[135.5633,34.9564],[135.5626,34.9563],[135.562,34.9562],[135.5614,34.956],[135.5609,34.9556],[135.5604,34.9552],[135.5601,34.9548],[135.5599,34.9542],[135.5598,34.9528],[135.5596,34.9526],[135.5593,34.9522],[135.559,34.9517],[135.5589,34.9512],[135.5588,34.9507],[135.5592,34.9495],[135.5582,34.9478],[135.5581,34.9473],[135.558,34.9468],[135.558,34.9464],[135.5585,34.9448],[135.5581,34.9446],[135.5575,34.9443],[135.5571,34.9438],[135.5561,34.9416],[135.5549,34.9406],[135.5545,34.9402],[135.5542,34.9398],[135.554,34.9393],[135.5539,34.9388],[135.5539,34.9383],[135.5541,34.9378],[135.5544,34.9373],[135.5547,34.9369],[135.5579,34.9348],[135.5584,34.9346],[135.559,34.9344],[135.5596,34.9343],[135.5597,34.9343],[135.5598,34.934],[135.5599,34.9335],[135.5602,34.933],[135.5623,34.9312],[135.5628,34.9308],[135.5633,34.9306],[135.5639,34.9304],[135.5645,34.9303],[135.5651,34.9304],[135.5657,34.9305],[135.5663,34.9307],[135.5668,34.931],[135.5698,34.9338],[135.5731,34.9363],[135.5752,34.9362],[135.5758,34.9357],[135.5763,34.9354],[135.5783,34.9349],[135.5774,34.9309],[135.5773,34.9304],[135.5774,34.9299],[135.5779,34.9287],[135.5781,34.9266],[135.5775,34.9254],[135.5773,34.925],[135.5772,34.9245],[135.5773,34.924],[135.5774,34.9235],[135.5721,34.9206],[135.5717,34.9203],[135.5713,34.9199],[135.5709,34.9193],[135.5678,34.919],[135.5639,34.9203],[135.5632,34.9205],[135.5576,34.9202],[135.5569,34.9201],[135.5542,34.919],[135.5533,34.92],[135.5527,34.9204],[135.5521,34.9208],[135.5502,34.9212],[135.5495,34.9212],[135.5489,34.9212],[135.5483,34.9211],[135.5477,34.9208],[135.5472,34.9205],[135.5468,34.9201],[135.5465,34.9195],[135.5459,34.9198],[135.5453,34.92],[135.5447,34.9201],[135.5441,34.9201],[135.5435,34.9201],[135.5429,34.9199],[135.5424,34.9196],[135.5419,34.9193],[135.5419,34.9192],[135.541,34.9204],[135.5406,34.9208],[135.5401,34.9211],[135.5396,34.9213],[135.5404,34.9236],[135.5406,34.924],[135.5406,34.9245],[135.5402,34.9261],[135.54,34.9267],[135.5396,34.9272],[135.5391,34.9276],[135.5349,34.9295],[135.5343,34.9297],[135.531,34.9299],[135.5269,34.9312],[135.5253,34.9321],[135.5243,34.9342],[135.5241,34.9347],[135.5237,34.9351],[135.5232,34.9354],[135.5227,34.9357],[135.5221,34.9359],[135.5193,34.9361],[135.5183,34.9376],[135.518,34.9438],[135.5179,34.9444],[135.5177,34.9449],[135.5174,34.9453],[135.5169,34.9457],[135.5164,34.946],[135.5158,34.9463],[135.5092,34.9471],[135.5085,34.9477],[135.5079,34.948],[135.5051,34.9488],[135.5044,34.949],[135.5038,34.949],[135.5031,34.9489],[135.5025,34.9487],[135.5019,34.9484],[135.5015,34.948],[135.4995,34.945],[135.4979,34.9437],[135.497,34.9434],[135.4955,34.9435],[135.4942,34.9441],[135.4935,34.9443],[135.4928,34.9444],[135.4914,34.9473],[135.4912,34.9478],[135.4908,34.9481],[135.4904,34.9485],[135.4899,34.9487],[135.4863,34.9498],[135.4853,34.9506],[135.4875,34.953],[135.4897,34.9559],[135.49,34.9564],[135.4902,34.9569],[135.4902,34.9574],[135.4901,34.9579],[135.4899,34.9584],[135.4896,34.9589],[135.4892,34.9593],[135.4887,34.9596],[135.4882,34.9598],[135.4879,34.9599],[135.4875,34.9611],[135.4873,34.9617],[135.4869,34.9621],[135.4865,34.9625],[135.486,34.9628],[135.4871,34.9638],[135.4886,34.9639],[135.4893,34.964],[135.4899,34.9641],[135.4905,34.9644],[135.491,34.9648],[135.4913,34.9653],[135.4916,34.9658],[135.4917,34.9663],[135.4917,34.9669],[135.4907,34.9696],[135.4907,34.9718],[135.4901,34.9737],[135.4905,34.9746],[135.4907,34.9751],[135.4907,34.9756],[135.4906,34.9762],[135.4903,34.9767],[135.4876,34.9795],[135.4875,34.981],[135.4874,34.9815],[135.4873,34.9817],[135.4886,34.983],[135.4922,34.984],[135.4948,34.9854],[135.4954,34.9858],[135.4958,34.9862],[135.4961,34.9866],[135.4963,34.9872],[135.4963,34.9877],[135.4958,34.9899],[135.4956,34.9904],[135.4953,34.9908],[135.4949,34.9912],[135.4945,34.9916],[135.4939,34.9918],[135.4911,34.9924],[135.4903,34.9935],[135.49,34.9939],[135.4896,34.9943],[135.4891,34.9946],[135.4885,34.9948],[135.4854,34.9952],[135.485,34.9961],[135.4847,34.9965],[135.4843,34.9969],[135.4839,34.9973],[135.4834,34.9975],[135.4828,34.9977],[135.4822,34.9978],[135.4787,34.9977],[135.4762,34.9969],[135.4724,34.9974],[135.4683,34.9995],[135.4619,35.0037],[135.4615,35.0039],[135.4609,35.0041],[135.4604,35.0042],[135.4582,35.0043],[135.4564,35.0049],[135.4558,35.005],[135.4551,35.0051],[135.4531,35.0047],[135.4516,35.006],[135.4487,35.0077],[135.4481,35.0079],[135.4476,35.0081],[135.447,35.0081],[135.4464,35.0081],[135.4458,35.008],[135.4457,35.008],[135.4449,35.0081],[135.4446,35.0084],[135.4442,35.0088],[135.4437,35.0091],[135.4373,35.011],[135.4367,35.0111],[135.4361,35.0111],[135.4328,35.0106],[135.4322,35.0104],[135.4267,35.0076],[135.4261,35.0072],[135.4257,35.0067],[135.4247,35.0065],[135.4241,35.0063],[135.4217,35.0049],[135.4213,35.0049],[135.4206,35.0052],[135.4196,35.0069],[135.4193,35.0074],[135.4175,35.0087],[135.4163,35.0105],[135.4159,35.0109],[135.4155,35.0112],[135.415,35.0115],[135.4139,35.0118],[135.4122,35.0133],[135.4118,35.0137],[135.4112,35.0139],[135.4106,35.0141],[135.41,35.0142],[135.4093,35.0142],[135.4087,35.0141],[135.4081,35.0138],[135.4028,35.01],[135.4016,35.0105],[135.4002,35.0122],[135.3998,35.0126],[135.3993,35.0129],[135.3987,35.0131],[135.3981,35.0133],[135.3974,35.0133],[135.3968,35.0133],[135.3962,35.0131],[135.3937,35.0118],[135.3931,35.012],[135.3913,35.0134],[135.3908,35.0137],[135.3902,35.0139],[135.3895,35.0141],[135.3853,35.0139],[135.3846,35.0138],[135.3844,35.0137],[135.3831,35.0164],[135.3828,35.0169],[135.3824,35.0174],[135.3819,35.0177],[135.3817,35.0178],[135.3811,35.0188],[135.3811,35.0194],[135.382,35.02],[135.3825,35.0204],[135.3829,35.0208],[135.3831,35.0213],[135.3833,35.0219],[135.3832,35.0224],[135.3828,35.0236],[135.3836,35.024],[135.384,35.0243],[135.3844,35.0247],[135.3847,35.0251],[135.3849,35.0255],[135.3854,35.0307],[135.3853,35.0313],[135.3834,35.0353],[135.3837,35.0361],[135.3838,35.0367],[135.3833,35.0396],[135.3831,35.0401],[135.3829,35.0405],[135.3825,35.0409],[135.3809,35.042],[135.3789,35.0453],[135.3786,35.0458],[135.3781,35.0462],[135.3775,35.0465],[135.3736,35.0475],[135.3722,35.0479],[135.3716,35.048],[135.371,35.048],[135.3705,35.0479],[135.3679,35.047],[135.3661,35.048],[135.3657,35.0482],[135.365,35.0484],[135.365,35.0485],[135.3621,35.0517],[135.3616,35.0521],[135.3611,35.0525],[135.3604,35.0527],[135.3598,35.0528],[135.358,35.0527],[135.3555,35.0536],[135.3529,35.0539],[135.3523,35.054],[135.3489,35.0535],[135.3483,35.0534],[135.3477,35.0531],[135.3472,35.0528],[135.3468,35.0524],[135.3464,35.0519],[135.3463,35.0514],[135.3462,35.0508],[135.3466,35.0489],[135.3462,35.0478],[135.3458,35.0476],[135.3442,35.0476],[135.3436,35.0476],[135.3431,35.0474],[135.3425,35.0472],[135.3401,35.0456],[135.3374,35.0453],[135.3368,35.0452],[135.3362,35.045],[135.3357,35.0446],[135.3343,35.0431],[135.332,35.0419],[135.3314,35.0415],[135.331,35.0411],[135.3298,35.0387],[135.3286,35.0375],[135.3282,35.037],[135.3279,35.0365],[135.3278,35.036],[135.3278,35.0354],[135.3279,35.0349],[135.3282,35.0344],[135.3286,35.034],[135.329,35.0336],[135.3296,35.0333],[135.3319,35.0327],[135.3336,35.0313],[135.335,35.0294],[135.3367,35.0251],[135.3369,35.0246],[135.3372,35.0242],[135.3376,35.0238],[135.3381,35.0236],[135.3387,35.0234],[135.3424,35.0228],[135.343,35.0227],[135.3461,35.0232],[135.3467,35.0233],[135.3472,35.0235],[135.3477,35.0239],[135.3478,35.0238],[135.3484,35.0236],[135.3514,35.0231],[135.3513,35.0215],[135.3514,35.0211],[135.3518,35.0199],[135.3516,35.0194],[135.3515,35.0188],[135.3515,35.0183],[135.3524,35.0162],[135.3523,35.0157],[135.3518,35.0154],[135.3513,35.015],[135.3509,35.0146],[135.3506,35.0142],[135.3505,35.0137],[135.3504,35.0131],[135.351,35.011],[135.3508,35.0086],[135.3509,35.0083],[135.3504,35.0081],[135.3499,35.0077],[135.3494,35.0073],[135.3484,35.0052],[135.3483,35.0047],[135.3482,35.0041],[135.3483,35.0036],[135.3499,35.0008],[135.3498,35.0006],[135.3495,35.0001],[135.3494,34.9996],[135.3495,34.999],[135.3496,34.9985],[135.3503,34.9976],[135.3496,34.994],[135.3495,34.9934],[135.3497,34.9928],[135.35,34.9921],[135.3498,34.9918],[135.3495,34.9914],[135.3493,34.9909],[135.3493,34.9905],[135.3493,34.99],[135.3504,34.9874],[135.353,34.9842],[135.3534,34.9838],[135.3544,34.9832],[135.3524,34.9825],[135.3521,34.9826],[135.3515,34.9828],[135.3509,34.9829],[135.3503,34.9829],[135.3496,34.9828],[135.3491,34.9827],[135.3485,34.9824],[135.3481,34.982],[135.3465,34.9799],[135.3462,34.9795],[135.3452,34.976],[135.3454,34.9728],[135.3438,34.9711],[135.3421,34.968],[135.3419,34.9675],[135.3418,34.9671],[135.3418,34.9666],[135.3419,34.9661],[135.3434,34.9635],[135.3437,34.963],[135.3442,34.9626],[135.3447,34.9623],[135.3453,34.9621],[135.3459,34.962],[135.3466,34.962],[135.3476,34.9621],[135.3488,34.9613],[135.3494,34.9609],[135.3521,34.9603],[135.3547,34.9569],[135.3549,34.9555],[135.3551,34.955],[135.3554,34.9545],[135.3558,34.9541],[135.3588,34.9522],[135.3594,34.952],[135.36,34.9518],[135.3607,34.9517],[135.3614,34.9518],[135.362,34.9519],[135.3648,34.9534],[135.3671,34.9532],[135.3672,34.9531],[135.3676,34.9527],[135.3681,34.9523],[135.3719,34.951],[135.3725,34.9509],[135.3731,34.9509],[135.3737,34.9509],[135.3743,34.951],[135.3748,34.9512],[135.3769,34.9527],[135.3772,34.9526],[135.3778,34.9525],[135.3784,34.9525],[135.3805,34.9531],[135.3809,34.9527],[135.3814,34.9524],[135.382,34.9521],[135.3828,34.9519],[135.3831,34.9509],[135.3833,34.9504],[135.3837,34.95],[135.3841,34.9496],[135.3844,34.9494],[135.3845,34.9482],[135.3843,34.9479],[135.384,34.9474],[135.3839,34.9469],[135.3839,34.9464],[135.384,34.9459],[135.386,34.9424],[135.3863,34.942],[135.3868,34.9416],[135.3873,34.9413],[135.3879,34.941],[135.3887,34.9409],[135.3897,34.9398],[135.3901,34.9394],[135.3906,34.9391],[135.3912,34.9388],[135.3918,34.9387],[135.3925,34.9387],[135.3931,34.9387],[135.3937,34.9389],[135.3966,34.9406],[135.397,34.9409],[135.3976,34.9415],[135.4033,34.9408],[135.4039,34.9407],[135.4046,34.9408],[135.4056,34.9412],[135.4067,34.9402],[135.4074,34.9388],[135.4077,34.9384],[135.4081,34.938],[135.4086,34.9377],[135.4092,34.9374],[135.4098,34.9373],[135.4104,34.9372],[135.4137,34.9377],[135.4138,34.9373],[135.4147,34.9357],[135.4153,34.9333],[135.4155,34.9328],[135.4158,34.9324],[135.4162,34.932],[135.4167,34.9317],[135.4172,34.9314],[135.4178,34.9313],[135.4215,34.9312],[135.4221,34.9312],[135.4245,34.9319],[135.425,34.9321],[135.4255,34.9324],[135.4272,34.934],[135.4278,34.9338],[135.4285,34.9338],[135.4329,34.9344],[135.4335,34.9345],[135.4341,34.9347],[135.4346,34.9351],[135.4349,34.9354],[135.4372,34.9345],[135.4378,34.9343],[135.4384,34.9342],[135.4391,34.9343],[135.4397,34.9344],[135.4403,34.9347],[135.4416,34.9356],[135.4457,34.9324],[135.4461,34.9321],[135.4467,34.9318],[135.4471,34.9317],[135.4473,34.9315],[135.4476,34.931],[135.448,34.9306],[135.4492,34.9299],[135.4498,34.9287],[135.4501,34.9282],[135.4505,34.9278],[135.451,34.9275],[135.4516,34.9272],[135.4556,34.9266],[135.4588,34.9243],[135.4593,34.924],[135.4599,34.9238],[135.4605,34.9236],[135.4611,34.9236],[135.4617,34.9236],[135.4623,34.9238],[135.4627,34.924],[135.4629,34.922],[135.4627,34.9214],[135.4611,34.9206],[135.4574,34.9206],[135.4528,34.9223],[135.4523,34.9225],[135.4462,34.9231],[135.4439,34.9228],[135.4397,34.9232],[135.4391,34.9232],[135.4384,34.9231],[135.4379,34.9229],[135.4373,34.9227],[135.4343,34.92],[135.4333,34.9194],[135.4299,34.919],[135.4291,34.9189],[135.4258,34.917],[135.423,34.9159],[135.4225,34.9157],[135.4221,34.9153],[135.4217,34.9149],[135.4214,34.9145],[135.4211,34.9132],[135.4208,34.913],[135.4181,34.9123],[135.4175,34.9121],[135.417,34.9118],[135.4165,34.9114],[135.4161,34.9109],[135.4155,34.9091],[135.4154,34.9087],[135.4154,34.9082],[135.4156,34.9077],[135.4171,34.9052],[135.4174,34.9048],[135.4179,34.9044],[135.4185,34.9041],[135.4192,34.9039],[135.4242,34.9037],[135.4282,34.8959],[135.4284,34.8957],[135.4278,34.8951],[135.4275,34.8946],[135.4273,34.8941],[135.4272,34.8936],[135.4275,34.892],[135.4277,34.8915],[135.428,34.891],[135.4284,34.8906],[135.4288,34.8902],[135.4313,34.8893],[135.4319,34.8891],[135.4325,34.889],[135.4331,34.8891],[135.4337,34.8892],[135.4343,34.8894],[135.4348,34.8897],[135.4378,34.8929],[135.4388,34.8933],[135.4394,34.8933],[135.44,34.8934],[135.4406,34.8935],[135.4408,34.8936],[135.4408,34.8933],[135.4398,34.893],[135.4392,34.8927],[135.4387,34.8924],[135.4383,34.892],[135.438,34.8916],[135.4358,34.8846],[135.4343,34.8807],[135.4342,34.8803],[135.4342,34.8774],[135.4328,34.8763],[135.4325,34.8759],[135.431,34.8733],[135.4308,34.8728],[135.4307,34.8724],[135.4308,34.8719],[135.4314,34.8701],[135.4312,34.8695],[135.43,34.8682],[135.4297,34.8677],[135.4288,34.8643],[135.4273,34.8626],[135.427,34.8621],[135.4268,34.8616],[135.4268,34.861],[135.4268,34.8605],[135.4282,34.8578],[135.4262,34.8565],[135.4248,34.8561],[135.4242,34.8559],[135.4224,34.8547],[135.4205,34.8544],[135.4193,34.8548],[135.4187,34.8549],[135.4181,34.855],[135.4174,34.855],[135.4168,34.8548],[135.4162,34.8546],[135.4157,34.8543],[135.4153,34.8538],[135.415,34.8534],[135.4148,34.8529],[135.4147,34.8524],[135.4154,34.849],[135.4156,34.8485],[135.4176,34.8458],[135.4182,34.8438],[135.4209,34.8379],[135.4203,34.8343],[135.4205,34.8304],[135.4195,34.8283],[135.4136,34.8221],[135.4133,34.8217],[135.413,34.8212],[135.4127,34.8178],[135.4127,34.8173],[135.4167,34.8077],[135.4187,34.8049],[135.4196,34.8025],[135.4198,34.8021],[135.421,34.8005],[135.4215,34.8001],[135.422,34.7998],[135.4226,34.7995],[135.4233,34.7994],[135.4268,34.7995],[135.4269,34.7995],[135.4359,34.7903],[135.4364,34.7899],[135.437,34.7896],[135.4376,34.7894],[135.4385,34.7893],[135.4384,34.7892],[135.4384,34.7886],[135.4394,34.786],[135.4392,34.7846],[135.4392,34.7841],[135.4393,34.7836],[135.4395,34.7831],[135.4399,34.7827],[135.4403,34.7823],[135.4405,34.7822],[135.4406,34.7819],[135.4408,34.7813],[135.442,34.7797],[135.4428,34.7756],[135.4425,34.7751],[135.4423,34.7747],[135.4421,34.7721],[135.4415,34.7709],[135.4413,34.7705],[135.4412,34.77],[135.4414,34.7682],[135.4416,34.7677],[135.4419,34.7672],[135.4423,34.7667],[135.4428,34.7664],[135.4433,34.7661],[135.444,34.7659],[135.4463,34.7658],[135.4467,34.7655],[135.4466,34.7651],[135.4472,34.7621],[135.4468,34.7605],[135.4468,34.76],[135.4469,34.7595],[135.4471,34.759],[135.4483,34.7573],[135.4488,34.7569],[135.4514,34.7556],[135.452,34.7553],[135.4526,34.7552],[135.4526,34.7549],[135.4535,34.7511],[135.4536,34.7506],[135.4539,34.7502],[135.4543,34.7498],[135.4548,34.7494],[135.4554,34.7492],[135.456,34.749],[135.4563,34.749],[135.4568,34.7476],[135.4558,34.737],[135.4557,34.737],[135.4554,34.737],[135.4548,34.737],[135.4489,34.7368],[135.4483,34.7367],[135.4477,34.7366],[135.4453,34.7353],[135.4447,34.7349],[135.4443,34.7344],[135.4424,34.7299],[135.4423,34.7294],[135.4423,34.729],[135.4433,34.7249],[135.4444,34.723],[135.4447,34.7219],[135.4441,34.7205],[135.4438,34.7203],[135.4407,34.719],[135.4356,34.7174],[135.4293,34.7146],[135.4275,34.7135],[135.4272,34.7132],[135.4234,34.7086],[135.4229,34.7083],[135.4151,34.7059],[135.411,34.7042],[135.406,34.7005],[135.4045,34.6985],[135.4042,34.698],[135.4041,34.6975],[135.404,34.697],[135.4041,34.6964],[135.4062,34.6928],[135.4075,34.6906],[135.4093,34.689],[135.4097,34.6888],[135.4148,34.6863],[135.415,34.6858],[135.4177,34.6812],[135.411,34.6793],[135.4075,34.678],[135.407,34.6777],[135.4065,34.6773],[135.4061,34.6769],[135.4058,34.6765],[135.4056,34.6759],[135.4056,34.6754],[135.4057,34.6749],[135.4059,34.6745],[135.4058,34.6745],[135.4046,34.6753],[135.404,34.6756],[135.4034,34.6758],[135.4027,34.6759],[135.402,34.6758],[135.3938,34.6731],[135.3902,34.6717],[135.3867,34.6703],[135.3861,34.67],[135.3857,34.6697],[135.3853,34.6693],[135.385,34.6688],[135.3846,34.6672],[135.3836,34.6632],[135.3836,34.6626],[135.3836,34.6622],[135.38,34.6628],[135.3794,34.6628],[135.3787,34.6628],[135.3781,34.6626],[135.3775,34.6624],[135.3771,34.662],[135.3702,34.6536],[135.3699,34.6531],[135.3697,34.6527],[135.3696,34.6522],[135.3697,34.6517],[135.3698,34.6512],[135.3721,34.6477],[135.3761,34.6419],[135.3764,34.6414],[135.3769,34.6411],[135.3774,34.6408],[135.378,34.6406],[135.3908,34.6397],[135.3914,34.6394],[135.392,34.6392],[135.3926,34.6391],[135.3932,34.6392],[135.3938,34.6393],[135.3944,34.6395],[135.3949,34.6398],[135.4071,34.652],[135.4074,34.6525],[135.4077,34.6529],[135.4078,34.6535],[135.4078,34.654],[135.4077,34.6545],[135.4074,34.655],[135.4071,34.6554],[135.4046,34.6571],[135.4092,34.6564],[135.4098,34.6564],[135.4105,34.6564],[135.4111,34.6566],[135.4117,34.6569],[135.4122,34.6572],[135.4122,34.6573],[135.4111,34.6525],[135.4111,34.652],[135.4111,34.6515],[135.4113,34.651],[135.4116,34.6506],[135.412,34.6502],[135.4125,34.6498],[135.413,34.6496],[135.4136,34.6494],[135.4143,34.6494],[135.4165,34.6496],[135.4171,34.6497],[135.4177,34.65],[135.4182,34.6503],[135.4186,34.6507],[135.4189,34.6507],[135.4196,34.6507],[135.4219,34.6513],[135.4223,34.6514],[135.4223,34.6512],[135.4224,34.6507],[135.4226,34.6502],[135.4229,34.6497],[135.4248,34.6482],[135.4253,34.6479],[135.4259,34.6477],[135.4265,34.6475],[135.4271,34.6475],[135.4277,34.6476],[135.4283,34.6477],[135.4288,34.6479],[135.4319,34.6468],[135.4322,34.6467],[135.4244,34.6454],[135.4175,34.6474],[135.4169,34.6475],[135.4163,34.6475],[135.4157,34.6474],[135.404,34.6433],[135.4034,34.643],[135.4028,34.6426],[135.4026,34.6423],[135.4021,34.6423],[135.4015,34.6423],[135.4008,34.6422],[135.397,34.6405],[135.3964,34.6402],[135.3959,34.6398],[135.3955,34.6393],[135.3953,34.6387],[135.3952,34.6313],[135.3953,34.6308],[135.3955,34.6303],[135.3958,34.6298],[135.3962,34.6294],[135.3968,34.629],[135.3974,34.6288],[135.398,34.6287],[135.4001,34.6287],[135.4043,34.6288],[135.4044,34.6285],[135.4077,34.6244],[135.4081,34.624],[135.4086,34.6236],[135.4092,34.6234],[135.4098,34.6232],[135.4182,34.6232],[135.4186,34.6222],[135.4123,34.6223],[135.406,34.6224],[135.4053,34.6224],[135.4052,34.6223],[135.4039,34.623],[135.4034,34.6232],[135.4028,34.6233],[135.4008,34.6234],[135.3939,34.6286],[135.3934,34.629],[135.3928,34.6292],[135.3922,34.6293],[135.3915,34.6293],[135.3909,34.6293],[135.3903,34.6291],[135.3897,34.6288],[135.3893,34.6285],[135.3889,34.6281],[135.3886,34.6276],[135.3884,34.6271],[135.3884,34.6266],[135.3885,34.626],[135.3887,34.6255],[135.389,34.6251],[135.3966,34.6192],[135.3995,34.6113],[135.3998,34.6108],[135.4002,34.6103],[135.4007,34.6099],[135.4013,34.6097],[135.402,34.6095],[135.4147,34.6094],[135.415,34.6091],[135.4154,34.6087],[135.4159,34.6084],[135.4165,34.6082],[135.4171,34.6081],[135.4194,34.6082],[135.42,34.6083],[135.4206,34.6084],[135.4211,34.6087],[135.4212,34.6088],[135.4216,34.6085],[135.4221,34.6083],[135.4228,34.6081],[135.4342,34.6081],[135.4337,34.6051],[135.4337,34.605],[135.4318,34.6054],[135.4246,34.6075],[135.4239,34.6076],[135.4233,34.6076],[135.4226,34.6075],[135.422,34.6073],[135.4215,34.607],[135.421,34.6066],[135.4206,34.6061],[135.4204,34.6056],[135.4203,34.6051],[135.4223,34.593],[135.4225,34.5924],[135.4227,34.592],[135.4231,34.5915],[135.4236,34.5912],[135.4235,34.5911],[135.4232,34.5906],[135.423,34.5901],[135.423,34.5876],[135.4243,34.5808],[135.4257,34.573],[135.4235,34.5727],[135.419,34.5942],[135.4188,34.5948],[135.4185,34.5953],[135.418,34.5957],[135.4044,34.6023],[135.4038,34.6025],[135.4031,34.6027],[135.4024,34.6027],[135.4018,34.6026],[135.4005,34.602],[135.3999,34.6017],[135.3995,34.6013],[135.3991,34.6008],[135.3989,34.6003],[135.3988,34.5998],[135.4065,34.5634],[135.4073,34.5602],[135.4075,34.5597],[135.4078,34.5592],[135.4083,34.5588],[135.4087,34.5585],[135.4093,34.5583],[135.4099,34.5581],[135.43,34.5581],[135.4342,34.5571],[135.4333,34.5559],[135.4317,34.5564],[135.431,34.5565],[135.4304,34.5565],[135.4297,34.5564],[135.4291,34.5562],[135.4286,34.5559],[135.4281,34.5555],[135.4189,34.5416],[135.4156,34.5431],[135.4188,34.5488],[135.419,34.5493],[135.4191,34.5498],[135.4191,34.5503],[135.419,34.5508],[135.4188,34.5513],[135.4184,34.5517],[135.4116,34.5565],[135.411,34.5568],[135.4104,34.557],[135.4097,34.5571],[135.4091,34.5571],[135.4084,34.557],[135.4078,34.5568],[135.4073,34.5565],[135.4068,34.5561],[135.4023,34.5484],[135.3962,34.5376],[135.396,34.5371],[135.3959,34.5365],[135.396,34.536],[135.3962,34.5354],[135.3964,34.5351],[135.3947,34.5352],[135.394,34.5351],[135.3934,34.535],[135.3928,34.5347],[135.3923,34.5343],[135.3887,34.5297],[135.3857,34.5256],[135.3839,34.5308],[135.3837,34.5313],[135.3834,34.5318],[135.3805,34.5339],[135.38,34.5342],[135.3794,34.5344],[135.3788,34.5346],[135.3782,34.5346],[135.3775,34.5345],[135.3769,34.5343],[135.3764,34.5341],[135.3759,34.5337],[135.3644,34.5185],[135.3641,34.518],[135.3639,34.5175],[135.3639,34.5169],[135.364,34.5164],[135.3642,34.5159],[135.3645,34.5154],[135.3722,34.5097],[135.3722,34.5096],[135.3717,34.5094],[135.3712,34.509],[135.3684,34.5049],[135.3681,34.5044],[135.3676,34.5005],[135.3676,34.4956],[135.3677,34.4951],[135.3679,34.4946],[135.3682,34.4941],[135.3686,34.4938],[135.3673,34.4912],[135.3671,34.4907],[135.367,34.4902],[135.3671,34.4896],[135.3673,34.4891],[135.3676,34.4887],[135.368,34.4882],[135.3722,34.4861],[135.3717,34.486],[135.3712,34.4859],[135.3706,34.4856],[135.3702,34.4853],[135.3698,34.4849],[135.3695,34.4845],[135.3688,34.4825],[135.3679,34.483],[135.3673,34.4832],[135.3667,34.4834],[135.3661,34.4834],[135.3654,34.4833],[135.3648,34.4832],[135.3643,34.4829],[135.3638,34.4826],[135.361,34.479],[135.3608,34.4786],[135.3606,34.4781],[135.3605,34.4776],[135.3606,34.4771],[135.3607,34.4768],[135.3581,34.4795],[135.355,34.4814],[135.3545,34.4817],[135.3539,34.4818],[135.3533,34.4819],[135.3527,34.4819],[135.3521,34.4818],[135.3516,34.4816],[135.3511,34.4814],[135.3506,34.481],[135.3478,34.4772],[135.3475,34.4768],[135.3473,34.4763],[135.3473,34.4758],[135.3474,34.4753],[135.3475,34.4748],[135.3484,34.4737],[135.3478,34.4731],[135.3474,34.4726],[135.3471,34.4721],[135.347,34.4716],[135.347,34.471],[135.3472,34.4705],[135.3473,34.4703],[135.3472,34.4702],[135.3467,34.4699],[135.3463,34.4694],[135.346,34.4689],[135.3459,34.4684],[135.3458,34.4679],[135.346,34.4673],[135.3473,34.4651],[135.3487,34.4639],[135.3492,34.4635],[135.3497,34.4633],[135.3503,34.4631],[135.3507,34.463],[135.3507,34.4628],[135.3508,34.4623],[135.351,34.4618],[135.3513,34.4614],[135.3517,34.461],[135.3524,34.4606],[135.3521,34.4606],[135.3515,34.4606],[135.3509,34.4604],[135.3503,34.4602],[135.35,34.46],[135.3435,34.4684],[135.3431,34.4688],[135.3426,34.4692],[135.342,34.4694],[135.3414,34.4696],[135.3407,34.4696],[135.3401,34.4696],[135.3395,34.4694],[135.3389,34.4691],[135.3384,34.4688],[135.3255,34.4513],[135.3252,34.4509],[135.325,34.4503],[135.325,34.4498],[135.3251,34.4493],[135.3253,34.4488],[135.3257,34.4483],[135.328,34.4465],[135.3296,34.4448],[135.3299,34.444],[135.3302,34.4435],[135.3305,34.4431],[135.331,34.4427],[135.3315,34.4424],[135.3321,34.4422],[135.3327,34.4421],[135.3329,34.4421],[135.332,34.4401],[135.3301,34.437],[135.3269,34.4391],[135.3263,34.4394],[135.3258,34.4395],[135.3251,34.4396],[135.3245,34.4396],[135.3239,34.4395],[135.3233,34.4393],[135.3228,34.439],[135.3185,34.4347],[135.3181,34.4343],[135.3179,34.4338],[135.3179,34.4336],[135.3174,34.4336],[135.3169,34.4335],[135.3163,34.4332],[135.3159,34.433],[135.3112,34.4283],[135.3109,34.4279],[135.3106,34.4274],[135.3105,34.4269],[135.3105,34.4263],[135.3106,34.4258],[135.3109,34.4253],[135.3112,34.4249],[135.3136,34.4233],[135.3099,34.4205],[135.3087,34.4214],[135.3082,34.4218],[135.3076,34.422],[135.307,34.4221],[135.3063,34.4222],[135.3057,34.4221],[135.3051,34.4219],[135.3046,34.4217],[135.3006,34.4183],[135.2942,34.4177],[135.2936,34.4176],[135.2931,34.4174],[135.2926,34.4171],[135.2911,34.4159],[135.2908,34.4155],[135.2905,34.4151],[135.2903,34.4146],[135.2899,34.4089],[135.2863,34.4053],[135.2838,34.4027],[135.2834,34.4022],[135.2831,34.4013],[135.2828,34.4013],[135.2821,34.4012],[135.2815,34.4011],[135.2809,34.4008],[135.2804,34.4004],[135.2789,34.3984],[135.2776,34.3974],[135.2772,34.397],[135.2769,34.3966],[135.2768,34.3965],[135.2764,34.3964],[135.2757,34.3962],[135.2752,34.3959],[135.2747,34.3955],[135.2743,34.3951],[135.2734,34.3927],[135.2731,34.3924],[135.2712,34.3917],[135.2707,34.3915],[135.2703,34.3912],[135.2676,34.3885],[135.2636,34.3851],[135.2619,34.3834],[135.2579,34.3843],[135.2574,34.3844],[135.2568,34.3844],[135.2562,34.3843],[135.2556,34.3841],[135.2551,34.3838],[135.2505,34.3798],[135.2496,34.3795],[135.2477,34.379],[135.2471,34.3788],[135.2466,34.3785],[135.2447,34.3766],[135.2443,34.3762],[135.2432,34.3735],[135.24,34.37],[135.2386,34.3689],[135.2313,34.3617],[135.228,34.3567],[135.2233,34.3513],[135.2213,34.3496],[135.2164,34.3469],[135.2066,34.346],[135.206,34.3459],[135.2054,34.3457],[135.2043,34.345],[135.2038,34.3451],[135.2032,34.3453],[135.2026,34.3453],[135.2019,34.3452],[135.2013,34.345],[135.1976,34.3427],[135.1921,34.3404],[135.1864,34.3393],[135.1827,34.3389],[135.1796,34.3392],[135.179,34.3397],[135.1785,34.3401],[135.178,34.3403],[135.1773,34.3405],[135.1767,34.3406],[135.1761,34.3405],[135.1721,34.3392],[135.1713,34.3387],[135.1709,34.3389],[135.1703,34.3391],[135.1697,34.3392],[135.169,34.3392],[135.1684,34.339],[135.1678,34.3388],[135.1673,34.3385],[135.164,34.335],[135.1625,34.3341],[135.1606,34.3338],[135.1586,34.3345],[135.158,34.3346],[135.1573,34.3347],[135.1522,34.3338],[135.1516,34.3336],[135.151,34.3333],[135.1505,34.333],[135.1501,34.3325],[135.1499,34.332],[135.1496,34.3311],[135.1472,34.3284],[135.1455,34.328],[135.1449,34.3278],[135.1444,34.3275],[135.144,34.3272],[135.1436,34.3267],[135.1434,34.3263],[135.1432,34.3258],[135.1432,34.3253],[135.1433,34.3248],[135.1434,34.3243],[135.1435,34.3242],[135.1416,34.3233],[135.1412,34.323],[135.1408,34.3227],[135.1398,34.3213],[135.1357,34.3216],[135.1359,34.3218],[135.1362,34.3223],[135.1363,34.3228],[135.1364,34.3233],[135.1363,34.3238],[135.1361,34.3243],[135.1332,34.3277],[135.1328,34.3281],[135.1323,34.3285],[135.1317,34.3287],[135.1311,34.3288],[135.1304,34.3289],[135.1298,34.3288],[135.1292,34.3286],[135.1272,34.3275],[135.1265,34.3278],[135.1259,34.3279],[135.1253,34.3279],[135.1246,34.3279],[135.1197,34.3262],[135.1192,34.3259],[135.1181,34.325],[135.1176,34.3253],[135.117,34.3254],[135.1163,34.3255],[135.1157,34.3255],[135.1131,34.3248],[135.1094,34.3245],[135.1051,34.3232],[135.1025,34.3228],[135.1018,34.3226],[135.0997,34.3216],[135.0992,34.3212],[135.0988,34.3208],[135.0967,34.3172],[135.0959,34.3168],[135.094,34.3166],[135.0934,34.3164],[135.0929,34.3162],[135.0924,34.3159],[135.0903,34.3137],[135.0901,34.3135],[135.09,34.3133],[135.0899,34.3132],[135.0898,34.313],[135.0897,34.3128],[135.0896,34.3123],[135.0896,34.3118],[135.0897,34.3113],[135.0899,34.3108],[135.0903,34.3104],[135.0921,34.3089],[135.0945,34.3063],[135.0949,34.306],[135.0954,34.3057],[135.0959,34.3054],[135.0965,34.3053],[135.0971,34.3052],[135.0977,34.3053],[135.0983,34.3054],[135.102,34.3074],[135.1029,34.307],[135.103,34.3067],[135.1019,34.3058],[135.1007,34.3038],[135.0986,34.3027],[135.0982,34.3025],[135.0944,34.2988],[135.0941,34.2984],[135.0938,34.2979],[135.0937,34.2975],[135.0937,34.2969],[135.0938,34.2964],[135.094,34.296],[135.0962,34.2934],[135.0964,34.2926],[135.0955,34.2897],[135.0954,34.2891],[135.0955,34.2886],[135.0957,34.2881],[135.096,34.2876],[135.0989,34.285],[135.0995,34.2846],[135.1014,34.2839],[135.1034,34.2826],[135.1038,34.2823],[135.1043,34.2821],[135.1053,34.2819],[135.1043,34.2793],[135.1041,34.2788],[135.1041,34.2783],[135.1042,34.2777],[135.1074,34.2725],[135.1078,34.2721],[135.1083,34.2717],[135.1089,34.2714],[135.1112,34.2708],[135.1118,34.2708],[135.1123,34.2708],[135.1129,34.2709],[135.1141,34.2713],[135.1154,34.2707],[135.116,34.2705],[135.1166,34.2704],[135.1172,34.2704],[135.1218,34.2713],[135.1223,34.2715],[135.1245,34.2726],[135.125,34.2729],[135.1253,34.2733],[135.1259,34.2742],[135.1274,34.2718],[135.1278,34.2713],[135.1283,34.2709],[135.1307,34.2699],[135.1313,34.2697],[135.1319,34.2697],[135.1325,34.2697],[135.1376,34.2709],[135.1381,34.2711],[135.1386,34.2714],[135.139,34.2717],[135.1394,34.2721],[135.1422,34.2778],[135.1428,34.2777],[135.1434,34.2778],[135.144,34.2779],[135.1445,34.2781],[135.1472,34.2798],[135.1475,34.2801],[135.148,34.2806],[135.1491,34.28],[135.1497,34.2797],[135.1503,34.2796],[135.1503,34.2795],[135.1501,34.279],[135.1501,34.2785],[135.1507,34.2763],[135.1505,34.2745],[135.1506,34.2739],[135.1507,34.2734],[135.151,34.2729],[135.1513,34.2725],[135.1518,34.2721],[135.1524,34.2718],[135.153,34.2717],[135.1536,34.2716],[135.1543,34.2716],[135.1549,34.2717],[135.1555,34.272],[135.1589,34.2745],[135.1613,34.2748],[135.1619,34.2749],[135.1643,34.276],[135.1658,34.2761],[135.1663,34.2761],[135.1669,34.2763],[135.1674,34.2766],[135.1685,34.2774],[135.1715,34.2779],[135.1758,34.2772],[135.177,34.2766],[135.1776,34.2763],[135.1783,34.2762],[135.179,34.2762],[135.1797,34.2763],[135.1808,34.2768],[135.1817,34.2764],[135.1823,34.2762],[135.1828,34.2761],[135.1848,34.2762],[135.1854,34.2763],[135.186,34.2765],[135.1866,34.2768],[135.187,34.2772],[135.1874,34.2776],[135.1876,34.2781],[135.1879,34.2796],[135.1886,34.2802],[135.1893,34.2801],[135.19,34.2801],[135.1906,34.2802],[135.1912,34.2804],[135.1918,34.2808],[135.1922,34.2812],[135.1937,34.2839],[135.1942,34.2837],[135.1948,34.2835],[135.1955,34.2833],[135.1961,34.2833],[135.1968,34.2835],[135.1974,34.2837],[135.1991,34.2849],[135.1996,34.2848],[135.2002,34.2848],[135.2008,34.2849],[135.2014,34.2851],[135.202,34.285],[135.2027,34.2849],[135.2034,34.285],[135.2066,34.2862],[135.2072,34.2864],[135.2076,34.2868],[135.208,34.2872],[135.2083,34.2876],[135.2084,34.2881],[135.2085,34.2886],[135.2085,34.2891],[135.2077,34.2909],[135.2082,34.2959],[135.2082,34.2964],[135.2077,34.2979],[135.2082,34.299],[135.2106,34.3008],[135.211,34.3012],[135.2114,34.3016],[135.2116,34.302],[135.2117,34.3025],[135.2116,34.3035],[135.2144,34.3026],[135.215,34.3024],[135.2179,34.3025],[135.2198,34.3017],[135.2226,34.2991],[135.223,34.2987],[135.2236,34.2984],[135.2241,34.2983],[135.2248,34.2982],[135.2254,34.2982],[135.2365,34.3011],[135.2371,34.3013],[135.2376,34.3016],[135.238,34.3019],[135.2384,34.3023],[135.239,34.3038],[135.2415,34.3055],[135.2428,34.3059],[135.2432,34.3062],[135.2481,34.3098],[135.2486,34.3103],[135.2487,34.3104],[135.2489,34.3104],[135.2495,34.3106],[135.2501,34.3108],[135.2506,34.3112],[135.2509,34.3116],[135.2511,34.3119],[135.2531,34.3122],[135.2537,34.3123],[135.2551,34.313],[135.2565,34.313],[135.2593,34.3106],[135.2599,34.3103],[135.2605,34.31],[135.2611,34.3099],[135.2618,34.3098],[135.2625,34.3099],[135.2636,34.3103],[135.2655,34.31],[135.2707,34.3098],[135.2721,34.3096],[135.2728,34.3095],[135.2735,34.3096],[135.2742,34.3098],[135.2748,34.3101],[135.2758,34.311],[135.2772,34.3115],[135.2778,34.3117],[135.2783,34.3121],[135.2794,34.3133],[135.2818,34.3138],[135.2823,34.314],[135.2832,34.3123],[135.2828,34.3111],[135.2827,34.3104],[135.2839,34.3059],[135.2868,34.3006],[135.2889,34.298],[135.2894,34.2976],[135.2899,34.2973],[135.2905,34.297],[135.2911,34.2969],[135.2918,34.2969],[135.2984,34.2982],[135.2989,34.2983],[135.2994,34.2986],[135.2999,34.2989],[135.3003,34.2993],[135.3005,34.2998],[135.3012,34.2999],[135.3018,34.3001],[135.3024,34.3004],[135.3052,34.3032],[135.3056,34.3037],[135.3058,34.3042],[135.306,34.3058],[135.3075,34.3089],[135.3077,34.3093],[135.3078,34.3098],[135.3076,34.3112],[135.3078,34.3111],[135.3083,34.3108],[135.3088,34.3107],[135.3094,34.3106],[135.31,34.3106],[135.3141,34.3115],[135.3147,34.3117],[135.3153,34.312],[135.3159,34.3126],[135.3177,34.3129],[135.324,34.3155],[135.3254,34.3164],[135.327,34.3159],[135.3279,34.315],[135.3284,34.3146],[135.3289,34.3143],[135.3295,34.3141],[135.3302,34.314],[135.3308,34.314],[135.3315,34.3142],[135.3321,34.3144],[135.3326,34.3147],[135.333,34.3151],[135.3334,34.3156],[135.3336,34.3161],[135.3338,34.3195],[135.3337,34.32],[135.3336,34.3204],[135.3333,34.3209],[135.3316,34.3226],[135.3316,34.3227],[135.3348,34.3229],[135.3354,34.323],[135.336,34.3233],[135.3366,34.3236],[135.3381,34.3251],[135.3413,34.3274],[135.3417,34.3278],[135.342,34.3282],[135.3423,34.3286],[135.3425,34.3301],[135.3435,34.3289],[135.344,34.3285],[135.3445,34.3282],[135.3451,34.328],[135.3457,34.3278],[135.3463,34.3278],[135.347,34.3279],[135.3504,34.3292],[135.3521,34.3295],[135.3531,34.3293],[135.3537,34.3292],[135.3543,34.3293],[135.3549,34.3294],[135.3555,34.3297],[135.3567,34.3306],[135.357,34.3305],[135.3589,34.3279],[135.3593,34.3275],[135.3597,34.3272],[135.3602,34.3269],[135.3608,34.3268],[135.3614,34.3267],[135.3666,34.327],[135.3673,34.3271],[135.368,34.3274],[135.3689,34.328],[135.3702,34.3276],[135.3707,34.3275],[135.3713,34.3275],[135.3719,34.3275],[135.3742,34.3281],[135.3764,34.3276],[135.3783,34.3263],[135.3788,34.3261],[135.3794,34.3259],[135.38,34.3258],[135.3806,34.3258],[135.3812,34.3258],[135.3834,34.3267],[135.3865,34.3264],[135.3871,34.3264],[135.3877,34.3265],[135.3883,34.3267],[135.3888,34.327],[135.3892,34.3273],[135.3896,34.3277],[135.3906,34.3299],[135.3924,34.3287],[135.3929,34.3284],[135.3935,34.3282],[135.397,34.3279],[135.3977,34.3278],[135.3983,34.3279],[135.3989,34.3281],[135.3994,34.3284],[135.3998,34.3287],[135.4007,34.3298],[135.4023,34.33],[135.4029,34.3302],[135.4035,34.3304],[135.4045,34.3312],[135.4054,34.3312],[135.406,34.3312],[135.4066,34.3313],[135.4072,34.3316],[135.4077,34.3319],[135.4095,34.334],[135.4097,34.3344],[135.4099,34.3348],[135.4103,34.3382],[135.4111,34.3392],[135.4113,34.3392],[135.4136,34.3378],[135.4142,34.3375],[135.4149,34.3373],[135.4155,34.3372],[135.4181,34.3375],[135.4213,34.3371],[135.425,34.3373],[135.4256,34.3374],[135.4261,34.3375],[135.4287,34.3389],[135.4292,34.3392],[135.4296,34.3395],[135.4314,34.3425],[135.4317,34.3442],[135.4322,34.3445],[135.4347,34.3454],[135.441,34.3447],[135.4415,34.3447],[135.4451,34.3451],[135.448,34.3462],[135.4502,34.3467],[135.4507,34.3466],[135.4513,34.3464],[135.4519,34.3464],[135.4525,34.3465],[135.453,34.3466],[135.4533,34.3463],[135.4536,34.3459],[135.4541,34.3456],[135.4546,34.3453],[135.4567,34.3447],[135.4574,34.3446],[135.463,34.3454],[135.4642,34.3449],[135.4648,34.3447],[135.4655,34.3446],[135.4661,34.3447],[135.4667,34.3448],[135.4673,34.345],[135.4678,34.3453],[135.4682,34.3456],[135.4694,34.3474],[135.4713,34.348],[135.4718,34.3482],[135.4724,34.3485],[135.4739,34.3502],[135.4744,34.3502],[135.4785,34.3509],[135.4791,34.3511],[135.4796,34.3514],[135.4801,34.3517],[135.4805,34.3521],[135.4808,34.3526],[135.481,34.3531],[135.481,34.3536],[135.4807,34.3549],[135.4817,34.3562],[135.4836,34.3572],[135.4844,34.3579],[135.4857,34.3553],[135.486,34.3549],[135.4876,34.3534],[135.4882,34.353],[135.4918,34.352],[135.4921,34.3517],[135.4926,34.3514],[135.4953,34.3503],[135.4958,34.3493],[135.4961,34.3489],[135.4964,34.3485],[135.4969,34.3481],[135.4974,34.3479],[135.498,34.3477],[135.4995,34.3476],[135.4998,34.3471],[135.4995,34.3468],[135.4993,34.3463],[135.4991,34.3458],[135.4991,34.3452],[135.4999,34.3427],[135.5013,34.3409],[135.5012,34.3407],[135.5005,34.3403],[135.5,34.34],[135.4997,34.3396],[135.4994,34.3392],[135.4992,34.3387],[135.4991,34.3382],[135.4991,34.3376],[135.4993,34.3371],[135.5007,34.3351],[135.5011,34.3347],[135.5015,34.3344],[135.502,34.3341],[135.5026,34.334],[135.5059,34.3336],[135.5065,34.3336],[135.5084,34.3339]],[[135.3872,34.5209],[135.3873,34.5208],[135.3877,34.5206],[135.3878,34.5204],[135.3895,34.5185],[135.39,34.5182],[135.3903,34.518],[135.3904,34.5178],[135.3925,34.5156],[135.393,34.5152],[135.3936,34.5149],[135.3942,34.5147],[135.3942,34.5146],[135.3938,34.5148],[135.3931,34.5149],[135.3925,34.5149],[135.3919,34.5148],[135.3918,34.5148],[135.3897,34.5164],[135.3892,34.5167],[135.3891,34.5167],[135.3892,34.517],[135.3893,34.5175],[135.3892,34.518],[135.3891,34.5185],[135.3888,34.5189],[135.3874,34.5202],[135.3872,34.5209]],[[135.4044,34.5204],[135.4059,34.5249],[135.406,34.5255],[135.4059,34.526],[135.4057,34.5266],[135.4087,34.5252],[135.4083,34.525],[135.4078,34.5246],[135.4048,34.52],[135.4046,34.5203],[135.4044,34.5204]],[[135.4371,34.5863],[135.4376,34.5862],[135.4382,34.5862],[135.4387,34.5862],[135.4421,34.5872],[135.4426,34.587],[135.4432,34.5868],[135.4439,34.5867],[135.4445,34.5868],[135.4461,34.5873],[135.4461,34.5868],[135.4462,34.5862],[135.4465,34.5857],[135.4468,34.5853],[135.4473,34.5849],[135.4473,34.5848],[135.447,34.5843],[135.4469,34.5839],[135.4468,34.5833],[135.4485,34.5766],[135.4486,34.5764],[135.4484,34.5761],[135.4473,34.5724],[135.4467,34.5764],[135.4447,34.5835],[135.4445,34.5841],[135.4442,34.5845],[135.4437,34.5849],[135.4432,34.5852],[135.4426,34.5855],[135.442,34.5856],[135.4373,34.5855],[135.4371,34.5863]],[[135.4273,34.6204],[135.4281,34.6207],[135.4282,34.6201],[135.4281,34.6201],[135.4273,34.6204]],[[135.4442,34.6274],[135.4444,34.6277],[135.4447,34.6282],[135.4449,34.6287],[135.445,34.6291],[135.4425,34.6416],[135.4424,34.6421],[135.4423,34.6422],[135.4425,34.6421],[135.443,34.6419],[135.4436,34.6418],[135.4439,34.6418],[135.4438,34.6414],[135.445,34.6345],[135.4452,34.6339],[135.4455,34.6334],[135.4459,34.633],[135.4461,34.6328],[135.4456,34.6324],[135.4453,34.632],[135.445,34.6315],[135.4449,34.631],[135.4452,34.6265],[135.445,34.6244],[135.4445,34.6266],[135.4444,34.6272],[135.4442,34.6274]],[[135.4137,34.6625],[135.4138,34.6631],[135.4138,34.663],[135.414,34.6628],[135.4137,34.6625]],[[135.4138,34.6669],[135.4136,34.6673],[135.4131,34.6677],[135.4126,34.668],[135.4126,34.6684],[135.4127,34.6689],[135.4126,34.6694],[135.4141,34.6698],[135.414,34.6694],[135.4138,34.6669]],[[135.4017,34.5314],[135.4015,34.5316],[135.4018,34.5316],[135.4017,34.5314]]],[[[135.3462,34.6293],[135.3414,34.6244],[135.3411,34.624],[135.3409,34.6235],[135.3405,34.6212],[135.3404,34.6207],[135.3405,34.6202],[135.3427,34.6162],[135.343,34.6157],[135.3434,34.6153],[135.344,34.615],[135.3445,34.6148],[135.3452,34.6146],[135.3458,34.6146],[135.3465,34.6147],[135.3471,34.6148],[135.3476,34.6151],[135.3514,34.6184],[135.3609,34.6258],[135.3614,34.6262],[135.3617,34.6267],[135.3619,34.6272],[135.362,34.6277],[135.3619,34.6282],[135.3618,34.6287],[135.3615,34.6292],[135.3558,34.6342],[135.3554,34.6346],[135.3548,34.6348],[135.3542,34.635],[135.3536,34.6351],[135.353,34.6351],[135.3524,34.635],[135.3518,34.6348],[135.3513,34.6345],[135.3462,34.6293]]],[[[135.2645,34.4427],[135.2621,34.4451],[135.2617,34.4455],[135.2611,34.4458],[135.2605,34.446],[135.2558,34.4465],[135.2559,34.447],[135.2558,34.4475],[135.2557,34.448],[135.2555,34.4484],[135.2554,34.4484],[135.2564,34.4491],[135.2568,34.4495],[135.2572,34.45],[135.2574,34.4505],[135.2575,34.451],[135.2574,34.4515],[135.2573,34.4521],[135.257,34.4526],[135.2566,34.453],[135.2561,34.4533],[135.2555,34.4536],[135.2549,34.4538],[135.247,34.4539],[135.2441,34.4569],[135.2437,34.4573],[135.2431,34.4576],[135.2426,34.4578],[135.2419,34.4579],[135.2413,34.4579],[135.2406,34.4578],[135.2401,34.4576],[135.2356,34.4547],[135.2334,34.4523],[135.2273,34.4481],[135.2163,34.4408],[135.2063,34.4341],[135.2031,34.4328],[135.1991,34.4302],[135.1987,34.4298],[135.1983,34.4294],[135.1981,34.4289],[135.1979,34.4284],[135.1979,34.4279],[135.1981,34.4273],[135.1983,34.4268],[135.2037,34.4214],[135.2041,34.421],[135.2047,34.4207],[135.2053,34.4205],[135.2059,34.4204],[135.2065,34.4204],[135.2072,34.4205],[135.2077,34.4207],[135.219,34.4282],[135.2212,34.4297],[135.2227,34.4281],[135.2171,34.4243],[135.2166,34.4239],[135.2162,34.4235],[135.216,34.423],[135.2159,34.4225],[135.2159,34.422],[135.216,34.4215],[135.2162,34.421],[135.2251,34.4118],[135.2256,34.4114],[135.2261,34.4111],[135.2267,34.4109],[135.2273,34.4108],[135.228,34.4108],[135.2286,34.4109],[135.2292,34.4111],[135.2336,34.414],[135.2361,34.4166],[135.2519,34.4272],[135.2525,34.4272],[135.2532,34.4273],[135.2538,34.4276],[135.2543,34.4279],[135.2547,34.4283],[135.255,34.4288],[135.2552,34.4294],[135.2584,34.4316],[135.2621,34.4331],[135.2666,34.4365],[135.267,34.4369],[135.2673,34.4373],[135.2675,34.4378],[135.2676,34.4383],[135.2676,34.4388],[135.2675,34.4393],[135.2673,34.4398],[135.2645,34.4427]]]]},"properties":{"prefectureName":"大阪府","prefectureCode":"27"}},
{"type":"Feature","geometry":{"type":"MultiPolygon","coordinates":[[[[135.4062,34.6928],[135.4071,34.6939],[135.4076,34.6944],[135.408,34.6945],[135.4086,34.6946],[135.4092,34.6949],[135.4097,34.6952],[135.4111,34.697],[135.4147,34.6997],[135.4176,34.7009],[135.4257,34.7034],[135.4262,34.7036],[135.4283,34.705],[135.432,34.7095],[135.4329,34.7101],[135.4383,34.7125],[135.4434,34.714],[135.4473,34.7157],[135.4478,34.716],[135.4494,34.7173],[135.4498,34.7177],[135.4512,34.7208],[135.4513,34.7212],[135.4514,34.7217],[135.4507,34.7248],[135.4495,34.7267],[135.4489,34.729],[135.4499,34.7313],[135.45,34.7314],[135.455,34.7316],[135.4594,34.7305],[135.46,34.7305],[135.4607,34.7305],[135.4613,34.7306],[135.4619,34.7308],[135.4624,34.7311],[135.4629,34.7315],[135.4632,34.7319],[135.4634,34.7324],[135.4636,34.7329],[135.4636,34.7334],[135.4634,34.734],[135.4622,34.7358],[135.4634,34.7477],[135.4634,34.7482],[135.4625,34.7507],[135.4626,34.7518],[135.4626,34.7524],[135.4625,34.7529],[135.4622,34.7534],[135.4618,34.7538],[135.4613,34.7542],[135.4608,34.7545],[135.4601,34.7546],[135.4595,34.7547],[135.4592,34.7547],[135.4592,34.7549],[135.4599,34.7576],[135.46,34.7581],[135.46,34.7585],[135.459,34.7613],[135.4588,34.7617],[135.4584,34.7622],[135.458,34.7625],[135.4575,34.7628],[135.457,34.763],[135.4564,34.7632],[135.4558,34.7632],[135.4552,34.7631],[135.4546,34.763],[135.4537,34.7625],[135.4533,34.7648],[135.4535,34.7655],[135.4537,34.766],[135.4537,34.7665],[135.4536,34.767],[135.4534,34.7675],[135.4531,34.7679],[135.45,34.7704],[135.4495,34.7707],[135.4489,34.771],[135.4486,34.771],[135.4488,34.7734],[135.4492,34.7742],[135.4494,34.7747],[135.4495,34.7752],[135.4484,34.7812],[135.4482,34.7817],[135.4471,34.7832],[135.4471,34.7841],[135.447,34.7847],[135.4468,34.7852],[135.4465,34.7857],[135.4461,34.7861],[135.446,34.7861],[135.446,34.7865],[135.4452,34.7888],[135.4457,34.79],[135.4459,34.7905],[135.4459,34.791],[135.4459,34.7915],[135.4457,34.792],[135.4454,34.7925],[135.445,34.7928],[135.4431,34.7941],[135.4425,34.7943],[135.4419,34.7945],[135.4401,34.7946],[135.4317,34.8032],[135.4313,34.8035],[135.4294,34.8046],[135.4287,34.8048],[135.4281,34.805],[135.4256,34.8048],[135.4248,34.8071],[135.4227,34.81],[135.4193,34.8181],[135.4194,34.8195],[135.425,34.8252],[135.4252,34.8256],[135.4269,34.829],[135.427,34.8295],[135.4269,34.834],[135.4275,34.8379],[135.4275,34.8385],[135.4245,34.8453],[135.4239,34.8474],[135.4237,34.8479],[135.4227,34.8492],[135.4246,34.8495],[135.4252,34.8497],[135.4257,34.8499],[135.4275,34.8511],[135.4289,34.8515],[135.4294,34.8517],[135.4334,34.8543],[135.4339,34.8547],[135.4343,34.8551],[135.4345,34.8556],[135.4348,34.8579],[135.4348,34.8584],[135.4348,34.8588],[135.4338,34.8608],[135.4346,34.8617],[135.4349,34.8622],[135.4358,34.8655],[135.4368,34.8667],[135.4371,34.8671],[135.4379,34.8693],[135.4381,34.8698],[135.4381,34.8704],[135.4375,34.8721],[135.4379,34.8729],[135.4395,34.8742],[135.4399,34.8745],[135.4402,34.875],[135.4408,34.8768],[135.4407,34.8795],[135.4421,34.8832],[135.4437,34.8884],[135.4451,34.8889],[135.4457,34.8891],[135.4462,34.8894],[135.4466,34.8898],[135.4469,34.8902],[135.4471,34.8907],[135.4474,34.8933],[135.448,34.8941],[135.4487,34.8953],[135.449,34.8957],[135.4491,34.8963],[135.4491,34.8968],[135.4483,34.8991],[135.4481,34.8996],[135.4478,34.9],[135.4474,34.9004],[135.4469,34.9007],[135.4448,34.9014],[135.4443,34.9016],[135.4437,34.9016],[135.4431,34.9016],[135.4425,34.9015],[135.4419,34.9013],[135.4383,34.8987],[135.4381,34.8987],[135.4376,34.8987],[135.437,34.8986],[135.4347,34.8977],[135.434,34.8986],[135.4307,34.9048],[135.4307,34.9054],[135.4307,34.906],[135.4306,34.9065],[135.4303,34.9069],[135.4299,34.9073],[135.4277,34.9089],[135.4272,34.9091],[135.4266,34.9093],[135.4259,34.9094],[135.4257,34.9094],[135.4264,34.91],[135.4268,34.9104],[135.4272,34.9109],[135.4274,34.9117],[135.4292,34.9124],[135.4315,34.9138],[135.4349,34.9141],[135.4355,34.9142],[135.436,34.9144],[135.4388,34.916],[135.4406,34.9177],[135.444,34.9174],[135.4463,34.9176],[135.4506,34.9173],[135.4553,34.9155],[135.456,34.9153],[135.4621,34.9152],[135.4627,34.9153],[135.4632,34.9154],[135.4671,34.9173],[135.4676,34.9176],[135.468,34.9179],[135.4683,34.9183],[135.4694,34.9209],[135.4695,34.9214],[135.4694,34.9228],[135.4702,34.9231],[135.4707,34.9234],[135.4711,34.9238],[135.4715,34.9242],[135.4717,34.9247],[135.4718,34.9252],[135.4715,34.9279],[135.4713,34.9283],[135.4711,34.9288],[135.4697,34.9304],[135.4693,34.9307],[135.4688,34.931],[135.4683,34.9313],[135.4677,34.9314],[135.4671,34.9315],[135.4665,34.9314],[135.4621,34.9301],[135.4613,34.9297],[135.4593,34.9311],[135.4588,34.9315],[135.4583,34.9317],[135.4552,34.9321],[135.4549,34.9327],[135.4546,34.9332],[135.4542,34.9336],[135.4528,34.9344],[135.4522,34.9356],[135.4518,34.936],[135.4514,34.9365],[135.4508,34.9368],[135.4502,34.937],[135.4495,34.9371],[135.4492,34.9371],[135.4439,34.9413],[135.4434,34.9416],[135.4428,34.9419],[135.4422,34.942],[135.4416,34.9421],[135.441,34.942],[135.4404,34.9419],[135.4398,34.9416],[135.4379,34.9402],[135.4364,34.9407],[135.4357,34.9409],[135.4351,34.941],[135.4323,34.9407],[135.4317,34.9405],[135.4312,34.9403],[135.4306,34.94],[135.4302,34.9396],[135.4301,34.9394],[135.429,34.9393],[135.4285,34.9395],[135.4278,34.9397],[135.4271,34.9398],[135.4264,34.9397],[135.424,34.9389],[135.4233,34.9386],[135.4214,34.9367],[135.4211,34.9366],[135.4209,34.9375],[135.4206,34.938],[135.4208,34.9383],[135.421,34.9388],[135.4211,34.9394],[135.4207,34.9422],[135.4205,34.9427],[135.4203,34.9432],[135.4199,34.9436],[135.4193,34.944],[135.4188,34.9442],[135.4181,34.9444],[135.4175,34.9445],[135.4168,34.9444],[135.4161,34.9442],[135.4144,34.9433],[135.4123,34.943],[135.4122,34.9431],[135.4098,34.9455],[135.4092,34.9458],[135.4087,34.9461],[135.4061,34.9466],[135.4054,34.9467],[135.4047,34.9466],[135.4034,34.9462],[135.3965,34.9471],[135.3958,34.9471],[135.3952,34.9471],[135.3946,34.9469],[135.394,34.9466],[135.3936,34.9463],[135.3928,34.9454],[135.3927,34.9454],[135.3922,34.9458],[135.3916,34.946],[135.3912,34.9461],[135.3909,34.9466],[135.391,34.9468],[135.3911,34.9473],[135.3908,34.9512],[135.3907,34.9517],[135.3905,34.9522],[135.3901,34.9526],[135.3897,34.953],[135.3892,34.9533],[135.3887,34.9549],[135.3885,34.9554],[135.3881,34.9558],[135.3877,34.9562],[135.3872,34.9565],[135.3867,34.9568],[135.3852,34.957],[135.3846,34.9577],[135.3842,34.9581],[135.3838,34.9584],[135.3833,34.9587],[135.3827,34.9588],[135.3821,34.9589],[135.3815,34.9589],[135.3785,34.9582],[135.3778,34.9586],[135.3772,34.9588],[135.3766,34.959],[135.3759,34.959],[135.3753,34.959],[135.3747,34.9588],[135.3741,34.9586],[135.3736,34.9582],[135.3732,34.9578],[135.3726,34.9567],[135.3725,34.9567],[135.3724,34.9567],[135.3723,34.9568],[135.372,34.9573],[135.3715,34.9577],[135.371,34.9581],[135.3703,34.9583],[135.3643,34.9589],[135.3637,34.9589],[135.3631,34.9588],[135.3626,34.9587],[135.3611,34.9579],[135.3611,34.9583],[135.3609,34.9588],[135.3571,34.964],[135.3567,34.9644],[135.3562,34.9648],[135.3556,34.9651],[135.3525,34.9658],[135.3506,34.9671],[135.35,34.9674],[135.3494,34.9677],[135.3492,34.9677],[135.3495,34.9683],[135.3514,34.9704],[135.3518,34.9709],[135.352,34.9715],[135.3518,34.9755],[135.3522,34.9768],[135.3524,34.9768],[135.353,34.9769],[135.3576,34.9785],[135.3583,34.9785],[135.359,34.9786],[135.3596,34.9788],[135.3602,34.9791],[135.362,34.9808],[135.3624,34.9812],[135.3627,34.9817],[135.3628,34.9823],[135.3628,34.9828],[135.3626,34.9834],[135.3609,34.9858],[135.3605,34.9863],[135.3581,34.9877],[135.3563,34.9898],[135.3562,34.99],[135.3566,34.9906],[135.3569,34.991],[135.3571,34.9915],[135.3572,34.992],[135.3571,34.9925],[135.357,34.993],[135.3563,34.9941],[135.3569,34.9978],[135.357,34.9982],[135.3569,34.9987],[135.3567,34.9992],[135.3565,34.9996],[135.3567,35.0001],[135.3568,35.0005],[135.3568,35.001],[135.3567,35.0015],[135.3553,35.0039],[135.3558,35.0041],[135.3564,35.0043],[135.357,35.0047],[135.3574,35.0051],[135.3577,35.0056],[135.3579,35.0061],[135.358,35.0066],[135.3574,35.009],[135.3576,35.0114],[135.3574,35.0121],[135.3577,35.0123],[135.3581,35.0127],[135.3584,35.0132],[135.359,35.0161],[135.3591,35.0166],[135.359,35.017],[135.3583,35.0185],[135.3586,35.019],[135.3587,35.0195],[135.3586,35.02],[135.3579,35.0219],[135.358,35.0245],[135.358,35.0251],[135.3577,35.0257],[135.3574,35.0262],[135.3569,35.0266],[135.3542,35.028],[135.3537,35.0281],[135.3519,35.0284],[135.3516,35.0287],[135.3512,35.029],[135.3507,35.0293],[135.3501,35.0295],[135.3495,35.0296],[135.3462,35.0294],[135.3455,35.0292],[135.3449,35.029],[135.3439,35.0283],[135.343,35.0282],[135.3423,35.0282],[135.341,35.0316],[135.3389,35.0346],[135.336,35.037],[135.3365,35.0379],[135.3384,35.0389],[135.3389,35.0392],[135.3397,35.0401],[135.342,35.0404],[135.3426,35.0405],[135.3431,35.0407],[135.3453,35.0422],[135.3469,35.0422],[135.3476,35.0422],[135.3483,35.0424],[135.3511,35.044],[135.3516,35.0444],[135.352,35.0449],[135.3532,35.048],[135.3533,35.0484],[135.3537,35.0483],[135.3563,35.0474],[135.3568,35.0473],[135.3574,35.0472],[135.358,35.0473],[135.3584,35.0468],[135.3584,35.0462],[135.3585,35.0457],[135.3588,35.0452],[135.3591,35.0448],[135.3596,35.0444],[135.3601,35.0441],[135.3628,35.0433],[135.3658,35.0417],[135.3664,35.0415],[135.367,35.0413],[135.3677,35.0413],[135.3683,35.0414],[135.3715,35.0425],[135.3726,35.0428],[135.3731,35.0431],[135.3736,35.0434],[135.374,35.0439],[135.3743,35.0443],[135.3745,35.0449],[135.3745,35.0454],[135.3744,35.0459],[135.3736,35.0475],[135.3727,35.0491],[135.3732,35.0516],[135.3733,35.052],[135.3732,35.0525],[135.3723,35.0546],[135.3739,35.0569],[135.3747,35.0574],[135.3782,35.0583],[135.3788,35.0585],[135.3794,35.0589],[135.3798,35.0593],[135.3802,35.0598],[135.3804,35.0603],[135.3804,35.0632],[135.3804,35.0637],[135.3802,35.0641],[135.3798,35.0647],[135.3807,35.0654],[135.3832,35.0661],[135.3838,35.0663],[135.3842,35.0666],[135.3846,35.0669],[135.3856,35.0683],[135.3868,35.0686],[135.3874,35.0688],[135.3879,35.0691],[135.389,35.0701],[135.3896,35.0703],[135.3913,35.07],[135.3919,35.07],[135.3925,35.07],[135.3948,35.0707],[135.3954,35.0709],[135.3959,35.0712],[135.3963,35.0715],[135.3966,35.0719],[135.3971,35.0732],[135.3999,35.0734],[135.4005,35.0735],[135.4011,35.0737],[135.4016,35.074],[135.4021,35.0744],[135.4024,35.0748],[135.4033,35.0768],[135.4034,35.0773],[135.4034,35.0778],[135.4023,35.0813],[135.4026,35.0817],[135.4029,35.0821],[135.403,35.0825],[135.4033,35.085],[135.4039,35.0856],[135.406,35.0867],[135.4065,35.087],[135.4069,35.0874],[135.4073,35.0879],[135.4075,35.0884],[135.4076,35.0889],[135.4075,35.0894],[135.4074,35.0899],[135.4071,35.0904],[135.4067,35.0908],[135.4045,35.0922],[135.4039,35.0944],[135.4037,35.0949],[135.4034,35.0953],[135.4031,35.0957],[135.4026,35.096],[135.4005,35.0969],[135.4004,35.0971],[135.4,35.0975],[135.3996,35.0978],[135.3931,35.1005],[135.3926,35.1006],[135.3914,35.1008],[135.3917,35.1021],[135.3927,35.1036],[135.393,35.1041],[135.3931,35.1046],[135.3931,35.1052],[135.393,35.1057],[135.3927,35.1062],[135.3923,35.1067],[135.3923,35.1071],[135.3948,35.1081],[135.3953,35.1084],[135.3958,35.1087],[135.3962,35.1091],[135.3964,35.1096],[135.3966,35.1101],[135.3965,35.1121],[135.3965,35.1126],[135.3962,35.1131],[135.3937,35.1161],[135.3933,35.1165],[135.3927,35.1168],[135.3921,35.117],[135.3911,35.1172],[135.3899,35.1181],[135.3898,35.1184],[135.3895,35.1198],[135.3917,35.1218],[135.3921,35.1222],[135.3924,35.1227],[135.3927,35.1241],[135.3928,35.1241],[135.3933,35.1244],[135.3937,35.1248],[135.3941,35.1252],[135.3943,35.1257],[135.3945,35.1262],[135.3945,35.1267],[135.3944,35.1272],[135.3928,35.13],[135.3924,35.1305],[135.3919,35.1309],[135.3912,35.1312],[135.3869,35.1321],[135.3863,35.1322],[135.3857,35.1321],[135.3847,35.1319],[135.3833,35.1323],[135.3825,35.1325],[135.378,35.132],[135.3779,35.1321],[135.3772,35.1323],[135.3765,35.1323],[135.3747,35.132],[135.3727,35.134],[135.3722,35.1343],[135.3717,35.1346],[135.371,35.1348],[135.3704,35.1349],[135.3697,35.1348],[135.3691,35.1347],[135.3676,35.134],[135.3643,35.1346],[135.3612,35.1348],[135.3605,35.1362],[135.3602,35.1367],[135.3598,35.1371],[135.3565,35.1389],[135.3559,35.1392],[135.3553,35.1393],[135.3547,35.1394],[135.3494,35.1386],[135.345,35.1388],[135.3443,35.1388],[135.3439,35.1386],[135.3431,35.1391],[135.3432,35.1409],[135.3431,35.1414],[135.343,35.142],[135.3423,35.1428],[135.3427,35.1431],[135.3437,35.1443],[135.3439,35.1447],[135.3441,35.1452],[135.3443,35.1496],[135.3442,35.1501],[135.344,35.1506],[135.3438,35.1511],[135.3434,35.1515],[135.3429,35.1518],[135.3424,35.1521],[135.3418,35.1523],[135.3362,35.1526],[135.334,35.1523],[135.331,35.1525],[135.3263,35.1519],[135.3258,35.1518],[135.3252,35.1516],[135.3248,35.1513],[135.3224,35.1492],[135.3206,35.149],[135.3153,35.149],[135.3146,35.1489],[135.3102,35.1472],[135.3079,35.147],[135.3029,35.1454],[135.3018,35.1454],[135.3001,35.1461],[135.2994,35.1462],[135.2987,35.1463],[135.295,35.1457],[135.2945,35.1455],[135.294,35.1453],[135.2928,35.1445],[135.2895,35.1451],[135.2887,35.1461],[135.2883,35.1465],[135.2878,35.1468],[135.2872,35.147],[135.2839,35.1475],[135.2832,35.1481],[135.2835,35.1481],[135.284,35.1483],[135.2846,35.1485],[135.2877,35.1506],[135.2882,35.151],[135.2885,35.1514],[135.2888,35.1519],[135.289,35.1532],[135.2895,35.1536],[135.2899,35.1542],[135.2909,35.1566],[135.2934,35.1578],[135.2939,35.1581],[135.2943,35.1584],[135.2946,35.1588],[135.2953,35.1605],[135.2955,35.161],[135.2955,35.1615],[135.2941,35.1655],[135.2939,35.1659],[135.2936,35.1663],[135.2934,35.1665],[135.2933,35.1711],[135.2932,35.1716],[135.2924,35.1734],[135.2921,35.1739],[135.2917,35.1743],[135.2912,35.1746],[135.2907,35.1749],[135.2901,35.175],[135.2895,35.1751],[135.2889,35.1751],[135.2851,35.1741],[135.2844,35.1744],[135.2838,35.1756],[135.2835,35.1761],[135.2831,35.1765],[135.2825,35.1768],[135.2797,35.1777],[135.2791,35.1778],[135.2785,35.1778],[135.2779,35.1777],[135.2775,35.1776],[135.2772,35.1782],[135.2769,35.1787],[135.2765,35.1791],[135.276,35.1794],[135.2754,35.1797],[135.2748,35.1799],[135.2742,35.1799],[135.268,35.1791],[135.2673,35.1789],[135.2663,35.1784],[135.2644,35.1784],[135.2639,35.1787],[135.2633,35.1789],[135.2627,35.179],[135.2621,35.1791],[135.2606,35.1789],[135.2594,35.1797],[135.2588,35.18],[135.2582,35.1802],[135.2575,35.1803],[135.2568,35.1803],[135.2538,35.1794],[135.2517,35.1804],[135.2511,35.1806],[135.2504,35.1807],[135.2497,35.1807],[135.2491,35.1806],[135.2484,35.1804],[135.2479,35.1801],[135.2476,35.1798],[135.2465,35.1799],[135.246,35.1798],[135.2437,35.1794],[135.2424,35.1796],[135.2419,35.1796],[135.2392,35.1793],[135.2391,35.1794],[135.2387,35.1797],[135.2382,35.18],[135.2376,35.1802],[135.237,35.1803],[135.2319,35.1801],[135.2313,35.1801],[135.2307,35.1799],[135.2301,35.1797],[135.2297,35.1793],[135.2293,35.1789],[135.229,35.1785],[135.2283,35.176],[135.2267,35.1737],[135.2264,35.1731],[135.2263,35.1725],[135.2264,35.1716],[135.2254,35.1688],[135.2254,35.1676],[135.2253,35.1676],[135.2248,35.1674],[135.224,35.1667],[135.2236,35.1667],[135.223,35.1666],[135.2224,35.1664],[135.2208,35.1654],[135.2173,35.165],[135.2167,35.1648],[135.2162,35.1646],[135.2148,35.165],[135.2142,35.1652],[135.2135,35.1652],[135.2128,35.1651],[135.2095,35.1638],[135.2083,35.1636],[135.2082,35.1639],[135.208,35.1644],[135.2058,35.1666],[135.2054,35.1669],[135.205,35.1672],[135.2022,35.1681],[135.2022,35.1683],[135.2022,35.1689],[135.202,35.1694],[135.2016,35.1699],[135.2012,35.1704],[135.1986,35.1716],[135.1957,35.174],[135.1952,35.1744],[135.1946,35.1746],[135.1939,35.1748],[135.1932,35.1748],[135.1909,35.1744],[135.1907,35.1744],[135.1918,35.1775],[135.1919,35.178],[135.1917,35.1805],[135.1926,35.1814],[135.193,35.1819],[135.1933,35.1823],[135.1934,35.1828],[135.1934,35.1833],[135.1925,35.1867],[135.1922,35.1872],[135.1918,35.1877],[135.1905,35.1887],[135.1902,35.1896],[135.1906,35.1897],[135.194,35.1914],[135.1945,35.1915],[135.1952,35.1912],[135.1958,35.1909],[135.1964,35.1908],[135.1993,35.1909],[135.1999,35.191],[135.2005,35.1911],[135.201,35.1914],[135.2015,35.1917],[135.2018,35.1921],[135.2032,35.1944],[135.2033,35.1949],[135.2034,35.1954],[135.2034,35.1959],[135.2033,35.1963],[135.202,35.1983],[135.2015,35.2012],[135.2001,35.204],[135.1998,35.2045],[135.1979,35.2061],[135.1973,35.2065],[135.1942,35.2074],[135.1936,35.2075],[135.1933,35.2075],[135.193,35.2078],[135.1926,35.2082],[135.1918,35.2086],[135.1913,35.2105],[135.1912,35.211],[135.1899,35.2127],[135.1895,35.2132],[135.189,35.2136],[135.1875,35.2141],[135.1848,35.2175],[135.1844,35.2179],[135.1839,35.2182],[135.1833,35.2185],[135.1827,35.2186],[135.182,35.2187],[135.1814,35.2186],[135.1786,35.2177],[135.176,35.2174],[135.1759,35.2175],[135.1748,35.2187],[135.1742,35.2209],[135.174,35.2214],[135.1737,35.2218],[135.1733,35.2222],[135.1728,35.2225],[135.1723,35.2227],[135.1694,35.2233],[135.1687,35.2234],[135.168,35.2233],[135.1664,35.2228],[135.1647,35.2228],[135.1643,35.2233],[135.1638,35.2237],[135.1614,35.2248],[135.1602,35.2257],[135.1598,35.2268],[135.1595,35.2272],[135.1594,35.2274],[135.1606,35.2275],[135.1613,35.2276],[135.1619,35.2278],[135.164,35.2292],[135.1644,35.2296],[135.1648,35.23],[135.1658,35.2332],[135.1672,35.2345],[135.1676,35.2349],[135.1679,35.2355],[135.1681,35.2367],[135.1685,35.237],[135.1689,35.2373],[135.1693,35.2377],[135.1695,35.2382],[135.1703,35.2424],[135.1703,35.2429],[135.1692,35.2471],[135.1678,35.25],[135.1675,35.2505],[135.1671,35.2509],[135.1664,35.2513],[135.1664,35.2516],[135.1664,35.2521],[135.1663,35.2525],[135.1661,35.253],[135.1644,35.2548],[135.1639,35.2586],[135.1637,35.2592],[135.1634,35.2597],[135.1596,35.2631],[135.1592,35.2634],[135.1587,35.2637],[135.1502,35.2657],[135.1485,35.2664],[135.148,35.2666],[135.1474,35.2667],[135.1468,35.2667],[135.1462,35.2666],[135.1456,35.2664],[135.1435,35.2653],[135.1424,35.2651],[135.1419,35.2652],[135.1407,35.2667],[135.1402,35.2672],[135.1397,35.2675],[135.1391,35.2678],[135.1384,35.2679],[135.1345,35.2677],[135.1339,35.2676],[135.1333,35.2674],[135.1328,35.2672],[135.1324,35.2668],[135.1309,35.265],[135.1294,35.2637],[135.1279,35.2645],[135.1273,35.2648],[135.1266,35.265],[135.1254,35.2649],[135.1251,35.2652],[135.1246,35.2655],[135.124,35.2658],[135.1234,35.2659],[135.1228,35.2659],[135.1194,35.2654],[135.1133,35.2669],[135.1116,35.2682],[135.1111,35.2686],[135.1105,35.2688],[135.1099,35.2689],[135.1093,35.269],[135.1086,35.2689],[135.108,35.2688],[135.1025,35.2657],[135.0994,35.2635],[135.0991,35.2632],[135.098,35.2618],[135.0977,35.2617],[135.0964,35.2623],[135.0958,35.2625],[135.0953,35.2627],[135.0947,35.2627],[135.093,35.2625],[135.0924,35.2624],[135.0918,35.2622],[135.0889,35.26],[135.0885,35.2596],[135.0882,35.2592],[135.088,35.2587],[135.0879,35.2574],[135.0872,35.2564],[135.0865,35.2561],[135.0848,35.2558],[135.0842,35.2557],[135.0837,35.2555],[135.0832,35.2552],[135.0828,35.2548],[135.0825,35.2544],[135.08,35.2478],[135.0793,35.2472],[135.0791,35.2472],[135.0784,35.2473],[135.0776,35.2473],[135.0733,35.2457],[135.0728,35.2454],[135.0724,35.2451],[135.072,35.2447],[135.0717,35.2443],[135.0711,35.2421],[135.0708,35.2418],[135.0692,35.2413],[135.0679,35.2426],[135.0681,35.2434],[135.0676,35.2467],[135.0675,35.2472],[135.0673,35.2477],[135.0657,35.2494],[135.0652,35.2498],[135.0644,35.2503],[135.0646,35.2511],[135.0647,35.2517],[135.0646,35.2523],[135.0644,35.2528],[135.0641,35.2533],[135.0636,35.2537],[135.0624,35.2544],[135.0613,35.2558],[135.0613,35.2569],[135.0612,35.2574],[135.061,35.2579],[135.06,35.2592],[135.0601,35.2596],[135.0602,35.2601],[135.0599,35.2622],[135.0602,35.2642],[135.0602,35.2647],[135.0601,35.2652],[135.0599,35.2657],[135.0595,35.2661],[135.0591,35.2665],[135.0586,35.2668],[135.058,35.267],[135.0548,35.2674],[135.0541,35.2674],[135.0534,35.2673],[135.0528,35.2671],[135.0522,35.2668],[135.0507,35.2653],[135.0492,35.2648],[135.0462,35.2653],[135.0438,35.2664],[135.0431,35.2666],[135.0425,35.2668],[135.0418,35.2668],[135.0411,35.2667],[135.0405,35.2664],[135.0399,35.2661],[135.0382,35.2643],[135.038,35.2645],[135.0375,35.2648],[135.028,35.268],[135.0275,35.2681],[135.0269,35.2682],[135.0261,35.2681],[135.0257,35.2684],[135.0252,35.2687],[135.0246,35.269],[135.023,35.2692],[135.0217,35.2699],[135.0211,35.2707],[135.0206,35.2712],[135.0201,35.2715],[135.0195,35.2718],[135.0188,35.2719],[135.0181,35.272],[135.0154,35.2714],[135.0132,35.2719],[135.0135,35.2728],[135.0149,35.2749],[135.0151,35.2754],[135.0153,35.276],[135.0148,35.2792],[135.0149,35.2794],[135.0151,35.2799],[135.0152,35.2804],[135.0152,35.2809],[135.0151,35.2813],[135.0127,35.285],[135.0124,35.2853],[135.0096,35.2876],[135.0091,35.2879],[135.0085,35.2881],[135.0079,35.2882],[135.0052,35.2883],[135.0025,35.29],[135.0026,35.2906],[135.0026,35.2912],[135.0024,35.2917],[135.0022,35.2922],[135.0018,35.2926],[135.0013,35.293],[135.0008,35.2932],[135.0002,35.2934],[134.9995,35.2935],[134.9989,35.2935],[134.9983,35.2934],[134.9956,35.2922],[134.9941,35.292],[134.9941,35.2921],[134.9881,35.2949],[134.9874,35.2952],[134.9841,35.2954],[134.9815,35.2966],[134.9772,35.2977],[134.9696,35.2985],[134.969,35.2994],[134.9686,35.2997],[134.9682,35.3001],[134.9677,35.3003],[134.9672,35.3005],[134.9635,35.3008],[134.9609,35.3007],[134.9582,35.3021],[134.9564,35.3026],[134.9554,35.3037],[134.955,35.3041],[134.9522,35.3056],[134.9517,35.3058],[134.9498,35.3062],[134.9492,35.3079],[134.9489,35.3084],[134.9486,35.3088],[134.9481,35.3092],[134.9445,35.3109],[134.9416,35.3114],[134.9409,35.3114],[134.9403,35.3114],[134.937,35.3103],[134.9353,35.3104],[134.9307,35.3128],[134.9268,35.3139],[134.9248,35.3161],[134.9247,35.3167],[134.9268,35.3192],[134.9271,35.3192],[134.9277,35.3195],[134.9282,35.3198],[134.9287,35.3203],[134.929,35.3208],[134.9292,35.3213],[134.929,35.325],[134.929,35.3254],[134.9288,35.3258],[134.9296,35.3266],[134.9299,35.3269],[134.9311,35.3292],[134.9313,35.3298],[134.9314,35.3303],[134.9298,35.3358],[134.9285,35.3379],[134.9282,35.3383],[134.9277,35.3387],[134.9272,35.339],[134.9225,35.3404],[134.9208,35.3414],[134.9213,35.3437],[134.9213,35.3442],[134.9212,35.3445],[134.9214,35.3446],[134.9217,35.3451],[134.922,35.3456],[134.9221,35.349],[134.9224,35.3492],[134.9248,35.3504],[134.9254,35.3507],[134.9258,35.3512],[134.9262,35.3517],[134.9267,35.3538],[134.9268,35.3543],[134.9267,35.3548],[134.9256,35.357],[134.924,35.3617],[134.9226,35.3643],[134.9234,35.3655],[134.9236,35.3659],[134.9238,35.3664],[134.9238,35.3676],[134.9265,35.3714],[134.9277,35.3741],[134.9294,35.3757],[134.9297,35.3762],[134.93,35.3767],[134.9305,35.3812],[134.9305,35.3817],[134.9303,35.3822],[134.9297,35.3833],[134.9298,35.3856],[134.9298,35.3862],[134.9296,35.3867],[134.9293,35.3872],[134.9282,35.3882],[134.9264,35.3914],[134.9268,35.3915],[134.9273,35.3917],[134.9278,35.392],[134.9282,35.3924],[134.9303,35.3959],[134.9305,35.3963],[134.9307,35.3975],[134.931,35.3976],[134.9316,35.3979],[134.9338,35.3994],[134.9343,35.3999],[134.9346,35.4004],[134.9348,35.4009],[134.9348,35.4032],[134.9352,35.4044],[134.936,35.405],[134.9384,35.4055],[134.939,35.4057],[134.9395,35.406],[134.9419,35.4082],[134.9437,35.409],[134.9448,35.4091],[134.9454,35.4092],[134.9459,35.4094],[134.9464,35.4096],[134.9467,35.4099],[134.9473,35.4095],[134.9474,35.4093],[134.9478,35.4088],[134.9483,35.4084],[134.9534,35.4061],[134.9539,35.4059],[134.9544,35.4058],[134.955,35.4058],[134.9583,35.4063],[134.9609,35.4049],[134.9611,35.4047],[134.962,35.4026],[134.9622,35.4021],[134.9625,35.4018],[134.9687,35.397],[134.9692,35.3967],[134.9697,35.3964],[134.9703,35.3963],[134.9741,35.3963],[134.9747,35.396],[134.9752,35.3958],[134.9758,35.3957],[134.9799,35.3957],[134.9829,35.3943],[134.983,35.394],[134.9833,35.3935],[134.9838,35.3931],[134.9847,35.3926],[134.9842,35.3919],[134.9839,35.3913],[134.9838,35.3889],[134.9838,35.3884],[134.984,35.3879],[134.9842,35.3875],[134.9881,35.3839],[134.9886,35.3835],[134.9892,35.3832],[134.9899,35.3831],[134.9906,35.383],[134.9977,35.3843],[134.9995,35.384],[135.0002,35.384],[135.0028,35.3844],[135.0034,35.3846],[135.0065,35.3866],[135.0069,35.3869],[135.0073,35.3873],[135.0077,35.3881],[135.0086,35.3882],[135.0092,35.3883],[135.0097,35.3884],[135.0109,35.389],[135.0118,35.389],[135.0124,35.3891],[135.013,35.3892],[135.0136,35.3894],[135.0141,35.3897],[135.0145,35.3901],[135.015,35.3909],[135.0153,35.3907],[135.0159,35.3906],[135.0165,35.3905],[135.0171,35.3905],[135.0177,35.3905],[135.0207,35.3917],[135.0212,35.3919],[135.0216,35.3923],[135.0243,35.3954],[135.0263,35.3993],[135.0278,35.4002],[135.0282,35.4005],[135.0303,35.4027],[135.0315,35.4033],[135.032,35.4036],[135.0324,35.404],[135.0327,35.4044],[135.0329,35.4049],[135.033,35.4053],[135.0328,35.4072],[135.0357,35.407],[135.0376,35.407],[135.0389,35.4064],[135.0396,35.4062],[135.0432,35.406],[135.0445,35.405],[135.045,35.4048],[135.0455,35.4046],[135.0461,35.4044],[135.0467,35.4044],[135.0493,35.4047],[135.05,35.4049],[135.0505,35.4051],[135.0511,35.4054],[135.0515,35.4059],[135.0529,35.4086],[135.0531,35.4091],[135.0531,35.4096],[135.053,35.4102],[135.0525,35.4113],[135.0532,35.4124],[135.0535,35.413],[135.0536,35.4136],[135.0531,35.4157],[135.0534,35.4163],[135.0535,35.4169],[135.0527,35.4208],[135.0526,35.4212],[135.0505,35.4243],[135.0508,35.4252],[135.0509,35.4258],[135.0509,35.4263],[135.0506,35.4272],[135.0507,35.4274],[135.0509,35.428],[135.051,35.4285],[135.051,35.4291],[135.0508,35.4297],[135.0514,35.4306],[135.0517,35.431],[135.0518,35.4315],[135.0519,35.432],[135.0514,35.4349],[135.0527,35.4379],[135.0529,35.4386],[135.0528,35.4393],[135.0543,35.4408],[135.0547,35.4412],[135.055,35.4417],[135.0551,35.4422],[135.0551,35.4428],[135.0537,35.4464],[135.054,35.4476],[135.054,35.4482],[135.053,35.4514],[135.0528,35.4519],[135.0525,35.4523],[135.0506,35.4539],[135.0504,35.4545],[135.0501,35.455],[135.0486,35.4563],[135.0482,35.4599],[135.0481,35.4603],[135.0474,35.4617],[135.0474,35.4618],[135.0477,35.4623],[135.0477,35.4629],[135.047,35.4665],[135.0468,35.467],[135.0464,35.4676],[135.0447,35.4689],[135.0443,35.4701],[135.0443,35.4733],[135.0443,35.4738],[135.0441,35.4742],[135.0439,35.4747],[135.042,35.4765],[135.0416,35.4769],[135.0411,35.4771],[135.0388,35.4777],[135.0396,35.4779],[135.0402,35.4781],[135.0424,35.4797],[135.0428,35.4801],[135.0432,35.4806],[135.0454,35.4885],[135.0455,35.489],[135.0453,35.4904],[135.0457,35.4911],[135.0459,35.4915],[135.046,35.492],[135.046,35.4925],[135.0454,35.4947],[135.0452,35.4952],[135.0448,35.4957],[135.0444,35.4961],[135.0419,35.4973],[135.0415,35.4975],[135.0379,35.4981],[135.0398,35.4993],[135.0402,35.4997],[135.0406,35.5001],[135.0409,35.5005],[135.0409,35.5006],[135.0427,35.5013],[135.0433,35.5016],[135.0438,35.502],[135.0451,35.5039],[135.0462,35.5047],[135.0466,35.5051],[135.0481,35.5075],[135.0483,35.508],[135.0485,35.5085],[135.0485,35.509],[135.0483,35.5094],[135.0481,35.5099],[135.0478,35.5103],[135.0464,35.5114],[135.0467,35.5121],[135.0468,35.5126],[135.0469,35.5131],[135.0463,35.5155],[135.0468,35.517],[135.0469,35.5174],[135.0469,35.5179],[135.0462,35.5206],[135.046,35.5211],[135.0457,35.5216],[135.0442,35.5228],[135.0442,35.5241],[135.0441,35.5246],[135.0439,35.5251],[135.0437,35.5256],[135.0433,35.5259],[135.0433,35.526],[135.0433,35.5262],[135.0426,35.5291],[135.0424,35.5296],[135.042,35.5301],[135.0416,35.5305],[135.0411,35.5308],[135.0399,35.5312],[135.0395,35.5316],[135.0395,35.5336],[135.0403,35.5367],[135.0404,35.5371],[135.0402,35.5388],[135.0401,35.5394],[135.0398,35.5399],[135.0379,35.5417],[135.0374,35.542],[135.0369,35.5423],[135.0362,35.5424],[135.0356,35.5425],[135.0325,35.5421],[135.0322,35.5423],[135.0317,35.5426],[135.031,35.5428],[135.0304,35.5429],[135.0268,35.5427],[135.0261,35.5426],[135.0234,35.5413],[135.0221,35.5413],[135.0166,35.5406],[135.0129,35.5394],[135.0123,35.5391],[135.0118,35.5387],[135.0111,35.538],[135.0092,35.5375],[135.0088,35.5374],[135.0082,35.5371],[135.0073,35.5377],[135.0068,35.538],[135.0062,35.5382],[135.0056,35.5383],[135.005,35.5383],[135.0044,35.5382],[135.0013,35.5372],[134.998,35.5378],[134.9974,35.5379],[134.9968,35.5379],[134.9962,35.5378],[134.9944,35.537],[134.9933,35.537],[134.9926,35.5369],[134.992,35.5367],[134.9914,35.5364],[134.9909,35.536],[134.9898,35.5346],[134.9877,35.5339],[134.9872,35.5337],[134.9867,35.5334],[134.9863,35.533],[134.986,35.5326],[134.9858,35.5323],[134.9851,35.5323],[134.9843,35.5322],[134.9806,35.5309],[134.98,35.5306],[134.9795,35.5302],[134.9791,35.5298],[134.978,35.527],[134.9749,35.5277],[134.9743,35.5277],[134.9737,35.5277],[134.9731,35.5276],[134.9702,35.5265],[134.9696,35.5262],[134.9692,35.5259],[134.9688,35.5255],[134.9685,35.5249],[134.9672,35.5244],[134.9667,35.5242],[134.9662,35.5239],[134.9649,35.5226],[134.9641,35.5223],[134.9635,35.5221],[134.9631,35.5218],[134.9626,35.5214],[134.9623,35.521],[134.9606,35.5162],[134.96,35.5159],[134.9598,35.5161],[134.9595,35.5165],[134.9572,35.5181],[134.9566,35.5184],[134.956,35.5186],[134.9554,35.5187],[134.9548,35.5188],[134.9519,35.5182],[134.9512,35.518],[134.9507,35.5177],[134.9503,35.5174],[134.9475,35.5176],[134.9442,35.517],[134.9436,35.5168],[134.9434,35.5167],[134.9433,35.5167],[134.9427,35.5168],[134.9421,35.5169],[134.9415,35.5169],[134.9364,35.5153],[134.9347,35.5158],[134.934,35.5159],[134.9333,35.5159],[134.9327,35.5158],[134.9298,35.5146],[134.9266,35.5174],[134.9265,35.5218],[134.9264,35.5223],[134.9261,35.5228],[134.9246,35.5246],[134.9241,35.525],[134.9235,35.5254],[134.9219,35.5258],[134.9209,35.5269],[134.9198,35.5278],[134.921,35.5295],[134.9212,35.53],[134.9215,35.5325],[134.9215,35.533],[134.921,35.5344],[134.9223,35.5371],[134.9225,35.5376],[134.9226,35.538],[134.9223,35.5399],[134.9222,35.5404],[134.9219,35.5408],[134.9195,35.5432],[134.919,35.5436],[134.9183,35.5439],[134.9181,35.544],[134.9181,35.545],[134.9181,35.5455],[134.9179,35.546],[134.9176,35.5464],[134.9172,35.5468],[134.9167,35.5471],[134.9119,35.549],[134.9113,35.5492],[134.9099,35.5493],[134.9097,35.5495],[134.9093,35.55],[134.9087,35.5504],[134.9062,35.5513],[134.9061,35.5522],[134.906,35.5527],[134.9045,35.5551],[134.9041,35.5566],[134.9039,35.5571],[134.9036,35.5576],[134.9031,35.5581],[134.8981,35.5604],[134.894,35.5619],[134.8927,35.5631],[134.8921,35.5635],[134.8915,35.5637],[134.8909,35.5639],[134.8902,35.564],[134.8895,35.5639],[134.8888,35.5637],[134.8879,35.5632],[134.8868,35.564],[134.8865,35.5643],[134.8861,35.5648],[134.8856,35.5653],[134.884,35.5659],[134.8842,35.5663],[134.8845,35.5669],[134.8845,35.5674],[134.8844,35.568],[134.8828,35.571],[134.8823,35.5715],[134.8809,35.5725],[134.8785,35.5754],[134.8781,35.5759],[134.8755,35.5773],[134.8747,35.578],[134.8742,35.5784],[134.8737,35.5787],[134.8731,35.5789],[134.8724,35.579],[134.8723,35.579],[134.872,35.5805],[134.8718,35.581],[134.8716,35.5814],[134.8712,35.5819],[134.8707,35.5822],[134.8683,35.5832],[134.8674,35.5844],[134.8673,35.5846],[134.867,35.585],[134.8664,35.5856],[134.866,35.5859],[134.866,35.5867],[134.866,35.5872],[134.8659,35.5877],[134.8656,35.5882],[134.8653,35.5886],[134.8648,35.589],[134.8643,35.5893],[134.8637,35.5895],[134.8631,35.5896],[134.861,35.5895],[134.8605,35.5896],[134.8597,35.5897],[134.8585,35.5895],[134.8584,35.5895],[134.859,35.5902],[134.8593,35.5906],[134.8596,35.5911],[134.8596,35.5912],[134.8602,35.5914],[134.8609,35.5918],[134.8613,35.5919],[134.862,35.5922],[134.8635,35.5934],[134.8639,35.5938],[134.8641,35.5943],[134.8646,35.5943],[134.8653,35.5946],[134.8664,35.5953],[134.8674,35.5965],[134.8678,35.5971],[134.8679,35.5974],[134.8684,35.598],[134.8687,35.5985],[134.8689,35.6002],[134.8692,35.6012],[134.8693,35.6016],[134.8693,35.6026],[134.8695,35.603],[134.8699,35.604],[134.87,35.6044],[134.8701,35.6048],[134.8698,35.6063],[134.8698,35.6064],[134.8699,35.6065],[134.87,35.6066],[134.8701,35.6068],[134.8701,35.6069],[134.8702,35.607],[134.8705,35.6074],[134.8706,35.6077],[134.8707,35.6079],[134.8707,35.608],[134.8707,35.6084],[134.8707,35.6087],[134.8707,35.6095],[134.8705,35.6103],[134.8705,35.6108],[134.8702,35.6121],[134.8707,35.6122],[134.8724,35.6128],[134.873,35.6131],[134.8734,35.6134],[134.8741,35.6142],[134.8745,35.6146],[134.875,35.6155],[134.8753,35.6162],[134.8754,35.6169],[134.8758,35.618],[134.8762,35.6188],[134.8766,35.6192],[134.8769,35.6199],[134.8771,35.6203],[134.8772,35.6208],[134.8772,35.6213],[134.8771,35.6217],[134.8766,35.6227],[134.8765,35.6231],[134.8763,35.6235],[134.8763,35.6236],[134.8763,35.6239],[134.8761,35.6248],[134.8759,35.6253],[134.8755,35.6258],[134.8753,35.626],[134.8753,35.6267],[134.8752,35.6272],[134.8745,35.6284],[134.8744,35.6288],[134.8742,35.6304],[134.8739,35.6312],[134.8738,35.6314],[134.8738,35.6315],[134.8742,35.6329],[134.8746,35.636],[134.8746,35.6365],[134.8745,35.637],[134.8743,35.6375],[134.874,35.6379],[134.8736,35.6383],[134.8731,35.6386],[134.8715,35.6391],[134.8707,35.6393],[134.8694,35.6392],[134.8695,35.6393],[134.8701,35.6403],[134.8703,35.6409],[134.8704,35.6419],[134.8699,35.6444],[134.8698,35.6449],[134.8696,35.6453],[134.8695,35.6455],[134.8696,35.6456],[134.8701,35.6463],[134.871,35.649],[134.871,35.6496],[134.8709,35.6502],[134.8707,35.6507],[134.8702,35.6514],[134.8698,35.6519],[134.8695,35.652],[134.869,35.6524],[134.8689,35.6525],[134.869,35.6526],[134.8692,35.6537],[134.87,35.6544],[134.8704,35.655],[134.8708,35.6563],[134.8709,35.6575],[134.8708,35.6582],[134.8708,35.6583],[134.8707,35.6589],[134.8705,35.6594],[134.8701,35.6599],[134.8688,35.6609],[134.8682,35.6611],[134.8678,35.6613],[134.8676,35.6613],[134.8669,35.6614],[134.8625,35.6609],[134.8621,35.6613],[134.8615,35.6616],[134.8608,35.6619],[134.8575,35.6622],[134.8568,35.6622],[134.8562,35.6621],[134.8555,35.6618],[134.8552,35.6616],[134.8551,35.6617],[134.8546,35.662],[134.854,35.6621],[134.8533,35.6622],[134.8527,35.6622],[134.852,35.6621],[134.8514,35.6619],[134.8509,35.6616],[134.8505,35.6612],[134.8501,35.6607],[134.8493,35.6584],[134.8485,35.6577],[134.8481,35.6574],[134.8453,35.6529],[134.8431,35.6512],[134.8427,35.6508],[134.8408,35.6472],[134.8406,35.6467],[134.8405,35.6462],[134.8406,35.6457],[134.8398,35.6463],[134.8384,35.6485],[134.8394,35.6492],[134.8399,35.6495],[134.8402,35.6499],[134.8424,35.6548],[134.8425,35.6553],[134.8426,35.6558],[134.8425,35.6563],[134.8423,35.6568],[134.842,35.6572],[134.8416,35.6576],[134.8411,35.6579],[134.8406,35.6582],[134.84,35.6583],[134.8389,35.6584],[134.8385,35.6587],[134.8379,35.659],[134.8373,35.6592],[134.8367,35.6594],[134.836,35.6594],[134.8312,35.6583],[134.8278,35.6582],[134.8273,35.6587],[134.8268,35.6591],[134.8263,35.6594],[134.8256,35.6596],[134.8254,35.6597],[134.8242,35.6611],[134.8238,35.6615],[134.8234,35.6618],[134.8207,35.6628],[134.8202,35.663],[134.8196,35.6631],[134.8184,35.663],[134.8175,35.6647],[134.8172,35.6651],[134.8168,35.6655],[134.8163,35.6659],[134.8157,35.6661],[134.8151,35.6663],[134.8145,35.6663],[134.8121,35.666],[134.8119,35.6663],[134.8115,35.6667],[134.8111,35.6671],[134.8106,35.6674],[134.81,35.6676],[134.8094,35.6677],[134.8087,35.6677],[134.8053,35.6669],[134.8029,35.6685],[134.8024,35.6688],[134.8023,35.6688],[134.8025,35.6691],[134.8027,35.6696],[134.8027,35.6701],[134.8027,35.6706],[134.8025,35.6711],[134.8022,35.6716],[134.8018,35.672],[134.8014,35.6724],[134.8008,35.6726],[134.8002,35.6728],[134.7995,35.6729],[134.7949,35.6723],[134.7943,35.6722],[134.7937,35.6719],[134.7932,35.6716],[134.7928,35.6713],[134.7918,35.6697],[134.7907,35.67],[134.79,35.6701],[134.7893,35.6701],[134.786,35.6692],[134.7848,35.6693],[134.7842,35.6693],[134.7836,35.6693],[134.7831,35.6691],[134.7825,35.6689],[134.7821,35.6686],[134.78,35.6663],[134.7797,35.6658],[134.7795,35.6654],[134.7794,35.6649],[134.7794,35.6646],[134.7782,35.6643],[134.7781,35.6644],[134.7775,35.6645],[134.7769,35.6646],[134.7762,35.6645],[134.7756,35.6644],[134.7731,35.6631],[134.7725,35.6628],[134.7724,35.6626],[134.7722,35.6626],[134.7715,35.6625],[134.7707,35.6621],[134.7702,35.6624],[134.7666,35.6632],[134.7655,35.6639],[134.7648,35.6646],[134.7656,35.6665],[134.767,35.6677],[134.7674,35.6682],[134.7677,35.6687],[134.7678,35.6693],[134.7674,35.6716],[134.7682,35.6735],[134.7683,35.674],[134.7683,35.6745],[134.7682,35.675],[134.768,35.6754],[134.7677,35.6759],[134.7673,35.6763],[134.7668,35.6766],[134.7651,35.6772],[134.7644,35.6774],[134.7637,35.6774],[134.763,35.6773],[134.7623,35.6771],[134.7602,35.6759],[134.7597,35.6755],[134.7593,35.675],[134.758,35.6714],[134.7579,35.6709],[134.7579,35.6704],[134.758,35.67],[134.7581,35.6698],[134.7558,35.6667],[134.7555,35.6662],[134.7554,35.6657],[134.7554,35.6656],[134.7551,35.6659],[134.7545,35.6662],[134.7539,35.6664],[134.7532,35.6666],[134.7526,35.6666],[134.7519,35.6665],[134.7502,35.6658],[134.7499,35.6657],[134.749,35.6673],[134.7486,35.6678],[134.7481,35.6682],[134.7476,35.6685],[134.747,35.6687],[134.7463,35.6688],[134.7456,35.6688],[134.745,35.6687],[134.7419,35.6674],[134.7414,35.6671],[134.7409,35.6667],[134.7406,35.6662],[134.7403,35.6657],[134.7401,35.664],[134.7402,35.6634],[134.7403,35.6628],[134.741,35.662],[134.74,35.6619],[134.7378,35.6625],[134.7371,35.6626],[134.7364,35.6626],[134.7357,35.6625],[134.7354,35.6623],[134.7352,35.6628],[134.735,35.6634],[134.7346,35.6638],[134.7341,35.6642],[134.7336,35.6645],[134.7329,35.6647],[134.7311,35.6649],[134.731,35.665],[134.7309,35.6656],[134.7306,35.6661],[134.7274,35.6689],[134.7269,35.6692],[134.7263,35.6695],[134.7256,35.6696],[134.725,35.6697],[134.7243,35.6696],[134.7237,35.6695],[134.7234,35.6694],[134.723,35.6696],[134.7225,35.6697],[134.7219,35.6698],[134.7213,35.6698],[134.7207,35.6697],[134.7183,35.6688],[134.7178,35.6685],[134.7174,35.6682],[134.7169,35.6683],[134.7162,35.6683],[134.7138,35.6676],[134.7127,35.668],[134.712,35.6681],[134.7113,35.6682],[134.7089,35.6677],[134.7083,35.6675],[134.7078,35.6673],[134.7059,35.6658],[134.7055,35.6654],[134.7052,35.665],[134.705,35.6645],[134.7049,35.664],[134.7059,35.658],[134.7054,35.6568],[134.7054,35.6569],[134.7049,35.6574],[134.7044,35.6577],[134.7038,35.658],[134.7032,35.6581],[134.7025,35.6582],[134.6976,35.6574],[134.6967,35.657],[134.6964,35.6572],[134.6956,35.6582],[134.6969,35.6587],[134.6975,35.6591],[134.699,35.661],[134.6993,35.6615],[134.6995,35.662],[134.6995,35.6625],[134.6995,35.663],[134.6993,35.6635],[134.699,35.6639],[134.6986,35.6643],[134.6982,35.6646],[134.6975,35.665],[134.6973,35.6656],[134.6972,35.6661],[134.6969,35.6665],[134.6965,35.6669],[134.696,35.6673],[134.6954,35.6675],[134.6948,35.6677],[134.6942,35.6677],[134.6906,35.6673],[134.6903,35.6675],[134.6897,35.6678],[134.6891,35.668],[134.6885,35.6681],[134.6878,35.6681],[134.6871,35.668],[134.6865,35.6678],[134.686,35.6674],[134.6855,35.667],[134.6852,35.6666],[134.6839,35.6621],[134.684,35.6599],[134.6838,35.6599],[134.6833,35.6601],[134.6827,35.6603],[134.682,35.6603],[134.6814,35.6602],[134.6797,35.6597],[134.6793,35.6595],[134.6792,35.6605],[134.679,35.6611],[134.6787,35.6616],[134.6783,35.662],[134.6774,35.6625],[134.6775,35.663],[134.6775,35.6636],[134.6774,35.6641],[134.6772,35.6646],[134.6768,35.6651],[134.6763,35.6655],[134.6744,35.6663],[134.6738,35.6665],[134.6732,35.6666],[134.6725,35.6666],[134.6719,35.6665],[134.6713,35.6663],[134.6695,35.6651],[134.6692,35.6661],[134.669,35.6666],[134.6686,35.6671],[134.6662,35.6688],[134.6656,35.6692],[134.665,35.6694],[134.6643,35.6695],[134.6636,35.6695],[134.6629,35.6693],[134.6601,35.668],[134.6597,35.6681],[134.6591,35.6683],[134.6584,35.6683],[134.6578,35.6682],[134.6528,35.6664],[134.6522,35.6662],[134.6517,35.6658],[134.6513,35.6654],[134.651,35.6649],[134.6501,35.6644],[134.6476,35.6637],[134.6471,35.6635],[134.6449,35.6621],[134.6445,35.6617],[134.6441,35.6612],[134.6439,35.6607],[134.6438,35.6596],[134.6424,35.6583],[134.6419,35.6578],[134.6416,35.6573],[134.6415,35.6567],[134.6417,35.655],[134.641,35.6543],[134.6407,35.6543],[134.6401,35.6544],[134.6394,35.6544],[134.6388,35.6542],[134.6365,35.6531],[134.6361,35.6529],[134.6355,35.6534],[134.6349,35.6537],[134.6343,35.6539],[134.6337,35.654],[134.6331,35.654],[134.6325,35.6539],[134.6289,35.6525],[134.6273,35.6524],[134.6267,35.6524],[134.6261,35.6522],[134.6255,35.652],[134.6251,35.6516],[134.6247,35.6513],[134.6244,35.6508],[134.6242,35.6503],[134.6241,35.6485],[134.6241,35.648],[134.6243,35.6475],[134.6245,35.6471],[134.6261,35.6456],[134.6265,35.6452],[134.6269,35.645],[134.6266,35.6439],[134.624,35.643],[134.6212,35.6423],[134.6178,35.6425],[134.6172,35.6425],[134.617,35.6424],[134.6165,35.6435],[134.6167,35.6437],[134.617,35.6442],[134.6171,35.6448],[134.6167,35.6489],[134.6166,35.6495],[134.6163,35.65],[134.6159,35.6505],[134.6154,35.6508],[134.6148,35.6511],[134.6142,35.6513],[134.6135,35.6514],[134.6132,35.6513],[134.6132,35.6514],[134.6128,35.6518],[134.6123,35.6522],[134.6117,35.6525],[134.6111,35.6526],[134.6109,35.6526],[134.611,35.6528],[134.6111,35.6534],[134.611,35.6539],[134.6101,35.6563],[134.6098,35.6567],[134.6095,35.6572],[134.609,35.6575],[134.6084,35.6578],[134.6079,35.658],[134.6047,35.6582],[134.6034,35.6597],[134.6029,35.66],[134.6025,35.6603],[134.6019,35.6606],[134.6013,35.6607],[134.6007,35.6607],[134.5952,35.6599],[134.5946,35.6598],[134.594,35.6596],[134.5936,35.6593],[134.5931,35.6589],[134.5928,35.6585],[134.5927,35.6582],[134.5922,35.658],[134.5919,35.658],[134.5909,35.6587],[134.5904,35.6602],[134.5902,35.6607],[134.5898,35.6612],[134.5893,35.6616],[134.5888,35.6619],[134.5881,35.6621],[134.5875,35.6622],[134.5868,35.6622],[134.5851,35.6618],[134.5793,35.6628],[134.5787,35.6629],[134.5781,35.6628],[134.5776,35.6627],[134.577,35.6625],[134.5741,35.6607],[134.5736,35.6603],[134.5733,35.6599],[134.573,35.6595],[134.5729,35.6591],[134.5727,35.6592],[134.5721,35.6595],[134.5714,35.6596],[134.5708,35.6597],[134.5701,35.6596],[134.5661,35.6581],[134.5633,35.658],[134.5627,35.658],[134.5621,35.6578],[134.5615,35.6576],[134.561,35.6572],[134.5606,35.6568],[134.5603,35.6564],[134.5602,35.656],[134.5599,35.6566],[134.5596,35.6571],[134.5592,35.6575],[134.5563,35.6591],[134.555,35.6604],[134.5546,35.6607],[134.554,35.661],[134.5535,35.6612],[134.5528,35.6613],[134.5523,35.6613],[134.552,35.6622],[134.5489,35.6667],[134.5485,35.6672],[134.548,35.6676],[134.547,35.668],[134.5467,35.6686],[134.5464,35.669],[134.5461,35.6693],[134.5409,35.6724],[134.5403,35.6727],[134.5397,35.6728],[134.539,35.6729],[134.5383,35.6728],[134.5377,35.6727],[134.5336,35.6705],[134.5331,35.6701],[134.5327,35.6698],[134.5323,35.6691],[134.5313,35.6687],[134.5311,35.669],[134.5306,35.6694],[134.5301,35.6697],[134.5294,35.6699],[134.5288,35.67],[134.5281,35.67],[134.5274,35.6699],[134.5259,35.6692],[134.5241,35.6696],[134.5234,35.6697],[134.5227,35.6696],[134.5221,35.6695],[134.5215,35.6693],[134.521,35.669],[134.5205,35.6686],[134.5202,35.6681],[134.5201,35.6677],[134.52,35.6678],[134.5195,35.6682],[134.519,35.6685],[134.5184,35.6688],[134.5177,35.6689],[134.5171,35.6689],[134.5164,35.6688],[134.5158,35.6686],[134.5152,35.6683],[134.5147,35.6679],[134.5144,35.6675],[134.5141,35.667],[134.5139,35.6651],[134.5139,35.6645],[134.5143,35.6636],[134.5142,35.6635],[134.5136,35.6633],[134.5132,35.6629],[134.5128,35.6625],[134.5124,35.6615],[134.5109,35.6624],[134.5102,35.6628],[134.5095,35.6629],[134.5084,35.663],[134.5076,35.6635],[134.507,35.6638],[134.5064,35.664],[134.5057,35.6641],[134.5051,35.664],[134.5044,35.6639],[134.5038,35.6637],[134.5012,35.6618],[134.5008,35.6614],[134.5005,35.6609],[134.5003,35.6605],[134.4974,35.6597],[134.4967,35.6594],[134.4962,35.6591],[134.4957,35.6586],[134.4956,35.6585],[134.4951,35.6584],[134.4945,35.6582],[134.4939,35.658],[134.4934,35.6576],[134.493,35.6572],[134.4928,35.6572],[134.4922,35.6571],[134.4883,35.6554],[134.4878,35.6551],[134.4874,35.6548],[134.4866,35.6538],[134.4848,35.6529],[134.4817,35.6504],[134.4788,35.649],[134.4783,35.6487],[134.4779,35.6483],[134.4775,35.6479],[134.4768,35.6461],[134.4749,35.6439],[134.4746,35.6435],[134.4745,35.6434],[134.4744,35.6434],[134.4738,35.6432],[134.4727,35.6425],[134.4723,35.6429],[134.4718,35.6432],[134.4713,35.6435],[134.4707,35.6436],[134.47,35.6437],[134.4694,35.6436],[134.4688,35.6435],[134.4682,35.6433],[134.4673,35.6426],[134.4667,35.6427],[134.466,35.6428],[134.4654,35.6427],[134.4648,35.6425],[134.4644,35.6423],[134.4642,35.6424],[134.4636,35.6426],[134.4629,35.6427],[134.4622,35.6426],[134.4616,35.6425],[134.4587,35.6411],[134.4582,35.6408],[134.4578,35.6403],[134.4574,35.6399],[134.4572,35.6394],[134.4572,35.6388],[134.4572,35.6383],[134.4575,35.6376],[134.4574,35.6376],[134.4568,35.6377],[134.4561,35.6377],[134.4555,35.6375],[134.4549,35.6373],[134.4544,35.6369],[134.4504,35.6322],[134.4501,35.6318],[134.45,35.6315],[134.4496,35.6315],[134.447,35.6318],[134.4464,35.6318],[134.4457,35.6317],[134.4451,35.6315],[134.4447,35.6313],[134.4447,35.6317],[134.4428,35.6367],[134.4426,35.6371],[134.4422,35.6376],[134.4417,35.638],[134.4412,35.6382],[134.4406,35.6384],[134.44,35.6385],[134.4383,35.6385],[134.4377,35.6384],[134.4372,35.6382],[134.4367,35.6379],[134.4362,35.6376],[134.4358,35.6372],[134.4353,35.636],[134.435,35.636],[134.4344,35.636],[134.4338,35.6359],[134.4332,35.6357],[134.4316,35.6346],[134.4311,35.6342],[134.429,35.631],[134.4288,35.6306],[134.4287,35.6301],[134.4287,35.6296],[134.4287,35.6292],[134.4299,35.627],[134.4298,35.6262],[134.4298,35.6258],[134.4297,35.6259],[134.4291,35.6261],[134.4285,35.6263],[134.4279,35.6263],[134.4273,35.6263],[134.4267,35.6262],[134.4262,35.626],[134.4255,35.6255],[134.4252,35.6258],[134.4247,35.6261],[134.4216,35.6269],[134.4209,35.627],[134.4201,35.627],[134.4162,35.6258],[134.4156,35.6256],[134.4151,35.6252],[134.4147,35.6248],[134.4137,35.6232],[134.4135,35.6226],[134.4134,35.6221],[134.4135,35.6219],[134.4129,35.6222],[134.4123,35.6225],[134.4117,35.6226],[134.411,35.6226],[134.4104,35.6225],[134.4098,35.6223],[134.4092,35.622],[134.4088,35.6216],[134.4078,35.6203],[134.4067,35.6202],[134.4061,35.6201],[134.4055,35.6199],[134.405,35.6197],[134.4045,35.6193],[134.4043,35.619],[134.4035,35.6192],[134.4029,35.6193],[134.4023,35.6193],[134.4019,35.6193],[134.4016,35.6196],[134.4012,35.62],[134.397,35.622],[134.3964,35.6223],[134.3958,35.6224],[134.3926,35.6223],[134.3919,35.6222],[134.3869,35.6202],[134.3864,35.6199],[134.386,35.6196],[134.3856,35.6192],[134.3854,35.6188],[134.3846,35.6161],[134.3825,35.6158],[134.3821,35.6158],[134.3794,35.6165],[134.3787,35.6166],[134.378,35.6166],[134.3773,35.6165],[134.3761,35.6159],[134.3737,35.6171],[134.3732,35.6174],[134.3726,35.6175],[134.372,35.6176],[134.3713,35.6175],[134.3707,35.6174],[134.3702,35.6171],[134.3697,35.6168],[134.368,35.6151],[134.3677,35.6147],[134.3675,35.6142],[134.3672,35.6108],[134.3672,35.6102],[134.3685,35.6075],[134.3688,35.607],[134.3693,35.6066],[134.3698,35.6063],[134.3704,35.606],[134.3733,35.6057],[134.3776,35.6021],[134.378,35.6019],[134.3801,35.6009],[134.3806,35.6008],[134.3812,35.6007],[134.3818,35.6006],[134.3853,35.6012],[134.3857,35.6012],[134.3871,35.6],[134.3876,35.5997],[134.3882,35.5995],[134.3898,35.5992],[134.3898,35.5983],[134.3899,35.5978],[134.39,35.5973],[134.3903,35.5968],[134.3907,35.5964],[134.3912,35.5961],[134.3918,35.5958],[134.3949,35.5952],[134.3994,35.593],[134.4007,35.5917],[134.4021,35.5888],[134.4024,35.5883],[134.4028,35.5879],[134.4032,35.5876],[134.4035,35.5875],[134.4025,35.5853],[134.4023,35.5848],[134.4023,35.5843],[134.4038,35.5791],[134.4036,35.5759],[134.403,35.5751],[134.4019,35.5714],[134.4018,35.5709],[134.4018,35.5704],[134.4019,35.57],[134.4043,35.5658],[134.4045,35.5648],[134.4047,35.5642],[134.4073,35.5613],[134.4077,35.5609],[134.4083,35.5606],[134.4089,35.5603],[134.4095,35.5602],[134.4123,35.5603],[134.4131,35.5605],[134.4142,35.561],[134.4153,35.5605],[134.4159,35.5603],[134.4164,35.5602],[134.4185,35.5602],[134.419,35.556],[134.4206,35.5524],[134.421,35.552],[134.4205,35.5515],[134.4202,35.5511],[134.42,35.5506],[134.4195,35.5479],[134.4183,35.5464],[134.418,35.546],[134.4178,35.5455],[134.4177,35.545],[134.4177,35.5445],[134.4179,35.544],[134.4181,35.5436],[134.4212,35.5406],[134.4201,35.5393],[134.4197,35.5389],[134.4195,35.5384],[134.4195,35.5379],[134.4197,35.5363],[134.4185,35.5358],[134.418,35.5355],[134.4175,35.535],[134.4172,35.5346],[134.417,35.5341],[134.4168,35.5301],[134.4172,35.5289],[134.4144,35.5245],[134.4136,35.5231],[134.4134,35.523],[134.4128,35.5226],[134.4123,35.5222],[134.4101,35.5188],[134.4099,35.5184],[134.4094,35.5152],[134.4094,35.5147],[134.4095,35.5142],[134.4098,35.5137],[134.4112,35.5121],[134.4116,35.5118],[134.4121,35.5115],[134.4127,35.5113],[134.4156,35.5109],[134.4162,35.5108],[134.4175,35.511],[134.4181,35.5103],[134.422,35.5069],[134.4225,35.5066],[134.4231,35.5063],[134.4237,35.5061],[134.4251,35.506],[134.426,35.5037],[134.4267,35.5027],[134.4257,35.5018],[134.4254,35.5014],[134.4251,35.501],[134.4242,35.497],[134.4241,35.4964],[134.4242,35.4959],[134.4271,35.4913],[134.4283,35.4871],[134.4309,35.4832],[134.432,35.4788],[134.434,35.4756],[134.4344,35.4746],[134.4328,35.4735],[134.4324,35.4731],[134.432,35.4727],[134.4311,35.4705],[134.4309,35.47],[134.4309,35.4695],[134.4313,35.4681],[134.4311,35.4679],[134.4307,35.4675],[134.4305,35.467],[134.4304,35.4665],[134.4304,35.466],[134.4314,35.4629],[134.4316,35.4625],[134.4319,35.4621],[134.4323,35.4617],[134.4327,35.4614],[134.4343,35.4608],[134.4347,35.4604],[134.4342,35.458],[134.4342,35.4575],[134.4353,35.4537],[134.4358,35.4489],[134.4358,35.4485],[134.4364,35.4473],[134.4363,35.444],[134.4364,35.4435],[134.4366,35.4429],[134.4369,35.4424],[134.4374,35.442],[134.4416,35.44],[134.4422,35.4397],[134.4438,35.4395],[134.4453,35.4372],[134.4457,35.4367],[134.4462,35.4364],[134.4467,35.4361],[134.4489,35.4355],[134.4497,35.4347],[134.4502,35.4344],[134.4507,35.4341],[134.4512,35.4339],[134.4518,35.4338],[134.4617,35.4341],[134.4624,35.4337],[134.4624,35.4336],[134.4624,35.4331],[134.4625,35.4326],[134.4627,35.4321],[134.4631,35.4317],[134.4635,35.4314],[134.464,35.4311],[134.4663,35.4303],[134.467,35.4302],[134.4678,35.4302],[134.4678,35.4301],[134.4681,35.4296],[134.4699,35.428],[134.4705,35.4276],[134.4711,35.4273],[134.4754,35.4266],[134.4751,35.4265],[134.4745,35.4263],[134.474,35.426],[134.4736,35.4257],[134.4732,35.4253],[134.473,35.4248],[134.4728,35.4243],[134.4728,35.4238],[134.4733,35.4221],[134.4735,35.4216],[134.4738,35.4212],[134.4748,35.4203],[134.4742,35.4194],[134.474,35.419],[134.4739,35.4185],[134.474,35.4165],[134.4736,35.4154],[134.4734,35.4149],[134.4734,35.4143],[134.4735,35.4138],[134.4738,35.4132],[134.4764,35.4108],[134.4769,35.4104],[134.478,35.41],[134.4775,35.4075],[134.4766,35.4056],[134.4764,35.405],[134.4764,35.4044],[134.4766,35.4038],[134.4768,35.4034],[134.4765,35.4028],[134.4755,35.4023],[134.475,35.4019],[134.4747,35.4016],[134.4744,35.4011],[134.4742,35.4007],[134.474,35.3958],[134.4737,35.3953],[134.4721,35.3939],[134.4716,35.3935],[134.4713,35.3929],[134.4705,35.3884],[134.4705,35.3879],[134.4709,35.3865],[134.4691,35.3839],[134.4689,35.3835],[134.4681,35.3805],[134.4681,35.3799],[134.4682,35.3794],[134.4718,35.3735],[134.4722,35.373],[134.4726,35.3726],[134.4732,35.3723],[134.4737,35.3721],[134.4753,35.372],[134.4757,35.3716],[134.4762,35.3713],[134.4767,35.3711],[134.4773,35.371],[134.4779,35.3709],[134.4798,35.3712],[134.4805,35.3709],[134.4808,35.3705],[134.4813,35.37],[134.4818,35.3696],[134.483,35.3691],[134.4835,35.3681],[134.4839,35.3676],[134.4843,35.3672],[134.4874,35.3656],[134.488,35.3653],[134.4885,35.3652],[134.4891,35.3652],[134.4897,35.3652],[134.4903,35.3653],[134.4906,35.3654],[134.494,35.3645],[134.4946,35.3643],[134.4952,35.3643],[134.4972,35.3646],[134.4985,35.3645],[134.4998,35.364],[134.5001,35.3622],[134.5002,35.3617],[134.5005,35.3612],[134.5012,35.3603],[134.5013,35.3593],[134.5014,35.3588],[134.5016,35.3582],[134.502,35.3578],[134.5025,35.3574],[134.5045,35.3564],[134.5054,35.3549],[134.5058,35.3544],[134.5081,35.3529],[134.5079,35.3527],[134.5074,35.3522],[134.5072,35.3517],[134.507,35.3512],[134.5071,35.3496],[134.5064,35.3476],[134.5063,35.347],[134.5066,35.3449],[134.5064,35.3436],[134.5059,35.3433],[134.5054,35.343],[134.505,35.3425],[134.504,35.3402],[134.5027,35.3395],[134.5022,35.3392],[134.5018,35.3388],[134.5015,35.3384],[134.5013,35.3379],[134.5011,35.335],[134.4998,35.3324],[134.4987,35.327],[134.4986,35.3264],[134.4987,35.3258],[134.4999,35.3239],[134.5007,35.321],[134.5003,35.3202],[134.5001,35.3197],[134.5001,35.3191],[134.5001,35.3186],[134.5021,35.3152],[134.5025,35.3146],[134.504,35.3135],[134.5057,35.3116],[134.5062,35.3111],[134.5089,35.3098],[134.5106,35.3078],[134.51,35.3076],[134.5095,35.3074],[134.5091,35.307],[134.5087,35.3066],[134.5077,35.304],[134.5075,35.3035],[134.5075,35.3031],[134.5081,35.3004],[134.5076,35.2997],[134.5074,35.2993],[134.5061,35.2943],[134.506,35.2938],[134.5061,35.2932],[134.5075,35.2906],[134.5075,35.2899],[134.5075,35.2894],[134.5077,35.289],[134.5095,35.2863],[134.5092,35.2857],[134.5091,35.2852],[134.5092,35.2818],[134.5103,35.2793],[134.5106,35.2788],[134.5102,35.2786],[134.5081,35.2764],[134.5063,35.2759],[134.5027,35.2739],[134.5003,35.2719],[134.4999,35.2715],[134.4994,35.2707],[134.4985,35.2703],[134.4943,35.2695],[134.4936,35.2693],[134.491,35.2676],[134.4906,35.2673],[134.4887,35.2649],[134.4882,35.2651],[134.4875,35.2653],[134.4869,35.2654],[134.4862,35.2654],[134.4855,35.2652],[134.4849,35.265],[134.4813,35.2622],[134.4809,35.2618],[134.4806,35.2614],[134.4791,35.2564],[134.4791,35.2555],[134.4773,35.2535],[134.4762,35.253],[134.4757,35.2526],[134.4749,35.2519],[134.4715,35.252],[134.4709,35.252],[134.4702,35.2518],[134.4696,35.2516],[134.4691,35.2512],[134.4686,35.2508],[134.4683,35.2503],[134.4683,35.2501],[134.4678,35.25],[134.4673,35.2497],[134.4657,35.2485],[134.4599,35.2453],[134.4594,35.245],[134.459,35.2445],[134.4587,35.244],[134.4585,35.2435],[134.4585,35.2429],[134.4593,35.2405],[134.4581,35.2407],[134.4576,35.2408],[134.4521,35.2404],[134.4483,35.2406],[134.4475,35.2406],[134.4468,35.2404],[134.445,35.2395],[134.4448,35.2395],[134.4442,35.2395],[134.4436,35.2395],[134.443,35.2394],[134.4425,35.2391],[134.442,35.2388],[134.4416,35.2385],[134.4399,35.2359],[134.438,35.2337],[134.4349,35.2321],[134.4343,35.2323],[134.4312,35.2342],[134.4305,35.2345],[134.4299,35.2347],[134.4295,35.2347],[134.4294,35.2349],[134.429,35.2353],[134.4266,35.2369],[134.4266,35.2371],[134.4265,35.2376],[134.4263,35.2381],[134.4259,35.2385],[134.4255,35.2389],[134.4249,35.2392],[134.4243,35.2394],[134.4201,35.2399],[134.417,35.2414],[134.4166,35.2416],[134.4122,35.2425],[134.4116,35.2425],[134.4091,35.2423],[134.4072,35.2433],[134.4067,35.2435],[134.4061,35.2437],[134.4028,35.2437],[134.4022,35.2437],[134.4016,35.2435],[134.4011,35.2433],[134.4006,35.243],[134.4002,35.2426],[134.397,35.2375],[134.3955,35.2328],[134.3945,35.2319],[134.3941,35.2315],[134.3938,35.231],[134.3936,35.2305],[134.3936,35.2296],[134.393,35.2294],[134.3924,35.2292],[134.3919,35.229],[134.3915,35.2286],[134.3907,35.2276],[134.3868,35.2261],[134.3854,35.2261],[134.3847,35.2261],[134.384,35.2259],[134.3834,35.2256],[134.3829,35.2253],[134.3824,35.2248],[134.3823,35.2246],[134.3813,35.2242],[134.3808,35.224],[134.3803,35.2237],[134.3799,35.2234],[134.3796,35.2229],[134.378,35.2186],[134.3779,35.2181],[134.3779,35.2175],[134.3781,35.217],[134.3782,35.2167],[134.3782,35.2166],[134.3778,35.216],[134.3775,35.2127],[134.3775,35.2123],[134.3774,35.2122],[134.377,35.2117],[134.3768,35.2111],[134.3767,35.2094],[134.3767,35.2089],[134.3781,35.2057],[134.3794,35.1993],[134.3796,35.1987],[134.3799,35.1983],[134.3799,35.1982],[134.3797,35.1976],[134.3804,35.1935],[134.3806,35.193],[134.3809,35.1925],[134.3813,35.192],[134.3819,35.1917],[134.3877,35.1897],[134.3882,35.1896],[134.3888,35.1895],[134.3909,35.1897],[134.3923,35.1892],[134.3925,35.189],[134.3929,35.1886],[134.3964,35.1868],[134.397,35.1861],[134.3974,35.1857],[134.3979,35.1854],[134.3984,35.1851],[134.3991,35.185],[134.4062,35.185],[134.4087,35.1846],[134.4092,35.1837],[134.4093,35.1783],[134.4067,35.174],[134.4045,35.1714],[134.4041,35.1709],[134.4029,35.1663],[134.4029,35.1658],[134.403,35.1652],[134.4032,35.1647],[134.4051,35.1624],[134.4055,35.1619],[134.406,35.1616],[134.4078,35.161],[134.4078,35.1609],[134.408,35.1603],[134.4095,35.1583],[134.4093,35.1576],[134.4091,35.1541],[134.4087,35.1534],[134.4068,35.1515],[134.4064,35.1512],[134.4062,35.1508],[134.4062,35.1507],[134.4056,35.151],[134.3993,35.1544],[134.3988,35.1546],[134.3951,35.1554],[134.3946,35.1554],[134.3913,35.1552],[134.3907,35.1552],[134.388,35.1541],[134.384,35.1551],[134.3833,35.1552],[134.3826,35.1552],[134.3819,35.155],[134.3781,35.153],[134.3779,35.1528],[134.3773,35.1531],[134.3754,35.1535],[134.3747,35.1536],[134.374,35.1535],[134.3733,35.1533],[134.3694,35.1509],[134.3684,35.1497],[134.3671,35.1496],[134.3665,35.1496],[134.3659,35.1494],[134.3654,35.1491],[134.3649,35.1487],[134.3646,35.1483],[134.3633,35.1456],[134.3617,35.1442],[134.3597,35.1415],[134.3594,35.1411],[134.3586,35.138],[134.3585,35.1375],[134.3586,35.137],[134.3588,35.1365],[134.3594,35.1356],[134.3582,35.1343],[134.3579,35.1339],[134.3577,35.1334],[134.3573,35.1301],[134.3566,35.1289],[134.354,35.1267],[134.3536,35.1263],[134.3533,35.1258],[134.3532,35.1253],[134.3531,35.1247],[134.3532,35.1242],[134.3534,35.1237],[134.3538,35.1232],[134.3542,35.1228],[134.3572,35.1213],[134.3542,35.1189],[134.353,35.1173],[134.3518,35.1167],[134.3513,35.1164],[134.3509,35.116],[134.3505,35.1156],[134.3491,35.1119],[134.349,35.1115],[134.3491,35.1063],[134.3492,35.1058],[134.3494,35.1053],[134.3501,35.1045],[134.35,35.1017],[134.3507,35.0997],[134.3509,35.0992],[134.351,35.0991],[134.3507,35.0988],[134.3494,35.0981],[134.3488,35.0977],[134.3472,35.0956],[134.3469,35.0952],[134.3468,35.0947],[134.3467,35.0942],[134.3468,35.0938],[134.3468,35.0937],[134.3462,35.0936],[134.3457,35.0934],[134.3449,35.0929],[134.3417,35.0926],[134.3411,35.0925],[134.3407,35.0924],[134.3406,35.0925],[134.3402,35.0928],[134.3397,35.0931],[134.3391,35.0933],[134.3385,35.0935],[134.3379,35.0935],[134.3372,35.0934],[134.3366,35.0932],[134.3361,35.0929],[134.3356,35.0926],[134.334,35.0905],[134.3331,35.0899],[134.3329,35.09],[134.3322,35.0901],[134.3316,35.0901],[134.3309,35.0899],[134.3274,35.0884],[134.3249,35.0884],[134.3242,35.0884],[134.3235,35.0882],[134.3207,35.0867],[134.3181,35.086],[134.3175,35.0858],[134.317,35.0855],[134.3166,35.0852],[134.3162,35.0847],[134.3159,35.0843],[134.3158,35.0838],[134.3158,35.0832],[134.3159,35.0827],[134.3166,35.0815],[134.3162,35.0797],[134.3161,35.0793],[134.3168,35.0749],[134.3169,35.0745],[134.3177,35.0732],[134.3175,35.0728],[134.3174,35.0723],[134.3174,35.0718],[134.3181,35.0695],[134.3152,35.0678],[134.3147,35.0674],[134.3143,35.067],[134.3141,35.0665],[134.3137,35.0645],[134.3119,35.0625],[134.3116,35.0621],[134.3114,35.0616],[134.311,35.0586],[134.311,35.058],[134.3112,35.0575],[134.3115,35.057],[134.3118,35.0567],[134.3113,35.0542],[134.3113,35.0537],[134.3116,35.0524],[134.3115,35.0521],[134.3112,35.0517],[134.3111,35.0512],[134.311,35.0508],[134.3111,35.0503],[134.3122,35.0479],[134.3079,35.0482],[134.3073,35.0482],[134.3067,35.048],[134.3061,35.0478],[134.3055,35.0475],[134.3036,35.0455],[134.3033,35.0451],[134.3031,35.0446],[134.3031,35.0445],[134.3026,35.0448],[134.2987,35.0457],[134.298,35.0458],[134.2973,35.0458],[134.2966,35.0456],[134.296,35.0454],[134.2954,35.045],[134.2949,35.0444],[134.2945,35.0443],[134.2939,35.0441],[134.2933,35.0438],[134.2901,35.0407],[134.2898,35.0403],[134.2897,35.0402],[134.2881,35.04],[134.2873,35.0399],[134.2871,35.0398],[134.2869,35.04],[134.2864,35.0402],[134.2858,35.0404],[134.2839,35.0407],[134.2832,35.0407],[134.2825,35.0405],[134.2795,35.0392],[134.279,35.0389],[134.2785,35.0385],[134.2782,35.038],[134.2776,35.0362],[134.2775,35.0357],[134.2775,35.0352],[134.2778,35.0343],[134.2775,35.0341],[134.2771,35.0336],[134.2768,35.0331],[134.2765,35.0318],[134.2754,35.0308],[134.2749,35.0303],[134.2735,35.0263],[134.2732,35.0263],[134.2725,35.0264],[134.2717,35.0263],[134.2661,35.0239],[134.2655,35.0236],[134.2651,35.0233],[134.2647,35.0229],[134.2645,35.0224],[134.2643,35.0219],[134.2643,35.0214],[134.2648,35.0197],[134.2632,35.0192],[134.2626,35.019],[134.2621,35.0186],[134.2617,35.0182],[134.2614,35.0177],[134.2612,35.0172],[134.2611,35.0166],[134.2617,35.0146],[134.2604,35.0125],[134.2602,35.012],[134.2601,35.0116],[134.2601,35.0111],[134.2603,35.0106],[134.2605,35.0101],[134.2608,35.0097],[134.2612,35.0093],[134.2617,35.009],[134.2629,35.0087],[134.2627,35.0084],[134.2625,35.0051],[134.2625,35.0046],[134.2627,35.0041],[134.2629,35.0036],[134.2633,35.0032],[134.2638,35.0028],[134.2643,35.0026],[134.2649,35.0024],[134.2655,35.0023],[134.266,35.0023],[134.2663,35.0019],[134.2668,35.0016],[134.2674,35.0013],[134.2729,35.0002],[134.2741,34.9991],[134.2746,34.9988],[134.2751,34.9985],[134.2756,34.9983],[134.2762,34.9982],[134.2769,34.9982],[134.2778,34.9967],[134.2781,34.9963],[134.2798,34.9949],[134.279,34.9941],[134.2777,34.9936],[134.2772,34.9934],[134.2767,34.9931],[134.2763,34.9927],[134.276,34.9922],[134.275,34.9889],[134.2747,34.9888],[134.2736,34.9888],[134.2729,34.9887],[134.2723,34.9885],[134.2717,34.9882],[134.2712,34.9879],[134.2702,34.9865],[134.2697,34.9863],[134.2692,34.9861],[134.2687,34.9857],[134.2683,34.9853],[134.268,34.9849],[134.2678,34.9844],[134.2678,34.9822],[134.2666,34.9797],[134.2664,34.9793],[134.2663,34.9787],[134.2663,34.9782],[134.2665,34.9777],[134.2668,34.9773],[134.2672,34.9769],[134.2676,34.9765],[134.2682,34.9763],[134.2688,34.9761],[134.2694,34.976],[134.2705,34.9761],[134.2712,34.9754],[134.2716,34.975],[134.2721,34.9747],[134.2727,34.9745],[134.2716,34.9723],[134.2714,34.9718],[134.2713,34.9713],[134.2713,34.9708],[134.2717,34.9699],[134.2716,34.9698],[134.2712,34.9695],[134.2708,34.9691],[134.2704,34.9687],[134.2702,34.9682],[134.2701,34.9676],[134.2702,34.9671],[134.2712,34.9648],[134.2715,34.9643],[134.2719,34.964],[134.2718,34.9639],[134.2705,34.9623],[134.2686,34.9618],[134.2679,34.9615],[134.2651,34.9594],[134.2646,34.959],[134.2643,34.9585],[134.2637,34.956],[134.262,34.9549],[134.2602,34.955],[134.2595,34.955],[134.2588,34.9548],[134.2582,34.9546],[134.2577,34.9542],[134.2573,34.9538],[134.2552,34.9497],[134.2527,34.9486],[134.2522,34.9483],[134.2518,34.9479],[134.2514,34.9475],[134.2504,34.9448],[134.2503,34.9444],[134.2504,34.939],[134.2506,34.9384],[134.2518,34.9364],[134.2522,34.936],[134.258,34.9323],[134.2585,34.932],[134.2592,34.9318],[134.2598,34.9317],[134.2605,34.9318],[134.2612,34.9319],[134.2618,34.9322],[134.2623,34.9326],[134.2627,34.933],[134.2633,34.9342],[134.2651,34.9332],[134.2657,34.9329],[134.2663,34.9328],[134.2665,34.9328],[134.267,34.9322],[134.2674,34.9318],[134.2679,34.9315],[134.2711,34.9303],[134.2727,34.9288],[134.2726,34.9278],[134.2716,34.925],[134.2715,34.9245],[134.2715,34.9239],[134.2717,34.9234],[134.272,34.9229],[134.2724,34.9225],[134.2729,34.9221],[134.2747,34.9214],[134.2754,34.9204],[134.2757,34.92],[134.2761,34.9196],[134.2767,34.9193],[134.2772,34.9191],[134.2779,34.919],[134.2799,34.9191],[134.2801,34.9191],[134.28,34.9187],[134.2801,34.9182],[134.2809,34.9161],[134.2813,34.9155],[134.2817,34.915],[134.2841,34.9138],[134.2841,34.9129],[134.2841,34.9123],[134.2843,34.9118],[134.2846,34.9113],[134.2877,34.9088],[134.2881,34.9084],[134.2887,34.9082],[134.2893,34.908],[134.2898,34.908],[134.2898,34.9079],[134.29,34.9073],[134.2902,34.9068],[134.2907,34.9064],[134.2912,34.906],[134.2917,34.9058],[134.2916,34.9047],[134.2915,34.9046],[134.2892,34.9031],[134.2884,34.9031],[134.2877,34.903],[134.2871,34.9028],[134.2865,34.9026],[134.2861,34.9022],[134.2857,34.9018],[134.2854,34.9013],[134.2852,34.9008],[134.2851,34.9003],[134.2852,34.8999],[134.2838,34.8997],[134.2831,34.8996],[134.2825,34.8993],[134.282,34.8989],[134.2816,34.8986],[134.2815,34.8986],[134.2809,34.8986],[134.2769,34.8977],[134.2762,34.8975],[134.2732,34.8954],[134.272,34.8949],[134.2715,34.8947],[134.271,34.8943],[134.2706,34.8939],[134.2703,34.8934],[134.27,34.892],[134.2685,34.8917],[134.2679,34.8915],[134.2673,34.8913],[134.2669,34.8909],[134.2665,34.8905],[134.2662,34.8901],[134.2657,34.8876],[134.2652,34.8878],[134.2646,34.8878],[134.264,34.8878],[134.2633,34.8877],[134.2628,34.8875],[134.2605,34.886],[134.2601,34.8856],[134.2598,34.8852],[134.2596,34.8848],[134.2591,34.8823],[134.2591,34.8817],[134.2611,34.877],[134.2614,34.8765],[134.2618,34.8761],[134.2623,34.8757],[134.2629,34.8755],[134.2633,34.8754],[134.2628,34.8746],[134.2617,34.8736],[134.2586,34.8731],[134.258,34.8729],[134.2574,34.8726],[134.2568,34.8722],[134.2564,34.8718],[134.2562,34.8712],[134.2558,34.8688],[134.2558,34.8683],[134.2559,34.8678],[134.2561,34.8673],[134.2564,34.8669],[134.2555,34.8651],[134.2554,34.8642],[134.2548,34.8639],[134.2543,34.8636],[134.2539,34.8632],[134.2524,34.8609],[134.2521,34.8604],[134.252,34.8599],[134.252,34.8594],[134.2521,34.8592],[134.2517,34.8589],[134.2513,34.8585],[134.251,34.8581],[134.2508,34.8576],[134.2504,34.8529],[134.2513,34.8487],[134.2515,34.8482],[134.2518,34.8477],[134.2537,34.8462],[134.2542,34.8459],[134.2548,34.8456],[134.2554,34.8455],[134.256,34.8454],[134.2561,34.8454],[134.2563,34.8452],[134.2567,34.8448],[134.2572,34.8445],[134.2578,34.8443],[134.2585,34.8442],[134.2586,34.8442],[134.2586,34.8439],[134.2587,34.8434],[134.2608,34.8399],[134.2612,34.8393],[134.2617,34.8389],[134.26,34.838],[134.2595,34.8377],[134.2591,34.8373],[134.2587,34.8368],[134.2586,34.8363],[134.2585,34.8358],[134.2586,34.8352],[134.2595,34.8332],[134.2592,34.8329],[134.2589,34.8325],[134.2586,34.832],[134.2585,34.8315],[134.2585,34.831],[134.2593,34.8279],[134.2609,34.8254],[134.2613,34.825],[134.2618,34.8246],[134.2648,34.8232],[134.2653,34.8231],[134.2659,34.823],[134.2665,34.8229],[134.2693,34.8234],[134.27,34.8237],[134.2709,34.8242],[134.2711,34.8241],[134.2716,34.8239],[134.2722,34.8238],[134.2728,34.8238],[134.2734,34.8239],[134.274,34.8241],[134.2757,34.8251],[134.2783,34.8254],[134.2827,34.8267],[134.2832,34.8265],[134.2849,34.8263],[134.2844,34.8244],[134.2847,34.8214],[134.2847,34.8209],[134.2849,34.8204],[134.2852,34.82],[134.2856,34.8196],[134.2885,34.818],[134.289,34.8177],[134.2896,34.8176],[134.2901,34.8176],[134.2903,34.8172],[134.2906,34.8168],[134.291,34.8165],[134.2915,34.8162],[134.292,34.8159],[134.2925,34.8159],[134.2925,34.8156],[134.2926,34.815],[134.2928,34.8145],[134.2932,34.814],[134.2937,34.8137],[134.2949,34.8131],[134.295,34.8128],[134.2953,34.8123],[134.2956,34.8119],[134.2961,34.8115],[134.2967,34.8112],[134.2973,34.811],[134.2979,34.8109],[134.2986,34.811],[134.3014,34.8117],[134.302,34.8115],[134.3036,34.8102],[134.3033,34.8095],[134.3031,34.809],[134.3031,34.8084],[134.3032,34.8079],[134.3035,34.8073],[134.3038,34.8069],[134.3051,34.806],[134.3051,34.8059],[134.3051,34.8054],[134.3052,34.8049],[134.3054,34.8044],[134.3058,34.8039],[134.3077,34.8026],[134.3083,34.8014],[134.3086,34.801],[134.309,34.8006],[134.3095,34.8003],[134.3101,34.8],[134.3107,34.7999],[134.3113,34.7999],[134.3137,34.8002],[134.314,34.7992],[134.3135,34.7983],[134.3133,34.7978],[134.3132,34.7973],[134.3132,34.7967],[134.3134,34.7962],[134.3146,34.7947],[134.3146,34.7945],[134.3145,34.7944],[134.314,34.7941],[134.3135,34.7937],[134.3132,34.7932],[134.313,34.7927],[134.3129,34.7922],[134.3129,34.7916],[134.3131,34.7911],[134.3159,34.7875],[134.3158,34.7862],[134.3143,34.7849],[134.3138,34.7844],[134.3127,34.7819],[134.3126,34.7813],[134.3126,34.7808],[134.3127,34.7802],[134.313,34.7797],[134.3144,34.7783],[134.3144,34.778],[134.3145,34.7775],[134.3147,34.777],[134.315,34.7766],[134.3154,34.7762],[134.3158,34.7759],[134.3164,34.7756],[134.3169,34.7755],[134.317,34.7751],[134.3173,34.7746],[134.3177,34.7742],[134.3214,34.772],[134.322,34.7718],[134.3226,34.7716],[134.3233,34.7716],[134.3239,34.7716],[134.3258,34.7722],[134.3265,34.7719],[134.3271,34.7717],[134.3275,34.7716],[134.3274,34.771],[134.3275,34.7705],[134.3277,34.77],[134.328,34.7695],[134.3283,34.7692],[134.3274,34.7692],[134.3268,34.7692],[134.3262,34.7691],[134.3256,34.7688],[134.3251,34.7685],[134.3247,34.7681],[134.3244,34.7677],[134.3242,34.7672],[134.3241,34.7667],[134.3242,34.7663],[134.3237,34.7662],[134.3231,34.766],[134.3195,34.7638],[134.319,34.7635],[134.3186,34.763],[134.3172,34.7593],[134.3159,34.758],[134.3156,34.7576],[134.3154,34.7572],[134.3146,34.754],[134.3145,34.7536],[134.3148,34.7516],[134.3143,34.7508],[134.314,34.7503],[134.3134,34.745],[134.3107,34.7415],[134.3105,34.7411],[134.3098,34.7391],[134.3098,34.7385],[134.3098,34.738],[134.3099,34.7375],[134.3102,34.737],[134.3129,34.7345],[134.3133,34.7342],[134.3159,34.7329],[134.3165,34.7326],[134.3172,34.7325],[134.3187,34.7326],[134.3188,34.7323],[134.3191,34.7318],[134.3194,34.7316],[134.3189,34.7312],[134.3184,34.7308],[134.3181,34.7303],[134.3178,34.7297],[134.3178,34.7292],[134.3185,34.7262],[134.3188,34.7218],[134.3189,34.7213],[134.3192,34.7208],[134.3195,34.7204],[134.32,34.72],[134.3205,34.7197],[134.3211,34.7195],[134.3218,34.7193],[134.3224,34.7193],[134.3231,34.7194],[134.3237,34.7196],[134.3242,34.7199],[134.3247,34.7203],[134.3264,34.7229],[134.3279,34.7237],[134.3283,34.724],[134.3304,34.7262],[134.3307,34.7266],[134.331,34.7271],[134.331,34.7277],[134.331,34.7282],[134.3309,34.7285],[134.3312,34.7288],[134.3379,34.7334],[134.3384,34.7339],[134.3388,34.7344],[134.3391,34.7354],[134.3392,34.7355],[134.3393,34.735],[134.3395,34.7345],[134.3399,34.7341],[134.3403,34.7337],[134.3408,34.7334],[134.3414,34.7332],[134.3445,34.7328],[134.3452,34.7328],[134.3458,34.7329],[134.3474,34.7334],[134.3481,34.7333],[134.3489,34.7332],[134.3532,34.734],[134.3538,34.7342],[134.3564,34.7356],[134.3569,34.7359],[134.3573,34.7363],[134.3575,34.7368],[134.3577,34.7371],[134.3599,34.7377],[134.3642,34.7382],[134.3648,34.7383],[134.3654,34.7385],[134.3659,34.7388],[134.3664,34.7392],[134.3667,34.7396],[134.367,34.7401],[134.3671,34.7406],[134.367,34.7416],[134.3694,34.7381],[134.3699,34.7372],[134.3698,34.7372],[134.3694,34.7368],[134.3691,34.7364],[134.3689,34.736],[134.3688,34.7355],[134.3688,34.735],[134.3689,34.7345],[134.3705,34.7317],[134.3708,34.7313],[134.3712,34.7309],[134.3717,34.7306],[134.3722,34.7304],[134.3728,34.7302],[134.373,34.7299],[134.3734,34.7294],[134.3835,34.7239],[134.384,34.7236],[134.3846,34.7235],[134.3853,34.7234],[134.3859,34.7235],[134.3865,34.7236],[134.3871,34.7239],[134.3876,34.7242],[134.388,34.7246],[134.3894,34.7272],[134.3918,34.7265],[134.3925,34.7263],[134.3961,34.7266],[134.4033,34.7269],[134.4033,34.7266],[134.4034,34.7261],[134.4037,34.7256],[134.4041,34.7251],[134.4046,34.7247],[134.4052,34.7244],[134.4081,34.7239],[134.4088,34.7238],[134.4094,34.7238],[134.4119,34.7246],[134.4125,34.7248],[134.413,34.7252],[134.4134,34.7256],[134.4138,34.726],[134.4139,34.7264],[134.4141,34.7263],[134.4148,34.7264],[134.4154,34.7266],[134.416,34.7268],[134.4165,34.7272],[134.4169,34.7276],[134.4175,34.7287],[134.4176,34.7288],[134.4182,34.7291],[134.4187,34.7294],[134.4191,34.7299],[134.4202,34.7323],[134.425,34.7351],[134.4255,34.7354],[134.428,34.7387],[134.4283,34.7392],[134.4284,34.7396],[134.4285,34.7401],[134.4283,34.7416],[134.4289,34.7424],[134.4295,34.7429],[134.4329,34.7437],[134.4361,34.7453],[134.4366,34.7456],[134.437,34.746],[134.4373,34.7465],[134.4375,34.747],[134.4376,34.7475],[134.4376,34.7481],[134.4374,34.7486],[134.4371,34.749],[134.4323,34.7533],[134.4325,34.7533],[134.4331,34.7534],[134.4337,34.7536],[134.4342,34.7539],[134.4346,34.7542],[134.435,34.7547],[134.436,34.7573],[134.4362,34.758],[134.436,34.759],[134.4362,34.7589],[134.4378,34.7587],[134.4385,34.7587],[134.4392,34.7588],[134.4398,34.7591],[134.4404,34.7594],[134.4408,34.7598],[134.4418,34.7615],[134.4425,34.7627],[134.4427,34.7632],[134.4428,34.7637],[134.4428,34.7642],[134.4426,34.7647],[134.4451,34.7654],[134.4473,34.7653],[134.448,34.7654],[134.4497,34.7659],[134.451,34.7654],[134.4501,34.7642],[134.4498,34.7638],[134.4496,34.7633],[134.4495,34.7628],[134.4495,34.7623],[134.4495,34.7622],[134.4482,34.7614],[134.4478,34.761],[134.4475,34.7607],[134.4465,34.7587],[134.4463,34.7582],[134.4462,34.7577],[134.4463,34.7572],[134.4465,34.7567],[134.4468,34.7562],[134.4467,34.7557],[134.4468,34.7551],[134.4477,34.7528],[134.448,34.7523],[134.4485,34.7518],[134.449,34.7515],[134.4496,34.7512],[134.4502,34.7511],[134.4519,34.7511],[134.4525,34.7511],[134.4531,34.7513],[134.457,34.7534],[134.4571,34.7534],[134.4577,34.7535],[134.4582,34.7536],[134.4588,34.7539],[134.4593,34.7542],[134.4596,34.7546],[134.4599,34.755],[134.4608,34.7582],[134.4614,34.7584],[134.462,34.7588],[134.4632,34.76],[134.4636,34.7601],[134.4641,34.7603],[134.4646,34.7606],[134.4668,34.7625],[134.4671,34.7629],[134.4674,34.7634],[134.4676,34.7638],[134.4676,34.7643],[134.4675,34.7648],[134.4691,34.7624],[134.4695,34.7605],[134.4696,34.76],[134.4702,34.7591],[134.4702,34.756],[134.4703,34.7554],[134.4705,34.7548],[134.4717,34.7535],[134.4721,34.7532],[134.4726,34.7529],[134.4732,34.7527],[134.4737,34.7525],[134.4744,34.7525],[134.475,34.7526],[134.4756,34.7527],[134.4761,34.753],[134.4782,34.7546],[134.4783,34.7546],[134.479,34.7547],[134.4797,34.7549],[134.4803,34.7552],[134.4808,34.7556],[134.4817,34.757],[134.483,34.7577],[134.4835,34.758],[134.4839,34.7585],[134.4843,34.759],[134.4844,34.7595],[134.4845,34.76],[134.4841,34.7616],[134.485,34.7626],[134.4854,34.7631],[134.4856,34.7636],[134.4857,34.7642],[134.4857,34.7647],[134.4856,34.765],[134.4864,34.7656],[134.4866,34.7654],[134.4871,34.7651],[134.4894,34.7642],[134.49,34.7641],[134.4906,34.7641],[134.4913,34.7641],[134.4919,34.7642],[134.4924,34.7645],[134.4929,34.7648],[134.4958,34.768],[134.4965,34.768],[134.4971,34.7681],[134.4975,34.7682],[134.4977,34.7678],[134.498,34.7674],[134.4985,34.767],[134.4989,34.7667],[134.4989,34.7664],[134.4998,34.7641],[134.4997,34.764],[134.4993,34.7636],[134.4991,34.7631],[134.499,34.7626],[134.499,34.7621],[134.4991,34.7616],[134.4994,34.7611],[134.4997,34.7607],[134.5001,34.7603],[134.5031,34.7589],[134.5036,34.7587],[134.5043,34.7586],[134.5049,34.7585],[134.5055,34.7586],[134.5061,34.7588],[134.5067,34.7591],[134.5089,34.7611],[134.5098,34.7614],[134.5104,34.7616],[134.5109,34.762],[134.5113,34.7624],[134.5116,34.7628],[134.5118,34.7634],[134.5119,34.7647],[134.5124,34.7652],[134.5126,34.7652],[134.5132,34.7651],[134.5139,34.7651],[134.5145,34.7653],[134.5151,34.7655],[134.5156,34.7658],[134.516,34.7662],[134.5163,34.7667],[134.5165,34.7672],[134.5166,34.7682],[134.5176,34.769],[134.5183,34.7691],[134.5189,34.7692],[134.5194,34.7693],[134.5199,34.7696],[134.5215,34.7709],[134.5219,34.7714],[134.5232,34.7745],[134.5243,34.7753],[134.5247,34.7756],[134.525,34.776],[134.5253,34.7767],[134.5256,34.7768],[134.5262,34.777],[134.5279,34.7785],[134.5287,34.7776],[134.5289,34.7763],[134.5291,34.7757],[134.5294,34.7752],[134.5298,34.7748],[134.5303,34.7744],[134.5355,34.7727],[134.5365,34.7718],[134.5364,34.7711],[134.5365,34.7705],[134.5367,34.77],[134.537,34.7695],[134.5375,34.769],[134.5394,34.768],[134.54,34.7678],[134.5406,34.7677],[134.5413,34.7676],[134.542,34.7677],[134.5426,34.7679],[134.5432,34.7682],[134.5442,34.7692],[134.5448,34.7692],[134.5456,34.7693],[134.5481,34.7703],[134.5502,34.7697],[134.5507,34.7696],[134.5527,34.7695],[134.5558,34.7678],[134.5551,34.7649],[134.555,34.7644],[134.5551,34.7639],[134.5552,34.7634],[134.5555,34.763],[134.5558,34.7626],[134.5581,34.7611],[134.5634,34.7588],[134.5678,34.7559],[134.5684,34.7556],[134.5691,34.7554],[134.573,34.7553],[134.5735,34.7553],[134.5875,34.7593],[134.5881,34.7596],[134.5887,34.7599],[134.5891,34.7603],[134.5894,34.7608],[134.5896,34.7613],[134.5897,34.7618],[134.5885,34.7673],[134.5892,34.7674],[134.5895,34.7671],[134.5901,34.7668],[134.5906,34.7666],[134.5907,34.7666],[134.5932,34.759],[134.5934,34.7586],[134.5937,34.7581],[134.5941,34.7578],[134.5945,34.7575],[134.5951,34.7572],[134.5956,34.7571],[134.5993,34.757],[134.5999,34.757],[134.6005,34.7571],[134.6011,34.7574],[134.6016,34.7577],[134.602,34.758],[134.6023,34.7585],[134.6026,34.7589],[134.6027,34.7594],[134.6027,34.7599],[134.6024,34.7606],[134.6025,34.7606],[134.603,34.7609],[134.6035,34.7612],[134.6038,34.7617],[134.6041,34.7621],[134.6042,34.7627],[134.6043,34.7632],[134.6071,34.7638],[134.6077,34.764],[134.6083,34.7643],[134.6087,34.7646],[134.6091,34.7651],[134.6094,34.7655],[134.6094,34.7657],[134.6095,34.7657],[134.61,34.7654],[134.6106,34.7652],[134.6112,34.7651],[134.6118,34.7651],[134.6125,34.7652],[134.6212,34.7689],[134.6235,34.7689],[134.6241,34.769],[134.6247,34.7691],[134.6253,34.7693],[134.6258,34.7697],[134.6262,34.77],[134.6265,34.7705],[134.6286,34.7704],[134.6292,34.7705],[134.6297,34.7706],[134.63,34.7704],[134.6301,34.7673],[134.6302,34.7667],[134.6304,34.7662],[134.6307,34.7658],[134.6311,34.7654],[134.6316,34.7651],[134.6322,34.7648],[134.6328,34.7647],[134.6457,34.7646],[134.6463,34.7647],[134.6469,34.7648],[134.6475,34.765],[134.648,34.7654],[134.6484,34.7657],[134.6487,34.7662],[134.6489,34.7666],[134.649,34.7681],[134.6494,34.7681],[134.6524,34.7679],[134.6531,34.7679],[134.6537,34.768],[134.6542,34.7683],[134.6547,34.7686],[134.6552,34.7689],[134.6572,34.7722],[134.6573,34.772],[134.6578,34.7717],[134.6543,34.7664],[134.6541,34.7659],[134.6539,34.7654],[134.654,34.7648],[134.6541,34.7643],[134.6544,34.7638],[134.6548,34.7634],[134.6553,34.763],[134.6558,34.7627],[134.657,34.7624],[134.6576,34.7623],[134.6617,34.7617],[134.6624,34.7616],[134.663,34.7617],[134.6636,34.7618],[134.6641,34.762],[134.6646,34.7624],[134.6701,34.7686],[134.6703,34.7688],[134.6733,34.7721],[134.6738,34.7725],[134.674,34.7721],[134.6744,34.7717],[134.6749,34.7713],[134.6754,34.771],[134.6825,34.7695],[134.6831,34.7694],[134.6838,34.7694],[134.6844,34.7695],[134.685,34.7697],[134.685,34.7698],[134.6853,34.7694],[134.6858,34.7691],[134.6863,34.7688],[134.6893,34.7682],[134.6874,34.7621],[134.6871,34.7618],[134.6868,34.7614],[134.6865,34.7608],[134.686,34.7604],[134.6856,34.7601],[134.6852,34.7597],[134.685,34.7592],[134.6848,34.7587],[134.6848,34.7582],[134.6849,34.7576],[134.6851,34.7572],[134.6854,34.7567],[134.6859,34.7563],[134.6864,34.756],[134.6869,34.7558],[134.6876,34.7557],[134.6882,34.7556],[134.6888,34.7557],[134.6894,34.7559],[134.6914,34.757],[134.6918,34.7573],[134.692,34.7574],[134.6978,34.7573],[134.6985,34.7573],[134.6991,34.7574],[134.6996,34.7577],[134.7002,34.758],[134.7006,34.7584],[134.7009,34.7588],[134.7045,34.77],[134.7046,34.7705],[134.7046,34.7706],[134.7048,34.7707],[134.705,34.7712],[134.7054,34.773],[134.7054,34.7735],[134.7054,34.774],[134.7053,34.774],[134.7079,34.7742],[134.7106,34.7739],[134.7205,34.7704],[134.7241,34.7687],[134.7274,34.7677],[134.728,34.7676],[134.7287,34.7676],[134.731,34.7654],[134.7315,34.765],[134.732,34.7647],[134.7325,34.7646],[134.7332,34.7645],[134.7338,34.7645],[134.7344,34.7646],[134.7349,34.7647],[134.7355,34.765],[134.7359,34.7653],[134.7363,34.7658],[134.7364,34.766],[134.7403,34.7655],[134.7409,34.7655],[134.7415,34.7655],[134.742,34.7657],[134.7426,34.7659],[134.7434,34.7665],[134.7453,34.7662],[134.7529,34.7632],[134.7588,34.7603],[134.7586,34.7601],[134.7543,34.753],[134.7541,34.7525],[134.754,34.752],[134.754,34.7514],[134.7542,34.7509],[134.7545,34.7504],[134.7549,34.75],[134.7615,34.7463],[134.7621,34.746],[134.7627,34.7458],[134.7634,34.7458],[134.764,34.7459],[134.7646,34.746],[134.7652,34.7463],[134.7657,34.7467],[134.7669,34.7482],[134.7837,34.7392],[134.7843,34.7389],[134.7848,34.7388],[134.7849,34.7386],[134.7949,34.7306],[134.7954,34.7302],[134.7959,34.73],[134.7966,34.7298],[134.7972,34.7298],[134.7978,34.7299],[134.7985,34.73],[134.799,34.7303],[134.7992,34.7304],[134.8002,34.7299],[134.8008,34.7298],[134.8014,34.7297],[134.8037,34.7298],[134.8084,34.7294],[134.8091,34.7294],[134.8056,34.7192],[134.8055,34.7186],[134.8056,34.7181],[134.8057,34.7176],[134.806,34.7171],[134.8064,34.7166],[134.8099,34.7146],[134.8244,34.7043],[134.8249,34.704],[134.8255,34.7038],[134.8261,34.7037],[134.8267,34.7037],[134.8273,34.7037],[134.8279,34.7039],[134.8284,34.7041],[134.8289,34.7045],[134.8293,34.7049],[134.8303,34.7066],[134.8353,34.7049],[134.8359,34.7047],[134.8365,34.7047],[134.8372,34.7047],[134.8378,34.7049],[134.8383,34.7051],[134.8388,34.7054],[134.8392,34.7058],[134.8417,34.71],[134.8441,34.7146],[134.8442,34.7143],[134.8445,34.7139],[134.8449,34.7135],[134.845,34.7134],[134.8441,34.7118],[134.8439,34.7113],[134.8438,34.7108],[134.8439,34.7104],[134.8436,34.7102],[134.8432,34.7098],[134.837,34.6978],[134.8368,34.6973],[134.8367,34.6968],[134.8368,34.6963],[134.8369,34.6958],[134.8372,34.6953],[134.8376,34.6949],[134.838,34.6946],[134.8385,34.6943],[134.8408,34.6937],[134.8467,34.6926],[134.8525,34.6915],[134.8531,34.6915],[134.8538,34.6915],[134.8541,34.6916],[134.8542,34.6912],[134.8545,34.6907],[134.8549,34.6903],[134.8554,34.6899],[134.8615,34.6875],[134.8762,34.682],[134.8769,34.6818],[134.8775,34.6817],[134.8781,34.6818],[134.8788,34.6819],[134.8793,34.6821],[134.8799,34.6825],[134.8835,34.6866],[134.8867,34.6903],[134.887,34.6908],[134.887,34.6909],[134.8871,34.6909],[134.8887,34.6901],[134.89,34.6888],[134.8904,34.6884],[134.8935,34.6869],[134.8982,34.6826],[134.9008,34.6799],[134.9049,34.675],[134.9054,34.6745],[134.9087,34.6729],[134.9094,34.6727],[134.9101,34.6726],[134.9136,34.673],[134.9153,34.6727],[134.9281,34.6687],[134.9306,34.6671],[134.934,34.6642],[134.941,34.661],[134.9451,34.6575],[134.9477,34.6563],[134.9552,34.6499],[134.9602,34.6475],[134.9606,34.6463],[134.9609,34.6459],[134.9612,34.6455],[134.9616,34.6451],[134.964,34.6439],[134.9645,34.6437],[134.9651,34.6436],[134.9658,34.6436],[134.9664,34.6436],[134.967,34.6438],[134.9671,34.6438],[134.9707,34.6417],[134.9712,34.6414],[134.9718,34.6412],[134.975,34.641],[134.9808,34.6396],[134.9875,34.639],[134.9882,34.639],[134.9912,34.6398],[134.9918,34.64],[134.9921,34.6402],[134.9925,34.6399],[134.993,34.6396],[134.9936,34.6394],[134.9942,34.6393],[135.0035,34.6398],[135.0119,34.6394],[135.0143,34.6397],[135.0144,34.6395],[135.0148,34.6391],[135.0152,34.6388],[135.0158,34.6385],[135.0163,34.6384],[135.017,34.6383],[135.0176,34.6383],[135.0182,34.6384],[135.0187,34.6386],[135.0192,34.6389],[135.0197,34.6392],[135.0199,34.6395],[135.0204,34.6393],[135.0249,34.6358],[135.0288,34.6323],[135.0287,34.6318],[135.0286,34.6313],[135.0287,34.6308],[135.0288,34.6303],[135.0291,34.6298],[135.0295,34.6294],[135.0346,34.6263],[135.0384,34.6246],[135.0407,34.6241],[135.0439,34.6225],[135.0443,34.6223],[135.0449,34.6221],[135.0515,34.6218],[135.0521,34.6218],[135.0527,34.6219],[135.0533,34.6221],[135.0538,34.6224],[135.0541,34.6226],[135.0542,34.6225],[135.0547,34.6222],[135.0553,34.6219],[135.0559,34.6218],[135.0566,34.6217],[135.0589,34.6222],[135.0595,34.6223],[135.0601,34.6226],[135.0606,34.6229],[135.0606,34.623],[135.0753,34.6257],[135.0759,34.6259],[135.0765,34.6262],[135.077,34.6265],[135.0773,34.627],[135.0776,34.6275],[135.0778,34.628],[135.0778,34.6287],[135.0809,34.6294],[135.0862,34.6311],[135.0933,34.6317],[135.0939,34.6319],[135.0945,34.6321],[135.0948,34.6323],[135.0975,34.6327],[135.1034,34.6345],[135.1041,34.6348],[135.1063,34.6367],[135.1073,34.6373],[135.1084,34.6372],[135.109,34.6372],[135.1096,34.6374],[135.112,34.6384],[135.1161,34.6386],[135.1167,34.6387],[135.1176,34.639],[135.1187,34.6387],[135.1193,34.6386],[135.12,34.6387],[135.1225,34.6394],[135.1228,34.6393],[135.1234,34.639],[135.124,34.6389],[135.1246,34.6389],[135.1253,34.639],[135.1259,34.6392],[135.1269,34.6397],[135.1294,34.6397],[135.1296,34.6396],[135.13,34.6392],[135.1306,34.6389],[135.1312,34.6386],[135.1339,34.6385],[135.1345,34.6385],[135.1351,34.6386],[135.1357,34.6388],[135.1358,34.6389],[135.1359,34.6389],[135.1365,34.6388],[135.1371,34.6387],[135.1377,34.6388],[135.149,34.6434],[135.1496,34.6437],[135.15,34.6436],[135.1506,34.6435],[135.1676,34.6453],[135.1837,34.6469],[135.1844,34.6471],[135.1851,34.6473],[135.1893,34.6507],[135.1897,34.6512],[135.19,34.6516],[135.1902,34.6521],[135.1903,34.6526],[135.1902,34.6532],[135.19,34.6537],[135.1898,34.6541],[135.1894,34.6545],[135.1884,34.6551],[135.1884,34.6553],[135.1884,34.6559],[135.1883,34.6564],[135.188,34.6569],[135.1876,34.6573],[135.1852,34.6589],[135.1847,34.6592],[135.1843,34.6593],[135.1847,34.6595],[135.1852,34.6599],[135.1855,34.6603],[135.1857,34.6606],[135.1858,34.6606],[135.1864,34.6606],[135.187,34.6607],[135.1876,34.6609],[135.1881,34.6612],[135.1885,34.6615],[135.1889,34.662],[135.1905,34.6661],[135.1906,34.6666],[135.1906,34.6671],[135.1905,34.6676],[135.1903,34.6681],[135.1899,34.6686],[135.192,34.6707],[135.1923,34.6711],[135.1925,34.6715],[135.1926,34.672],[135.1927,34.6725],[135.1926,34.673],[135.1904,34.6766],[135.1914,34.6772],[135.1918,34.677],[135.1924,34.6768],[135.1931,34.6767],[135.1948,34.677],[135.1954,34.6771],[135.1956,34.6771],[135.1974,34.6772],[135.198,34.6773],[135.1981,34.6774],[135.1982,34.6774],[135.1994,34.6774],[135.1997,34.6771],[135.2,34.6768],[135.2,34.6766],[135.2001,34.6763],[135.1991,34.6755],[135.1987,34.6751],[135.1984,34.6746],[135.1982,34.6741],[135.1986,34.6665],[135.1991,34.6591],[135.1992,34.6586],[135.1994,34.6581],[135.1997,34.6576],[135.2002,34.6572],[135.2007,34.6569],[135.2011,34.6568],[135.2012,34.6565],[135.2014,34.656],[135.2017,34.6556],[135.2021,34.6552],[135.2026,34.6549],[135.2032,34.6546],[135.2054,34.6543],[135.2151,34.648],[135.2156,34.6477],[135.2162,34.6475],[135.2168,34.6474],[135.2197,34.6475],[135.2452,34.6481],[135.2459,34.6482],[135.2465,34.6484],[135.247,34.6486],[135.2475,34.649],[135.2479,34.6494],[135.2482,34.6499],[135.2484,34.6504],[135.2484,34.651],[135.2483,34.6515],[135.2418,34.6624],[135.2415,34.6629],[135.241,34.6633],[135.2404,34.6636],[135.2398,34.6638],[135.2393,34.6639],[135.2394,34.6641],[135.2396,34.6645],[135.2397,34.665],[135.2397,34.6655],[135.2396,34.666],[135.2371,34.6703],[135.2365,34.6718],[135.2363,34.6723],[135.2359,34.6728],[135.2354,34.6732],[135.2352,34.6733],[135.2351,34.6738],[135.235,34.6743],[135.2347,34.6748],[135.2343,34.6752],[135.23,34.678],[135.2294,34.6782],[135.2288,34.6784],[135.2287,34.6784],[135.2284,34.6792],[135.2281,34.6798],[135.225,34.6824],[135.2223,34.6847],[135.2218,34.685],[135.2213,34.6853],[135.2207,34.6854],[135.22,34.6855],[135.214,34.6846],[135.22,34.6878],[135.2205,34.6881],[135.2209,34.6885],[135.2212,34.689],[135.2214,34.6895],[135.2215,34.69],[135.2218,34.6897],[135.2224,34.6894],[135.223,34.6891],[135.2237,34.689],[135.2387,34.6906],[135.2394,34.6907],[135.2399,34.6909],[135.2404,34.6912],[135.2409,34.6916],[135.2412,34.692],[135.2415,34.6925],[135.2416,34.693],[135.2416,34.6935],[135.2415,34.694],[135.2386,34.6986],[135.2393,34.6986],[135.2441,34.6969],[135.2447,34.6967],[135.2452,34.6967],[135.2566,34.6979],[135.2508,34.6958],[135.2503,34.6955],[135.2498,34.6951],[135.2494,34.6947],[135.2491,34.6942],[135.249,34.6936],[135.2494,34.6882],[135.2503,34.6828],[135.2512,34.6774],[135.2514,34.6769],[135.2516,34.6764],[135.252,34.676],[135.2525,34.6756],[135.253,34.6753],[135.2536,34.6752],[135.2543,34.6751],[135.2588,34.6755],[135.2738,34.6774],[135.2773,34.6775],[135.2909,34.679],[135.2916,34.6792],[135.2922,34.6794],[135.2927,34.6797],[135.2931,34.6801],[135.2934,34.6805],[135.2937,34.681],[135.2938,34.6815],[135.2927,34.6884],[135.2926,34.6889],[135.2923,34.6894],[135.292,34.6897],[135.2921,34.6897],[135.2923,34.6902],[135.2924,34.6907],[135.2914,34.697],[135.2912,34.6976],[135.2909,34.6981],[135.2905,34.6985],[135.29,34.6989],[135.2894,34.6992],[135.2804,34.7004],[135.2885,34.7013],[135.2892,34.7014],[135.2897,34.7016],[135.2903,34.7019],[135.2907,34.7023],[135.291,34.7028],[135.2911,34.7028],[135.2913,34.7026],[135.2918,34.7023],[135.2924,34.7021],[135.293,34.702],[135.297,34.7023],[135.3005,34.7026],[135.3049,34.7033],[135.3056,34.7034],[135.3062,34.7037],[135.3067,34.7041],[135.3071,34.7045],[135.3074,34.705],[135.3075,34.7053],[135.3085,34.7051],[135.3089,34.7045],[135.3092,34.704],[135.3097,34.7036],[135.3102,34.7033],[135.3108,34.7031],[135.3206,34.7022],[135.3213,34.7022],[135.3219,34.7023],[135.3225,34.7025],[135.3242,34.7036],[135.3247,34.704],[135.3251,34.7045],[135.3253,34.7051],[135.3254,34.7077],[135.3337,34.7077],[135.3392,34.7082],[135.3399,34.7084],[135.3405,34.7086],[135.3418,34.7042],[135.342,34.7037],[135.3422,34.7033],[135.3447,34.7011],[135.3451,34.7007],[135.3457,34.7004],[135.3463,34.7003],[135.3469,34.7002],[135.3476,34.7002],[135.3482,34.7003],[135.3488,34.7006],[135.3522,34.703],[135.3553,34.7053],[135.3558,34.7057],[135.3561,34.7062],[135.3584,34.7041],[135.3587,34.7039],[135.3586,34.7037],[135.358,34.7035],[135.3517,34.6988],[135.3513,34.6984],[135.3509,34.698],[135.3507,34.6975],[135.3506,34.6969],[135.3507,34.6964],[135.3508,34.6959],[135.3511,34.6954],[135.3562,34.6908],[135.3608,34.6866],[135.3613,34.6863],[135.3619,34.686],[135.3625,34.6858],[135.3631,34.6858],[135.3638,34.6858],[135.3644,34.6859],[135.365,34.6862],[135.368,34.6885],[135.3656,34.6844],[135.3654,34.6839],[135.3653,34.6833],[135.3653,34.6828],[135.3655,34.6823],[135.3658,34.6818],[135.3689,34.679],[135.3694,34.6787],[135.37,34.6784],[135.3706,34.6782],[135.3707,34.6782],[135.3709,34.6777],[135.3711,34.6772],[135.3738,34.6748],[135.3744,34.6744],[135.375,34.6742],[135.3757,34.674],[135.3764,34.674],[135.3928,34.6775],[135.3934,34.6776],[135.3939,34.6779],[135.3943,34.6782],[135.4062,34.6928]],[[135.2696,34.6994],[135.2695,34.699],[135.2672,34.6987],[135.2671,34.699],[135.2686,34.6992],[135.2692,34.6993],[135.2696,34.6994]],[[135.2071,34.6816],[135.207,34.6814],[135.2072,34.6803],[135.2068,34.6801],[135.2066,34.6802],[135.2062,34.6818],[135.2064,34.6818],[135.2069,34.6816],[135.2071,34.6816]],[[134.662,34.7799],[134.6626,34.7808],[134.6629,34.7809],[134.6636,34.7811],[134.6652,34.78],[134.6648,34.7801],[134.6642,34.7802],[134.6635,34.7802],[134.662,34.7799]],[[134.6308,34.7804],[134.6299,34.7811],[134.6316,34.7811],[134.6308,34.7804]],[[134.4674,34.7652],[134.4673,34.7653],[134.467,34.7658],[134.4639,34.7684],[134.464,34.7686],[134.464,34.7691],[134.4639,34.7696],[134.4624,34.7721],[134.4625,34.7725],[134.4625,34.7731],[134.4603,34.7787],[134.4607,34.779],[134.4611,34.7794],[134.4614,34.7799],[134.4615,34.7804],[134.4615,34.781],[134.4606,34.7837],[134.4606,34.7839],[134.4613,34.7841],[134.4619,34.7844],[134.4623,34.7846],[134.4628,34.785],[134.4631,34.7855],[134.464,34.7854],[134.4647,34.7853],[134.4654,34.7854],[134.466,34.7856],[134.4666,34.7858],[134.4671,34.7862],[134.4684,34.788],[134.4698,34.787],[134.4695,34.787],[134.4689,34.7869],[134.4683,34.7868],[134.4678,34.7865],[134.4673,34.7862],[134.4669,34.7858],[134.4666,34.7853],[134.4665,34.7848],[134.4664,34.7784],[134.4665,34.7779],[134.4666,34.7774],[134.4669,34.7769],[134.4674,34.7765],[134.4685,34.7758],[134.4681,34.7743],[134.4672,34.7732],[134.467,34.7727],[134.4668,34.7723],[134.4666,34.7685],[134.4666,34.768],[134.4668,34.7675],[134.4671,34.767],[134.4675,34.7666],[134.4674,34.7665],[134.4673,34.766],[134.4673,34.7654],[134.4674,34.7652]],[[134.6682,35.6598],[134.6686,35.6593],[134.6685,35.6593],[134.6674,35.6587],[134.6674,35.6591],[134.6682,35.6598]],[[135.3795,34.6843],[135.3798,34.6847],[135.3799,34.6852],[135.38,34.6857],[135.3799,34.6862],[135.3798,34.6867],[135.379,34.6878],[135.3794,34.6888],[135.3806,34.6887],[135.3812,34.6886],[135.3818,34.6887],[135.3824,34.6888],[135.3829,34.689],[135.3834,34.6894],[135.3838,34.6897],[135.3841,34.6903],[135.3885,34.6893],[135.3887,34.6893],[135.3804,34.6846],[135.3795,34.6843]]],[[[135.2715,34.6636],[135.2717,34.6622],[135.2736,34.6509],[135.2737,34.6504],[135.274,34.6499],[135.2744,34.6494],[135.2749,34.6491],[135.2755,34.6488],[135.2762,34.6487],[135.2829,34.6487],[135.2835,34.6488],[135.2841,34.6489],[135.2846,34.6492],[135.2851,34.6495],[135.2855,34.6499],[135.2858,34.6503],[135.286,34.6508],[135.2861,34.6513],[135.2837,34.6664],[135.2836,34.6669],[135.2833,34.6674],[135.2829,34.6679],[135.2824,34.6682],[135.2819,34.6685],[135.2813,34.6687],[135.2807,34.6688],[135.2741,34.6681],[135.2735,34.668],[135.2729,34.6677],[135.2724,34.6674],[135.2719,34.6671],[135.2716,34.6666],[135.2714,34.6661],[135.2713,34.6656],[135.2715,34.6636]]],[[[135.208,34.6382],[135.2061,34.6354],[135.2059,34.6349],[135.2058,34.6344],[135.2058,34.6314],[135.206,34.6299],[135.2061,34.6294],[135.2064,34.6289],[135.2068,34.6284],[135.2072,34.628],[135.2095,34.627],[135.2101,34.6268],[135.2108,34.6267],[135.2115,34.6267],[135.2155,34.6279],[135.226,34.6287],[135.2263,34.6285],[135.2269,34.6282],[135.2275,34.628],[135.2282,34.6279],[135.2289,34.628],[135.2295,34.6281],[135.2302,34.6284],[135.2312,34.6291],[135.239,34.6297],[135.2396,34.6298],[135.2419,34.6307],[135.2425,34.631],[135.243,34.6313],[135.2433,34.6318],[135.2436,34.6323],[135.2437,34.6328],[135.2436,34.6351],[135.2434,34.6356],[135.2432,34.6361],[135.2428,34.6366],[135.2423,34.6369],[135.2418,34.6372],[135.2415,34.6373],[135.2414,34.6382],[135.2413,34.6386],[135.2386,34.643],[135.2383,34.6434],[135.2378,34.6438],[135.2373,34.6441],[135.2367,34.6443],[135.236,34.6444],[135.2317,34.6441],[135.231,34.644],[135.2304,34.6438],[135.2299,34.6435],[135.2297,34.6433],[135.2294,34.6435],[135.2288,34.6437],[135.2282,34.6438],[135.2132,34.6427],[135.2125,34.6426],[135.2111,34.6419],[135.2106,34.6417],[135.2103,34.6413],[135.208,34.6382]]],[[[134.4309,34.651],[134.4302,34.6493],[134.4301,34.6488],[134.4301,34.6483],[134.4302,34.6478],[134.4304,34.6473],[134.4307,34.6469],[134.4328,34.6452],[134.4333,34.6449],[134.4339,34.6447],[134.4346,34.6445],[134.4352,34.6445],[134.4359,34.6446],[134.4365,34.6448],[134.4391,34.6466],[134.4392,34.6466],[134.4404,34.6462],[134.441,34.6461],[134.4416,34.6461],[134.4422,34.6462],[134.4428,34.6464],[134.4433,34.6467],[134.4438,34.647],[134.4441,34.6474],[134.4444,34.6478],[134.4446,34.6483],[134.4446,34.6515],[134.4445,34.6521],[134.4428,34.6551],[134.4425,34.6556],[134.442,34.656],[134.4414,34.6563],[134.4408,34.6565],[134.4402,34.6566],[134.4395,34.6566],[134.4388,34.6565],[134.4382,34.6562],[134.4377,34.6559],[134.4375,34.6557],[134.4371,34.6557],[134.4364,34.6556],[134.4332,34.6543],[134.4326,34.6541],[134.4321,34.6537],[134.4318,34.6532],[134.4309,34.651]]],[[[134.5312,34.6487],[134.5296,34.6483],[134.529,34.6481],[134.5285,34.6479],[134.5271,34.6465],[134.5267,34.6461],[134.5264,34.6456],[134.526,34.643],[134.526,34.6425],[134.5261,34.642],[134.5263,34.6415],[134.5266,34.6411],[134.527,34.6407],[134.5288,34.6397],[134.5294,34.6395],[134.5299,34.6394],[134.5305,34.6394],[134.5311,34.6394],[134.5317,34.6395],[134.5332,34.6402],[134.5352,34.6407],[134.5358,34.6409],[134.5363,34.6411],[134.5368,34.6415],[134.5372,34.6419],[134.5374,34.6424],[134.5379,34.6447],[134.538,34.6453],[134.5378,34.6459],[134.5366,34.6479],[134.5362,34.6483],[134.5357,34.6486],[134.5352,34.6489],[134.5346,34.6491],[134.534,34.6492],[134.5334,34.6492],[134.5312,34.6487]]],[[[134.4968,34.6271],[134.4977,34.6268],[134.4983,34.6266],[134.4989,34.6266],[134.4996,34.6267],[134.5001,34.6268],[134.5007,34.627],[134.5012,34.6273],[134.5029,34.6293],[134.5032,34.6297],[134.5034,34.6301],[134.5035,34.6306],[134.5033,34.6335],[134.504,34.635],[134.5042,34.6356],[134.5043,34.6361],[134.5042,34.6366],[134.504,34.6372],[134.5036,34.6376],[134.5032,34.638],[134.5026,34.6384],[134.502,34.6386],[134.4999,34.6388],[134.4992,34.6388],[134.4985,34.6387],[134.496,34.6375],[134.4954,34.6372],[134.495,34.6368],[134.4947,34.6363],[134.4945,34.6358],[134.4944,34.6353],[134.4945,34.6348],[134.494,34.6342],[134.4936,34.6337],[134.4931,34.6314],[134.493,34.631],[134.4931,34.6305],[134.4932,34.63],[134.4942,34.6286],[134.4946,34.6281],[134.4952,34.6277],[134.4968,34.6271]]],[[[134.5,34.6414],[134.5019,34.6398],[134.5024,34.6395],[134.5045,34.6388],[134.5045,34.6385],[134.5047,34.638],[134.5051,34.6376],[134.5056,34.6372],[134.5061,34.6369],[134.5067,34.6367],[134.5097,34.6364],[134.5125,34.6344],[134.513,34.6341],[134.5136,34.6339],[134.5143,34.6338],[134.5149,34.6338],[134.5156,34.634],[134.5162,34.6342],[134.5167,34.6345],[134.5172,34.6349],[134.5175,34.6353],[134.5181,34.637],[134.5203,34.6383],[134.5208,34.6386],[134.5212,34.639],[134.5214,34.6394],[134.5216,34.6399],[134.5217,34.6404],[134.5217,34.6409],[134.5215,34.6414],[134.5213,34.6419],[134.5209,34.6423],[134.5206,34.6425],[134.5208,34.6428],[134.521,34.6433],[134.5211,34.6438],[134.5212,34.6443],[134.521,34.6448],[134.5203,34.646],[134.52,34.6465],[134.5195,34.6469],[134.519,34.6472],[134.5183,34.6474],[134.5175,34.6475],[134.5185,34.6475],[134.5191,34.6476],[134.5197,34.6478],[134.5202,34.6481],[134.5207,34.6484],[134.5211,34.6489],[134.5213,34.6493],[134.5222,34.6541],[134.5222,34.6547],[134.5221,34.6552],[134.5219,34.6557],[134.5215,34.6562],[134.521,34.6566],[134.5191,34.6574],[134.5193,34.6586],[134.5193,34.6591],[134.5191,34.6596],[134.5189,34.6601],[134.5186,34.6605],[134.5173,34.6615],[134.5167,34.6619],[134.5161,34.6621],[134.5154,34.6622],[134.5147,34.6622],[134.5141,34.6621],[134.5117,34.661],[134.5112,34.6607],[134.5107,34.6603],[134.5104,34.6599],[134.5102,34.6594],[134.5101,34.6589],[134.5104,34.6563],[134.5103,34.6563],[134.5097,34.656],[134.5091,34.6557],[134.5087,34.6553],[134.5083,34.6545],[134.5077,34.6546],[134.5071,34.6547],[134.5065,34.6546],[134.5059,34.6544],[134.503,34.6529],[134.5017,34.6522],[134.5005,34.6543],[134.5002,34.6548],[134.4997,34.6551],[134.4992,34.6555],[134.4987,34.6557],[134.4985,34.6557],[134.4988,34.6571],[134.4989,34.6577],[134.4983,34.6601],[134.498,34.6606],[134.4977,34.661],[134.4973,34.6614],[134.4968,34.6617],[134.4962,34.662],[134.4957,34.6621],[134.4961,34.6632],[134.4971,34.6641],[134.4975,34.6644],[134.4989,34.6667],[134.4992,34.6672],[134.4993,34.6678],[134.4993,34.6683],[134.4991,34.6688],[134.4988,34.6693],[134.4985,34.6697],[134.498,34.6701],[134.4974,34.6704],[134.4968,34.6706],[134.4961,34.6706],[134.496,34.6708],[134.4957,34.6713],[134.4953,34.6717],[134.4948,34.6721],[134.4942,34.6723],[134.4936,34.6725],[134.4901,34.6725],[134.4873,34.6735],[134.4867,34.6736],[134.4861,34.6737],[134.4855,34.6736],[134.4849,34.6735],[134.4843,34.6733],[134.4838,34.673],[134.4834,34.6726],[134.4831,34.6722],[134.4817,34.6686],[134.4816,34.668],[134.4816,34.6675],[134.4818,34.6669],[134.4821,34.6664],[134.4827,34.6658],[134.4828,34.6647],[134.4828,34.6645],[134.4807,34.6659],[134.4801,34.6662],[134.4796,34.6664],[134.4789,34.6665],[134.4783,34.6665],[134.4777,34.6664],[134.4771,34.6662],[134.474,34.6642],[134.4735,34.6638],[134.4732,34.6634],[134.4729,34.6629],[134.4729,34.6628],[134.4718,34.6629],[134.4734,34.6654],[134.4736,34.6659],[134.4737,34.6665],[134.4737,34.667],[134.4735,34.6675],[134.4733,34.668],[134.4729,34.6684],[134.4724,34.6688],[134.4707,34.6695],[134.4702,34.6697],[134.4696,34.6698],[134.469,34.6697],[134.4684,34.6696],[134.4678,34.6695],[134.4673,34.6692],[134.4669,34.6688],[134.4658,34.6675],[134.463,34.6668],[134.4623,34.6666],[134.4618,34.6664],[134.4613,34.666],[134.4609,34.6655],[134.4599,34.6628],[134.4597,34.6622],[134.4598,34.6617],[134.4604,34.66],[134.4601,34.6599],[134.4595,34.6596],[134.4591,34.6593],[134.4575,34.6572],[134.4573,34.6567],[134.4571,34.6562],[134.4571,34.6556],[134.4572,34.6551],[134.4584,34.6531],[134.4581,34.6528],[134.4576,34.6524],[134.4573,34.652],[134.4571,34.6514],[134.457,34.6509],[134.4571,34.6504],[134.4582,34.6481],[134.457,34.6477],[134.4565,34.6474],[134.456,34.647],[134.4556,34.6465],[134.4554,34.646],[134.4552,34.6455],[134.4552,34.645],[134.4554,34.6444],[134.4556,34.6439],[134.456,34.6435],[134.4565,34.6431],[134.461,34.6413],[134.462,34.6398],[134.4624,34.6394],[134.4628,34.639],[134.4633,34.6388],[134.4666,34.6378],[134.4672,34.6377],[134.4678,34.6377],[134.4684,34.6377],[134.469,34.6379],[134.4695,34.6382],[134.47,34.6385],[134.472,34.6409],[134.4759,34.644],[134.479,34.6459],[134.4793,34.6454],[134.4797,34.645],[134.4801,34.6446],[134.4807,34.6444],[134.4823,34.644],[134.4818,34.6436],[134.4814,34.6432],[134.4811,34.6427],[134.4809,34.6422],[134.4809,34.6417],[134.4809,34.6412],[134.4811,34.6407],[134.4815,34.6402],[134.4819,34.6398],[134.4824,34.6395],[134.4829,34.6392],[134.4835,34.6391],[134.4899,34.6391],[134.4905,34.6391],[134.4911,34.6393],[134.4917,34.6395],[134.4922,34.6399],[134.4938,34.6418],[134.4941,34.6416],[134.4946,34.6414],[134.4969,34.6408],[134.4975,34.6407],[134.4981,34.6408],[134.4986,34.6408],[134.5,34.6414]]],[[[134.5266,34.6876],[134.5247,34.687],[134.5242,34.6867],[134.5237,34.6865],[134.5233,34.6861],[134.5217,34.6836],[134.5216,34.6837],[134.5209,34.6839],[134.5202,34.684],[134.5194,34.6839],[134.5185,34.6836],[134.5179,34.6839],[134.5172,34.6842],[134.5165,34.6843],[134.5158,34.6842],[134.5152,34.6841],[134.5145,34.6839],[134.5127,34.6825],[134.5124,34.6826],[134.5118,34.6826],[134.5111,34.6826],[134.5105,34.6825],[134.5099,34.6823],[134.5094,34.682],[134.509,34.6816],[134.5086,34.6811],[134.5074,34.6774],[134.5073,34.6768],[134.5073,34.6763],[134.5075,34.6757],[134.5087,34.6741],[134.5091,34.6737],[134.5096,34.6733],[134.5105,34.6729],[134.5103,34.671],[134.5103,34.6705],[134.5104,34.67],[134.5107,34.6695],[134.511,34.6691],[134.5114,34.6687],[134.5119,34.6684],[134.5141,34.6677],[134.5144,34.6672],[134.5147,34.6667],[134.5151,34.6663],[134.5156,34.6659],[134.5162,34.6657],[134.5168,34.6655],[134.5201,34.6655],[134.5204,34.6646],[134.5207,34.6641],[134.5211,34.6637],[134.5215,34.6633],[134.5221,34.663],[134.5227,34.6628],[134.5233,34.6627],[134.524,34.6627],[134.5246,34.6629],[134.5248,34.6629],[134.5249,34.6628],[134.5255,34.6625],[134.527,34.6623],[134.5285,34.6609],[134.5289,34.6606],[134.5293,34.6603],[134.532,34.6594],[134.5321,34.6594],[134.5331,34.6574],[134.5334,34.6569],[134.5339,34.6564],[134.5344,34.6561],[134.535,34.6559],[134.5357,34.6557],[134.539,34.6558],[134.5414,34.6555],[134.542,34.6555],[134.5427,34.6556],[134.5432,34.6557],[134.5438,34.656],[134.5443,34.6563],[134.5458,34.6582],[134.5459,34.6582],[134.5466,34.6583],[134.5472,34.6586],[134.5477,34.6589],[134.5481,34.6593],[134.5485,34.6598],[134.5492,34.662],[134.5493,34.6625],[134.5487,34.6653],[134.5468,34.6694],[134.5469,34.6694],[134.5473,34.6698],[134.5476,34.6702],[134.5486,34.6735],[134.5487,34.674],[134.5486,34.6745],[134.5481,34.6761],[134.5491,34.6782],[134.5493,34.6787],[134.5494,34.6792],[134.5494,34.6798],[134.5492,34.6803],[134.5489,34.6807],[134.5485,34.6811],[134.548,34.6815],[134.5475,34.6817],[134.5447,34.6823],[134.5441,34.6824],[134.5435,34.6824],[134.5429,34.6823],[134.5424,34.6821],[134.5419,34.6818],[134.5414,34.6814],[134.5408,34.6805],[134.5398,34.681],[134.5392,34.6813],[134.5385,34.6814],[134.5378,34.6814],[134.5369,34.6812],[134.5392,34.6823],[134.5398,34.6826],[134.5402,34.683],[134.5406,34.6834],[134.5408,34.684],[134.5409,34.6845],[134.5409,34.685],[134.5407,34.6856],[134.5404,34.6861],[134.5377,34.6884],[134.5372,34.6888],[134.5366,34.689],[134.536,34.6892],[134.5353,34.6892],[134.5346,34.6892],[134.534,34.689],[134.5334,34.6887],[134.5329,34.6883],[134.5323,34.6874],[134.5321,34.6876],[134.5316,34.6879],[134.531,34.6882],[134.5304,34.6884],[134.5298,34.6884],[134.5291,34.6884],[134.5266,34.6876]]],[[[134.594,34.6674],[134.5936,34.6687],[134.5933,34.6693],[134.593,34.6698],[134.588,34.6731],[134.5875,34.6734],[134.5869,34.6736],[134.5863,34.6737],[134.5857,34.6737],[134.5851,34.6736],[134.583,34.6728],[134.5827,34.6733],[134.5828,34.6738],[134.5828,34.6744],[134.5827,34.6749],[134.5825,34.6754],[134.5821,34.6759],[134.5816,34.6763],[134.5811,34.6766],[134.5804,34.6768],[134.5782,34.677],[134.5763,34.6787],[134.5758,34.6791],[134.5751,34.6794],[134.5745,34.6796],[134.571,34.6795],[134.5703,34.6795],[134.5697,34.6793],[134.5672,34.6778],[134.5667,34.6775],[134.5664,34.6771],[134.5661,34.6766],[134.5659,34.6762],[134.5659,34.6756],[134.5659,34.6751],[134.5663,34.6743],[134.5655,34.6742],[134.5649,34.6741],[134.5643,34.674],[134.5602,34.6715],[134.5597,34.6712],[134.5593,34.6708],[134.559,34.6703],[134.5586,34.6685],[134.5586,34.6679],[134.5587,34.6673],[134.5596,34.6658],[134.5597,34.6653],[134.5597,34.6652],[134.5594,34.6648],[134.5592,34.6643],[134.5591,34.6638],[134.5592,34.6633],[134.5594,34.6628],[134.5596,34.6624],[134.5628,34.6594],[134.5633,34.6591],[134.5633,34.659],[134.5635,34.6582],[134.5637,34.6577],[134.5641,34.6572],[134.5645,34.6568],[134.5651,34.6564],[134.5657,34.6562],[134.5659,34.6562],[134.5659,34.6561],[134.5663,34.6541],[134.5665,34.6536],[134.5681,34.6511],[134.5686,34.6505],[134.5712,34.649],[134.5718,34.6488],[134.5755,34.6482],[134.5762,34.6482],[134.5768,34.6483],[134.5775,34.6485],[134.5799,34.65],[134.5804,34.6504],[134.5807,34.6508],[134.581,34.6512],[134.5811,34.6517],[134.5812,34.6522],[134.5809,34.6536],[134.5835,34.6527],[134.5841,34.6525],[134.5847,34.6524],[134.5854,34.6525],[134.586,34.6526],[134.5866,34.6529],[134.5871,34.6532],[134.5875,34.6536],[134.5878,34.6541],[134.5885,34.6566],[134.5896,34.6575],[134.5912,34.6584],[134.5917,34.6587],[134.5934,34.6604],[134.5938,34.6608],[134.594,34.6613],[134.5945,34.6652],[134.5945,34.6656],[134.594,34.6674]]],[[[134.4882,34.5965],[134.4886,34.5976],[134.4888,34.5981],[134.4888,34.5986],[134.4887,34.5992],[134.4875,34.6011],[134.4872,34.6015],[134.4867,34.6019],[134.4863,34.6021],[134.4857,34.6024],[134.4851,34.6025],[134.4845,34.6025],[134.4815,34.602],[134.4802,34.6023],[134.4796,34.6023],[134.479,34.6023],[134.4784,34.6022],[134.4778,34.602],[134.4773,34.6017],[134.4769,34.6013],[134.4765,34.6008],[134.4763,34.6003],[134.4761,34.5989],[134.4746,34.5979],[134.474,34.5975],[134.4736,34.597],[134.4734,34.5965],[134.4731,34.5932],[134.4732,34.5927],[134.4733,34.5922],[134.4736,34.5917],[134.474,34.5913],[134.4745,34.591],[134.475,34.5907],[134.4756,34.5905],[134.4785,34.5903],[134.4792,34.5904],[134.4799,34.5906],[134.4813,34.5913],[134.4819,34.5912],[134.4826,34.5912],[134.4832,34.5913],[134.4838,34.5915],[134.4843,34.5918],[134.4872,34.5947],[134.4876,34.5951],[134.4882,34.5965]]],[[[134.6424,34.6879],[134.6416,34.6886],[134.6411,34.689],[134.6386,34.6899],[134.638,34.6901],[134.6374,34.6901],[134.6367,34.6901],[134.6362,34.69],[134.6356,34.6897],[134.6351,34.6894],[134.6347,34.6891],[134.6332,34.6867],[134.633,34.6862],[134.6329,34.6856],[134.6329,34.6851],[134.6331,34.6845],[134.6334,34.6841],[134.6338,34.6836],[134.6343,34.6833],[134.6349,34.683],[134.6353,34.6829],[134.6354,34.6826],[134.6356,34.6821],[134.6359,34.6816],[134.6364,34.6812],[134.637,34.6809],[134.6376,34.6807],[134.6383,34.6806],[134.6404,34.6808],[134.641,34.6809],[134.6415,34.681],[134.642,34.6813],[134.6424,34.6817],[134.6428,34.6821],[134.6439,34.6844],[134.6441,34.6849],[134.6441,34.6854],[134.644,34.6859],[134.6439,34.6864],[134.6436,34.6868],[134.6424,34.6879]]],[[[134.7154,34.691],[134.7148,34.6911],[134.7141,34.6912],[134.7134,34.6911],[134.7127,34.6909],[134.7121,34.6906],[134.7105,34.6892],[134.7101,34.6888],[134.7098,34.6883],[134.7097,34.6878],[134.7097,34.6872],[134.7105,34.6847],[134.7107,34.6842],[134.711,34.6838],[134.7115,34.6834],[134.712,34.6831],[134.7125,34.6829],[134.7131,34.6828],[134.715,34.6828],[134.7157,34.6829],[134.7163,34.683],[134.7169,34.6833],[134.7174,34.6837],[134.7177,34.6841],[134.718,34.6846],[134.7186,34.6879],[134.7186,34.6884],[134.7185,34.6889],[134.7183,34.6894],[134.718,34.6898],[134.7176,34.6902],[134.7171,34.6905],[134.7166,34.6907],[134.7154,34.691]]],[[[134.6081,34.6742],[134.6097,34.6743],[134.6103,34.6743],[134.6108,34.6745],[134.6128,34.6754],[134.6133,34.6757],[134.6137,34.6761],[134.6141,34.6766],[134.6143,34.6771],[134.6143,34.6777],[134.6143,34.6782],[134.6141,34.6787],[134.6138,34.6792],[134.612,34.6808],[134.6115,34.6811],[134.6109,34.6814],[134.6102,34.6815],[134.6095,34.6816],[134.6089,34.6815],[134.6079,34.6812],[134.6076,34.6813],[134.6069,34.6813],[134.6063,34.6813],[134.6056,34.6812],[134.605,34.6809],[134.6045,34.6806],[134.6041,34.6801],[134.6038,34.6796],[134.6032,34.6774],[134.6032,34.6768],[134.6033,34.6763],[134.6035,34.6758],[134.6038,34.6753],[134.6042,34.6749],[134.6047,34.6746],[134.6053,34.6744],[134.6059,34.6742],[134.6081,34.6742]]],[[[134.9616,34.2797],[134.9616,34.2818],[134.9615,34.2823],[134.9607,34.284],[134.9605,34.2844],[134.9586,34.2864],[134.9565,34.2899],[134.9557,34.2932],[134.9556,34.2937],[134.9553,34.2941],[134.952,34.2972],[134.9512,34.2989],[134.9509,34.2994],[134.9506,34.2998],[134.9501,34.3001],[134.9496,34.3004],[134.949,34.3005],[134.9484,34.3006],[134.945,34.3003],[134.9449,34.3004],[134.9422,34.3015],[134.9387,34.3043],[134.9361,34.3057],[134.9356,34.3059],[134.9323,34.3065],[134.9305,34.3074],[134.925,34.3117],[134.9237,34.313],[134.9223,34.315],[134.9214,34.3176],[134.9216,34.3205],[134.9209,34.3244],[134.9187,34.332],[134.9185,34.3325],[134.9181,34.333],[134.9177,34.3334],[134.9172,34.3337],[134.917,34.3338],[134.9179,34.3354],[134.9181,34.3359],[134.9182,34.3363],[134.9182,34.3368],[134.918,34.3373],[134.9163,34.3403],[134.9144,34.3424],[134.9139,34.3428],[134.9134,34.3432],[134.9108,34.3438],[134.9102,34.3439],[134.9096,34.3439],[134.9067,34.3433],[134.9057,34.3433],[134.9013,34.3478],[134.9005,34.3483],[134.9004,34.349],[134.9003,34.3495],[134.8976,34.3537],[134.8988,34.3558],[134.899,34.3563],[134.8991,34.3568],[134.8988,34.3592],[134.8993,34.3599],[134.8995,34.3605],[134.8996,34.361],[134.8996,34.3616],[134.8989,34.3634],[134.899,34.3645],[134.8995,34.3647],[134.9,34.3651],[134.9005,34.3655],[134.9008,34.366],[134.9013,34.3688],[134.9013,34.3692],[134.9005,34.3726],[134.9008,34.373],[134.9011,34.3734],[134.9013,34.3739],[134.9014,34.3744],[134.9013,34.3749],[134.9012,34.3754],[134.8997,34.3776],[134.8995,34.3803],[134.8997,34.3807],[134.9,34.3812],[134.9002,34.3817],[134.9002,34.3823],[134.8991,34.3859],[134.8991,34.3879],[134.898,34.3987],[134.8986,34.4005],[134.8998,34.4022],[134.902,34.4086],[134.9021,34.409],[134.9021,34.4095],[134.902,34.41],[134.9018,34.4104],[134.9009,34.4115],[134.9014,34.4118],[134.9019,34.4122],[134.9022,34.4126],[134.9042,34.4178],[134.9043,34.4183],[134.9044,34.4186],[134.9046,34.4187],[134.9051,34.419],[134.9077,34.4222],[134.9137,34.428],[134.9141,34.4284],[134.9144,34.4289],[134.9145,34.4295],[134.9145,34.4301],[134.9143,34.4306],[134.914,34.4311],[134.9136,34.4316],[134.9117,34.4327],[134.9122,34.4329],[134.9127,34.4332],[134.9128,34.4333],[134.9139,34.4326],[134.9145,34.4323],[134.9151,34.4321],[134.9157,34.4321],[134.9164,34.4321],[134.917,34.4322],[134.9176,34.4324],[134.9181,34.4328],[134.9267,34.4425],[134.927,34.4429],[134.9272,34.4434],[134.9273,34.4439],[134.9273,34.4441],[134.9275,34.4441],[134.928,34.4444],[134.9366,34.4529],[134.9419,34.4566],[134.9424,34.457],[134.9427,34.4574],[134.943,34.4579],[134.9431,34.4585],[134.943,34.459],[134.9429,34.4595],[134.9427,34.46],[134.9423,34.4604],[134.9418,34.4608],[134.9425,34.4611],[134.943,34.4615],[134.9456,34.4643],[134.9459,34.4647],[134.9481,34.4703],[134.9503,34.4732],[134.9536,34.4772],[134.954,34.4778],[134.9544,34.4793],[134.9555,34.481],[134.9569,34.482],[134.9575,34.4824],[134.9583,34.4839],[134.9594,34.4846],[134.9599,34.4851],[134.9612,34.4873],[134.9628,34.4886],[134.9657,34.4903],[134.9687,34.4915],[134.9693,34.4918],[134.9713,34.4936],[134.9739,34.4945],[134.9745,34.4948],[134.9788,34.4985],[134.9822,34.502],[134.9825,34.5024],[134.9827,34.5028],[134.9831,34.5049],[134.9843,34.5069],[134.9886,34.511],[134.9914,34.5144],[134.992,34.5161],[134.9957,34.5215],[134.9967,34.5244],[134.9968,34.5249],[134.9965,34.5288],[134.9971,34.5311],[134.997,34.5342],[134.9974,34.5348],[134.9976,34.5353],[134.9979,34.5409],[134.9979,34.5413],[134.9977,34.5416],[134.9978,34.5417],[134.9981,34.5421],[134.9984,34.5426],[134.9984,34.543],[134.9989,34.5432],[134.9994,34.5435],[135.002,34.5464],[135.0036,34.5472],[135.0041,34.5476],[135.0045,34.548],[135.0048,34.5484],[135.005,34.5489],[135.0051,34.5494],[135.0051,34.5498],[135.009,34.554],[135.0097,34.5542],[135.0102,34.5544],[135.0157,34.5582],[135.0203,34.5629],[135.0224,34.5657],[135.0256,34.5707],[135.0274,34.5728],[135.0287,34.5756],[135.0289,34.576],[135.029,34.5765],[135.0282,34.5814],[135.0281,34.5819],[135.0278,34.5824],[135.0274,34.5828],[135.027,34.5832],[135.0264,34.5835],[135.0265,34.5875],[135.0264,34.588],[135.0258,34.5897],[135.0255,34.5902],[135.0251,34.5907],[135.0229,34.592],[135.0222,34.5923],[135.0215,34.5924],[135.0199,34.5924],[135.0195,34.5926],[135.0186,34.594],[135.0182,34.5945],[135.0165,34.5957],[135.0151,34.5974],[135.0138,34.6005],[135.0135,34.6021],[135.0134,34.6026],[135.0131,34.6031],[135.0127,34.6036],[135.0103,34.6052],[135.0092,34.6073],[135.0069,34.6099],[135.0064,34.6104],[135.0036,34.6116],[135.0031,34.6118],[135.0025,34.6118],[135.0019,34.6119],[134.9964,34.6107],[134.9911,34.6096],[134.9826,34.606],[134.982,34.6057],[134.9816,34.6053],[134.9797,34.6027],[134.977,34.601],[134.9756,34.6006],[134.975,34.6004],[134.9744,34.6001],[134.9699,34.5952],[134.9671,34.5909],[134.9638,34.5882],[134.9634,34.5879],[134.9631,34.5874],[134.9623,34.5852],[134.9618,34.5848],[134.9614,34.5844],[134.9611,34.5839],[134.9606,34.5822],[134.9576,34.5774],[134.9553,34.5756],[134.955,34.5753],[134.9526,34.5717],[134.9505,34.57],[134.9479,34.567],[134.9446,34.5626],[134.9436,34.5617],[134.9435,34.5617],[134.9429,34.5616],[134.9423,34.5615],[134.9418,34.5613],[134.9385,34.5587],[134.9382,34.5584],[134.9372,34.5568],[134.9365,34.5565],[134.936,34.5562],[134.9356,34.5558],[134.9352,34.5553],[134.935,34.5548],[134.9349,34.5539],[134.9328,34.5514],[134.9316,34.5509],[134.9314,34.5511],[134.931,34.5515],[134.9305,34.5518],[134.9299,34.552],[134.9293,34.5522],[134.9287,34.5522],[134.9281,34.5521],[134.9248,34.551],[134.9243,34.5508],[134.9222,34.5493],[134.9221,34.5493],[134.9215,34.5492],[134.9209,34.549],[134.9203,34.5488],[134.917,34.5459],[134.9137,34.5407],[134.9121,34.539],[134.912,34.539],[134.9113,34.5389],[134.9088,34.5379],[134.9083,34.5376],[134.907,34.5364],[134.9062,34.5364],[134.9057,34.5363],[134.9051,34.5362],[134.8993,34.5335],[134.8976,34.5321],[134.8973,34.5323],[134.8967,34.5325],[134.8961,34.5327],[134.8955,34.5327],[134.8948,34.5327],[134.8927,34.532],[134.8915,34.532],[134.8889,34.5328],[134.8883,34.533],[134.8877,34.533],[134.8871,34.5329],[134.8865,34.5328],[134.8859,34.5325],[134.8854,34.5322],[134.885,34.5318],[134.8844,34.5308],[134.8829,34.5299],[134.8824,34.5296],[134.8803,34.5268],[134.8797,34.527],[134.879,34.527],[134.8784,34.5269],[134.8778,34.5268],[134.8773,34.5265],[134.8768,34.5262],[134.8764,34.5258],[134.8746,34.5223],[134.8724,34.5194],[134.8713,34.5172],[134.8676,34.5155],[134.8671,34.5151],[134.8666,34.5147],[134.8643,34.5102],[134.8607,34.506],[134.8587,34.5017],[134.858,34.5011],[134.8576,34.5007],[134.8564,34.4982],[134.8562,34.4981],[134.8556,34.4978],[134.8551,34.4975],[134.8548,34.497],[134.8518,34.4899],[134.8444,34.4786],[134.8426,34.4771],[134.8421,34.477],[134.8415,34.4767],[134.841,34.4764],[134.8406,34.476],[134.8391,34.4735],[134.8388,34.4733],[134.8381,34.473],[134.8339,34.4689],[134.8336,34.4689],[134.8336,34.469],[134.8332,34.4694],[134.8328,34.4697],[134.8323,34.4699],[134.8289,34.4708],[134.8282,34.4709],[134.8275,34.4708],[134.8247,34.4699],[134.8245,34.4701],[134.824,34.4705],[134.8235,34.4707],[134.8229,34.4709],[134.8187,34.471],[134.818,34.471],[134.8173,34.4708],[134.8167,34.4705],[134.8162,34.4702],[134.8158,34.4697],[134.8135,34.4647],[134.8127,34.4636],[134.8122,34.4636],[134.8115,34.4636],[134.8108,34.4634],[134.8102,34.4632],[134.8073,34.4608],[134.8033,34.4553],[134.8012,34.4519],[134.8005,34.4513],[134.8001,34.4511],[134.7994,34.4513],[134.7988,34.4514],[134.7982,34.4514],[134.7976,34.4513],[134.797,34.4511],[134.7965,34.4508],[134.7961,34.4505],[134.7932,34.4466],[134.7917,34.442],[134.7868,34.43],[134.7858,34.4293],[134.7854,34.4289],[134.7851,34.4285],[134.7823,34.4216],[134.7804,34.4184],[134.7794,34.4174],[134.7781,34.4184],[134.7776,34.4187],[134.777,34.419],[134.7764,34.4191],[134.7757,34.4192],[134.7751,34.4191],[134.7745,34.4189],[134.7739,34.4186],[134.7734,34.4183],[134.7725,34.4171],[134.7722,34.4166],[134.7721,34.416],[134.7721,34.4155],[134.7727,34.4134],[134.7724,34.4121],[134.7685,34.4026],[134.7655,34.396],[134.7638,34.3925],[134.7612,34.3886],[134.7596,34.3874],[134.7577,34.3881],[134.7571,34.3883],[134.7564,34.3883],[134.7558,34.3883],[134.7551,34.3881],[134.753,34.387],[134.7525,34.3866],[134.7521,34.3861],[134.7496,34.38],[134.7487,34.3788],[134.7484,34.3784],[134.7474,34.3749],[134.7429,34.3651],[134.7422,34.3629],[134.7385,34.356],[134.7374,34.353],[134.7373,34.3524],[134.7338,34.3454],[134.7312,34.3407],[134.7282,34.3361],[134.7241,34.3324],[134.7237,34.3325],[134.7231,34.3327],[134.7225,34.3328],[134.7219,34.3328],[134.7212,34.3327],[134.7157,34.3303],[134.7152,34.33],[134.7147,34.3296],[134.7144,34.3292],[134.7142,34.3287],[134.714,34.3282],[134.714,34.3276],[134.7142,34.3271],[134.7147,34.3263],[134.7119,34.3247],[134.7092,34.3238],[134.707,34.3238],[134.7066,34.324],[134.7059,34.3254],[134.7055,34.3259],[134.7051,34.3263],[134.7046,34.3266],[134.704,34.3268],[134.7013,34.3273],[134.7005,34.3273],[134.6977,34.3267],[134.6963,34.3266],[134.696,34.3267],[134.6956,34.3275],[134.6954,34.328],[134.695,34.3284],[134.6946,34.3287],[134.6933,34.3293],[134.693,34.3301],[134.6928,34.3306],[134.6924,34.331],[134.692,34.3314],[134.6915,34.3317],[134.691,34.3319],[134.6904,34.332],[134.6898,34.332],[134.6866,34.3315],[134.6859,34.3313],[134.6853,34.331],[134.6848,34.3306],[134.6844,34.3301],[134.6833,34.3272],[134.6815,34.3245],[134.6793,34.3219],[134.6779,34.321],[134.6752,34.3202],[134.6742,34.3202],[134.6736,34.3202],[134.673,34.3201],[134.6724,34.3199],[134.6719,34.3196],[134.6715,34.3193],[134.6711,34.3189],[134.6699,34.316],[134.6665,34.3101],[134.665,34.3067],[134.6615,34.3012],[134.6596,34.2986],[134.6581,34.2974],[134.656,34.2977],[134.6554,34.2977],[134.6548,34.2977],[134.6543,34.2976],[134.6537,34.2973],[134.6532,34.297],[134.6528,34.2967],[134.6514,34.2944],[134.6512,34.2939],[134.651,34.2934],[134.651,34.2929],[134.6512,34.2924],[134.6514,34.2919],[134.6517,34.2915],[134.6543,34.2896],[134.6548,34.2893],[134.6554,34.2891],[134.656,34.289],[134.6566,34.289],[134.6573,34.2891],[134.6579,34.2892],[134.6581,34.2894],[134.6597,34.2879],[134.6598,34.2876],[134.6595,34.2852],[134.6581,34.2811],[134.658,34.2807],[134.6582,34.2777],[134.657,34.2762],[134.6567,34.2757],[134.6562,34.2727],[134.6562,34.2722],[134.6563,34.2718],[134.6564,34.2713],[134.6567,34.2709],[134.6587,34.2691],[134.6592,34.2688],[134.6598,34.2685],[134.6604,34.2683],[134.6649,34.2682],[134.6655,34.2683],[134.6656,34.268],[134.6658,34.2675],[134.6662,34.2671],[134.6666,34.2667],[134.6672,34.2664],[134.6678,34.2662],[134.6689,34.2661],[134.6696,34.265],[134.6694,34.2642],[134.6694,34.2599],[134.6695,34.2593],[134.6697,34.2588],[134.6699,34.2584],[134.6703,34.258],[134.6705,34.2579],[134.6704,34.2574],[134.6705,34.2569],[134.6707,34.2564],[134.671,34.2559],[134.6714,34.2555],[134.6717,34.2553],[134.6716,34.2552],[134.6712,34.2549],[134.6694,34.2518],[134.6661,34.2504],[134.6629,34.2478],[134.66,34.2461],[134.6581,34.2454],[134.6575,34.2451],[134.657,34.2448],[134.6566,34.2444],[134.6564,34.2439],[134.6557,34.2412],[134.6556,34.2407],[134.6557,34.2401],[134.6559,34.2396],[134.6562,34.2392],[134.6566,34.2388],[134.6571,34.2384],[134.6577,34.2382],[134.6584,34.2381],[134.659,34.238],[134.6596,34.2381],[134.6628,34.2392],[134.6632,34.2395],[134.6682,34.2432],[134.671,34.244],[134.6711,34.244],[134.672,34.2432],[134.6724,34.2428],[134.6729,34.2426],[134.6735,34.2424],[134.6741,34.2423],[134.6747,34.2423],[134.6753,34.2423],[134.6804,34.2444],[134.681,34.2447],[134.6815,34.245],[134.6818,34.2454],[134.6845,34.2445],[134.6851,34.2443],[134.6857,34.2443],[134.6863,34.2443],[134.6893,34.2451],[134.6929,34.2454],[134.6937,34.2453],[134.6972,34.243],[134.6976,34.2409],[134.6978,34.2404],[134.6981,34.24],[134.6985,34.2395],[134.6989,34.2392],[134.6995,34.2389],[134.7001,34.2388],[134.7007,34.2387],[134.7013,34.2387],[134.7019,34.2389],[134.7087,34.2421],[134.7092,34.2425],[134.7096,34.2429],[134.71,34.2433],[134.7102,34.2438],[134.7104,34.2469],[134.7104,34.2474],[134.7102,34.248],[134.7099,34.2484],[134.7098,34.2485],[134.715,34.2523],[134.7171,34.2528],[134.7172,34.2528],[134.7174,34.2525],[134.7183,34.2504],[134.7179,34.2496],[134.7178,34.2491],[134.7177,34.2486],[134.7178,34.2481],[134.7181,34.2473],[134.7176,34.2454],[134.717,34.2455],[134.7164,34.2455],[134.7158,34.2454],[134.7152,34.2453],[134.7147,34.245],[134.7142,34.2447],[134.7126,34.2426],[134.709,34.2414],[134.7084,34.2412],[134.7078,34.2408],[134.7074,34.2403],[134.7055,34.2359],[134.7052,34.2358],[134.7047,34.2354],[134.7044,34.235],[134.7041,34.2345],[134.7038,34.2332],[134.7009,34.2311],[134.7005,34.2307],[134.7002,34.2303],[134.6985,34.2261],[134.6969,34.2234],[134.6966,34.2229],[134.6965,34.2224],[134.6967,34.221],[134.6968,34.2204],[134.6981,34.2184],[134.698,34.2183],[134.6978,34.2177],[134.6978,34.2172],[134.6978,34.2167],[134.698,34.2162],[134.6983,34.2157],[134.6987,34.2153],[134.6992,34.2149],[134.6997,34.2147],[134.7031,34.214],[134.7106,34.2141],[134.7138,34.2137],[134.7172,34.2125],[134.7197,34.2107],[134.7208,34.2095],[134.7213,34.2091],[134.7261,34.2069],[134.7268,34.2062],[134.7267,34.2061],[134.7267,34.2055],[134.7268,34.2049],[134.7279,34.2031],[134.7279,34.2019],[134.728,34.2014],[134.7291,34.1986],[134.729,34.1979],[134.7274,34.1946],[134.7272,34.1941],[134.7272,34.1925],[134.7265,34.1915],[134.7262,34.1911],[134.7261,34.1906],[134.7261,34.1901],[134.7262,34.1896],[134.727,34.1879],[134.7274,34.1874],[134.7278,34.187],[134.7284,34.1866],[134.729,34.1864],[134.7338,34.186],[134.7345,34.186],[134.7352,34.1862],[134.7366,34.1868],[134.7395,34.1872],[134.74,34.1873],[134.747,34.1902],[134.7489,34.1902],[134.7495,34.1903],[134.7533,34.1916],[134.7557,34.1919],[134.7562,34.192],[134.7567,34.1922],[134.7592,34.1938],[134.7671,34.1961],[134.7675,34.1961],[134.7681,34.196],[134.7686,34.196],[134.7757,34.1978],[134.7778,34.1977],[134.7785,34.1974],[134.7844,34.1965],[134.7882,34.1966],[134.7906,34.1972],[134.7921,34.1968],[134.7927,34.1967],[134.7933,34.1967],[134.7954,34.1971],[134.7957,34.197],[134.7963,34.1968],[134.797,34.1967],[134.8011,34.1973],[134.8016,34.1975],[134.8021,34.1977],[134.8026,34.198],[134.8047,34.2],[134.805,34.2005],[134.8053,34.2009],[134.8054,34.2014],[134.8054,34.2015],[134.8086,34.2023],[134.8166,34.2057],[134.8171,34.206],[134.8176,34.2064],[134.8184,34.2076],[134.8223,34.2101],[134.8237,34.2116],[134.8268,34.2136],[134.8272,34.214],[134.8275,34.2143],[134.8283,34.2159],[134.8308,34.2182],[134.8311,34.2185],[134.8319,34.22],[134.8348,34.222],[134.8381,34.2233],[134.8404,34.2247],[134.8454,34.2271],[134.8479,34.2286],[134.8575,34.2317],[134.8623,34.233],[134.8678,34.2359],[134.8726,34.2374],[134.8809,34.2398],[134.8862,34.2419],[134.8927,34.2452],[134.8956,34.2473],[134.8997,34.2496],[134.9017,34.2499],[134.9077,34.2519],[134.9124,34.2527],[134.9144,34.2527],[134.915,34.2528],[134.9185,34.254],[134.9252,34.2554],[134.9322,34.2582],[134.9364,34.2594],[134.9382,34.2603],[134.9467,34.2619],[134.9472,34.262],[134.9497,34.2632],[134.9526,34.264],[134.9532,34.2642],[134.9538,34.2645],[134.9543,34.2649],[134.9566,34.269],[134.9574,34.2724],[134.9575,34.2729],[134.9572,34.2746],[134.9571,34.2751],[134.9575,34.275],[134.9581,34.2749],[134.9587,34.2749],[134.9593,34.275],[134.9599,34.2752],[134.9604,34.2754],[134.9609,34.2758],[134.9612,34.2762],[134.9615,34.2767],[134.9617,34.2772],[134.9616,34.2797]],[[134.9542,34.2769],[134.954,34.2769],[134.9519,34.2766],[134.9517,34.2775],[134.9518,34.2777],[134.9521,34.2782],[134.9523,34.2788],[134.9523,34.2793],[134.9522,34.2799],[134.9519,34.2804],[134.9508,34.2815],[134.9509,34.2822],[134.9512,34.2825],[134.9516,34.2829],[134.9519,34.2833],[134.952,34.2835],[134.9546,34.2816],[134.9548,34.2807],[134.9541,34.2787],[134.9539,34.2782],[134.9539,34.2777],[134.9541,34.2772],[134.9542,34.2769]]],[[[134.8231,34.1818],[134.8217,34.1821],[134.8211,34.1822],[134.8204,34.1822],[134.8198,34.1821],[134.8193,34.182],[134.8188,34.1817],[134.8171,34.1802],[134.8167,34.1797],[134.8164,34.1792],[134.816,34.176],[134.816,34.1755],[134.8161,34.175],[134.8163,34.1746],[134.8174,34.1733],[134.8173,34.1722],[134.8173,34.1716],[134.8174,34.1711],[134.8169,34.1703],[134.8152,34.1705],[134.8145,34.1706],[134.8139,34.1705],[134.8132,34.1703],[134.8107,34.1688],[134.8103,34.1685],[134.8088,34.1666],[134.8085,34.1661],[134.8083,34.1656],[134.8083,34.165],[134.809,34.1627],[134.8088,34.1624],[134.8086,34.162],[134.808,34.1574],[134.808,34.1568],[134.8081,34.1562],[134.8084,34.1557],[134.8088,34.1553],[134.8112,34.1539],[134.8118,34.1536],[134.8125,34.1534],[134.8162,34.1535],[134.8168,34.1536],[134.8174,34.1538],[134.818,34.1541],[134.8184,34.1544],[134.8211,34.1541],[134.8218,34.1542],[134.8247,34.155],[134.8253,34.1552],[134.8258,34.1556],[134.8262,34.156],[134.8265,34.1564],[134.8267,34.157],[134.8268,34.1585],[134.8326,34.1625],[134.8331,34.1629],[134.8334,34.1633],[134.8337,34.1638],[134.8344,34.1683],[134.8339,34.1723],[134.8338,34.1729],[134.8335,34.1734],[134.8331,34.1738],[134.8292,34.1764],[134.8292,34.1773],[134.8291,34.1779],[134.8289,34.1785],[134.8285,34.179],[134.8256,34.181],[134.8251,34.1813],[134.8231,34.1818]]],[[[134.6382,35.6629],[134.6371,35.6632],[134.6365,35.6632],[134.6358,35.6632],[134.6352,35.6631],[134.6346,35.6629],[134.6341,35.6626],[134.6337,35.6623],[134.6333,35.6619],[134.6326,35.6603],[134.6325,35.6598],[134.6324,35.6593],[134.6325,35.6588],[134.6327,35.6583],[134.633,35.6579],[134.6334,35.6575],[134.6339,35.6572],[134.637,35.656],[134.6376,35.6558],[134.6383,35.6558],[134.6389,35.6558],[134.6395,35.656],[134.6401,35.6562],[134.6406,35.6565],[134.6411,35.6569],[134.6414,35.6574],[134.6416,35.6579],[134.6417,35.66],[134.6417,35.6605],[134.6415,35.661],[134.6412,35.6615],[134.6409,35.6619],[134.6404,35.6622],[134.6398,35.6625],[134.6382,35.6629]]]]},"properties":{"prefectureName":"兵庫県","prefectureCode":"28"}},
{"type":"Feature","geometry":{"type":"Polygon","coordinates":[[[136.0567,34.7411],[136.0564,34.7412],[136.0562,34.7412],[136.0512,34.7414],[136.0507,34.7414],[136.0471,34.7406],[136.044,34.7398],[136.0434,34.7397],[136.0411,34.7383],[136.0405,34.7379],[136.0387,34.7352],[136.0378,34.7313],[136.0378,34.7307],[136.0383,34.7284],[136.0367,34.7244],[136.0364,34.7218],[136.0323,34.7201],[136.0317,34.7198],[136.0313,34.7194],[136.0309,34.719],[136.0307,34.7185],[136.0305,34.7176],[136.0301,34.7174],[136.0295,34.7171],[136.0291,34.7167],[136.0289,34.7164],[136.0285,34.7164],[136.0279,34.7162],[136.0273,34.7159],[136.0268,34.7155],[136.0264,34.7151],[136.0248,34.7109],[136.0247,34.7104],[136.0246,34.71],[136.0247,34.7097],[136.0206,34.7111],[136.0201,34.7112],[136.0195,34.7113],[136.017,34.7109],[136.017,34.7112],[136.017,34.7117],[136.0158,34.7149],[136.0156,34.7153],[136.0153,34.7157],[136.0116,34.7186],[136.0111,34.7189],[136.0106,34.7191],[136.01,34.7192],[136.0077,34.7194],[136.0067,34.7198],[136.006,34.7199],[136.0053,34.72],[136.0046,34.72],[136.004,34.7198],[136.0007,34.718],[136.0003,34.7177],[135.9999,34.7173],[135.9996,34.7169],[135.9994,34.7162],[135.9992,34.7161],[135.9986,34.7162],[135.998,34.7162],[135.9948,34.7155],[135.9948,34.7156],[135.9943,34.7159],[135.9911,34.7173],[135.9897,34.7175],[135.9897,34.7177],[135.9896,34.7182],[135.9894,34.7186],[135.9886,34.7197],[135.9892,34.7217],[135.9892,34.7222],[135.989,34.725],[135.989,34.7251],[135.9893,34.7256],[135.9894,34.7262],[135.9893,34.7268],[135.9872,34.7311],[135.9863,34.7325],[135.9867,34.7337],[135.9868,34.7342],[135.9868,34.7347],[135.9867,34.7352],[135.9865,34.7356],[135.9862,34.7361],[135.9858,34.7364],[135.9853,34.7368],[135.9848,34.737],[135.9844,34.737],[135.9841,34.7379],[135.9839,34.7383],[135.9836,34.7388],[135.9831,34.7392],[135.9826,34.7395],[135.9821,34.7397],[135.9815,34.7398],[135.9798,34.7398],[135.9789,34.741],[135.975,34.744],[135.9745,34.7443],[135.974,34.7446],[135.9734,34.7447],[135.9727,34.7448],[135.9707,34.7445],[135.9701,34.7443],[135.9697,34.7441],[135.9681,34.7452],[135.9676,34.7455],[135.9671,34.7457],[135.9665,34.7459],[135.9658,34.7459],[135.9652,34.7458],[135.9646,34.7456],[135.9624,34.7444],[135.962,34.7442],[135.9613,34.7434],[135.9611,34.7449],[135.961,34.7453],[135.9608,34.7458],[135.9605,34.7462],[135.9592,34.7473],[135.9578,34.7495],[135.9575,34.7499],[135.9571,34.7503],[135.9566,34.7506],[135.9561,34.7508],[135.9555,34.7509],[135.9549,34.751],[135.9542,34.7509],[135.9537,34.7508],[135.9531,34.7505],[135.9515,34.7493],[135.95,34.7488],[135.9494,34.7485],[135.9488,34.7481],[135.9481,34.7472],[135.9475,34.7471],[135.9469,34.7469],[135.9464,34.7467],[135.9459,34.7464],[135.9445,34.7446],[135.9423,34.7437],[135.9418,34.7435],[135.9414,34.7431],[135.941,34.7427],[135.9408,34.7423],[135.9407,34.7419],[135.9369,34.7427],[135.9363,34.7428],[135.9357,34.7427],[135.9351,34.7426],[135.9345,34.7424],[135.9319,34.7407],[135.929,34.7424],[135.9284,34.7426],[135.9272,34.7428],[135.9273,34.7434],[135.9272,34.7439],[135.9271,34.7442],[135.9272,34.7442],[135.9298,34.7483],[135.9311,34.7496],[135.9314,34.75],[135.9316,34.7504],[135.9321,34.7522],[135.9322,34.7528],[135.9321,34.7533],[135.9319,34.7539],[135.9313,34.7546],[135.9319,34.7556],[135.9321,34.7561],[135.9322,34.7567],[135.9322,34.7572],[135.9321,34.7577],[135.9318,34.7582],[135.9314,34.7587],[135.9309,34.759],[135.9303,34.7593],[135.9251,34.7603],[135.9245,34.7604],[135.9238,34.7603],[135.9232,34.7602],[135.9226,34.7599],[135.9221,34.7596],[135.9194,34.7563],[135.9191,34.756],[135.9168,34.7563],[135.9161,34.7564],[135.9155,34.7563],[135.9148,34.7561],[135.9142,34.7559],[135.9137,34.7555],[135.9133,34.7551],[135.9121,34.7522],[135.9109,34.7509],[135.9106,34.7505],[135.9104,34.75],[135.9103,34.7482],[135.9101,34.7481],[135.9097,34.7478],[135.9093,34.7474],[135.9091,34.7469],[135.9087,34.7452],[135.9063,34.7433],[135.9058,34.7429],[135.9047,34.7408],[135.9032,34.739],[135.9019,34.7386],[135.9013,34.7384],[135.9009,34.738],[135.9004,34.7376],[135.9001,34.7372],[135.8999,34.7367],[135.8998,34.734],[135.8991,34.7341],[135.8983,34.7341],[135.8961,34.7334],[135.8955,34.7331],[135.8951,34.7328],[135.8947,34.7324],[135.8944,34.7319],[135.8938,34.7298],[135.8937,34.7293],[135.8941,34.7274],[135.8937,34.7272],[135.8932,34.7269],[135.8928,34.7265],[135.8924,34.7261],[135.8906,34.7208],[135.8897,34.7198],[135.8893,34.7194],[135.8891,34.7189],[135.889,34.7185],[135.889,34.7167],[135.8884,34.7147],[135.8875,34.7155],[135.887,34.7158],[135.8865,34.7161],[135.8859,34.7162],[135.8853,34.7163],[135.8847,34.7163],[135.8836,34.716],[135.8825,34.7164],[135.8819,34.7166],[135.8812,34.7167],[135.8806,34.7167],[135.8799,34.7165],[135.8793,34.7163],[135.8785,34.7157],[135.8783,34.7159],[135.8777,34.7162],[135.8771,34.7164],[135.8765,34.7166],[135.8759,34.7166],[135.8752,34.7165],[135.8732,34.7157],[135.8727,34.7154],[135.8709,34.7139],[135.8667,34.713],[135.8644,34.7119],[135.8639,34.7116],[135.8634,34.7112],[135.863,34.7107],[135.8627,34.7097],[135.8622,34.7093],[135.8606,34.7097],[135.86,34.7098],[135.8594,34.7098],[135.8548,34.7087],[135.8527,34.7086],[135.8526,34.7088],[135.8524,34.7093],[135.8521,34.7097],[135.8517,34.7101],[135.8512,34.7104],[135.8493,34.7112],[135.8431,34.7119],[135.8423,34.7124],[135.842,34.7129],[135.8416,34.7134],[135.8412,34.7138],[135.8407,34.7141],[135.8401,34.7143],[135.8352,34.715],[135.8334,34.7158],[135.8328,34.716],[135.8321,34.7161],[135.8315,34.7161],[135.829,34.7155],[135.829,34.7156],[135.8284,34.7159],[135.8278,34.7162],[135.8272,34.7163],[135.8265,34.7164],[135.8258,34.7163],[135.8219,34.7147],[135.8205,34.7145],[135.8198,34.7149],[135.8193,34.7156],[135.8188,34.7161],[135.8182,34.7164],[135.8156,34.7172],[135.8156,34.7173],[135.8156,34.7178],[135.8154,34.7184],[135.815,34.7188],[135.8146,34.7192],[135.8141,34.7196],[135.8135,34.7198],[135.8076,34.7205],[135.8072,34.7209],[135.8069,34.7223],[135.8067,34.7228],[135.8064,34.7233],[135.806,34.7237],[135.8055,34.7241],[135.805,34.7243],[135.8012,34.725],[135.8009,34.7252],[135.8003,34.7255],[135.7998,34.7256],[135.7992,34.7257],[135.7986,34.7257],[135.798,34.7256],[135.7974,34.7254],[135.7973,34.7255],[135.7934,34.7271],[135.7928,34.7273],[135.7921,34.7274],[135.7894,34.7271],[135.7847,34.7272],[135.784,34.7272],[135.7834,34.727],[135.7808,34.7258],[135.7788,34.7259],[135.7764,34.7266],[135.7761,34.7271],[135.7758,34.7275],[135.7753,34.7279],[135.7748,34.7282],[135.7742,34.7284],[135.7736,34.7285],[135.773,34.7285],[135.7711,34.7281],[135.771,34.7281],[135.7704,34.7283],[135.7698,34.7284],[135.767,34.7281],[135.7641,34.7287],[135.7636,34.7288],[135.7623,34.7288],[135.7598,34.7303],[135.7592,34.7305],[135.7587,34.7307],[135.7586,34.7332],[135.7597,34.7343],[135.76,34.7347],[135.7602,34.7352],[135.7603,34.7357],[135.7603,34.7363],[135.7602,34.7368],[135.7599,34.7372],[135.7596,34.7377],[135.7555,34.7404],[135.7535,34.7423],[135.7531,34.7427],[135.7514,34.7434],[135.751,34.7439],[135.7513,34.7453],[135.7513,34.7459],[135.7512,34.7465],[135.751,34.747],[135.7506,34.7475],[135.7484,34.749],[135.7478,34.7493],[135.7412,34.7506],[135.741,34.7509],[135.7406,34.7513],[135.74,34.7517],[135.7399,34.7553],[135.7398,34.7559],[135.7397,34.7564],[135.7393,34.7568],[135.7389,34.7572],[135.7384,34.7575],[135.7379,34.7578],[135.7373,34.7579],[135.7366,34.758],[135.7361,34.7579],[135.7358,34.7582],[135.7358,34.7583],[135.736,34.759],[135.7351,34.7629],[135.7353,34.7635],[135.7354,34.7641],[135.7354,34.7646],[135.7352,34.7651],[135.7349,34.7655],[135.7336,34.7667],[135.7335,34.7676],[135.7339,34.7689],[135.734,34.7695],[135.734,34.7701],[135.7331,34.772],[135.7331,34.7752],[135.7321,34.7779],[135.7318,34.7788],[135.7315,34.7793],[135.7312,34.7797],[135.7307,34.7801],[135.7302,34.7804],[135.7296,34.7806],[135.7289,34.7807],[135.7283,34.7807],[135.7276,34.7806],[135.7271,34.7804],[135.7265,34.7801],[135.7261,34.7797],[135.7256,34.779],[135.7254,34.7786],[135.7218,34.7773],[135.72,34.7791],[135.7185,34.7813],[135.7181,34.7817],[135.7176,34.7821],[135.717,34.7824],[135.7163,34.7826],[135.715,34.7826],[135.7143,34.7833],[135.7138,34.7836],[135.7132,34.7838],[135.7126,34.784],[135.712,34.784],[135.7114,34.784],[135.7108,34.7839],[135.7079,34.7825],[135.7074,34.7821],[135.7069,34.7817],[135.7066,34.7812],[135.7064,34.7806],[135.7065,34.778],[135.7037,34.7736],[135.7035,34.7731],[135.7033,34.7725],[135.7034,34.772],[135.7035,34.7715],[135.7038,34.771],[135.7041,34.7706],[135.7046,34.7702],[135.7052,34.7699],[135.7056,34.7698],[135.7055,34.7698],[135.7054,34.7693],[135.7052,34.7662],[135.7052,34.7657],[135.7056,34.7646],[135.7056,34.7622],[135.7056,34.7617],[135.7057,34.7612],[135.706,34.7608],[135.7062,34.7606],[135.7061,34.7604],[135.7058,34.7599],[135.7057,34.7594],[135.7057,34.7588],[135.7069,34.7556],[135.7067,34.7547],[135.7061,34.7543],[135.7057,34.754],[135.7053,34.7537],[135.705,34.7533],[135.7047,34.7525],[135.7046,34.7526],[135.7041,34.7529],[135.7036,34.7532],[135.7031,34.7533],[135.7011,34.7535],[135.7005,34.7535],[135.6999,34.7534],[135.6963,34.7518],[135.6957,34.7515],[135.6952,34.7511],[135.6949,34.7506],[135.6946,34.7501],[135.6945,34.7481],[135.6945,34.7476],[135.6947,34.7471],[135.6953,34.7463],[135.6951,34.7462],[135.6946,34.7458],[135.6941,34.7454],[135.6938,34.7449],[135.6936,34.7444],[135.6937,34.741],[135.6945,34.7386],[135.6967,34.7352],[135.6964,34.7328],[135.6964,34.7323],[135.6974,34.7292],[135.6996,34.7242],[135.6991,34.7241],[135.6984,34.724],[135.6957,34.7226],[135.6951,34.7223],[135.6947,34.7219],[135.694,34.7206],[135.6913,34.719],[135.6908,34.7186],[135.6899,34.7174],[135.6874,34.7159],[135.687,34.7156],[135.6857,34.714],[135.683,34.714],[135.6824,34.7139],[135.6819,34.7138],[135.6814,34.7136],[135.6775,34.7108],[135.6771,34.7105],[135.6768,34.7101],[135.6761,34.7085],[135.6727,34.7049],[135.6711,34.7039],[135.6706,34.7036],[135.6703,34.7032],[135.67,34.7027],[135.6698,34.7022],[135.6699,34.7],[135.6699,34.6995],[135.6706,34.6981],[135.6698,34.6945],[135.6698,34.6901],[135.6699,34.6896],[135.67,34.6892],[135.6703,34.6887],[135.6732,34.686],[135.675,34.6827],[135.6747,34.6801],[135.6747,34.6796],[135.6751,34.6783],[135.6744,34.6776],[135.674,34.6771],[135.6733,34.675],[135.672,34.6737],[135.6715,34.6732],[135.6708,34.671],[135.6685,34.6686],[135.6681,34.6682],[135.6679,34.6676],[135.6676,34.6653],[135.6671,34.6644],[135.6669,34.6639],[135.6668,34.6634],[135.6668,34.663],[135.667,34.6625],[135.6676,34.6613],[135.6667,34.659],[135.6663,34.6588],[135.6658,34.6584],[135.6654,34.658],[135.6641,34.6554],[135.6634,34.6551],[135.6629,34.6549],[135.6625,34.6545],[135.6621,34.6541],[135.6619,34.6537],[135.661,34.6505],[135.661,34.6499],[135.6611,34.6493],[135.6613,34.6488],[135.6617,34.6483],[135.6622,34.648],[135.6621,34.6453],[135.662,34.6452],[135.6616,34.6448],[135.6597,34.6414],[135.6595,34.6409],[135.6594,34.6405],[135.6597,34.6369],[135.6588,34.6357],[135.6586,34.6352],[135.6584,34.6347],[135.6584,34.6341],[135.6586,34.6336],[135.6588,34.6331],[135.6592,34.6326],[135.6601,34.632],[135.66,34.6307],[135.6594,34.6301],[135.659,34.6297],[135.6587,34.6292],[135.658,34.6264],[135.6564,34.6249],[135.656,34.6245],[135.6558,34.624],[135.6556,34.6235],[135.6556,34.623],[135.6561,34.621],[135.6547,34.6171],[135.6545,34.6166],[135.6545,34.6161],[135.6546,34.6156],[135.6551,34.6148],[135.6546,34.6141],[135.6531,34.6138],[135.6496,34.6124],[135.649,34.6121],[135.6485,34.6117],[135.6482,34.6113],[135.647,34.6087],[135.6469,34.6081],[135.6469,34.6076],[135.647,34.607],[135.6473,34.6065],[135.6477,34.6061],[135.6487,34.6053],[135.649,34.6036],[135.6492,34.6031],[135.6494,34.6027],[135.6497,34.6023],[135.6501,34.6019],[135.6524,34.6008],[135.653,34.6005],[135.6536,34.6004],[135.6556,34.6005],[135.6603,34.5993],[135.661,34.5992],[135.67,34.6003],[135.6707,34.6004],[135.671,34.6006],[135.6716,34.6003],[135.6716,34.6],[135.6716,34.5995],[135.6718,34.5991],[135.672,34.5986],[135.673,34.5976],[135.6732,34.5959],[135.6733,34.5954],[135.6746,34.5934],[135.6744,34.5928],[135.6744,34.5922],[135.6745,34.5916],[135.6746,34.5914],[135.6745,34.5912],[135.6742,34.5907],[135.6741,34.5903],[135.674,34.5898],[135.6745,34.5876],[135.6747,34.5871],[135.675,34.5867],[135.6754,34.5863],[135.6759,34.586],[135.6764,34.5857],[135.6773,34.5855],[135.6773,34.5852],[135.6773,34.5847],[135.6775,34.5842],[135.6775,34.5841],[135.676,34.5834],[135.6746,34.5825],[135.6717,34.5826],[135.6711,34.5826],[135.6704,34.5824],[135.6698,34.5822],[135.6693,34.5819],[135.6689,34.5815],[135.6685,34.581],[135.6674,34.5768],[135.6673,34.5762],[135.6679,34.5736],[135.6681,34.5731],[135.6687,34.5724],[135.6685,34.5724],[135.6626,34.5698],[135.6595,34.5675],[135.6549,34.5644],[135.6544,34.564],[135.6541,34.5636],[135.6538,34.5631],[135.6537,34.5626],[135.6537,34.5621],[135.6538,34.5616],[135.654,34.5611],[135.6544,34.5606],[135.6541,34.5575],[135.6522,34.5561],[135.6518,34.5557],[135.6515,34.5553],[135.6513,34.5548],[135.6512,34.5543],[135.6512,34.5537],[135.6514,34.5532],[135.6516,34.5528],[135.652,34.5524],[135.6525,34.552],[135.653,34.5517],[135.6532,34.5517],[135.6528,34.5506],[135.6508,34.5488],[135.6479,34.546],[135.6475,34.5455],[135.6472,34.545],[135.6471,34.5445],[135.6471,34.5439],[135.6472,34.5434],[135.6489,34.541],[135.6493,34.5405],[135.6519,34.5391],[135.6526,34.5389],[135.6533,34.5387],[135.6565,34.539],[135.6564,34.5384],[135.6566,34.5378],[135.6568,34.5373],[135.6572,34.5368],[135.6581,34.5362],[135.6584,34.5353],[135.6583,34.5352],[135.6581,34.5348],[135.658,34.5343],[135.6582,34.5317],[135.6583,34.5312],[135.6599,34.5284],[135.6603,34.528],[135.6607,34.5276],[135.6612,34.5273],[135.6619,34.5271],[135.6625,34.5269],[135.6631,34.5269],[135.6638,34.5271],[135.6642,34.5272],[135.6647,34.527],[135.6653,34.5268],[135.6659,34.5267],[135.6665,34.5268],[135.6671,34.5269],[135.6677,34.5271],[135.6682,34.5274],[135.6689,34.528],[135.6701,34.5275],[135.6704,34.5271],[135.6734,34.5246],[135.6728,34.5234],[135.6726,34.5229],[135.6725,34.5225],[135.6726,34.522],[135.674,34.518],[135.6735,34.5153],[135.6741,34.5109],[135.6737,34.5107],[135.6733,34.5103],[135.673,34.5099],[135.6728,34.5094],[135.6727,34.5089],[135.6727,34.5084],[135.673,34.5077],[135.673,34.5076],[135.6703,34.5044],[135.67,34.504],[135.6698,34.5035],[135.6697,34.503],[135.6698,34.5024],[135.67,34.5019],[135.6702,34.5015],[135.6723,34.4996],[135.6728,34.4992],[135.6733,34.499],[135.6739,34.4988],[135.6745,34.4987],[135.6752,34.4982],[135.6754,34.4966],[135.6755,34.4962],[135.6757,34.4957],[135.6763,34.4949],[135.6759,34.494],[135.6758,34.4935],[135.6757,34.493],[135.6763,34.4905],[135.6781,34.4873],[135.6785,34.4868],[135.679,34.4864],[135.68,34.4859],[135.6811,34.4839],[135.6806,34.4834],[135.6791,34.4823],[135.6787,34.4819],[135.6783,34.4815],[135.6781,34.4811],[135.678,34.4806],[135.6779,34.4801],[135.6789,34.4767],[135.6792,34.4761],[135.6799,34.4753],[135.6794,34.4717],[135.6789,34.4653],[135.6789,34.4646],[135.6791,34.4636],[135.6787,34.4615],[135.6787,34.4609],[135.6796,34.4575],[135.6795,34.4573],[135.6793,34.4568],[135.6792,34.4563],[135.6792,34.4558],[135.6793,34.4553],[135.6795,34.4548],[135.6836,34.4506],[135.6835,34.4496],[135.6821,34.4476],[135.6793,34.4452],[135.679,34.4448],[135.678,34.4431],[135.6778,34.4426],[135.6776,34.4399],[135.6776,34.4395],[135.678,34.4383],[135.6772,34.4371],[135.6766,34.435],[135.6759,34.4339],[135.6738,34.4319],[135.6722,34.431],[135.6717,34.4307],[135.6714,34.4304],[135.6707,34.4293],[135.6703,34.4294],[135.6697,34.4295],[135.669,34.4295],[135.6683,34.4295],[135.6676,34.4292],[135.663,34.4261],[135.6617,34.4247],[135.6613,34.4243],[135.6611,34.4238],[135.661,34.4232],[135.6611,34.4227],[135.6612,34.4222],[135.6615,34.4217],[135.6619,34.4213],[135.6624,34.4209],[135.6631,34.4206],[135.6638,34.4165],[135.664,34.416],[135.6666,34.4123],[135.6671,34.4118],[135.6676,34.4114],[135.672,34.41],[135.6727,34.4099],[135.6734,34.4099],[135.6741,34.41],[135.6749,34.4104],[135.676,34.4091],[135.6739,34.4076],[135.6735,34.4073],[135.6731,34.4068],[135.6729,34.4063],[135.6728,34.4057],[135.6733,34.4025],[135.6729,34.4016],[135.6687,34.4005],[135.6673,34.4005],[135.6667,34.4004],[135.6622,34.3991],[135.6616,34.3988],[135.6611,34.3985],[135.6607,34.398],[135.6604,34.3976],[135.6597,34.3949],[135.658,34.3939],[135.6575,34.3935],[135.6571,34.3931],[135.6551,34.3891],[135.6541,34.3883],[135.6537,34.3879],[135.6525,34.3862],[135.6512,34.386],[135.6505,34.3858],[135.6498,34.3857],[135.6492,34.3854],[135.6487,34.385],[135.6483,34.3846],[135.6481,34.3841],[135.6479,34.3836],[135.6481,34.3809],[135.6481,34.3793],[135.6482,34.3789],[135.6496,34.3763],[135.6513,34.3719],[135.652,34.3709],[135.6518,34.3697],[135.6517,34.3692],[135.6527,34.3656],[135.6528,34.3653],[135.6572,34.3589],[135.6575,34.3584],[135.6584,34.3579],[135.6602,34.3549],[135.6599,34.353],[135.6594,34.3523],[135.6591,34.3519],[135.659,34.3514],[135.6589,34.3509],[135.6595,34.3476],[135.6582,34.3462],[135.6578,34.3458],[135.6576,34.3452],[135.6575,34.3447],[135.6576,34.3441],[135.6578,34.3436],[135.6581,34.3431],[135.6582,34.343],[135.6575,34.3419],[135.6573,34.3414],[135.6571,34.3409],[135.6571,34.3403],[135.6576,34.3392],[135.6574,34.3391],[135.657,34.3386],[135.6567,34.3381],[135.6566,34.3375],[135.6566,34.337],[135.6568,34.3363],[135.6561,34.3353],[135.6559,34.3347],[135.6557,34.3342],[135.6565,34.3297],[135.6567,34.3293],[135.6569,34.3288],[135.6571,34.3286],[135.6571,34.327],[135.6571,34.3265],[135.6573,34.326],[135.6576,34.3255],[135.658,34.3251],[135.6584,34.3247],[135.659,34.3245],[135.6596,34.3243],[135.6602,34.3242],[135.6609,34.3243],[135.6621,34.3246],[135.6649,34.3241],[135.665,34.3216],[135.6645,34.32],[135.6643,34.3195],[135.6643,34.3189],[135.6656,34.3156],[135.6648,34.3144],[135.6632,34.3094],[135.6631,34.3088],[135.6632,34.3082],[135.6634,34.3077],[135.6637,34.3071],[135.6649,34.3062],[135.6648,34.3058],[135.6646,34.3053],[135.6646,34.3048],[135.6653,34.3024],[135.6654,34.2983],[135.6654,34.2978],[135.6662,34.296],[135.6665,34.2956],[135.6668,34.2952],[135.6672,34.2948],[135.6698,34.2937],[135.6702,34.2929],[135.671,34.2905],[135.6712,34.29],[135.6716,34.2895],[135.672,34.2892],[135.672,34.289],[135.6711,34.2879],[135.6708,34.2874],[135.6706,34.287],[135.6704,34.2844],[135.6696,34.2823],[135.6695,34.2818],[135.6695,34.2812],[135.6696,34.2807],[135.6707,34.2789],[135.671,34.2785],[135.6737,34.2764],[135.6739,34.2744],[135.674,34.2738],[135.6743,34.2733],[135.6747,34.2729],[135.6752,34.2725],[135.6778,34.2714],[135.6781,34.2707],[135.6784,34.2703],[135.6803,34.2684],[135.6808,34.268],[135.6814,34.2678],[135.682,34.2676],[135.6826,34.2675],[135.6832,34.2675],[135.6839,34.2676],[135.6852,34.2682],[135.6869,34.2681],[135.6876,34.2681],[135.6882,34.2682],[135.6909,34.2693],[135.6915,34.2697],[135.692,34.2701],[135.6923,34.2705],[135.6937,34.2748],[135.6974,34.274],[135.6985,34.2734],[135.7011,34.2701],[135.7015,34.2697],[135.7019,34.2694],[135.7024,34.2691],[135.703,34.269],[135.7035,34.2689],[135.705,34.2689],[135.705,34.2687],[135.705,34.2682],[135.7052,34.2677],[135.7054,34.2673],[135.7058,34.2669],[135.7062,34.2665],[135.7067,34.2662],[135.7086,34.2657],[135.7089,34.2652],[135.7092,34.2648],[135.7097,34.2645],[135.7136,34.2627],[135.7142,34.2625],[135.7148,34.2624],[135.7151,34.2624],[135.7154,34.2621],[135.7163,34.2591],[135.7162,34.2547],[135.7162,34.2542],[135.7173,34.2515],[135.717,34.2506],[135.7169,34.25],[135.7169,34.2495],[135.7188,34.2455],[135.7189,34.2442],[135.719,34.2437],[135.7192,34.2433],[135.7204,34.2417],[135.7202,34.2404],[135.7202,34.24],[135.7203,34.2395],[135.7216,34.2367],[135.7238,34.2343],[135.7243,34.234],[135.7247,34.2337],[135.7259,34.2333],[135.7268,34.2311],[135.7269,34.2296],[135.7265,34.2293],[135.7262,34.2288],[135.7256,34.2265],[135.7246,34.2249],[135.7243,34.2243],[135.7242,34.2228],[135.7225,34.2224],[135.7219,34.2222],[135.7214,34.222],[135.7161,34.2174],[135.7132,34.2171],[135.7125,34.217],[135.7118,34.2167],[135.7099,34.2151],[135.7096,34.2147],[135.7093,34.2143],[135.7086,34.2121],[135.7081,34.2115],[135.7038,34.2144],[135.7032,34.2147],[135.7026,34.2149],[135.702,34.215],[135.6995,34.2147],[135.6966,34.2185],[135.6963,34.2189],[135.6958,34.2192],[135.6952,34.2195],[135.6946,34.2197],[135.6891,34.2199],[135.6886,34.2212],[135.6883,34.2217],[135.688,34.2221],[135.6854,34.224],[135.6848,34.2243],[135.6842,34.2245],[135.6835,34.2246],[135.6829,34.2246],[135.6823,34.2245],[135.6792,34.2258],[135.6786,34.226],[135.6779,34.2261],[135.6755,34.2259],[135.6744,34.2265],[135.6738,34.2267],[135.6702,34.2272],[135.6696,34.2272],[135.6671,34.2268],[135.6665,34.2267],[135.666,34.2264],[135.6655,34.2261],[135.6635,34.2237],[135.6605,34.2209],[135.6589,34.2209],[135.6584,34.2208],[135.6579,34.2207],[135.6547,34.2191],[135.6539,34.2192],[135.6526,34.2202],[135.6522,34.2205],[135.6492,34.2215],[135.6486,34.2216],[135.648,34.2217],[135.6474,34.2216],[135.6468,34.2215],[135.6462,34.2212],[135.6458,34.2209],[135.6438,34.2185],[135.6426,34.2182],[135.642,34.218],[135.6415,34.2177],[135.6384,34.2147],[135.6381,34.2144],[135.6378,34.2139],[135.6372,34.211],[135.6372,34.2105],[135.6372,34.2102],[135.6323,34.2066],[135.6319,34.2062],[135.6315,34.2058],[135.6313,34.2053],[135.6312,34.2047],[135.6313,34.2042],[135.632,34.2024],[135.631,34.1999],[135.6309,34.1993],[135.6309,34.1988],[135.631,34.1982],[135.6335,34.1946],[135.6374,34.1916],[135.6379,34.1912],[135.638,34.1912],[135.6382,34.1907],[135.6385,34.1902],[135.6389,34.1897],[135.6393,34.1894],[135.6399,34.1891],[135.6407,34.1889],[135.6405,34.1887],[135.6388,34.1851],[135.6387,34.1847],[135.6366,34.1837],[135.6361,34.1834],[135.6356,34.183],[135.6353,34.1825],[135.6351,34.1817],[135.6345,34.1816],[135.6312,34.18],[135.6281,34.1796],[135.6275,34.1794],[135.6269,34.1792],[135.6264,34.1789],[135.626,34.1785],[135.6256,34.178],[135.6249,34.176],[135.6237,34.1747],[135.6236,34.1747],[135.623,34.1746],[135.6224,34.1744],[135.6218,34.1741],[135.6214,34.1737],[135.621,34.1732],[135.6204,34.1715],[135.6191,34.1709],[135.6185,34.1706],[135.618,34.1702],[135.6177,34.1697],[135.6174,34.1691],[135.6173,34.1661],[135.6174,34.1655],[135.6191,34.1623],[135.6194,34.1618],[135.6191,34.1604],[135.6178,34.1599],[135.6158,34.1586],[135.6153,34.1587],[135.6148,34.1586],[135.6112,34.1578],[135.6079,34.158],[135.6072,34.158],[135.6034,34.1568],[135.6028,34.1566],[135.6018,34.1558],[135.5993,34.1552],[135.5986,34.155],[135.5967,34.1536],[135.5952,34.1533],[135.5944,34.153],[135.5925,34.1515],[135.5913,34.1517],[135.5906,34.1517],[135.59,34.1516],[135.5894,34.1514],[135.5889,34.1512],[135.5857,34.1483],[135.5854,34.1479],[135.5851,34.1475],[135.585,34.147],[135.5849,34.1447],[135.5841,34.1436],[135.5829,34.1425],[135.5825,34.1421],[135.5822,34.1416],[135.582,34.1411],[135.5819,34.1406],[135.5823,34.1389],[135.5815,34.1331],[135.5792,34.1295],[135.5789,34.1289],[135.5788,34.1266],[135.5763,34.1206],[135.5757,34.1177],[135.5738,34.1176],[135.5731,34.1175],[135.5698,34.1161],[135.5653,34.1155],[135.5647,34.1154],[135.5641,34.1151],[135.5603,34.1123],[135.5594,34.1121],[135.559,34.112],[135.5556,34.1104],[135.5551,34.1101],[135.5547,34.1097],[135.5544,34.1092],[135.5542,34.1088],[135.5539,34.1065],[135.5539,34.1059],[135.5542,34.105],[135.5537,34.1048],[135.5532,34.105],[135.5525,34.1051],[135.5518,34.1051],[135.5512,34.105],[135.5505,34.1047],[135.5483,34.1032],[135.5469,34.103],[135.5463,34.1029],[135.5458,34.1027],[135.5453,34.1024],[135.5448,34.1021],[135.5445,34.1017],[135.5432,34.0989],[135.543,34.0984],[135.543,34.0979],[135.5431,34.0974],[135.5433,34.0969],[135.5436,34.0964],[135.5441,34.096],[135.5458,34.0951],[135.546,34.0941],[135.5459,34.0917],[135.546,34.0912],[135.5461,34.0907],[135.5466,34.09],[135.5466,34.086],[135.5418,34.0843],[135.5412,34.084],[135.5407,34.0836],[135.5403,34.0832],[135.5394,34.0811],[135.5373,34.0789],[135.5369,34.0784],[135.5367,34.0779],[135.5365,34.0756],[135.5365,34.0751],[135.5366,34.0746],[135.5368,34.0742],[135.5399,34.0706],[135.5403,34.0702],[135.5407,34.0699],[135.5413,34.0697],[135.5423,34.0694],[135.5437,34.0676],[135.5442,34.0671],[135.5466,34.0658],[135.5472,34.0656],[135.5479,34.0655],[135.5488,34.0655],[135.5489,34.065],[135.5491,34.0646],[135.5494,34.0641],[135.5498,34.0637],[135.552,34.0625],[135.5571,34.0612],[135.561,34.0608],[135.5615,34.0592],[135.5618,34.0588],[135.5645,34.0557],[135.5649,34.0553],[135.5654,34.055],[135.566,34.0548],[135.5666,34.0547],[135.5672,34.0547],[135.5678,34.0547],[135.5708,34.0558],[135.5748,34.0561],[135.5769,34.0555],[135.5775,34.0554],[135.5776,34.0552],[135.5802,34.0516],[135.582,34.0485],[135.5823,34.0481],[135.5826,34.0477],[135.5842,34.0467],[135.5852,34.0454],[135.5856,34.045],[135.5861,34.0446],[135.5866,34.0443],[135.5872,34.0442],[135.5902,34.044],[135.5915,34.0428],[135.5917,34.0411],[135.5915,34.0403],[135.5915,34.0398],[135.5915,34.0393],[135.5927,34.036],[135.593,34.0355],[135.5933,34.0351],[135.5936,34.0348],[135.5952,34.034],[135.5958,34.033],[135.5953,34.0327],[135.5923,34.0295],[135.5919,34.0291],[135.5917,34.0286],[135.5916,34.0281],[135.5916,34.0276],[135.5924,34.025],[135.5924,34.0247],[135.5889,34.021],[135.5886,34.0205],[135.5883,34.02],[135.5882,34.0195],[135.5883,34.0189],[135.5895,34.0162],[135.5904,34.0127],[135.5906,34.0122],[135.591,34.0117],[135.5935,34.0096],[135.5939,34.0093],[135.5945,34.0091],[135.595,34.009],[135.5956,34.0089],[135.5962,34.0089],[135.5988,34.0096],[135.6036,34.0099],[135.6042,34.0098],[135.6049,34.0097],[135.6055,34.0098],[135.6079,34.0105],[135.6085,34.0102],[135.6087,34.0096],[135.6089,34.0091],[135.6092,34.0087],[135.6097,34.0083],[135.6102,34.0079],[135.6141,34.0068],[135.6184,34.0065],[135.6208,34.0069],[135.6221,34.006],[135.6217,34.0045],[135.621,34.0038],[135.6206,34.0033],[135.6204,34.0029],[135.6203,34.0024],[135.6203,34.0018],[135.6212,33.9992],[135.6215,33.9987],[135.6218,33.9983],[135.6223,33.9979],[135.6228,33.9977],[135.6234,33.9975],[135.6246,33.9973],[135.6262,33.9962],[135.6268,33.9942],[135.6269,33.9915],[135.627,33.9909],[135.6272,33.9904],[135.6276,33.9899],[135.6288,33.9889],[135.6294,33.9886],[135.63,33.9884],[135.6306,33.9883],[135.6336,33.9886],[135.6337,33.9879],[135.6338,33.9874],[135.6356,33.9843],[135.6359,33.9828],[135.6344,33.9771],[135.6343,33.9766],[135.6344,33.9761],[135.6352,33.9739],[135.6354,33.9735],[135.6366,33.9721],[135.6365,33.9693],[135.6365,33.9689],[135.637,33.9672],[135.6368,33.9658],[135.6361,33.9645],[135.6359,33.9641],[135.6356,33.9627],[135.6335,33.9611],[135.633,33.9606],[135.6327,33.9602],[135.6325,33.9596],[135.6325,33.9563],[135.6333,33.9525],[135.6309,33.9519],[135.628,33.9525],[135.6279,33.9527],[135.6243,33.9552],[135.6237,33.9555],[135.6232,33.9557],[135.6225,33.9558],[135.6215,33.9558],[135.6201,33.9567],[135.6196,33.957],[135.619,33.9572],[135.6184,33.9573],[135.6178,33.9573],[135.6171,33.9572],[135.6166,33.957],[135.6149,33.9559],[135.6145,33.9556],[135.6141,33.9552],[135.6128,33.9523],[135.6126,33.9517],[135.6127,33.95],[135.6126,33.9498],[135.6123,33.9493],[135.6122,33.9489],[135.6121,33.9484],[135.6122,33.9479],[135.6124,33.9474],[135.6153,33.9435],[135.6153,33.9423],[135.6142,33.9409],[135.614,33.9405],[135.6139,33.9402],[135.6106,33.9396],[135.61,33.9394],[135.6095,33.9391],[135.609,33.9387],[135.6086,33.9383],[135.6064,33.9329],[135.6062,33.9324],[135.6062,33.9319],[135.6063,33.9313],[135.6066,33.9308],[135.607,33.9304],[135.6101,33.9282],[135.6106,33.927],[135.6107,33.9264],[135.6106,33.9263],[135.6101,33.9259],[135.6098,33.9255],[135.6095,33.9251],[135.6094,33.9246],[135.6094,33.9222],[135.6079,33.92],[135.6077,33.9196],[135.6068,33.9155],[135.6068,33.9151],[135.6066,33.915],[135.6039,33.9131],[135.6008,33.9121],[135.6004,33.912],[135.598,33.9104],[135.5975,33.91],[135.5971,33.9096],[135.5969,33.9091],[135.5968,33.9086],[135.5968,33.908],[135.5969,33.9075],[135.5984,33.9049],[135.598,33.9032],[135.5979,33.9026],[135.5979,33.9021],[135.5981,33.9016],[135.5984,33.9011],[135.5988,33.9006],[135.6019,33.8989],[135.6038,33.8973],[135.6043,33.8969],[135.6048,33.8967],[135.6054,33.8965],[135.606,33.8964],[135.6102,33.8968],[135.611,33.8964],[135.6116,33.8962],[135.6122,33.8961],[135.6129,33.8962],[135.6135,33.8963],[135.6139,33.8965],[135.6142,33.8964],[135.6147,33.8962],[135.6153,33.8962],[135.6189,33.8966],[135.6194,33.8964],[135.6193,33.8953],[135.6193,33.8948],[135.6203,33.891],[135.6204,33.8905],[135.6224,33.8878],[135.6232,33.8854],[135.623,33.8853],[135.6225,33.8851],[135.622,33.8848],[135.6216,33.8845],[135.6213,33.884],[135.6199,33.8802],[135.6179,33.8788],[135.6155,33.8762],[135.6152,33.8758],[135.6149,33.8753],[135.6147,33.8722],[135.6148,33.8717],[135.6149,33.8712],[135.6151,33.8707],[135.6155,33.8703],[135.6159,33.87],[135.6164,33.8697],[135.617,33.8695],[135.62,33.8691],[135.6207,33.8691],[135.6213,33.8692],[135.6219,33.8694],[135.6225,33.8697],[135.6233,33.8704],[135.6258,33.8707],[135.6286,33.8704],[135.6293,33.8704],[135.63,33.8705],[135.6306,33.8707],[135.6311,33.871],[135.6321,33.872],[135.6344,33.8723],[135.635,33.8725],[135.6355,33.8727],[135.636,33.873],[135.6376,33.8747],[135.6385,33.875],[135.6392,33.875],[135.6408,33.8741],[135.6413,33.8738],[135.6418,33.8737],[135.6424,33.8736],[135.643,33.8736],[135.6436,33.8738],[135.6455,33.8746],[135.6473,33.8743],[135.648,33.8742],[135.6487,33.8743],[135.6493,33.8744],[135.6513,33.8756],[135.6518,33.876],[135.6535,33.8783],[135.6567,33.879],[135.6572,33.8791],[135.6578,33.8794],[135.6582,33.8797],[135.6586,33.8801],[135.6589,33.8805],[135.6591,33.881],[135.6592,33.8826],[135.6597,33.8836],[135.6617,33.8843],[135.6622,33.8846],[135.6627,33.8849],[135.6649,33.8876],[135.6652,33.888],[135.6654,33.8884],[135.6659,33.8937],[135.6653,33.8962],[135.6651,33.8967],[135.665,33.8969],[135.6701,33.8976],[135.6714,33.8967],[135.6718,33.8965],[135.6723,33.8963],[135.6782,33.8955],[135.6788,33.8955],[135.6795,33.8955],[135.6837,33.8971],[135.6842,33.8974],[135.6847,33.8977],[135.6851,33.8981],[135.6863,33.9004],[135.6871,33.9012],[135.6877,33.9013],[135.6903,33.9007],[135.6908,33.9007],[135.7007,33.9011],[135.7045,33.9009],[135.7051,33.901],[135.7056,33.9011],[135.7071,33.9017],[135.7086,33.9016],[135.7103,33.9007],[135.7109,33.9004],[135.7136,33.9],[135.7142,33.8999],[135.7182,33.9003],[135.7216,33.8997],[135.7223,33.8996],[135.723,33.8996],[135.7236,33.8998],[135.7244,33.9002],[135.7277,33.8984],[135.7296,33.895],[135.73,33.8946],[135.7304,33.8942],[135.7309,33.8939],[135.7316,33.8936],[135.7338,33.8934],[135.735,33.8927],[135.7356,33.8924],[135.7361,33.8923],[135.7361,33.8922],[135.7365,33.8917],[135.737,33.8913],[135.7376,33.891],[135.7376,33.8909],[135.7377,33.8903],[135.738,33.8898],[135.7385,33.8894],[135.7411,33.8879],[135.7417,33.8876],[135.7423,33.8875],[135.743,33.8875],[135.7431,33.8875],[135.7434,33.8872],[135.7469,33.8855],[135.7474,33.8852],[135.748,33.8851],[135.7486,33.8851],[135.7492,33.8852],[135.7497,33.8853],[135.7506,33.8858],[135.7537,33.8832],[135.7542,33.8829],[135.7548,33.8827],[135.7554,33.8825],[135.756,33.8825],[135.7566,33.8826],[135.7595,33.8835],[135.7619,33.8849],[135.7634,33.8847],[135.764,33.8847],[135.7646,33.8847],[135.7652,33.8849],[135.7657,33.8852],[135.7662,33.8855],[135.7666,33.8859],[135.7678,33.8882],[135.7682,33.8882],[135.7707,33.8875],[135.7713,33.8873],[135.7719,33.8873],[135.7723,33.8874],[135.7735,33.8865],[135.7739,33.8863],[135.7744,33.8861],[135.7769,33.8856],[135.7775,33.8855],[135.7781,33.8855],[135.7818,33.8865],[135.7823,33.8867],[135.7853,33.8886],[135.7857,33.8889],[135.786,33.8893],[135.7862,33.8895],[135.787,33.8899],[135.7897,33.8902],[135.7902,33.8904],[135.7938,33.8921],[135.7968,33.8926],[135.8022,33.8931],[135.8028,33.8932],[135.8033,33.8934],[135.8038,33.8937],[135.8043,33.8941],[135.8046,33.8945],[135.8058,33.8971],[135.8064,33.9014],[135.8081,33.9022],[135.8093,33.9033],[135.8094,33.9032],[135.8099,33.9032],[135.8141,33.9034],[135.8145,33.9033],[135.8169,33.9013],[135.8174,33.9009],[135.8179,33.9007],[135.8186,33.9005],[135.8196,33.9005],[135.825,33.8977],[135.8264,33.8972],[135.8284,33.8956],[135.8288,33.8954],[135.8356,33.8929],[135.8362,33.8928],[135.8368,33.8927],[135.8375,33.8928],[135.8381,33.8929],[135.8404,33.8941],[135.8423,33.8944],[135.8451,33.8941],[135.8477,33.8924],[135.8482,33.8922],[135.8487,33.892],[135.8489,33.892],[135.849,33.8919],[135.8492,33.8897],[135.8493,33.8892],[135.8495,33.8887],[135.8498,33.8883],[135.8514,33.8871],[135.8504,33.885],[135.8502,33.8842],[135.8499,33.884],[135.8495,33.8836],[135.8492,33.8831],[135.849,33.8826],[135.8489,33.8821],[135.8499,33.8769],[135.85,33.8764],[135.8503,33.876],[135.8506,33.8756],[135.8531,33.8737],[135.8554,33.8714],[135.8559,33.8711],[135.8564,33.8708],[135.857,33.8706],[135.8577,33.8705],[135.8583,33.8705],[135.8589,33.8706],[135.8589,33.8705],[135.8587,33.8684],[135.8578,33.8666],[135.8576,33.8661],[135.8576,33.8656],[135.8576,33.8651],[135.8587,33.8627],[135.8592,33.8617],[135.8594,33.8613],[135.8598,33.8609],[135.8603,33.8606],[135.8626,33.8596],[135.865,33.8579],[135.8654,33.8576],[135.8659,33.8574],[135.8665,33.8572],[135.8693,33.8572],[135.8723,33.8566],[135.873,33.8565],[135.8736,33.8565],[135.8743,33.8566],[135.8749,33.8569],[135.8754,33.8572],[135.8758,33.8576],[135.8761,33.8581],[135.8763,33.8586],[135.8763,33.8592],[135.8768,33.8594],[135.8769,33.8596],[135.8772,33.8598],[135.8776,33.8602],[135.8779,33.8607],[135.878,33.8612],[135.8781,33.8617],[135.8762,33.8681],[135.8764,33.8696],[135.8772,33.8708],[135.8789,33.8714],[135.8795,33.8716],[135.88,33.872],[135.8807,33.8728],[135.8822,33.8734],[135.8827,33.8736],[135.8831,33.8739],[135.8835,33.8742],[135.8856,33.8777],[135.8858,33.8782],[135.8859,33.8788],[135.8859,33.8793],[135.8847,33.882],[135.8844,33.8824],[135.8808,33.8859],[135.8803,33.8862],[135.8798,33.8865],[135.8793,33.8867],[135.8787,33.8868],[135.8763,33.8867],[135.8751,33.8881],[135.8748,33.8892],[135.8746,33.8897],[135.8743,33.8901],[135.8739,33.8905],[135.8735,33.8909],[135.8729,33.8911],[135.8723,33.8913],[135.8666,33.8915],[135.8659,33.8917],[135.8653,33.8918],[135.8647,33.8918],[135.8641,33.8917],[135.8635,33.8916],[135.8634,33.8919],[135.8624,33.8936],[135.8618,33.8963],[135.8626,33.8972],[135.863,33.8976],[135.8632,33.8981],[135.8633,33.8986],[135.8633,33.8991],[135.8632,33.8996],[135.8623,33.9012],[135.8624,33.9014],[135.865,33.9031],[135.8655,33.9035],[135.8658,33.904],[135.8661,33.9045],[135.8664,33.9069],[135.868,33.9092],[135.8715,33.9128],[135.8718,33.9132],[135.872,33.9137],[135.8722,33.9142],[135.8722,33.9147],[135.8721,33.9152],[135.8712,33.9166],[135.8731,33.9158],[135.8738,33.9156],[135.8746,33.9155],[135.8748,33.9153],[135.8753,33.9149],[135.8758,33.9147],[135.8764,33.9145],[135.877,33.9144],[135.8775,33.9144],[135.877,33.9133],[135.8768,33.9128],[135.8768,33.9123],[135.8769,33.9118],[135.8771,33.9113],[135.8777,33.9104],[135.8776,33.9101],[135.8775,33.9096],[135.8775,33.9091],[135.8776,33.9086],[135.8779,33.9082],[135.8796,33.9062],[135.88,33.9058],[135.8805,33.9055],[135.8835,33.9046],[135.8844,33.9043],[135.8851,33.9042],[135.8871,33.9043],[135.8934,33.9035],[135.894,33.9035],[135.8946,33.9035],[135.8952,33.9037],[135.8981,33.9052],[135.8986,33.9055],[135.899,33.906],[135.9007,33.9094],[135.9011,33.9123],[135.9011,33.9127],[135.9005,33.9155],[135.9003,33.9161],[135.8978,33.9188],[135.8983,33.9189],[135.9013,33.9185],[135.9055,33.9166],[135.9081,33.9159],[135.9082,33.9159],[135.9085,33.9158],[135.9087,33.9158],[135.9088,33.9158],[135.909,33.9158],[135.9094,33.9158],[135.91,33.9159],[135.9101,33.9159],[135.9106,33.9161],[135.9111,33.9164],[135.9115,33.9167],[135.9119,33.9171],[135.9122,33.9176],[135.913,33.9224],[135.913,33.9228],[135.9129,33.9233],[135.9127,33.9238],[135.9124,33.9242],[135.912,33.9246],[135.9067,33.9277],[135.9062,33.928],[135.9056,33.9281],[135.905,33.9282],[135.9044,33.9282],[135.9038,33.9281],[135.9033,33.9279],[135.9021,33.9271],[135.9018,33.9274],[135.902,33.9288],[135.9013,33.9341],[135.9012,33.9347],[135.9008,33.9352],[135.898,33.9377],[135.8979,33.9384],[135.8978,33.9389],[135.8977,33.9393],[135.8974,33.9398],[135.897,33.9401],[135.8967,33.9403],[135.8967,33.9404],[135.8966,33.9409],[135.8959,33.9422],[135.8964,33.9441],[135.8965,33.9447],[135.8964,33.9453],[135.8962,33.9457],[135.8972,33.9469],[135.8975,33.9473],[135.8977,33.9478],[135.8978,33.9484],[135.8978,33.9489],[135.8976,33.9494],[135.8996,33.9511],[135.9025,33.9512],[135.9031,33.9513],[135.9038,33.9515],[135.9067,33.9534],[135.9072,33.9539],[135.91,33.9583],[135.9102,33.9588],[135.9103,33.9592],[135.9101,33.9615],[135.9103,33.9616],[135.9115,33.9614],[135.9122,33.9614],[135.9128,33.9615],[135.9134,33.9617],[135.9167,33.9637],[135.9173,33.9641],[135.9189,33.9667],[135.9191,33.9671],[135.9192,33.9675],[135.9192,33.968],[135.9185,33.9709],[135.9186,33.9711],[135.9215,33.9734],[135.9242,33.9763],[135.9263,33.977],[135.9268,33.9773],[135.9273,33.9776],[135.9275,33.9779],[135.9278,33.9778],[135.9283,33.9777],[135.9289,33.9776],[135.9315,33.978],[135.9351,33.9776],[135.9357,33.9776],[135.9362,33.9776],[135.9366,33.9777],[135.9366,33.9774],[135.9367,33.9769],[135.9384,33.9744],[135.9388,33.974],[135.9393,33.9736],[135.9399,33.9733],[135.9405,33.9731],[135.9412,33.9731],[135.9418,33.9731],[135.9448,33.974],[135.9453,33.9742],[135.9458,33.9746],[135.9462,33.9749],[135.9478,33.9776],[135.9485,33.9781],[135.9512,33.9783],[135.9529,33.9778],[135.9536,33.9777],[135.9543,33.9776],[135.9592,33.979],[135.9598,33.9792],[135.9603,33.9795],[135.9629,33.9822],[135.9649,33.9828],[135.9686,33.9833],[135.9727,33.983],[135.975,33.9833],[135.9757,33.9834],[135.9762,33.9836],[135.9781,33.9849],[135.9786,33.9854],[135.9799,33.9878],[135.9806,33.9881],[135.9829,33.9882],[135.9858,33.9891],[135.9863,33.9893],[135.9868,33.9897],[135.9872,33.99],[135.9882,33.9917],[135.9885,33.9922],[135.9886,33.9928],[135.9883,33.994],[135.9915,33.9972],[135.9918,33.9976],[135.9921,33.9981],[135.9926,34.0012],[135.993,34.0016],[135.9948,34.0025],[135.9974,34.0026],[135.998,34.0027],[135.9987,34.0029],[135.9994,34.0034],[136.0005,34.0033],[136.0011,34.0033],[136.0016,34.0034],[136.0022,34.0035],[136.0044,34.0048],[136.0049,34.0052],[136.0053,34.0056],[136.0069,34.0094],[136.0069,34.0117],[136.0069,34.0119],[136.0075,34.0122],[136.008,34.0125],[136.0084,34.0129],[136.0088,34.0133],[136.0103,34.0174],[136.0104,34.0183],[136.0113,34.0184],[136.0119,34.0186],[136.0123,34.0188],[136.0156,34.0209],[136.0175,34.0229],[136.0178,34.0233],[136.018,34.0237],[136.0186,34.0262],[136.0189,34.0265],[136.0193,34.0269],[136.0196,34.0274],[136.0205,34.0314],[136.0204,34.033],[136.0209,34.034],[136.0219,34.0339],[136.0225,34.0336],[136.0255,34.031],[136.0259,34.0306],[136.0264,34.0304],[136.0308,34.0293],[136.0314,34.0292],[136.032,34.0292],[136.0327,34.0293],[136.0332,34.0295],[136.0337,34.0297],[136.0342,34.0301],[136.0345,34.0305],[136.0356,34.0328],[136.0367,34.0346],[136.0371,34.0343],[136.0376,34.0341],[136.0382,34.0339],[136.0388,34.0338],[136.0394,34.0338],[136.0414,34.0343],[136.0418,34.034],[136.0423,34.0336],[136.0492,34.0311],[136.0508,34.0301],[136.0513,34.0298],[136.0519,34.0296],[136.0525,34.0295],[136.0531,34.0295],[136.0537,34.0296],[136.0543,34.0298],[136.0548,34.03],[136.0553,34.0304],[136.0557,34.0308],[136.0559,34.0313],[136.056,34.032],[136.0609,34.0299],[136.0615,34.0297],[136.0622,34.0296],[136.0629,34.0296],[136.0636,34.0298],[136.0661,34.0311],[136.0663,34.0311],[136.0668,34.0309],[136.0674,34.0307],[136.0681,34.0306],[136.0707,34.0309],[136.071,34.0306],[136.0715,34.0302],[136.072,34.03],[136.0749,34.0294],[136.0751,34.0293],[136.0751,34.0288],[136.0751,34.0282],[136.0752,34.0277],[136.0755,34.0273],[136.0759,34.0268],[136.0763,34.0265],[136.0769,34.0262],[136.0775,34.026],[136.0795,34.0259],[136.08,34.0255],[136.0805,34.0252],[136.0811,34.025],[136.0816,34.0249],[136.0822,34.0249],[136.0828,34.0249],[136.0853,34.0258],[136.0859,34.0255],[136.0859,34.0254],[136.0862,34.0249],[136.0865,34.0245],[136.0869,34.0242],[136.0873,34.0239],[136.0898,34.023],[136.0904,34.0222],[136.0908,34.0219],[136.0912,34.0216],[136.095,34.02],[136.0956,34.0198],[136.0963,34.0198],[136.0969,34.0198],[136.0976,34.02],[136.0982,34.0202],[136.0987,34.0206],[136.0993,34.0212],[136.0997,34.0212],[136.1003,34.0212],[136.1009,34.0213],[136.1014,34.0215],[136.1019,34.0217],[136.1024,34.0221],[136.1034,34.0234],[136.1037,34.0234],[136.1043,34.0235],[136.1048,34.0237],[136.1053,34.0239],[136.1068,34.025],[136.1071,34.0254],[136.1074,34.0258],[136.1076,34.0263],[136.1077,34.0268],[136.1077,34.0273],[136.1057,34.0328],[136.106,34.0345],[136.106,34.035],[136.1058,34.0356],[136.1044,34.0378],[136.1045,34.0392],[136.1044,34.0397],[136.1043,34.0402],[136.1041,34.0407],[136.1037,34.0411],[136.1023,34.0422],[136.1009,34.0457],[136.1007,34.0461],[136.1004,34.0465],[136.0965,34.0494],[136.0974,34.0509],[136.1001,34.0564],[136.1003,34.0568],[136.1003,34.0573],[136.1001,34.0593],[136.1,34.0598],[136.0979,34.0632],[136.0972,34.0666],[136.098,34.0704],[136.098,34.0709],[136.098,34.0714],[136.0976,34.0723],[136.0978,34.0733],[136.0987,34.0739],[136.0992,34.0742],[136.0996,34.0746],[136.0999,34.0751],[136.1,34.0757],[136.0998,34.0792],[136.0997,34.0797],[136.0995,34.0802],[136.0973,34.0829],[136.0979,34.0837],[136.0982,34.0837],[136.1015,34.0817],[136.1021,34.0814],[136.1064,34.0808],[136.1071,34.0808],[136.108,34.0809],[136.1108,34.0798],[136.1114,34.0796],[136.1119,34.0796],[136.1139,34.0797],[136.1143,34.0795],[136.1149,34.0792],[136.1155,34.0791],[136.1162,34.0791],[136.1169,34.0792],[136.1175,34.0794],[136.1198,34.0809],[136.1202,34.0812],[136.1205,34.0817],[136.1208,34.0821],[136.1209,34.0826],[136.1209,34.0832],[136.1203,34.085],[136.1201,34.0854],[136.1198,34.0858],[136.1195,34.0862],[136.1148,34.0888],[136.1126,34.0905],[136.1106,34.0929],[136.1102,34.0932],[136.1097,34.0935],[136.1092,34.0937],[136.1091,34.0938],[136.1086,34.0946],[136.1083,34.095],[136.1078,34.0954],[136.1072,34.0958],[136.1065,34.096],[136.1066,34.0961],[136.1069,34.0966],[136.107,34.097],[136.1071,34.0975],[136.107,34.0982],[136.1103,34.1013],[136.1107,34.1017],[136.1109,34.1022],[136.1111,34.1027],[136.1111,34.1032],[136.111,34.1037],[136.1108,34.1042],[136.1105,34.1047],[136.1075,34.1071],[136.1075,34.1073],[136.1079,34.1076],[136.1083,34.108],[136.1087,34.1085],[136.1089,34.109],[136.1089,34.1096],[136.1072,34.1157],[136.107,34.1163],[136.1066,34.1168],[136.1061,34.1172],[136.1029,34.1186],[136.1028,34.119],[136.1028,34.1193],[136.1035,34.1199],[136.106,34.1205],[136.1067,34.1208],[136.1091,34.1225],[136.1095,34.1229],[136.1113,34.1255],[136.1115,34.126],[136.1116,34.1264],[136.1115,34.1297],[136.1113,34.1303],[136.1111,34.1308],[136.1098,34.1322],[136.1093,34.1338],[136.1091,34.1343],[136.1081,34.1354],[136.1074,34.138],[136.1059,34.1407],[136.1077,34.1415],[136.1083,34.1418],[136.1087,34.1421],[136.1091,34.1426],[136.1098,34.1444],[136.1099,34.1448],[136.1097,34.1495],[136.1092,34.1515],[136.1118,34.1521],[136.1124,34.1524],[136.1129,34.1527],[136.1134,34.153],[136.1137,34.1535],[136.1145,34.1556],[136.1164,34.1576],[136.1176,34.1596],[136.1178,34.1601],[136.1179,34.1607],[136.1179,34.1612],[136.1164,34.1647],[136.1162,34.1652],[136.1158,34.1656],[136.1149,34.1662],[136.1151,34.1666],[136.1153,34.1671],[136.1153,34.1676],[136.1152,34.1681],[136.115,34.1686],[136.1147,34.1691],[136.1144,34.1695],[136.1107,34.1716],[136.1089,34.1729],[136.1092,34.1731],[136.1096,34.1734],[136.11,34.1738],[136.1102,34.1743],[136.1109,34.1786],[136.1114,34.1791],[136.1117,34.1796],[136.112,34.1801],[136.1121,34.1807],[136.1118,34.1825],[136.1121,34.1848],[136.1121,34.1853],[136.112,34.1858],[136.1118,34.1863],[136.1115,34.1868],[136.1111,34.1871],[136.1106,34.1874],[136.11,34.1877],[136.1094,34.1878],[136.1075,34.1878],[136.1041,34.1891],[136.1035,34.1892],[136.1029,34.1893],[136.1007,34.1891],[136.0983,34.19],[136.0974,34.191],[136.0969,34.1915],[136.0968,34.1915],[136.0971,34.1922],[136.0973,34.1927],[136.0974,34.1932],[136.097,34.1948],[136.0989,34.1964],[136.0993,34.1968],[136.0995,34.1973],[136.1004,34.2004],[136.1024,34.2009],[136.1029,34.2011],[136.1034,34.2014],[136.1039,34.2018],[136.1042,34.2022],[136.1046,34.203],[136.109,34.205],[136.1095,34.2053],[136.1099,34.2057],[136.1103,34.2061],[136.1105,34.2066],[136.1106,34.2071],[136.1106,34.2083],[136.1127,34.2078],[136.1132,34.2078],[136.1137,34.2078],[136.1162,34.2082],[136.1168,34.2084],[136.1173,34.2086],[136.1178,34.209],[136.1212,34.2132],[136.1218,34.2147],[136.122,34.2152],[136.122,34.2157],[136.1219,34.2162],[136.1217,34.2167],[136.1205,34.2181],[136.1202,34.2213],[136.1205,34.2225],[136.1206,34.223],[136.1205,34.2236],[136.1203,34.2241],[136.12,34.2246],[136.1196,34.225],[136.1191,34.2253],[136.1186,34.2256],[136.1153,34.2262],[136.1148,34.2264],[136.1171,34.2271],[136.1177,34.2274],[136.1182,34.2278],[136.1186,34.2283],[136.1204,34.2326],[136.1219,34.2342],[136.1226,34.2345],[136.1231,34.2347],[136.1235,34.2351],[136.1238,34.2354],[136.1253,34.2382],[136.1265,34.239],[136.1292,34.2401],[136.1306,34.2402],[136.1313,34.2403],[136.1319,34.2405],[136.1324,34.2408],[136.1329,34.2412],[136.1332,34.2416],[136.1334,34.2421],[136.1339,34.2464],[136.1339,34.247],[136.1331,34.2487],[136.1345,34.2503],[136.1348,34.2508],[136.135,34.2513],[136.1351,34.2518],[136.1351,34.2524],[136.1349,34.2529],[136.1346,34.2534],[136.1323,34.2553],[136.1318,34.2557],[136.1314,34.2558],[136.131,34.2572],[136.1308,34.2577],[136.1306,34.2581],[136.1302,34.2585],[136.1272,34.2604],[136.1267,34.2607],[136.1261,34.2609],[136.1245,34.261],[136.1226,34.2623],[136.1221,34.2625],[136.1219,34.2626],[136.1223,34.2641],[136.1237,34.2649],[136.1242,34.2653],[136.1246,34.2657],[136.1249,34.2662],[136.1251,34.2667],[136.1251,34.2672],[136.125,34.2678],[136.1248,34.2683],[136.1218,34.2717],[136.1214,34.272],[136.1202,34.2727],[136.1199,34.2744],[136.1198,34.2749],[136.1195,34.2754],[136.1191,34.2758],[136.1187,34.2761],[136.1181,34.2764],[136.1177,34.2765],[136.1164,34.2799],[136.1148,34.2821],[136.1144,34.2825],[136.114,34.2829],[136.1135,34.2831],[136.1129,34.2833],[136.1112,34.2835],[136.1077,34.2851],[136.1065,34.2866],[136.1061,34.287],[136.1038,34.2883],[136.1036,34.2888],[136.1033,34.2893],[136.1029,34.2898],[136.1024,34.2901],[136.1011,34.2906],[136.1011,34.291],[136.1011,34.2915],[136.1009,34.292],[136.0992,34.2945],[136.0994,34.2976],[136.0984,34.301],[136.0992,34.3013],[136.1015,34.3028],[136.1042,34.3028],[136.1072,34.302],[136.1078,34.3019],[136.1084,34.3019],[136.109,34.3019],[136.1105,34.3025],[136.111,34.3024],[136.1116,34.3023],[136.1122,34.3024],[136.1128,34.3025],[136.1134,34.3027],[136.1139,34.3031],[136.1171,34.3067],[136.1195,34.3076],[136.1224,34.3077],[136.1231,34.3078],[136.1237,34.308],[136.1243,34.3083],[136.1286,34.3124],[136.1314,34.314],[136.1318,34.3143],[136.1322,34.3147],[136.1325,34.3151],[136.1327,34.3156],[136.1328,34.3161],[136.1327,34.3166],[136.1326,34.3171],[136.1305,34.32],[136.13,34.3205],[136.1286,34.3213],[136.1269,34.323],[136.1252,34.3264],[136.1249,34.327],[136.1226,34.3288],[136.122,34.3291],[136.1214,34.3294],[136.1207,34.3295],[136.12,34.3295],[136.1194,34.3294],[136.1184,34.329],[136.1169,34.329],[136.1159,34.3299],[136.1155,34.3302],[136.115,34.3305],[136.1119,34.3313],[136.1118,34.3316],[136.1115,34.3321],[136.1081,34.3356],[136.1051,34.3377],[136.1046,34.3387],[136.1053,34.3416],[136.1053,34.3422],[136.1053,34.3427],[136.1051,34.3432],[136.1048,34.3437],[136.1044,34.3441],[136.1025,34.3451],[136.1013,34.3464],[136.1003,34.3492],[136.1014,34.3507],[136.1017,34.3512],[136.1018,34.3516],[136.1019,34.3521],[136.1018,34.3526],[136.1017,34.3531],[136.1006,34.3546],[136.1004,34.3561],[136.1003,34.3565],[136.1002,34.357],[136.0991,34.3583],[136.0988,34.3602],[136.0986,34.3607],[136.0984,34.3611],[136.0964,34.3633],[136.096,34.3636],[136.0955,34.3639],[136.0937,34.3645],[136.0937,34.3649],[136.0938,34.3662],[136.0944,34.3668],[136.0948,34.3672],[136.095,34.3677],[136.0952,34.3682],[136.0952,34.3687],[136.0951,34.3692],[136.0929,34.3731],[136.092,34.3755],[136.0918,34.3759],[136.0914,34.3763],[136.091,34.3767],[136.0897,34.3774],[136.0893,34.3799],[136.0892,34.3805],[136.0889,34.381],[136.0885,34.3814],[136.0864,34.3828],[136.0848,34.385],[136.0845,34.3853],[136.0803,34.3884],[136.0798,34.3887],[136.0793,34.3889],[136.0787,34.3891],[136.0761,34.389],[136.074,34.3895],[136.0728,34.3904],[136.0731,34.392],[136.0731,34.3926],[136.0729,34.393],[136.0742,34.3937],[136.0746,34.394],[136.0775,34.3966],[136.0778,34.397],[136.0781,34.3975],[136.0782,34.3979],[136.0783,34.3984],[136.0782,34.3989],[136.0778,34.3998],[136.0785,34.4013],[136.0796,34.4048],[136.0806,34.4061],[136.082,34.4069],[136.0833,34.4068],[136.0839,34.4068],[136.0846,34.407],[136.0852,34.4072],[136.0894,34.4104],[136.0929,34.4145],[136.0933,34.415],[136.0935,34.4155],[136.0935,34.4199],[136.0942,34.4221],[136.0944,34.4227],[136.0943,34.4232],[136.0942,34.4238],[136.0931,34.4253],[136.0931,34.427],[136.093,34.4276],[136.0929,34.4277],[136.0932,34.4278],[136.0936,34.4281],[136.0955,34.4299],[136.0972,34.4326],[136.0974,34.4327],[136.1009,34.4332],[136.1032,34.4332],[136.1063,34.4327],[136.1069,34.4327],[136.1075,34.4327],[136.1095,34.4332],[136.1106,34.4331],[136.1112,34.433],[136.1118,34.433],[136.1124,34.4332],[136.1154,34.4346],[136.1159,34.4349],[136.1163,34.4352],[136.1166,34.4356],[136.1176,34.4378],[136.1194,34.4392],[136.1202,34.4403],[136.1213,34.4406],[136.1273,34.4409],[136.1279,34.441],[136.1285,34.4411],[136.129,34.4414],[136.1295,34.4417],[136.1299,34.4423],[136.1301,34.4421],[136.1306,34.4419],[136.1311,34.4417],[136.1334,34.4413],[136.1339,34.4409],[136.1344,34.4406],[136.1349,34.4403],[136.1354,34.4402],[136.136,34.4401],[136.1369,34.4402],[136.137,34.4401],[136.1376,34.4397],[136.1382,34.4395],[136.1417,34.4392],[136.1426,34.4387],[136.1433,34.4385],[136.1439,34.4384],[136.1446,34.4384],[136.1481,34.4393],[136.1512,34.4392],[136.1519,34.4392],[136.1526,34.4393],[136.1532,34.4396],[136.1538,34.44],[136.1558,34.4425],[136.1561,34.443],[136.1562,34.4436],[136.1581,34.4444],[136.1586,34.4447],[136.1591,34.445],[136.1598,34.4459],[136.1608,34.4456],[136.1649,34.4457],[136.1674,34.4449],[136.1683,34.4443],[136.1689,34.444],[136.1728,34.4431],[136.1783,34.4428],[136.179,34.4429],[136.1797,34.443],[136.1803,34.4433],[136.1809,34.4437],[136.1819,34.4437],[136.1827,34.4438],[136.1873,34.446],[136.1893,34.4475],[136.1907,34.447],[136.1914,34.4469],[136.1966,34.4472],[136.1971,34.447],[136.1976,34.4467],[136.1982,34.4466],[136.1988,34.4465],[136.2006,34.4467],[136.2044,34.4458],[136.205,34.4457],[136.2057,34.4457],[136.2063,34.4458],[136.2069,34.446],[136.2087,34.4471],[136.2091,34.4474],[136.2095,34.4479],[136.2097,34.4483],[136.2098,34.4488],[136.2098,34.4499],[136.2103,34.4505],[136.2106,34.4509],[136.2118,34.4549],[136.2119,34.4554],[136.2109,34.46],[136.2116,34.4609],[136.2119,34.4613],[136.2128,34.4644],[136.2129,34.4648],[136.2127,34.4665],[136.2142,34.4687],[136.2169,34.4707],[136.2174,34.4711],[136.2177,34.4716],[136.2179,34.4721],[136.218,34.4727],[136.2175,34.4748],[136.2185,34.477],[136.2187,34.4776],[136.2187,34.4782],[136.2183,34.4795],[136.2184,34.4797],[136.2207,34.4817],[136.2211,34.4821],[136.2217,34.4831],[136.2251,34.4843],[136.2256,34.4845],[136.2275,34.4857],[136.2299,34.4866],[136.2304,34.4869],[136.2309,34.4872],[136.2313,34.4877],[136.2328,34.4909],[136.233,34.4914],[136.233,34.4919],[136.2322,34.4953],[136.232,34.4958],[136.2317,34.4963],[136.2313,34.4967],[136.2308,34.497],[136.228,34.4979],[136.2276,34.498],[136.225,34.4982],[136.2241,34.4988],[136.2235,34.499],[136.223,34.4992],[136.2224,34.4993],[136.2203,34.4992],[136.2185,34.5009],[136.218,34.5017],[136.2189,34.5065],[136.2217,34.5085],[136.2221,34.5089],[136.2224,34.5094],[136.2227,34.5099],[136.223,34.5158],[136.223,34.5162],[136.2216,34.5208],[136.2214,34.5212],[136.2196,34.5236],[136.2197,34.5238],[136.2199,34.5279],[136.2199,34.5284],[136.2197,34.5289],[136.2194,34.5294],[136.219,34.5298],[136.2186,34.5301],[136.216,34.5312],[136.2154,34.5314],[136.2102,34.5317],[136.2095,34.5317],[136.2089,34.5316],[136.2061,34.5303],[136.1969,34.5276],[136.1963,34.5274],[136.1949,34.5264],[136.1936,34.5262],[136.1903,34.5266],[136.1896,34.5266],[136.189,34.5266],[136.1883,34.5264],[136.1847,34.5241],[136.1841,34.5237],[136.1834,34.5226],[136.1812,34.5211],[136.1808,34.5208],[136.1805,34.5204],[136.1801,34.5198],[136.1759,34.5205],[136.173,34.5207],[136.1709,34.522],[136.1708,34.522],[136.1705,34.5243],[136.1705,34.5244],[136.1717,34.525],[136.1721,34.5253],[136.1725,34.5257],[136.1728,34.5261],[136.1737,34.5288],[136.1739,34.5294],[136.1737,34.5303],[136.1742,34.5309],[136.1744,34.5313],[136.175,34.5344],[136.175,34.5349],[136.1742,34.5381],[136.174,34.5386],[136.1724,34.5405],[136.1719,34.5409],[136.1714,34.5412],[136.1691,34.5419],[136.1683,34.543],[136.1637,34.5468],[136.1636,34.5468],[136.1643,34.5477],[136.1645,34.5482],[136.1647,34.5487],[136.1647,34.5493],[136.1646,34.5498],[136.1644,34.5503],[136.164,34.5507],[136.1619,34.5523],[136.1612,34.5532],[136.1615,34.5543],[136.1616,34.5548],[136.1616,34.5553],[136.1615,34.5558],[136.1612,34.5563],[136.1609,34.5567],[136.1604,34.5571],[136.1599,34.5574],[136.1588,34.5577],[136.1587,34.558],[136.1588,34.5596],[136.1587,34.5601],[136.1586,34.5607],[136.1583,34.5611],[136.1579,34.5616],[136.1574,34.5619],[136.1569,34.5622],[136.1563,34.5624],[136.1556,34.5624],[136.1507,34.5618],[136.15,34.5617],[136.1494,34.5614],[136.1489,34.5611],[136.1485,34.5606],[136.1482,34.5601],[136.148,34.5596],[136.148,34.5584],[136.1476,34.5585],[136.1453,34.5596],[136.1445,34.5607],[136.1441,34.5612],[136.1435,34.5615],[136.1429,34.5618],[136.1422,34.562],[136.1414,34.562],[136.1412,34.5623],[136.1408,34.5628],[136.1403,34.5631],[136.1398,34.5634],[136.1391,34.5636],[136.1385,34.5636],[136.1378,34.5636],[136.1372,34.5634],[136.1366,34.5632],[136.1361,34.5628],[136.1315,34.5571],[136.122,34.5516],[136.1217,34.5514],[136.1216,34.5514],[136.121,34.5513],[136.1185,34.5505],[136.1179,34.5502],[136.1174,34.5499],[136.1171,34.5496],[136.1169,34.5496],[136.1163,34.5496],[136.1159,34.5495],[136.1154,34.5509],[136.1152,34.5513],[136.1146,34.5521],[136.1147,34.5541],[136.1146,34.5546],[136.1137,34.5572],[136.1135,34.5577],[136.1132,34.5581],[136.1128,34.5585],[136.1123,34.5588],[136.1106,34.5593],[136.1099,34.5595],[136.1092,34.5595],[136.1067,34.559],[136.1014,34.5593],[136.1007,34.5593],[136.0993,34.5589],[136.0966,34.5602],[136.096,34.5604],[136.0955,34.5605],[136.0949,34.5606],[136.0943,34.5605],[136.0937,34.5604],[136.0929,34.56],[136.0927,34.5603],[136.0923,34.5607],[136.0917,34.5611],[136.0912,34.5614],[136.0905,34.5616],[136.0898,34.5616],[136.0872,34.5612],[136.0869,34.5614],[136.0864,34.5617],[136.0858,34.5619],[136.0855,34.5629],[136.0852,34.5634],[136.0849,34.5638],[136.0845,34.5642],[136.0816,34.5656],[136.081,34.5659],[136.0803,34.566],[136.0793,34.5659],[136.0778,34.5666],[136.0764,34.5683],[136.0759,34.5688],[136.0728,34.5701],[136.0722,34.5703],[136.0715,34.5704],[136.0708,34.5704],[136.0694,34.57],[136.069,34.5702],[136.0684,34.5704],[136.0677,34.5705],[136.0671,34.5705],[136.0665,34.5704],[136.0657,34.5701],[136.0637,34.571],[136.0641,34.5748],[136.064,34.5753],[136.0639,34.5759],[136.0636,34.5764],[136.0632,34.5768],[136.0568,34.5807],[136.0562,34.5809],[136.0556,34.5811],[136.0547,34.5812],[136.0546,34.5816],[136.0543,34.5821],[136.054,34.5826],[136.0536,34.5829],[136.053,34.5832],[136.0525,34.5835],[136.0519,34.5836],[136.0517,34.5839],[136.0514,34.5843],[136.0517,34.5844],[136.0523,34.5846],[136.0528,34.5849],[136.0532,34.5852],[136.055,34.5879],[136.0552,34.5884],[136.0554,34.589],[136.0553,34.5895],[136.0552,34.5901],[136.0548,34.5907],[136.0553,34.5923],[136.0554,34.5929],[136.0554,34.5934],[136.0552,34.5939],[136.055,34.5944],[136.0546,34.5949],[136.0516,34.5968],[136.0514,34.597],[136.0507,34.5997],[136.0503,34.6005],[136.0503,34.6006],[136.0524,34.6021],[136.0529,34.6025],[136.0532,34.6029],[136.0534,34.6035],[136.0536,34.605],[136.0562,34.6074],[136.0568,34.6076],[136.0575,34.6078],[136.0581,34.6082],[136.0612,34.6118],[136.0615,34.6122],[136.0617,34.6127],[136.0617,34.613],[136.063,34.6143],[136.0635,34.6144],[136.0641,34.6146],[136.0646,34.6149],[136.065,34.6153],[136.0653,34.6158],[136.0655,34.6163],[136.0656,34.618],[136.0661,34.6181],[136.0668,34.6184],[136.0681,34.6194],[136.0695,34.6197],[136.0701,34.6198],[136.0707,34.6201],[136.0712,34.6205],[136.0716,34.6209],[136.073,34.6239],[136.0732,34.6245],[136.0732,34.625],[136.0731,34.6256],[136.0723,34.6269],[136.0739,34.6278],[136.0745,34.6282],[136.0749,34.6286],[136.0759,34.6309],[136.076,34.6314],[136.076,34.632],[136.076,34.6322],[136.0761,34.6324],[136.0765,34.6329],[136.0767,34.6334],[136.0768,34.6339],[136.0765,34.6366],[136.0764,34.6371],[136.0762,34.6375],[136.0758,34.6379],[136.0754,34.6383],[136.0746,34.6388],[136.0745,34.6407],[136.0744,34.6412],[136.0741,34.6418],[136.0711,34.6449],[136.0709,34.6468],[136.0708,34.6473],[136.0706,34.6478],[136.0685,34.65],[136.0683,34.6512],[136.0696,34.6521],[136.0701,34.6526],[136.0708,34.6539],[136.0722,34.6547],[136.0727,34.6551],[136.073,34.6555],[136.0756,34.656],[136.0779,34.6561],[136.0786,34.6561],[136.0791,34.6563],[136.0797,34.6566],[136.0802,34.6569],[136.0806,34.6573],[136.0808,34.6578],[136.0815,34.6607],[136.0816,34.6613],[136.0814,34.6621],[136.0814,34.6622],[136.083,34.6626],[136.0836,34.6628],[136.0841,34.6631],[136.0846,34.6635],[136.0863,34.6663],[136.0865,34.6668],[136.0866,34.6673],[136.0866,34.6679],[136.0858,34.6698],[136.087,34.6719],[136.0888,34.6735],[136.0892,34.6739],[136.0895,34.6744],[136.0897,34.6749],[136.0897,34.6755],[136.0896,34.676],[136.0878,34.6792],[136.0875,34.6796],[136.0871,34.68],[136.0867,34.6803],[136.086,34.6805],[136.086,34.6809],[136.086,34.6814],[136.0855,34.683],[136.0852,34.6835],[136.0849,34.6839],[136.0829,34.6853],[136.0829,34.6863],[136.0821,34.6904],[136.0819,34.6909],[136.0815,34.6915],[136.0803,34.6925],[136.0782,34.6984],[136.078,34.6989],[136.0777,34.6993],[136.0774,34.6996],[136.0758,34.7006],[136.0752,34.7008],[136.0746,34.701],[136.074,34.701],[136.0707,34.7005],[136.0686,34.7005],[136.0651,34.7012],[136.0638,34.7019],[136.0633,34.7022],[136.0627,34.7023],[136.0614,34.7024],[136.0611,34.7032],[136.0608,34.7037],[136.0604,34.7042],[136.0601,34.7044],[136.0602,34.7044],[136.0608,34.7044],[136.0613,34.7046],[136.0634,34.7056],[136.0636,34.7056],[136.0642,34.7055],[136.0648,34.7056],[136.0653,34.7057],[136.0659,34.7059],[136.0688,34.708],[136.0705,34.7099],[136.0709,34.71],[136.0715,34.7101],[136.0721,34.7104],[136.0726,34.7108],[136.0729,34.7112],[136.0741,34.7138],[136.0743,34.7143],[136.0743,34.7149],[136.0742,34.7154],[136.0725,34.7182],[136.0721,34.7186],[136.0719,34.7189],[136.072,34.7192],[136.0721,34.7197],[136.0721,34.7202],[136.0714,34.7221],[136.0713,34.7239],[136.0712,34.7244],[136.0711,34.7249],[136.0708,34.7253],[136.0685,34.7275],[136.068,34.7278],[136.0676,34.728],[136.0659,34.7285],[136.0656,34.7296],[136.0658,34.7302],[136.0658,34.7307],[136.0657,34.7313],[136.0655,34.7318],[136.0652,34.7323],[136.0634,34.7336],[136.0632,34.7343],[136.0631,34.7347],[136.0628,34.7351],[136.0608,34.7368],[136.0607,34.7375],[136.0606,34.7379],[136.0604,34.7384],[136.06,34.7388],[136.0577,34.7406],[136.0575,34.7406],[136.0572,34.7408],[136.057,34.7409],[136.0569,34.741],[136.0567,34.7411]]]},"properties":{"prefectureName":"奈良県","prefectureCode":"29"}},
{"type":"Feature","geometry":{"type":"MultiPolygon","coordinates":[[[[135.8587,33.8627],[135.8588,33.8628],[135.8593,33.8631],[135.8596,33.8634],[135.8618,33.8674],[135.8621,33.8679],[135.8621,33.8685],[135.8611,33.8722],[135.8612,33.873],[135.8611,33.8735],[135.861,33.874],[135.8608,33.8744],[135.8578,33.8775],[135.8561,33.8787],[135.8557,33.8808],[135.856,33.8812],[135.8563,33.8817],[135.8567,33.8836],[135.858,33.8862],[135.8593,33.8852],[135.8598,33.8849],[135.8603,33.8846],[135.8609,33.8845],[135.8616,33.8845],[135.8622,33.8845],[135.8628,33.8847],[135.8653,33.8861],[135.8654,33.8861],[135.869,33.886],[135.8691,33.8859],[135.872,33.8824],[135.8724,33.882],[135.873,33.8816],[135.8736,33.8814],[135.8742,33.8813],[135.8769,33.8813],[135.8789,33.8795],[135.8791,33.879],[135.8785,33.8779],[135.8772,33.8775],[135.8766,33.8772],[135.8761,33.8768],[135.8754,33.876],[135.8736,33.8754],[135.8731,33.8752],[135.8726,33.8749],[135.8722,33.8745],[135.8704,33.8717],[135.8702,33.8713],[135.8697,33.8683],[135.8696,33.8677],[135.8707,33.8641],[135.8717,33.8609],[135.8719,33.8604],[135.8722,33.86],[135.8726,33.8596],[135.8731,33.8593],[135.8737,33.8591],[135.8743,33.8589],[135.8749,33.8589],[135.8755,33.859],[135.8761,33.8591],[135.8769,33.8596],[135.8783,33.8603],[135.8788,33.8606],[135.8809,33.8631],[135.8811,33.8636],[135.8813,33.864],[135.8814,33.8645],[135.8809,33.8676],[135.881,33.8695],[135.8818,33.8698],[135.8836,33.8698],[135.8843,33.8697],[135.8843,33.8696],[135.8847,33.8692],[135.8888,33.8663],[135.8894,33.866],[135.8901,33.8658],[135.894,33.8657],[135.8947,33.8657],[135.899,33.8673],[135.8995,33.8675],[135.9,33.8679],[135.9003,33.8683],[135.9006,33.8687],[135.9008,33.8692],[135.9009,33.8729],[135.9018,33.8765],[135.9032,33.8777],[135.9036,33.8782],[135.9048,33.8812],[135.9049,33.8817],[135.9045,33.8856],[135.9044,33.8862],[135.9041,33.8867],[135.898,33.8924],[135.8957,33.8951],[135.8953,33.8955],[135.8948,33.8958],[135.8942,33.896],[135.8936,33.8962],[135.8914,33.8961],[135.8912,33.8961],[135.8912,33.8964],[135.8911,33.8968],[135.8909,33.8973],[135.8906,33.8978],[135.8903,33.8982],[135.8873,33.9],[135.8866,33.9011],[135.8838,33.9036],[135.8835,33.9046],[135.8827,33.9072],[135.883,33.9074],[135.8834,33.9078],[135.8837,33.9082],[135.8844,33.9102],[135.8845,33.9108],[135.8845,33.9114],[135.8843,33.9119],[135.8838,33.9125],[135.8841,33.9127],[135.8845,33.9131],[135.8849,33.9136],[135.8851,33.9141],[135.8851,33.9147],[135.8851,33.9152],[135.8832,33.919],[135.8829,33.9194],[135.8825,33.9198],[135.8821,33.9201],[135.8816,33.9204],[135.881,33.9205],[135.8804,33.9206],[135.8798,33.9206],[135.8786,33.9203],[135.8785,33.9204],[135.8779,33.9207],[135.8773,33.9208],[135.8754,33.9209],[135.8734,33.9217],[135.8685,33.9231],[135.8678,33.9232],[135.8671,33.9232],[135.8645,33.9226],[135.864,33.9224],[135.8635,33.9221],[135.863,33.9217],[135.8627,33.9213],[135.8625,33.9208],[135.8623,33.9203],[135.8623,33.9198],[135.8624,33.9193],[135.8651,33.9148],[135.8627,33.9122],[135.8604,33.9092],[135.8601,33.9086],[135.8598,33.9066],[135.8577,33.9052],[135.8572,33.9047],[135.8558,33.9023],[135.8555,33.9017],[135.8555,33.9011],[135.8556,33.9006],[135.8563,33.8992],[135.8559,33.8988],[135.8555,33.8983],[135.8553,33.8978],[135.8552,33.8972],[135.8561,33.8923],[135.8562,33.8919],[135.8568,33.8909],[135.8566,33.8905],[135.8566,33.8904],[135.8555,33.8912],[135.8554,33.8928],[135.8553,33.8933],[135.8541,33.8956],[135.8537,33.896],[135.8533,33.8964],[135.8528,33.8967],[135.8522,33.8969],[135.851,33.8971],[135.8483,33.8989],[135.8478,33.8991],[135.8472,33.8993],[135.8421,33.8998],[135.8387,33.8994],[135.838,33.8992],[135.8365,33.8985],[135.8324,33.8999],[135.8304,33.9015],[135.83,33.9017],[135.828,33.9025],[135.8222,33.9054],[135.8217,33.9057],[135.8211,33.9058],[135.8206,33.9058],[135.8187,33.9075],[135.818,33.9079],[135.8156,33.9087],[135.8149,33.9088],[135.8108,33.9086],[135.81,33.9089],[135.8093,33.9091],[135.8087,33.9092],[135.808,33.9091],[135.8074,33.909],[135.8068,33.9087],[135.8041,33.9065],[135.8017,33.9053],[135.8012,33.905],[135.8008,33.9046],[135.8005,33.9042],[135.8003,33.9038],[135.7995,33.8983],[135.7994,33.8983],[135.7958,33.898],[135.7919,33.8972],[135.7914,33.8971],[135.788,33.8955],[135.785,33.895],[135.7823,33.894],[135.7818,33.8937],[135.7814,33.8934],[135.781,33.893],[135.7806,33.8924],[135.7792,33.8915],[135.7775,33.891],[135.7771,33.8911],[135.7753,33.8923],[135.7748,33.8926],[135.7742,33.8929],[135.7736,33.893],[135.773,33.893],[135.7719,33.8928],[135.7698,33.8935],[135.7692,33.8936],[135.7659,33.8935],[135.7653,33.8934],[135.7647,33.8933],[135.7642,33.893],[135.7629,33.892],[135.7625,33.8915],[135.7618,33.8904],[135.7616,33.8904],[135.761,33.8904],[135.7604,33.8904],[135.7598,33.8902],[135.7566,33.8884],[135.7554,33.8893],[135.7548,33.8905],[135.7545,33.891],[135.7541,33.8914],[135.7537,33.8918],[135.7531,33.892],[135.7525,33.8922],[135.7519,33.8923],[135.7512,33.8922],[135.7506,33.8921],[135.7484,33.8909],[135.7478,33.8912],[135.7469,33.8923],[135.7465,33.8927],[135.7459,33.893],[135.7453,33.8933],[135.7447,33.8934],[135.744,33.8934],[135.7437,33.8939],[135.7433,33.8943],[135.7429,33.8947],[135.7422,33.895],[135.7421,33.8954],[135.7419,33.8959],[135.7416,33.8963],[135.7413,33.8967],[135.7408,33.897],[135.7403,33.8973],[135.7397,33.8974],[135.738,33.8975],[135.7368,33.8982],[135.7363,33.8984],[135.7358,33.8986],[135.7347,33.8987],[135.7332,33.9014],[135.7329,33.9018],[135.7325,33.9021],[135.7276,33.9049],[135.7255,33.9057],[135.7249,33.9059],[135.7242,33.906],[135.7235,33.9059],[135.7228,33.9058],[135.7217,33.9052],[135.7192,33.9057],[135.7185,33.9058],[135.7143,33.9053],[135.7134,33.9055],[135.7114,33.9065],[135.7109,33.9068],[135.7104,33.9069],[135.7065,33.9071],[135.7059,33.9071],[135.7053,33.907],[135.7038,33.9064],[135.7006,33.9065],[135.6914,33.9061],[135.6886,33.9067],[135.6879,33.9067],[135.6849,33.9064],[135.6843,33.9063],[135.6838,33.9061],[135.6833,33.9058],[135.681,33.9036],[135.6807,33.9032],[135.6798,33.9016],[135.6782,33.901],[135.6747,33.9014],[135.6729,33.9025],[135.6724,33.9028],[135.6717,33.903],[135.6711,33.9031],[135.6628,33.902],[135.6623,33.9019],[135.6618,33.9017],[135.6586,33.8997],[135.6581,33.8993],[135.6578,33.8989],[135.6575,33.8985],[135.6574,33.898],[135.6574,33.8975],[135.6574,33.897],[135.6576,33.8965],[135.6591,33.8946],[135.6594,33.8934],[135.659,33.89],[135.6582,33.8889],[135.6559,33.8881],[135.6553,33.8878],[135.6549,33.8875],[135.6545,33.8871],[135.653,33.8841],[135.6528,33.8837],[135.6506,33.8833],[135.65,33.8831],[135.6494,33.8828],[135.649,33.8824],[135.6471,33.8798],[135.6456,33.8801],[135.6451,33.8801],[135.6445,33.8801],[135.6439,33.88],[135.6427,33.8795],[135.642,33.8798],[135.6415,33.8801],[135.641,33.8802],[135.6383,33.8804],[135.6376,33.8804],[135.6344,33.8795],[135.6339,33.8792],[135.6333,33.8789],[135.632,33.8774],[135.6298,33.8771],[135.6292,33.877],[135.6286,33.8768],[135.6282,33.8765],[135.6276,33.876],[135.6258,33.8762],[135.624,33.876],[135.6248,33.8765],[135.6252,33.8768],[135.6256,33.8773],[135.6268,33.8805],[135.6272,33.8806],[135.6278,33.8808],[135.6284,33.881],[135.6289,33.8814],[135.6293,33.8818],[135.6295,33.8823],[135.63,33.8843],[135.63,33.8849],[135.6286,33.8896],[135.6284,33.8899],[135.6265,33.8926],[135.6258,33.8952],[135.6261,33.8977],[135.6261,33.8982],[135.626,33.8988],[135.6257,33.8992],[135.6254,33.8997],[135.6249,33.9001],[135.621,33.9018],[135.6203,33.902],[135.6196,33.9021],[135.616,33.9017],[135.6157,33.9019],[135.615,33.9021],[135.6143,33.9022],[135.6136,33.9022],[135.613,33.9021],[135.6124,33.9019],[135.6123,33.9019],[135.6117,33.9021],[135.6111,33.9022],[135.6075,33.9019],[135.6061,33.9031],[135.6048,33.9038],[135.605,33.9046],[135.6051,33.9051],[135.6051,33.9055],[135.605,33.906],[135.6041,33.9074],[135.6068,33.9083],[135.6073,33.9085],[135.6096,33.9101],[135.6106,33.9102],[135.6112,33.9103],[135.6118,33.9105],[135.6123,33.9108],[135.6127,33.9111],[135.6131,33.9115],[135.6133,33.912],[135.6135,33.9125],[135.6133,33.9152],[135.6139,33.9178],[135.6155,33.9203],[135.6158,33.9207],[135.6159,33.9212],[135.6159,33.9229],[135.6161,33.923],[135.6165,33.9234],[135.6169,33.9238],[135.6171,33.9243],[135.6173,33.9248],[135.6171,33.9278],[135.617,33.9282],[135.6158,33.9308],[135.6156,33.9312],[135.6152,33.9316],[135.6133,33.933],[135.6139,33.9347],[135.6141,33.9347],[135.616,33.9343],[135.6166,33.9342],[135.6173,33.9342],[135.6179,33.9343],[135.6185,33.9346],[135.619,33.9349],[135.6194,33.9353],[135.6198,33.9357],[135.62,33.9362],[135.6202,33.9386],[135.6212,33.94],[135.6215,33.9404],[135.6217,33.9409],[135.6219,33.9441],[135.6218,33.9447],[135.6216,33.9452],[135.6191,33.9485],[135.6192,33.9486],[135.6193,33.9492],[135.6192,33.9506],[135.6196,33.9504],[135.6202,33.9503],[135.6211,33.9504],[135.6222,33.9496],[135.6223,33.9495],[135.6225,33.949],[135.6229,33.9485],[135.6234,33.9481],[135.624,33.9478],[135.6303,33.9465],[135.6308,33.9464],[135.6314,33.9464],[135.6379,33.948],[135.6385,33.9482],[135.639,33.9485],[135.6395,33.9489],[135.6399,33.9494],[135.6401,33.9499],[135.6402,33.9504],[135.6389,33.9568],[135.6389,33.9579],[135.6408,33.9593],[135.6412,33.9597],[135.6415,33.9601],[135.6417,33.9605],[135.6421,33.9625],[135.6429,33.9638],[135.6431,33.9642],[135.6435,33.9671],[135.6436,33.9676],[135.643,33.9695],[135.6432,33.9728],[135.6431,33.9735],[135.6429,33.974],[135.6412,33.976],[135.641,33.9767],[135.6424,33.9822],[135.6425,33.9827],[135.6418,33.986],[135.6401,33.9889],[135.64,33.9902],[135.6398,33.9907],[135.6395,33.9913],[135.6372,33.9933],[135.6368,33.9936],[135.6363,33.9939],[135.6357,33.9941],[135.6351,33.9941],[135.6333,33.994],[135.6333,33.995],[135.6322,33.9985],[135.6319,33.999],[135.6316,33.9994],[135.6281,34.0019],[135.6276,34.0022],[135.6287,34.0056],[135.6287,34.0062],[135.6284,34.0079],[135.6282,34.0085],[135.6278,34.009],[135.6238,34.0118],[135.6233,34.0122],[135.6226,34.0124],[135.6219,34.0125],[135.618,34.0119],[135.6154,34.0121],[135.6145,34.0124],[135.6145,34.0125],[135.6143,34.0129],[135.6141,34.0133],[135.6137,34.0137],[135.6103,34.0158],[135.6097,34.0161],[135.6091,34.0162],[135.6084,34.0163],[135.6078,34.0163],[135.6047,34.0153],[135.6046,34.0153],[135.6041,34.0153],[135.5975,34.0149],[135.5966,34.0147],[135.5957,34.0178],[135.5952,34.0189],[135.598,34.0219],[135.5983,34.0225],[135.5989,34.0245],[135.599,34.0251],[135.5984,34.0272],[135.5998,34.0288],[135.6016,34.0299],[135.6021,34.0302],[135.6025,34.0306],[135.6027,34.0311],[135.6029,34.0316],[135.6029,34.0322],[135.6022,34.0347],[135.6004,34.0372],[135.5999,34.0377],[135.5986,34.0385],[135.5981,34.0399],[135.5982,34.0404],[135.5982,34.0408],[135.5978,34.0443],[135.5977,34.0448],[135.5974,34.0454],[135.594,34.0485],[135.5936,34.0488],[135.593,34.0491],[135.5924,34.0493],[135.5899,34.0494],[135.5895,34.05],[135.5891,34.0504],[135.5875,34.0514],[135.5859,34.0542],[135.5838,34.057],[135.5837,34.0581],[135.5836,34.0586],[135.5834,34.0591],[135.5831,34.0596],[135.5826,34.06],[135.5821,34.0603],[135.5815,34.0605],[135.5783,34.0608],[135.5762,34.0614],[135.5755,34.0615],[135.5697,34.0611],[135.5692,34.061],[135.5681,34.0607],[135.5676,34.0612],[135.5667,34.064],[135.5664,34.0645],[135.5661,34.065],[135.5656,34.0653],[135.5651,34.0656],[135.5645,34.0658],[135.5584,34.0665],[135.555,34.0674],[135.5545,34.069],[135.5543,34.0696],[135.5539,34.07],[135.5535,34.0704],[135.5529,34.0708],[135.5523,34.071],[135.5516,34.0711],[135.549,34.0709],[135.5488,34.071],[135.5471,34.0732],[135.5467,34.0737],[135.5462,34.074],[135.5457,34.0743],[135.5444,34.0746],[135.543,34.0762],[135.5449,34.0782],[135.5452,34.0785],[135.5458,34.0798],[135.5503,34.0815],[135.5508,34.0817],[135.5513,34.0821],[135.5525,34.0835],[135.5528,34.084],[135.553,34.0844],[135.5531,34.0907],[135.5531,34.0911],[135.5529,34.0916],[135.5524,34.0924],[135.5525,34.0945],[135.5519,34.0972],[135.5518,34.0978],[135.5514,34.0983],[135.5529,34.0994],[135.5535,34.0993],[135.5542,34.0993],[135.5595,34.1009],[135.5601,34.1011],[135.5606,34.1014],[135.561,34.1018],[135.5614,34.1023],[135.5616,34.1028],[135.5617,34.1033],[135.5616,34.1038],[135.5605,34.1065],[135.5614,34.107],[135.5627,34.1072],[135.5632,34.1074],[135.5637,34.1076],[135.5673,34.1103],[135.5713,34.1108],[135.5719,34.1109],[135.575,34.1123],[135.5775,34.1124],[135.578,34.1125],[135.5786,34.1126],[135.5791,34.1129],[135.5811,34.1144],[135.5815,34.1149],[135.5818,34.1154],[135.5826,34.1193],[135.5851,34.1252],[135.5852,34.1256],[135.5853,34.1275],[135.5875,34.131],[135.5877,34.1314],[135.5889,34.1387],[135.5889,34.1392],[135.5888,34.1398],[135.5894,34.1404],[135.591,34.1427],[135.5913,34.1433],[135.5914,34.1455],[135.5921,34.1461],[135.5932,34.146],[135.5938,34.146],[135.5943,34.1461],[135.5949,34.1462],[135.5954,34.1465],[135.5977,34.1483],[135.5992,34.1486],[135.5999,34.1489],[135.6018,34.1502],[135.6044,34.1508],[135.6049,34.1509],[135.6054,34.1512],[135.6065,34.152],[135.6082,34.1526],[135.6113,34.1524],[135.6119,34.1524],[135.6155,34.1532],[135.6166,34.1532],[135.6172,34.1532],[135.6177,34.1533],[135.6183,34.1535],[135.6211,34.1552],[135.6232,34.1559],[135.6237,34.1562],[135.6242,34.1565],[135.6246,34.1569],[135.6249,34.1574],[135.6261,34.1622],[135.6262,34.1628],[135.6261,34.1633],[135.6259,34.1639],[135.6255,34.1644],[135.6247,34.165],[135.6238,34.1666],[135.6238,34.1669],[135.6248,34.1673],[135.6253,34.1676],[135.6258,34.168],[135.6262,34.1685],[135.6266,34.1697],[135.627,34.1698],[135.6275,34.1701],[135.6305,34.1731],[135.6308,34.1736],[135.6312,34.1745],[135.6329,34.1747],[135.6336,34.1749],[135.6367,34.1765],[135.638,34.1766],[135.6386,34.1767],[135.6392,34.1769],[135.6398,34.1772],[135.6402,34.1776],[135.6406,34.1781],[135.6411,34.1796],[135.6436,34.1809],[135.6441,34.1812],[135.6446,34.1816],[135.6449,34.182],[135.6451,34.1825],[135.6452,34.183],[135.6452,34.1838],[135.6461,34.1857],[135.647,34.1864],[135.6475,34.1868],[135.6478,34.1872],[135.648,34.1877],[135.6484,34.1905],[135.6483,34.191],[135.6482,34.1915],[135.6479,34.192],[135.6476,34.1924],[135.6471,34.1928],[135.6465,34.1931],[135.6439,34.1937],[135.6438,34.194],[135.6435,34.1945],[135.6432,34.1949],[135.6428,34.1953],[135.6423,34.1955],[135.6413,34.1959],[135.6387,34.198],[135.6377,34.1994],[135.6385,34.2017],[135.6387,34.2022],[135.6386,34.2028],[135.6383,34.2038],[135.6433,34.2075],[135.6438,34.2079],[135.6441,34.2083],[135.6443,34.2088],[135.6444,34.2093],[135.6444,34.2098],[135.6443,34.2103],[135.6438,34.2111],[135.644,34.2119],[135.6454,34.2133],[135.6468,34.2136],[135.6473,34.2138],[135.6478,34.214],[135.6482,34.2143],[135.6492,34.2155],[135.6502,34.2148],[135.6507,34.2145],[135.6512,34.2142],[135.6547,34.2136],[135.6553,34.2136],[135.6559,34.2136],[135.6564,34.2138],[135.6601,34.2155],[135.6621,34.2156],[135.6628,34.2157],[135.6633,34.2159],[135.6639,34.2161],[135.6687,34.2204],[135.6698,34.2218],[135.6699,34.2218],[135.6715,34.2216],[135.673,34.2208],[135.6735,34.2206],[135.674,34.2205],[135.6746,34.2204],[135.6771,34.2206],[135.6805,34.2192],[135.6811,34.219],[135.6817,34.2189],[135.6824,34.2189],[135.6825,34.2189],[135.6827,34.2188],[135.6833,34.2173],[135.6836,34.2168],[135.684,34.2163],[135.6861,34.2151],[135.6866,34.2148],[135.6872,34.2147],[135.692,34.2144],[135.695,34.2104],[135.6954,34.21],[135.6959,34.2097],[135.6964,34.2094],[135.697,34.2092],[135.6976,34.2091],[135.7008,34.2094],[135.7057,34.2061],[135.7063,34.2058],[135.7069,34.2056],[135.7076,34.2055],[135.7083,34.2056],[135.7107,34.2063],[135.7113,34.2065],[135.7118,34.2068],[135.7142,34.2092],[135.7145,34.2097],[135.7152,34.2119],[135.7181,34.2122],[135.7188,34.2124],[135.7194,34.2127],[135.7251,34.2174],[135.7283,34.2181],[135.7289,34.2183],[135.7294,34.2186],[135.7299,34.2189],[135.7302,34.2193],[135.7305,34.2197],[135.7307,34.2202],[135.7307,34.223],[135.7318,34.2248],[135.7321,34.2262],[135.7325,34.2264],[135.7329,34.2268],[135.7332,34.2273],[135.7334,34.2279],[135.7333,34.2321],[135.7316,34.2362],[135.7314,34.2367],[135.7311,34.2371],[135.7306,34.2374],[135.7302,34.2377],[135.7284,34.2383],[135.7273,34.2394],[135.7268,34.2404],[135.727,34.242],[135.727,34.2425],[135.727,34.243],[135.7268,34.2434],[135.7254,34.2453],[135.7253,34.2464],[135.7252,34.2468],[135.7236,34.2501],[135.7239,34.2509],[135.724,34.2515],[135.724,34.252],[135.7227,34.2551],[135.7228,34.2596],[135.7216,34.2639],[135.7214,34.2645],[135.7187,34.2673],[135.7183,34.2677],[135.7178,34.2679],[135.7172,34.2681],[135.7166,34.2683],[135.716,34.2683],[135.7154,34.2682],[135.7152,34.2681],[135.714,34.2686],[135.7136,34.2693],[135.7132,34.2696],[135.7128,34.27],[135.7123,34.2703],[135.7116,34.2705],[135.7117,34.2718],[135.7116,34.2723],[135.7115,34.2728],[135.7112,34.2732],[135.7109,34.2737],[135.7104,34.274],[135.7099,34.2743],[135.7094,34.2745],[135.7088,34.2746],[135.7055,34.2744],[135.7036,34.2769],[135.7031,34.2773],[135.7,34.279],[135.6953,34.2801],[135.694,34.2806],[135.6934,34.2808],[135.6928,34.281],[135.6921,34.281],[135.6915,34.2808],[135.6909,34.2806],[135.6904,34.2803],[135.6883,34.2783],[135.688,34.2778],[135.6866,34.2735],[135.6848,34.2737],[135.6841,34.2737],[135.6838,34.2736],[135.6834,34.2744],[135.6831,34.2748],[135.6827,34.2753],[135.6823,34.2756],[135.6802,34.2764],[135.6801,34.2779],[135.68,34.2784],[135.6798,34.2788],[135.6795,34.2793],[135.6763,34.2818],[135.677,34.2835],[135.677,34.2855],[135.6779,34.2866],[135.6781,34.287],[135.6783,34.2874],[135.6787,34.2901],[135.6787,34.2906],[135.6785,34.2912],[135.6783,34.2916],[135.6779,34.2921],[135.677,34.2927],[135.6764,34.2949],[135.675,34.2969],[135.6747,34.2974],[135.6742,34.2978],[135.6719,34.2988],[135.6718,34.3032],[135.6714,34.3047],[135.6718,34.3054],[135.6721,34.3059],[135.6722,34.3064],[135.6722,34.3069],[135.6721,34.3074],[135.6719,34.3079],[135.6716,34.3083],[135.67,34.3096],[135.6709,34.3124],[135.672,34.3142],[135.6722,34.3146],[135.6723,34.3152],[135.6723,34.3157],[135.671,34.3193],[135.6714,34.3205],[135.6716,34.3209],[135.6714,34.3258],[135.6713,34.3264],[135.6711,34.3269],[135.6707,34.3274],[135.6703,34.3278],[135.6675,34.3291],[135.6636,34.3299],[135.6636,34.33],[135.6633,34.3306],[135.6629,34.3312],[135.6624,34.3335],[135.6632,34.3348],[135.6635,34.3353],[135.6636,34.3359],[135.6636,34.336],[135.664,34.3363],[135.6644,34.3367],[135.6646,34.3372],[135.6648,34.3378],[135.6647,34.3383],[135.664,34.3404],[135.6652,34.3421],[135.6654,34.3426],[135.6656,34.3431],[135.6656,34.3436],[135.6655,34.3441],[135.6653,34.3446],[135.6651,34.3448],[135.6655,34.3453],[135.6659,34.3458],[135.6661,34.3463],[135.6662,34.3468],[135.6656,34.3503],[135.6659,34.3507],[135.6662,34.3512],[135.6668,34.3551],[135.6668,34.3557],[135.6667,34.3562],[135.6638,34.3609],[135.6634,34.3614],[135.6625,34.362],[135.6589,34.3672],[135.6583,34.3694],[135.6586,34.3711],[135.6587,34.3715],[135.6586,34.372],[135.6584,34.3725],[135.6573,34.3742],[135.6557,34.3782],[135.6546,34.3802],[135.6546,34.3811],[135.6544,34.3834],[135.6543,34.3839],[135.654,34.3844],[135.6537,34.3849],[135.6532,34.3853],[135.6526,34.3856],[135.6512,34.386],[135.6498,34.3863],[135.6492,34.3864],[135.6463,34.3862],[135.6445,34.3865],[135.644,34.3866],[135.6386,34.3861],[135.638,34.386],[135.6374,34.3858],[135.6368,34.3855],[135.6364,34.3851],[135.636,34.3846],[135.636,34.3845],[135.6329,34.3857],[135.6262,34.3865],[135.6238,34.3863],[135.6209,34.3871],[135.6203,34.3872],[135.6197,34.3872],[135.6191,34.3871],[135.6186,34.3869],[135.6159,34.3855],[135.6154,34.3851],[135.615,34.3847],[135.6147,34.3842],[135.6144,34.3826],[135.6128,34.3798],[135.6124,34.3795],[135.6085,34.3803],[135.608,34.3803],[135.6049,34.3801],[135.6047,34.3802],[135.6045,34.3807],[135.6043,34.3812],[135.604,34.3817],[135.6035,34.3821],[135.603,34.3824],[135.6024,34.3826],[135.598,34.3831],[135.5974,34.3831],[135.5967,34.383],[135.5961,34.3828],[135.5939,34.3813],[135.5934,34.3809],[135.5931,34.3805],[135.5928,34.38],[135.5927,34.3795],[135.5928,34.3778],[135.5927,34.3777],[135.5917,34.378],[135.591,34.3782],[135.5875,34.378],[135.5851,34.3792],[135.5846,34.3794],[135.584,34.3795],[135.5835,34.3796],[135.5766,34.3787],[135.576,34.3786],[135.5755,34.3784],[135.575,34.3781],[135.5746,34.3778],[135.5734,34.3761],[135.5723,34.3758],[135.5717,34.3756],[135.5712,34.3753],[135.5707,34.3749],[135.5701,34.374],[135.5698,34.3739],[135.5689,34.3742],[135.5683,34.3744],[135.5676,34.3744],[135.567,34.3744],[135.5664,34.3742],[135.5658,34.3739],[135.5653,34.3736],[135.5646,34.3728],[135.562,34.3718],[135.5614,34.3715],[135.5609,34.3711],[135.5584,34.3674],[135.5578,34.3671],[135.5572,34.3668],[135.5543,34.3635],[135.554,34.3631],[135.5537,34.3625],[135.5533,34.3622],[135.5519,34.3623],[135.5513,34.3623],[135.5507,34.3623],[135.5501,34.3621],[135.5496,34.3618],[135.5491,34.3614],[135.5481,34.3601],[135.5468,34.3594],[135.5444,34.3593],[135.5432,34.3599],[135.5426,34.3602],[135.5419,34.3603],[135.5394,34.3602],[135.5387,34.3601],[135.5381,34.3598],[135.5358,34.3583],[135.5327,34.3545],[135.5311,34.3539],[135.5297,34.3541],[135.5292,34.3541],[135.5266,34.3538],[135.5259,34.3537],[135.5253,34.3535],[135.5211,34.3502],[135.519,34.3473],[135.5143,34.3443],[135.5121,34.342],[135.5101,34.3405],[135.5078,34.3394],[135.5075,34.3393],[135.508,34.3403],[135.5081,34.3408],[135.5082,34.3413],[135.5081,34.3418],[135.5079,34.3422],[135.506,34.3448],[135.5064,34.3452],[135.5066,34.3456],[135.5068,34.3461],[135.5068,34.3466],[135.5068,34.3471],[135.5048,34.3512],[135.5045,34.3517],[135.5041,34.3521],[135.5036,34.3524],[135.5031,34.3527],[135.5025,34.3528],[135.501,34.3529],[135.5008,34.3533],[135.5006,34.3538],[135.5002,34.3542],[135.4997,34.3545],[135.4965,34.3558],[135.496,34.3562],[135.4956,34.3566],[135.4951,34.3568],[135.4917,34.3577],[135.4915,34.3579],[135.4884,34.3639],[135.4881,34.3644],[135.4876,34.3648],[135.4871,34.3651],[135.4865,34.3653],[135.4859,34.3655],[135.4853,34.3655],[135.4846,34.3655],[135.484,34.3653],[135.4834,34.365],[135.4793,34.3613],[135.4775,34.3604],[135.477,34.36],[135.4745,34.3569],[135.4742,34.3564],[135.474,34.3559],[135.4738,34.3559],[135.4732,34.356],[135.4725,34.3559],[135.4719,34.3557],[135.4697,34.3545],[135.4693,34.3542],[135.468,34.3527],[135.466,34.3521],[135.4654,34.3518],[135.465,34.3516],[135.4645,34.3512],[135.4643,34.3509],[135.4636,34.3509],[135.4581,34.3501],[135.4579,34.3504],[135.4576,34.3508],[135.4572,34.3511],[135.4547,34.3522],[135.4541,34.3524],[135.4535,34.3525],[135.4529,34.3526],[135.4523,34.3525],[135.4518,34.3523],[135.4514,34.3521],[135.4508,34.3522],[135.4501,34.3522],[135.4457,34.3513],[135.4432,34.3503],[135.4415,34.3501],[135.4348,34.3509],[135.4342,34.3509],[135.4336,34.3509],[135.4291,34.3493],[135.4286,34.3491],[135.4265,34.3476],[135.426,34.3471],[135.4257,34.3466],[135.4251,34.3442],[135.4244,34.343],[135.4237,34.3426],[135.4217,34.3425],[135.4187,34.3429],[135.4182,34.343],[135.4165,34.3428],[135.4144,34.3441],[135.4138,34.3444],[135.4131,34.3446],[135.4092,34.3446],[135.4085,34.3446],[135.4079,34.3444],[135.4073,34.3441],[135.4068,34.3438],[135.4043,34.3404],[135.404,34.3398],[135.4036,34.3366],[135.4033,34.3366],[135.4027,34.3365],[135.4021,34.3364],[135.4015,34.3362],[135.4002,34.3352],[135.3981,34.3349],[135.3974,34.3347],[135.3968,34.3345],[135.3963,34.3341],[135.3957,34.3334],[135.3932,34.3351],[135.3927,34.3354],[135.3921,34.3356],[135.3915,34.3357],[135.3909,34.3357],[135.3875,34.335],[135.3869,34.3349],[135.3863,34.3346],[135.3858,34.3342],[135.3855,34.3338],[135.3846,34.332],[135.383,34.3321],[135.3824,34.3321],[135.3818,34.332],[135.3808,34.3316],[135.3799,34.3322],[135.3794,34.3324],[135.3751,34.3335],[135.3744,34.3336],[135.3737,34.3336],[135.3714,34.333],[135.3694,34.3337],[135.3688,34.3338],[135.3682,34.3339],[135.3676,34.3338],[135.367,34.3337],[135.3665,34.3334],[135.3649,34.3323],[135.3634,34.3322],[135.3618,34.3344],[135.3614,34.3348],[135.361,34.3352],[135.3605,34.3354],[135.36,34.3356],[135.356,34.3361],[135.3554,34.3361],[135.3548,34.336],[135.3542,34.3359],[135.3537,34.3357],[135.3527,34.3348],[135.3521,34.3349],[135.3483,34.3343],[135.3473,34.3339],[135.3449,34.3367],[135.3444,34.3371],[135.3439,34.3374],[135.3433,34.3376],[135.3427,34.3378],[135.3387,34.3377],[135.3381,34.3376],[135.3375,34.3374],[135.337,34.3372],[135.3366,34.3368],[135.3362,34.3364],[135.3359,34.336],[135.3357,34.3355],[135.3356,34.335],[135.3362,34.3319],[135.336,34.3308],[135.3334,34.3289],[135.3327,34.3282],[135.3299,34.3279],[135.3291,34.3278],[135.3262,34.3263],[135.3257,34.3259],[135.3253,34.3256],[135.325,34.3251],[135.3248,34.3246],[135.3248,34.3241],[135.3252,34.3218],[135.3241,34.3218],[135.3234,34.3217],[135.3227,34.3215],[135.3204,34.32],[135.3156,34.318],[135.3135,34.3177],[135.3129,34.3176],[135.3124,34.3174],[135.3119,34.3171],[135.3112,34.3164],[135.3102,34.3162],[135.3095,34.3166],[135.3089,34.3169],[135.3082,34.3171],[135.3075,34.3171],[135.3032,34.3163],[135.3026,34.3161],[135.302,34.3159],[135.3015,34.3155],[135.3011,34.315],[135.3008,34.3145],[135.3007,34.314],[135.3012,34.3103],[135.2997,34.3075],[135.2996,34.3071],[135.2995,34.3059],[135.299,34.3054],[135.2984,34.3054],[135.2978,34.3053],[135.2973,34.3052],[135.2967,34.3049],[135.2963,34.3046],[135.2959,34.3042],[135.2952,34.3031],[135.293,34.3026],[135.2925,34.3033],[135.2901,34.3076],[135.2893,34.3104],[135.2898,34.3119],[135.2899,34.3125],[135.2898,34.3131],[135.2876,34.3173],[135.2873,34.3177],[135.2849,34.3198],[135.2844,34.3201],[135.2838,34.3204],[135.2831,34.3205],[135.2825,34.3206],[135.2818,34.3205],[135.2812,34.3203],[135.2806,34.3201],[135.2791,34.3188],[135.2766,34.3182],[135.2759,34.318],[135.2753,34.3177],[135.2739,34.3162],[135.2725,34.3158],[135.272,34.3155],[135.2716,34.3153],[135.2715,34.3151],[135.2714,34.3152],[135.2663,34.3153],[135.2638,34.3158],[135.2633,34.3158],[135.2627,34.3158],[135.2624,34.3158],[135.2602,34.3176],[135.2598,34.3179],[135.2592,34.3182],[135.2586,34.3183],[135.2543,34.3184],[135.2537,34.3184],[135.2531,34.3183],[135.2512,34.3174],[135.2481,34.3168],[135.2475,34.3167],[135.2469,34.3164],[135.2464,34.3161],[135.2463,34.316],[135.2459,34.3159],[135.2453,34.3157],[135.2447,34.3155],[135.2442,34.3151],[135.2438,34.3147],[135.2431,34.3134],[135.2396,34.3107],[135.238,34.3101],[135.2342,34.3075],[135.2337,34.3072],[135.2334,34.3067],[135.2329,34.3058],[135.226,34.304],[135.2243,34.3056],[135.2238,34.306],[135.2202,34.3076],[135.2197,34.3077],[135.2191,34.3078],[135.2162,34.3078],[135.2132,34.3088],[135.2116,34.31],[135.2111,34.3102],[135.2106,34.3105],[135.2087,34.3108],[135.2081,34.3109],[135.2074,34.3108],[135.2068,34.3107],[135.2062,34.3104],[135.2057,34.3101],[135.2053,34.3096],[135.205,34.3091],[135.2048,34.3086],[135.2051,34.304],[135.2032,34.3025],[135.2028,34.3022],[135.2025,34.3018],[135.2012,34.2988],[135.2011,34.2983],[135.2011,34.2977],[135.2016,34.2959],[135.2011,34.2909],[135.2006,34.2908],[135.1998,34.2905],[135.1993,34.2906],[135.1987,34.2907],[135.1981,34.2907],[135.1974,34.2905],[135.1969,34.2903],[135.1954,34.2893],[135.1952,34.2894],[135.1946,34.2896],[135.194,34.2897],[135.1933,34.2897],[135.1906,34.289],[135.19,34.2888],[135.1894,34.2885],[135.189,34.2881],[135.1878,34.2859],[135.1874,34.2859],[135.1868,34.2858],[135.1861,34.2855],[135.1826,34.2829],[135.1822,34.2826],[135.182,34.2823],[135.1815,34.2825],[135.1809,34.2826],[135.1802,34.2826],[135.1796,34.2824],[135.1786,34.282],[135.1781,34.2822],[135.1722,34.2832],[135.1716,34.2833],[135.1663,34.2826],[135.1656,34.2824],[135.165,34.2822],[135.164,34.2814],[135.163,34.2813],[135.1623,34.2812],[135.1598,34.2801],[135.1578,34.2799],[135.1579,34.2801],[135.1581,34.2806],[135.1581,34.2812],[135.1579,34.2817],[135.1577,34.2822],[135.1557,34.2842],[135.1553,34.2845],[135.1548,34.2848],[135.1542,34.285],[135.1536,34.2851],[135.1518,34.285],[135.1498,34.2861],[135.1492,34.2863],[135.1486,34.2865],[135.148,34.2866],[135.1459,34.2863],[135.1453,34.2862],[135.1447,34.2859],[135.1442,34.2856],[135.143,34.2841],[135.1429,34.2842],[135.1424,34.2845],[135.1419,34.2846],[135.1413,34.2847],[135.1393,34.2846],[135.1387,34.2845],[135.1381,34.2843],[135.1376,34.284],[135.1371,34.2836],[135.1367,34.2831],[135.1365,34.2826],[135.1362,34.28],[135.1342,34.2757],[135.1326,34.2753],[135.1311,34.2776],[135.1307,34.2781],[135.1303,34.2784],[135.1275,34.2798],[135.1269,34.28],[135.1263,34.2801],[135.1257,34.2801],[135.125,34.28],[135.1219,34.2786],[135.1213,34.2783],[135.1209,34.2779],[135.1201,34.2767],[135.1196,34.2764],[135.1175,34.2759],[135.1157,34.2767],[135.1151,34.277],[135.1145,34.2771],[135.1139,34.2771],[135.1132,34.277],[135.1122,34.2766],[135.1109,34.2787],[135.1122,34.2818],[135.1123,34.2824],[135.1123,34.2829],[135.1116,34.285],[135.1113,34.2855],[135.1109,34.286],[135.1104,34.2864],[135.1097,34.2866],[135.1069,34.2871],[135.1052,34.2883],[135.1047,34.2886],[135.1031,34.2892],[135.1023,34.2898],[135.1029,34.292],[135.103,34.2925],[135.103,34.293],[135.1023,34.2953],[135.1021,34.2957],[135.1011,34.297],[135.1025,34.2984],[135.1048,34.2995],[135.1053,34.2998],[135.1057,34.3002],[135.1073,34.3027],[135.1088,34.3039],[135.1091,34.3043],[135.1094,34.3047],[135.1096,34.3052],[135.1097,34.3057],[135.1092,34.3092],[135.109,34.3097],[135.1087,34.3102],[135.1083,34.3107],[135.1078,34.311],[135.1059,34.3118],[135.1056,34.3122],[135.1052,34.3127],[135.1047,34.3131],[135.1042,34.3133],[135.1036,34.3135],[135.1029,34.3136],[135.1022,34.3136],[135.1016,34.3135],[135.0979,34.3116],[135.097,34.3126],[135.095,34.314],[135.0945,34.3143],[135.0939,34.3146],[135.0933,34.3147],[135.0926,34.3147],[135.092,34.3146],[135.0914,34.3144],[135.0908,34.3141],[135.0904,34.3138],[135.0901,34.3135],[135.09,34.3133],[135.0898,34.313],[135.0897,34.3128],[135.0874,34.3115],[135.0856,34.3098],[135.0838,34.3094],[135.0813,34.3106],[135.0807,34.3108],[135.0801,34.3109],[135.0795,34.3109],[135.0788,34.3108],[135.0782,34.3106],[135.0773,34.3101],[135.0769,34.3101],[135.0762,34.3101],[135.0755,34.31],[135.0749,34.3097],[135.0719,34.3073],[135.0716,34.3069],[135.0713,34.3065],[135.0711,34.306],[135.0709,34.3041],[135.0682,34.3014],[135.0669,34.299],[135.0657,34.2951],[135.0649,34.2912],[135.0648,34.2907],[135.0649,34.2902],[135.0651,34.2896],[135.0655,34.2892],[135.0659,34.2888],[135.0678,34.2878],[135.0672,34.2868],[135.067,34.2863],[135.0668,34.2858],[135.0668,34.2853],[135.0669,34.2848],[135.0671,34.2844],[135.0674,34.2839],[135.0679,34.2835],[135.0683,34.2832],[135.0703,34.2826],[135.0705,34.2823],[135.0707,34.2817],[135.0701,34.2816],[135.0696,34.2814],[135.069,34.2811],[135.0686,34.2807],[135.0683,34.2802],[135.0681,34.2797],[135.068,34.2791],[135.0682,34.2782],[135.0679,34.2782],[135.0649,34.2768],[135.0644,34.2765],[135.0627,34.2749],[135.0623,34.2744],[135.0621,34.2739],[135.062,34.2734],[135.0621,34.2721],[135.0614,34.2696],[135.0585,34.2665],[135.0581,34.266],[135.0579,34.2655],[135.0578,34.265],[135.0578,34.2645],[135.058,34.264],[135.0599,34.2611],[135.0603,34.2606],[135.0608,34.2602],[135.0644,34.2589],[135.065,34.2587],[135.0695,34.2587],[135.071,34.2581],[135.0716,34.2579],[135.0723,34.2579],[135.0768,34.2585],[135.0784,34.2583],[135.0789,34.2582],[135.0825,34.2585],[135.0887,34.2582],[135.0922,34.2567],[135.0935,34.2558],[135.0927,34.2537],[135.0926,34.2532],[135.0926,34.2527],[135.0927,34.2522],[135.093,34.2517],[135.0933,34.2512],[135.0937,34.2509],[135.1003,34.2478],[135.1091,34.243],[135.1167,34.2375],[135.1169,34.2374],[135.1045,34.2397],[135.1039,34.2398],[135.1034,34.2397],[135.1028,34.2396],[135.0989,34.238],[135.0984,34.2377],[135.0979,34.2374],[135.0975,34.2369],[135.0973,34.2364],[135.0972,34.2359],[135.0971,34.2354],[135.0972,34.2349],[135.0975,34.2344],[135.1045,34.2268],[135.105,34.2264],[135.1092,34.2244],[135.1211,34.2222],[135.1292,34.2219],[135.1351,34.2225],[135.1323,34.2216],[135.1318,34.2214],[135.1313,34.2211],[135.1309,34.2207],[135.1306,34.2202],[135.1304,34.2198],[135.1303,34.2193],[135.1303,34.2187],[135.1304,34.2183],[135.1317,34.2163],[135.1321,34.2159],[135.1325,34.2155],[135.1331,34.2152],[135.1337,34.215],[135.1344,34.2149],[135.135,34.215],[135.1376,34.2158],[135.1373,34.2153],[135.1367,34.2125],[135.1366,34.212],[135.1367,34.2115],[135.1369,34.211],[135.1372,34.2105],[135.1377,34.2101],[135.1382,34.2098],[135.1381,34.2094],[135.1381,34.2088],[135.1396,34.2045],[135.1363,34.2036],[135.1357,34.2034],[135.1352,34.2031],[135.1347,34.2028],[135.1344,34.2023],[135.1341,34.2019],[135.134,34.2014],[135.134,34.2008],[135.1366,34.1929],[135.1374,34.1918],[135.1372,34.1894],[135.1372,34.1889],[135.1373,34.1885],[135.1375,34.1881],[135.1399,34.1852],[135.1403,34.1848],[135.1409,34.1844],[135.1415,34.1842],[135.1421,34.1841],[135.1428,34.1841],[135.1434,34.1841],[135.144,34.1843],[135.1443,34.1845],[135.1442,34.184],[135.1443,34.1835],[135.1444,34.183],[135.1447,34.1825],[135.1451,34.182],[135.1456,34.1817],[135.1462,34.1814],[135.148,34.1811],[135.1493,34.1802],[135.1498,34.1799],[135.1504,34.1797],[135.151,34.1795],[135.1516,34.1795],[135.1522,34.1796],[135.1528,34.1798],[135.1534,34.18],[135.1538,34.1804],[135.1542,34.1808],[135.1545,34.1812],[135.1547,34.1817],[135.1547,34.1818],[135.1548,34.1818],[135.1554,34.1819],[135.158,34.1826],[135.1586,34.1829],[135.1605,34.1843],[135.1628,34.185],[135.1649,34.1843],[135.1656,34.1836],[135.168,34.1803],[135.1735,34.1751],[135.174,34.1747],[135.1746,34.1744],[135.1752,34.1742],[135.1758,34.1742],[135.1765,34.1742],[135.1768,34.1742],[135.1772,34.1733],[135.1789,34.171],[135.179,34.1704],[135.1787,34.1665],[135.1796,34.1617],[135.1765,34.1617],[135.1758,34.1616],[135.1752,34.1614],[135.1746,34.1612],[135.1741,34.1608],[135.1737,34.1604],[135.1734,34.1599],[135.1734,34.1597],[135.1729,34.1594],[135.1725,34.159],[135.1721,34.1586],[135.1708,34.1551],[135.1707,34.1546],[135.1707,34.1541],[135.1708,34.1536],[135.1716,34.1523],[135.1721,34.1515],[135.1724,34.151],[135.1728,34.1507],[135.1733,34.1504],[135.1756,34.1496],[135.1762,34.1495],[135.1803,34.1483],[135.1809,34.1481],[135.181,34.1481],[135.1811,34.1476],[135.1814,34.1471],[135.1818,34.1466],[135.1823,34.1463],[135.1828,34.146],[135.1834,34.1458],[135.1877,34.1456],[135.1866,34.1453],[135.1831,34.1453],[135.1824,34.1452],[135.1818,34.1451],[135.179,34.1434],[135.1784,34.1435],[135.1778,34.1435],[135.1773,34.1434],[135.1767,34.1433],[135.1762,34.143],[135.1731,34.1404],[135.1712,34.1399],[135.1707,34.1397],[135.1702,34.1394],[135.1692,34.1384],[135.1691,34.1384],[135.1686,34.1387],[135.1652,34.1395],[135.1646,34.1396],[135.164,34.1396],[135.1634,34.1395],[135.1629,34.1393],[135.1615,34.1384],[135.1599,34.1386],[135.1581,34.1406],[135.1577,34.141],[135.1571,34.1413],[135.1565,34.1415],[135.1558,34.1417],[135.15,34.1412],[135.1461,34.1414],[135.1428,34.1409],[135.1411,34.1413],[135.1405,34.1414],[135.1317,34.1409],[135.1252,34.1394],[135.1245,34.1391],[135.1223,34.1376],[135.1219,34.1372],[135.1215,34.1367],[135.1213,34.1362],[135.1212,34.1357],[135.1213,34.1351],[135.1217,34.1341],[135.1197,34.1325],[135.1192,34.1321],[135.1189,34.1316],[135.1187,34.1311],[135.1186,34.1306],[135.1186,34.13],[135.1188,34.1295],[135.1203,34.1276],[135.1208,34.1271],[135.1214,34.1267],[135.1262,34.1254],[135.1268,34.1253],[135.1274,34.1253],[135.128,34.1254],[135.1286,34.1256],[135.1311,34.1272],[135.1312,34.1269],[135.1284,34.1237],[135.128,34.1233],[135.1278,34.1227],[135.1277,34.1222],[135.1278,34.1217],[135.128,34.1211],[135.1283,34.1206],[135.1295,34.1196],[135.1306,34.1177],[135.1309,34.1172],[135.1314,34.1168],[135.1319,34.1166],[135.1307,34.1169],[135.1254,34.1174],[135.125,34.1184],[135.1248,34.1189],[135.1244,34.1193],[135.1208,34.1218],[135.1202,34.1221],[135.1196,34.1223],[135.1159,34.1226],[135.1151,34.1226],[135.1145,34.1224],[135.1124,34.1214],[135.112,34.1211],[135.1116,34.1207],[135.1091,34.1163],[135.1089,34.1158],[135.1088,34.113],[135.1088,34.1126],[135.1099,34.1094],[135.1091,34.1068],[135.1053,34.1],[135.1042,34.0993],[135.1015,34.0984],[135.101,34.0982],[135.1005,34.0979],[135.1001,34.0975],[135.0998,34.0971],[135.0997,34.0967],[135.0995,34.0967],[135.0989,34.0968],[135.0982,34.0968],[135.0976,34.0967],[135.0948,34.0955],[135.0943,34.0952],[135.0938,34.0948],[135.0935,34.0944],[135.0933,34.0939],[135.0932,34.0933],[135.0934,34.0914],[135.0915,34.0862],[135.0914,34.0857],[135.0914,34.0852],[135.0929,34.081],[135.0877,34.0777],[135.0873,34.0774],[135.0869,34.0769],[135.0866,34.0764],[135.0865,34.0759],[135.0865,34.0756],[135.0863,34.0756],[135.086,34.0756],[135.0832,34.0773],[135.0827,34.0776],[135.0821,34.0778],[135.0815,34.0779],[135.0809,34.0779],[135.0803,34.0777],[135.0773,34.0765],[135.0768,34.0762],[135.0763,34.0758],[135.076,34.0753],[135.0757,34.0748],[135.0756,34.0743],[135.0756,34.0738],[135.0758,34.0732],[135.076,34.0728],[135.0764,34.0723],[135.0769,34.072],[135.0808,34.0703],[135.0817,34.069],[135.0821,34.0685],[135.0826,34.0681],[135.0832,34.0678],[135.0846,34.0675],[135.0854,34.066],[135.0857,34.0655],[135.0861,34.0651],[135.0866,34.0647],[135.0872,34.0645],[135.0879,34.0643],[135.0885,34.0643],[135.0892,34.0644],[135.0898,34.0646],[135.0921,34.066],[135.0936,34.0659],[135.0943,34.066],[135.0949,34.0661],[135.0968,34.067],[135.0987,34.0673],[135.0988,34.0672],[135.0992,34.0668],[135.0998,34.0666],[135.1003,34.0664],[135.101,34.0663],[135.1016,34.0663],[135.1022,34.0665],[135.1027,34.0667],[135.1049,34.0681],[135.1068,34.0673],[135.1075,34.0671],[135.1081,34.067],[135.1088,34.0671],[135.1101,34.0674],[135.1124,34.066],[135.1129,34.0657],[135.1134,34.0655],[135.114,34.0654],[135.116,34.0655],[135.1184,34.0648],[135.1209,34.0647],[135.1234,34.0627],[135.1239,34.0624],[135.1245,34.0621],[135.1251,34.062],[135.1258,34.0619],[135.1283,34.0624],[135.1317,34.0623],[135.133,34.0626],[135.1334,34.0624],[135.1347,34.0602],[135.1347,34.0578],[135.1348,34.0573],[135.135,34.0568],[135.1353,34.0563],[135.1367,34.0551],[135.1372,34.0547],[135.1378,34.0545],[135.1384,34.0543],[135.139,34.0543],[135.1406,34.0545],[135.1439,34.0538],[135.144,34.0536],[135.1437,34.0533],[135.1434,34.0528],[135.1431,34.0523],[135.1431,34.0518],[135.1431,34.0512],[135.1433,34.0507],[135.1436,34.0502],[135.1442,34.0496],[135.1428,34.0475],[135.1425,34.047],[135.1424,34.0464],[135.1424,34.0459],[135.1425,34.0453],[135.1433,34.044],[135.1437,34.0436],[135.1441,34.0432],[135.1446,34.043],[135.1452,34.0428],[135.1515,34.0421],[135.1521,34.0421],[135.1528,34.0422],[135.1535,34.0424],[135.1554,34.0438],[135.1575,34.0444],[135.1587,34.0439],[135.1593,34.0431],[135.1593,34.0414],[135.1572,34.0406],[135.1567,34.0403],[135.1562,34.04],[135.1558,34.0396],[135.1555,34.0392],[135.1553,34.0387],[135.1553,34.0382],[135.1553,34.0377],[135.1555,34.0372],[135.1558,34.0367],[135.1561,34.0363],[135.1585,34.0348],[135.159,34.0346],[135.1595,34.0344],[135.1624,34.0341],[135.1661,34.0344],[135.1668,34.0337],[135.1674,34.0317],[135.1672,34.031],[135.1663,34.0312],[135.1657,34.0312],[135.1651,34.0312],[135.1602,34.0296],[135.1597,34.0294],[135.1593,34.0292],[135.1586,34.0286],[135.1581,34.0285],[135.1575,34.0284],[135.1569,34.0282],[135.1568,34.0282],[135.1563,34.0285],[135.1558,34.0287],[135.1552,34.0288],[135.1521,34.0286],[135.1515,34.0285],[135.151,34.0284],[135.1505,34.0281],[135.1485,34.0266],[135.1481,34.0261],[135.1478,34.0257],[135.1476,34.0251],[135.1475,34.0246],[135.1476,34.024],[135.1477,34.0239],[135.1475,34.0237],[135.1472,34.0232],[135.147,34.0227],[135.1469,34.0222],[135.1469,34.0217],[135.1471,34.0212],[135.1422,34.0222],[135.1416,34.0223],[135.1392,34.022],[135.1386,34.0219],[135.1381,34.0217],[135.1376,34.0215],[135.1345,34.0187],[135.1341,34.0182],[135.1338,34.0177],[135.1337,34.0172],[135.1337,34.0166],[135.1338,34.0161],[135.1341,34.0156],[135.1344,34.0151],[135.1349,34.0148],[135.1355,34.0145],[135.1398,34.0135],[135.1398,34.0132],[135.1398,34.0127],[135.14,34.0122],[135.1404,34.0117],[135.1408,34.0113],[135.1413,34.011],[135.1418,34.0108],[135.1425,34.0106],[135.1431,34.0106],[135.1438,34.0107],[135.1438,34.0106],[135.1439,34.0101],[135.1441,34.0096],[135.1445,34.0092],[135.1449,34.0088],[135.1454,34.0085],[135.1456,34.0084],[135.145,34.0084],[135.1447,34.0086],[135.1443,34.0089],[135.1438,34.0091],[135.1432,34.0093],[135.1426,34.0093],[135.1421,34.0093],[135.1397,34.0087],[135.1391,34.0085],[135.1385,34.0082],[135.1381,34.0077],[135.1377,34.0072],[135.1371,34.0044],[135.1354,34.0029],[135.1339,34.0027],[135.1334,34.0025],[135.133,34.0024],[135.1303,34.0031],[135.1297,34.0033],[135.1291,34.0033],[135.1285,34.0032],[135.1279,34.003],[135.1274,34.0028],[135.1269,34.0025],[135.1256,34.0009],[135.1233,34.0011],[135.1214,34.0017],[135.1208,34.0019],[135.1202,34.0019],[135.1178,34.0016],[135.1172,34.0014],[135.1166,34.0011],[135.1153,34.0001],[135.1139,33.9997],[135.1134,33.9995],[135.1102,33.9974],[135.1097,33.997],[135.1093,33.9965],[135.1091,33.996],[135.1088,33.9938],[135.1088,33.9934],[135.1088,33.9932],[135.1074,33.9947],[135.107,33.9951],[135.1065,33.9954],[135.1059,33.9956],[135.1053,33.9957],[135.098,33.9953],[135.0941,33.9959],[135.0935,33.9959],[135.0929,33.9959],[135.0923,33.9957],[135.0917,33.9955],[135.0897,33.9939],[135.0894,33.9935],[135.0893,33.9936],[135.0888,33.9939],[135.0882,33.9942],[135.0876,33.9944],[135.0869,33.9944],[135.0863,33.9944],[135.0831,33.9933],[135.0806,33.9924],[135.0801,33.9921],[135.0796,33.9918],[135.0793,33.9914],[135.079,33.9909],[135.0788,33.9905],[135.0787,33.99],[135.0788,33.9894],[135.0789,33.989],[135.0792,33.9885],[135.0796,33.9881],[135.0814,33.9869],[135.0818,33.9866],[135.0824,33.9865],[135.0845,33.9862],[135.0846,33.9861],[135.0848,33.9857],[135.0852,33.9853],[135.0856,33.985],[135.0861,33.9847],[135.0867,33.9845],[135.0869,33.9845],[135.087,33.9839],[135.0872,33.9834],[135.0874,33.9831],[135.0866,33.9822],[135.0851,33.9824],[135.0844,33.9825],[135.0838,33.9824],[135.0832,33.9823],[135.0815,33.9814],[135.0789,33.9819],[135.0783,33.982],[135.0744,33.9816],[135.0737,33.9815],[135.0715,33.9803],[135.0699,33.9806],[135.0694,33.9807],[135.0688,33.9806],[135.0682,33.9805],[135.0677,33.9803],[135.0656,33.9789],[135.0651,33.9785],[135.0648,33.9781],[135.0645,33.9776],[135.0644,33.977],[135.0644,33.9765],[135.0646,33.976],[135.0648,33.9755],[135.0662,33.9741],[135.0667,33.9737],[135.0673,33.9734],[135.0699,33.9729],[135.0706,33.9728],[135.0713,33.9729],[135.0729,33.9735],[135.0729,33.9734],[135.0731,33.9729],[135.0734,33.9724],[135.0738,33.972],[135.0743,33.9717],[135.0757,33.9711],[135.0759,33.9708],[135.0758,33.9704],[135.0758,33.9699],[135.0759,33.9694],[135.0761,33.9689],[135.0764,33.9684],[135.0768,33.9681],[135.0774,33.9678],[135.0804,33.9668],[135.081,33.9667],[135.0815,33.9666],[135.0822,33.9667],[135.0817,33.9656],[135.0815,33.9651],[135.0814,33.9639],[135.0811,33.964],[135.0804,33.9641],[135.0797,33.9641],[135.0791,33.9639],[135.0772,33.963],[135.0739,33.9626],[135.0733,33.9625],[135.0728,33.9623],[135.0723,33.962],[135.0719,33.9617],[135.0715,33.9612],[135.071,33.96],[135.0708,33.9595],[135.0708,33.959],[135.0709,33.9585],[135.0711,33.958],[135.0714,33.9576],[135.0718,33.9572],[135.0782,33.9536],[135.0787,33.9534],[135.0793,33.9532],[135.0799,33.9531],[135.0805,33.9532],[135.0813,33.9534],[135.0819,33.9532],[135.0825,33.9531],[135.0879,33.9535],[135.0885,33.9536],[135.0891,33.9538],[135.0896,33.9541],[135.09,33.9544],[135.0902,33.9547],[135.0903,33.9547],[135.0909,33.9547],[135.0915,33.9548],[135.0923,33.9551],[135.0952,33.955],[135.0958,33.9551],[135.0964,33.9552],[135.1008,33.9575],[135.103,33.9592],[135.1034,33.9596],[135.1037,33.96],[135.1039,33.9605],[135.104,33.961],[135.1048,33.9612],[135.1053,33.9604],[135.1057,33.9599],[135.1062,33.9596],[135.1067,33.9593],[135.1073,33.9591],[135.1079,33.959],[135.1085,33.959],[135.109,33.9591],[135.109,33.959],[135.1091,33.959],[135.1054,33.9589],[135.1047,33.9589],[135.104,33.9587],[135.1007,33.9565],[135.1003,33.9561],[135.1,33.9558],[135.0985,33.9526],[135.0981,33.9527],[135.0975,33.9526],[135.0969,33.9525],[135.0964,33.9523],[135.0959,33.952],[135.0951,33.9512],[135.0948,33.9514],[135.0942,33.9517],[135.0936,33.9519],[135.0889,33.9518],[135.0883,33.9518],[135.0877,33.9516],[135.0871,33.9513],[135.0866,33.951],[135.0862,33.9506],[135.0859,33.9501],[135.0858,33.9496],[135.0857,33.9482],[135.0851,33.947],[135.0849,33.9465],[135.0849,33.9461],[135.0847,33.9461],[135.0842,33.9459],[135.0812,33.9436],[135.0807,33.9432],[135.0804,33.9426],[135.0802,33.9421],[135.0802,33.9415],[135.0807,33.9394],[135.0809,33.939],[135.0812,33.9385],[135.0816,33.9381],[135.0808,33.9383],[135.0801,33.9384],[135.0794,33.9383],[135.0787,33.9382],[135.0781,33.9379],[135.0774,33.9373],[135.0764,33.9375],[135.0758,33.9375],[135.0751,33.9375],[135.0745,33.9374],[135.074,33.9371],[135.0735,33.9368],[135.0731,33.9364],[135.0727,33.936],[135.0723,33.9344],[135.0719,33.9345],[135.0712,33.9346],[135.0679,33.9343],[135.0673,33.9342],[135.0668,33.934],[135.0662,33.9337],[135.0658,33.9334],[135.0654,33.9329],[135.0652,33.9325],[135.0651,33.932],[135.0651,33.9311],[135.0638,33.9297],[135.0635,33.9293],[135.0632,33.9289],[135.0631,33.9284],[135.0631,33.9279],[135.0632,33.9274],[135.0639,33.9259],[135.0643,33.9254],[135.068,33.9225],[135.0702,33.9215],[135.0708,33.9213],[135.0714,33.9212],[135.072,33.9212],[135.0726,33.9213],[135.0732,33.9215],[135.0738,33.9218],[135.0733,33.921],[135.073,33.9205],[135.0726,33.9172],[135.0726,33.9167],[135.0727,33.9162],[135.073,33.9157],[135.0733,33.9152],[135.0738,33.9149],[135.0744,33.9146],[135.075,33.9144],[135.0755,33.9143],[135.0754,33.9139],[135.0753,33.9134],[135.0753,33.9128],[135.0755,33.9123],[135.0757,33.9118],[135.0761,33.9114],[135.0766,33.9111],[135.0772,33.9108],[135.08,33.9102],[135.079,33.9081],[135.0774,33.9066],[135.0759,33.906],[135.0759,33.9062],[135.0758,33.9067],[135.0755,33.9072],[135.0752,33.9076],[135.0747,33.9079],[135.0742,33.9082],[135.0721,33.9088],[135.0716,33.9089],[135.071,33.9089],[135.0704,33.9088],[135.0699,33.9086],[135.0692,33.9083],[135.0683,33.9087],[135.0676,33.9088],[135.063,33.9089],[135.0624,33.9089],[135.0578,33.9074],[135.0572,33.9071],[135.0567,33.9068],[135.0563,33.9064],[135.056,33.9059],[135.0551,33.9024],[135.0551,33.9018],[135.0552,33.9013],[135.0576,33.8974],[135.0581,33.8969],[135.0615,33.8948],[135.0613,33.8935],[135.0556,33.8911],[135.055,33.8909],[135.0546,33.8906],[135.0542,33.8902],[135.054,33.8897],[135.0538,33.8892],[135.0538,33.8887],[135.0549,33.8835],[135.0543,33.8817],[135.0542,33.881],[135.0545,33.8794],[135.0546,33.8789],[135.0549,33.8784],[135.0553,33.878],[135.0558,33.8777],[135.0563,33.8774],[135.0569,33.8772],[135.0607,33.8771],[135.0615,33.8772],[135.065,33.8785],[135.0667,33.8787],[135.0673,33.8789],[135.0718,33.8812],[135.0723,33.8816],[135.0748,33.8846],[135.0776,33.8855],[135.0781,33.8858],[135.08,33.8872],[135.0816,33.8855],[135.0821,33.8851],[135.0826,33.8848],[135.0832,33.8846],[135.0838,33.8845],[135.0866,33.8847],[135.0866,33.8846],[135.0872,33.8844],[135.0878,33.8842],[135.0885,33.8841],[135.0918,33.8846],[135.0924,33.8848],[135.093,33.885],[135.0935,33.8854],[135.0937,33.8857],[135.095,33.8856],[135.0956,33.8855],[135.1015,33.8864],[135.1074,33.8887],[135.1095,33.8891],[135.11,33.8893],[135.1129,33.8907],[135.1135,33.8907],[135.1188,33.8897],[135.1304,33.8864],[135.1368,33.884],[135.1402,33.8825],[135.1446,33.8797],[135.1468,33.878],[135.147,33.8773],[135.1472,33.8768],[135.1499,33.8739],[135.1504,33.8735],[135.1509,33.8732],[135.1517,33.8729],[135.1532,33.8713],[135.1548,33.8688],[135.1522,33.8679],[135.1517,33.8677],[135.1512,33.8673],[135.1508,33.8669],[135.1505,33.8665],[135.1503,33.866],[135.1502,33.8655],[135.1503,33.865],[135.1506,33.8641],[135.15,33.864],[135.1453,33.8631],[135.1447,33.8629],[135.1442,33.8627],[135.1437,33.8623],[135.1433,33.8619],[135.143,33.8615],[135.1428,33.861],[135.1428,33.8604],[135.1436,33.8572],[135.1437,33.8567],[135.144,33.8563],[135.1452,33.855],[135.1457,33.8547],[135.1461,33.8544],[135.1467,33.8542],[135.1473,33.8541],[135.1479,33.8541],[135.1507,33.8546],[135.1557,33.8555],[135.1563,33.8557],[135.1569,33.856],[135.1573,33.8562],[135.1607,33.8522],[135.162,33.8512],[135.1618,33.8505],[135.1618,33.85],[135.1618,33.8495],[135.162,33.8489],[135.162,33.8488],[135.1615,33.8485],[135.1603,33.8466],[135.16,33.8461],[135.1599,33.8456],[135.1599,33.845],[135.1601,33.8445],[135.1603,33.844],[135.1607,33.8436],[135.1638,33.8416],[135.1644,33.8413],[135.1666,33.8408],[135.1678,33.8395],[135.1682,33.8391],[135.1687,33.8388],[135.1692,33.8386],[135.1718,33.8381],[135.1714,33.8374],[135.1711,33.8368],[135.1712,33.8325],[135.1713,33.832],[135.1715,33.8316],[135.173,33.8295],[135.1733,33.8291],[135.1766,33.8269],[135.1813,33.8254],[135.1812,33.8245],[135.1814,33.8222],[135.1815,33.8218],[135.1831,33.8185],[135.1834,33.818],[135.1839,33.8176],[135.1872,33.8157],[135.188,33.8155],[135.1902,33.8152],[135.192,33.8146],[135.1921,33.8143],[135.1922,33.8138],[135.1925,33.8133],[135.1941,33.8118],[135.1945,33.8115],[135.1951,33.8112],[135.1987,33.8105],[135.2036,33.8099],[135.2038,33.8088],[135.204,33.8083],[135.2042,33.8078],[135.2046,33.8074],[135.2051,33.8071],[135.2056,33.8068],[135.2062,33.8066],[135.2097,33.8064],[135.2103,33.8064],[135.2109,33.8065],[135.2114,33.8067],[135.2119,33.8069],[135.2134,33.8084],[135.2137,33.808],[135.2142,33.8076],[135.2147,33.8073],[135.2153,33.8071],[135.217,33.8069],[135.2175,33.8066],[135.2174,33.8047],[135.2175,33.8042],[135.2176,33.8038],[135.2179,33.8033],[135.2182,33.8029],[135.2187,33.8026],[135.2219,33.8011],[135.2224,33.8009],[135.2239,33.8007],[135.2251,33.7999],[135.2255,33.7996],[135.226,33.7994],[135.23,33.7986],[135.2322,33.7974],[135.233,33.7966],[135.2339,33.7943],[135.2339,33.7928],[135.2321,33.792],[135.2316,33.7917],[135.2312,33.7913],[135.2308,33.7909],[135.2306,33.7905],[135.2304,33.79],[135.2304,33.7895],[135.2309,33.7873],[135.2301,33.7848],[135.23,33.7843],[135.2301,33.7838],[135.2302,33.7833],[135.2318,33.7807],[135.2322,33.7802],[135.2327,33.7798],[135.2368,33.7781],[135.2373,33.7779],[135.2378,33.7778],[135.2423,33.778],[135.2452,33.7775],[135.2458,33.7775],[135.2464,33.7775],[135.2469,33.7777],[135.2475,33.7779],[135.2488,33.7788],[135.254,33.7799],[135.2579,33.7801],[135.2622,33.7796],[135.2628,33.7796],[135.2663,33.7802],[135.2696,33.78],[135.2725,33.7783],[135.2731,33.778],[135.2736,33.7779],[135.276,33.7778],[135.2789,33.7762],[135.2795,33.7751],[135.2798,33.7746],[135.2803,33.7742],[135.2839,33.7722],[135.2844,33.7716],[135.2849,33.7712],[135.2854,33.7708],[135.286,33.7705],[135.2916,33.7699],[135.2933,33.7689],[135.2943,33.7677],[135.2935,33.7666],[135.2932,33.7661],[135.2931,33.7656],[135.293,33.765],[135.2931,33.7645],[135.2934,33.764],[135.2937,33.7635],[135.2942,33.7631],[135.2962,33.7621],[135.2968,33.7619],[135.2975,33.7618],[135.2981,33.7618],[135.2987,33.7619],[135.2993,33.7621],[135.3027,33.7644],[135.3041,33.7649],[135.306,33.7647],[135.3066,33.7647],[135.3072,33.7647],[135.3078,33.7649],[135.3083,33.7652],[135.3088,33.7655],[135.3092,33.766],[135.3095,33.7666],[135.3107,33.7669],[135.3112,33.7669],[135.3152,33.7654],[135.3194,33.7618],[135.3215,33.7588],[135.3219,33.7562],[135.3217,33.7547],[135.3205,33.7527],[135.3203,33.7522],[135.3202,33.7516],[135.3202,33.7511],[135.3204,33.7505],[135.3207,33.75],[135.3211,33.7496],[135.3216,33.7493],[135.3239,33.7484],[135.3254,33.7463],[135.3252,33.7459],[135.3254,33.7417],[135.3255,33.7412],[135.3257,33.7407],[135.326,33.7403],[135.3264,33.7399],[135.3269,33.7395],[135.3275,33.7393],[135.3281,33.7392],[135.3287,33.7391],[135.3293,33.7392],[135.3299,33.7394],[135.3305,33.7396],[135.331,33.74],[135.3325,33.7418],[135.3354,33.7422],[135.3372,33.7429],[135.3381,33.743],[135.3384,33.7429],[135.339,33.7427],[135.3397,33.7425],[135.3404,33.7426],[135.3411,33.7427],[135.3422,33.7432],[135.3425,33.7431],[135.344,33.7422],[135.3445,33.742],[135.3451,33.7418],[135.3457,33.7417],[135.3463,33.7417],[135.3469,33.7418],[135.3474,33.742],[135.348,33.7423],[135.3484,33.7427],[135.3486,33.7429],[135.3487,33.7428],[135.3492,33.7425],[135.3497,33.7422],[135.3501,33.7422],[135.3503,33.7417],[135.3526,33.7393],[135.353,33.7389],[135.3536,33.7387],[135.3503,33.7372],[135.3501,33.737],[135.3485,33.7372],[135.3478,33.7372],[135.3472,33.7371],[135.3466,33.7369],[135.3461,33.7366],[135.3457,33.7362],[135.3453,33.7358],[135.3451,33.7353],[135.3447,33.7328],[135.3447,33.7323],[135.3448,33.7317],[135.3463,33.7294],[135.3467,33.7289],[135.3486,33.7276],[135.3491,33.7266],[135.3494,33.7261],[135.3499,33.7256],[135.3526,33.7241],[135.3531,33.7239],[135.3537,33.7238],[135.3543,33.7237],[135.3573,33.7242],[135.3579,33.7244],[135.3584,33.7246],[135.3589,33.725],[135.3609,33.7274],[135.3621,33.7279],[135.3626,33.7282],[135.3634,33.7289],[135.3635,33.7289],[135.3642,33.7288],[135.3648,33.7288],[135.3656,33.729],[135.3674,33.7281],[135.3712,33.7272],[135.3716,33.7267],[135.372,33.7263],[135.3722,33.7262],[135.3723,33.7258],[135.3726,33.7253],[135.373,33.7248],[135.3746,33.7238],[135.3753,33.7208],[135.3755,33.7203],[135.3757,33.7199],[135.3761,33.7195],[135.3765,33.7192],[135.3814,33.717],[135.3825,33.7163],[135.3824,33.716],[135.3823,33.7155],[135.3822,33.715],[135.3823,33.7145],[135.3825,33.714],[135.3828,33.7136],[135.3832,33.7132],[135.3837,33.7129],[135.3858,33.7122],[135.3865,33.712],[135.3871,33.712],[135.3878,33.712],[135.3898,33.7128],[135.3916,33.7126],[135.3906,33.7119],[135.3902,33.7115],[135.3898,33.711],[135.3896,33.7105],[135.3895,33.7084],[135.3895,33.7079],[135.3896,33.7074],[135.3899,33.707],[135.3899,33.7069],[135.3898,33.7066],[135.3897,33.7061],[135.3898,33.7056],[135.39,33.7051],[135.3901,33.7049],[135.3895,33.705],[135.3889,33.7049],[135.3883,33.7048],[135.3877,33.7046],[135.3872,33.7043],[135.3869,33.7045],[135.3864,33.7048],[135.3834,33.7055],[135.3829,33.7056],[135.3823,33.7056],[135.3817,33.7055],[135.3811,33.7053],[135.3806,33.705],[135.3786,33.7032],[135.3782,33.7027],[135.378,33.7022],[135.3778,33.7017],[135.3778,33.7011],[135.3779,33.7008],[135.3764,33.6991],[135.376,33.6986],[135.3758,33.6981],[135.3757,33.6976],[135.3757,33.6974],[135.3754,33.6973],[135.3749,33.6969],[135.3745,33.6965],[135.3743,33.6961],[135.3741,33.6956],[135.374,33.695],[135.3741,33.6945],[135.3743,33.694],[135.3746,33.6936],[135.3751,33.6931],[135.3748,33.6931],[135.3713,33.6916],[135.3712,33.6915],[135.3711,33.6915],[135.3709,33.6914],[135.3708,33.6913],[135.3707,33.6912],[135.3706,33.6911],[135.3705,33.691],[135.3704,33.6909],[135.3703,33.6908],[135.3702,33.6907],[135.3701,33.6906],[135.37,33.6905],[135.37,33.6904],[135.3699,33.6902],[135.3698,33.6901],[135.3698,33.69],[135.3697,33.6899],[135.3697,33.6897],[135.3697,33.6896],[135.3697,33.6895],[135.3697,33.6894],[135.3696,33.6892],[135.3697,33.6891],[135.3696,33.689],[135.3697,33.6888],[135.3664,33.6888],[135.3657,33.6887],[135.3651,33.6885],[135.3646,33.6883],[135.3641,33.6879],[135.3637,33.6875],[135.3634,33.6871],[135.3632,33.6865],[135.3632,33.686],[135.3633,33.6855],[135.3633,33.6854],[135.363,33.6852],[135.3626,33.6856],[135.3621,33.6859],[135.3616,33.6862],[135.3617,33.6862],[135.3621,33.6866],[135.3624,33.687],[135.3626,33.6875],[135.3627,33.688],[135.3626,33.6885],[135.3625,33.689],[135.3623,33.6895],[135.3619,33.6899],[135.3598,33.6914],[135.3597,33.6914],[135.36,33.6917],[135.3604,33.6922],[135.3606,33.6927],[135.3607,33.6933],[135.3607,33.6938],[135.3605,33.6943],[135.3589,33.6965],[135.3585,33.6969],[135.358,33.6973],[135.3574,33.6975],[135.3567,33.6977],[135.354,33.6977],[135.3534,33.6976],[135.3527,33.6974],[135.3521,33.6971],[135.3515,33.6965],[135.351,33.6968],[135.3505,33.697],[135.3499,33.6971],[135.3493,33.6971],[135.3487,33.6971],[135.3463,33.6963],[135.3445,33.6968],[135.3438,33.6969],[135.3391,33.6966],[135.3378,33.6973],[135.3373,33.6976],[135.3367,33.6978],[135.3361,33.6978],[135.3355,33.6978],[135.3349,33.6977],[135.3344,33.6975],[135.3339,33.6972],[135.3334,33.6969],[135.3313,33.6938],[135.331,33.6933],[135.3308,33.6928],[135.3308,33.6923],[135.3309,33.6917],[135.3312,33.6912],[135.3315,33.6908],[135.332,33.6904],[135.3325,33.6901],[135.3331,33.6899],[135.3363,33.6896],[135.3365,33.6894],[135.3368,33.689],[135.3373,33.6886],[135.3378,33.6883],[135.339,33.688],[135.3391,33.6878],[135.3392,33.6876],[135.3379,33.6858],[135.3376,33.6854],[135.3375,33.6849],[135.3374,33.6844],[135.3375,33.6839],[135.3377,33.6834],[135.338,33.6829],[135.3384,33.6825],[135.3388,33.6822],[135.3393,33.682],[135.3408,33.6816],[135.3408,33.6815],[135.34,33.6796],[135.3397,33.6793],[135.3382,33.6793],[135.3376,33.6793],[135.337,33.6792],[135.3334,33.6774],[135.3328,33.677],[135.3324,33.6766],[135.3318,33.6765],[135.3313,33.6764],[135.3307,33.6762],[135.3302,33.6759],[135.3298,33.6755],[135.3284,33.6732],[135.3273,33.6721],[135.3269,33.6716],[135.3266,33.6712],[135.3265,33.6706],[135.3264,33.6701],[135.3266,33.6695],[135.3268,33.669],[135.3285,33.6672],[135.3288,33.6658],[135.3289,33.6653],[135.3292,33.6648],[135.3295,33.6644],[135.33,33.6641],[135.3305,33.6638],[135.331,33.6636],[135.3331,33.6634],[135.3336,33.6624],[135.3339,33.6619],[135.3343,33.6615],[135.3349,33.6612],[135.3355,33.6609],[135.3359,33.6609],[135.3359,33.6608],[135.3362,33.6603],[135.3366,33.6598],[135.337,33.6595],[135.3388,33.6587],[135.3399,33.6573],[135.3403,33.6569],[135.3408,33.6565],[135.3414,33.6563],[135.3454,33.6557],[135.3478,33.6543],[135.3483,33.654],[135.349,33.6539],[135.3496,33.6538],[135.3497,33.6538],[135.3507,33.653],[135.3512,33.6526],[135.3518,33.6524],[135.3524,33.6522],[135.353,33.6521],[135.3542,33.6523],[135.3544,33.6521],[135.3549,33.6518],[135.3555,33.6516],[135.3611,33.6507],[135.3616,33.6506],[135.3622,33.6507],[135.364,33.6511],[135.3643,33.6507],[135.3648,33.6503],[135.3653,33.65],[135.3659,33.6498],[135.3712,33.6492],[135.3741,33.6496],[135.3759,33.6483],[135.3763,33.648],[135.3769,33.6477],[135.3774,33.6476],[135.378,33.6476],[135.3786,33.6476],[135.3792,33.6478],[135.38,33.6482],[135.3801,33.6476],[135.3801,33.6471],[135.3803,33.6466],[135.3806,33.6461],[135.381,33.6457],[135.3815,33.6454],[135.3849,33.6442],[135.3888,33.6413],[135.3899,33.6397],[135.3898,33.6396],[135.3893,33.6393],[135.3889,33.6389],[135.3885,33.6384],[135.3883,33.6379],[135.3883,33.6373],[135.3883,33.6368],[135.3885,33.6363],[135.3893,33.6353],[135.389,33.6351],[135.3885,33.6348],[135.3881,33.6344],[135.3878,33.634],[135.3876,33.6335],[135.3875,33.633],[135.3876,33.6325],[135.3881,33.6309],[135.3883,33.6305],[135.3886,33.6301],[135.389,33.6297],[135.3912,33.6285],[135.3916,33.6269],[135.3918,33.6264],[135.392,33.6259],[135.3912,33.6242],[135.3906,33.6238],[135.3896,33.6237],[135.3889,33.6236],[135.3883,33.6234],[135.3878,33.6231],[135.3873,33.6227],[135.387,33.6222],[135.3868,33.6217],[135.3867,33.6212],[135.3867,33.6206],[135.3868,33.6203],[135.3865,33.6198],[135.3863,33.6193],[135.3862,33.6187],[135.3863,33.6182],[135.3873,33.6162],[135.3876,33.6157],[135.388,33.6153],[135.3885,33.615],[135.389,33.6148],[135.39,33.6146],[135.389,33.6129],[135.3887,33.6124],[135.3886,33.6119],[135.3886,33.6118],[135.388,33.6116],[135.3875,33.6113],[135.3871,33.6109],[135.3855,33.6082],[135.3854,33.6077],[135.3853,33.6073],[135.3855,33.6056],[135.3831,33.6013],[135.3829,33.6008],[135.3828,33.6002],[135.3828,33.5997],[135.383,33.5992],[135.3833,33.5987],[135.3848,33.5973],[135.3854,33.5969],[135.386,33.5966],[135.3859,33.5963],[135.3858,33.5957],[135.3858,33.5952],[135.387,33.5922],[135.3873,33.5917],[135.3877,33.5913],[135.3881,33.591],[135.3887,33.5907],[135.3892,33.5905],[135.3894,33.5884],[135.3895,33.5878],[135.3897,33.5873],[135.3901,33.5869],[135.3905,33.5865],[135.3911,33.5862],[135.3917,33.586],[135.3923,33.5859],[135.3927,33.5859],[135.3929,33.5851],[135.3932,33.5845],[135.3935,33.584],[135.3958,33.5824],[135.3962,33.5821],[135.399,33.5812],[135.3996,33.581],[135.4002,33.581],[135.4005,33.581],[135.4027,33.5767],[135.403,33.5762],[135.4034,33.5758],[135.4084,33.5733],[135.409,33.5731],[135.4096,33.5729],[135.4102,33.5729],[135.4108,33.573],[135.4114,33.5732],[135.4119,33.5734],[135.4138,33.5751],[135.4139,33.575],[135.4143,33.5746],[135.4145,33.5745],[135.4144,33.5744],[135.4143,33.5739],[135.4144,33.5733],[135.4145,33.5728],[135.4148,33.5723],[135.4153,33.5719],[135.4157,33.5716],[135.4161,33.5693],[135.4162,33.5687],[135.4165,33.5682],[135.4169,33.5678],[135.4174,33.5674],[135.418,33.5672],[135.4186,33.567],[135.4193,33.567],[135.42,33.567],[135.4237,33.5683],[135.4249,33.5675],[135.4254,33.5672],[135.426,33.567],[135.4267,33.567],[135.4273,33.567],[135.4279,33.5671],[135.4285,33.5673],[135.4291,33.5666],[135.4296,33.5662],[135.4301,33.5659],[135.436,33.5644],[135.4388,33.5631],[135.4415,33.5613],[135.4419,33.5609],[135.4417,33.5607],[135.4414,33.5603],[135.4412,33.5598],[135.4409,33.5578],[135.4409,33.5572],[135.441,33.5567],[135.4413,33.5562],[135.4417,33.5558],[135.4422,33.5554],[135.4427,33.5551],[135.4443,33.5547],[135.444,33.5543],[135.4439,33.5538],[135.4439,33.5533],[135.4439,33.5528],[135.444,33.5527],[135.4432,33.5508],[135.443,33.5503],[135.4432,33.5487],[135.4433,33.5481],[135.4435,33.5476],[135.4439,33.5472],[135.4444,33.5468],[135.4449,33.5465],[135.4456,33.5463],[135.4462,33.5462],[135.4469,33.5463],[135.449,33.5469],[135.4491,33.5468],[135.4496,33.5464],[135.4501,33.5461],[135.4506,33.546],[135.4512,33.5459],[135.4518,33.5458],[135.4524,33.5459],[135.453,33.5461],[135.4558,33.5479],[135.4556,33.5462],[135.4556,33.5457],[135.4557,33.5452],[135.456,33.5447],[135.4563,33.5443],[135.4568,33.5439],[135.4573,33.5436],[135.4579,33.5434],[135.4585,33.5433],[135.4591,33.5433],[135.4597,33.5434],[135.4603,33.5436],[135.4608,33.5439],[135.4624,33.5454],[135.463,33.5449],[135.4635,33.5445],[135.464,33.5443],[135.467,33.5437],[135.4675,33.5436],[135.4681,33.5436],[135.4687,33.5437],[135.473,33.5455],[135.4736,33.5458],[135.476,33.5482],[135.4757,33.5464],[135.4757,33.5459],[135.4757,33.5454],[135.4759,33.5449],[135.4762,33.5445],[135.4766,33.5441],[135.477,33.5438],[135.4801,33.5426],[135.4807,33.5424],[135.4813,33.5424],[135.4819,33.5424],[135.4826,33.5426],[135.4831,33.5428],[135.4836,33.5431],[135.4839,33.5422],[135.4841,33.5416],[135.4845,33.5412],[135.4849,33.5408],[135.4855,33.5404],[135.4861,33.5402],[135.4866,33.5402],[135.4866,33.54],[135.4869,33.5396],[135.4872,33.5392],[135.4876,33.5388],[135.4897,33.5378],[135.4903,33.5376],[135.4909,33.5374],[135.4916,33.5374],[135.4945,33.5381],[135.4947,33.5381],[135.4949,33.538],[135.4955,33.5379],[135.4961,33.5378],[135.4963,33.5378],[135.4968,33.5359],[135.4971,33.5353],[135.4986,33.5336],[135.4991,33.5332],[135.4997,33.5329],[135.5003,33.5327],[135.5009,33.5326],[135.5046,33.5329],[135.508,33.5327],[135.5083,33.5322],[135.5086,33.5317],[135.509,33.5313],[135.5107,33.5304],[135.5097,33.5301],[135.5092,33.5298],[135.5087,33.5295],[135.5083,33.5292],[135.508,33.5288],[135.5072,33.5266],[135.5071,33.5261],[135.5071,33.5255],[135.5072,33.525],[135.5075,33.5245],[135.5079,33.5241],[135.5084,33.5237],[135.509,33.5234],[135.5108,33.523],[135.5133,33.5212],[135.5163,33.5196],[135.5169,33.5194],[135.5175,33.5192],[135.5182,33.5192],[135.5205,33.5197],[135.5223,33.5194],[135.5229,33.5193],[135.5235,33.5194],[135.5241,33.5196],[135.5247,33.5198],[135.5251,33.5201],[135.5271,33.5195],[135.5277,33.5183],[135.5281,33.5178],[135.5285,33.5174],[135.5291,33.5171],[135.5297,33.5169],[135.5304,33.5168],[135.5351,33.5171],[135.5356,33.5172],[135.537,33.5177],[135.5391,33.5169],[135.5397,33.5167],[135.5403,33.5166],[135.5409,33.5166],[135.5415,33.5168],[135.5421,33.517],[135.5429,33.5175],[135.543,33.5173],[135.5433,33.5169],[135.5437,33.5165],[135.5439,33.5164],[135.5439,33.5161],[135.5439,33.5156],[135.5441,33.5151],[135.5444,33.5147],[135.5448,33.5143],[135.5452,33.5139],[135.5457,33.5137],[135.5463,33.5135],[135.5469,33.5134],[135.5509,33.5138],[135.5539,33.5129],[135.5545,33.5128],[135.5551,33.5128],[135.5557,33.5128],[135.5563,33.513],[135.5566,33.5132],[135.5571,33.5126],[135.5575,33.5122],[135.558,33.5119],[135.5586,33.5116],[135.5593,33.5115],[135.56,33.5115],[135.5606,33.5116],[135.563,33.5126],[135.5653,33.5126],[135.566,33.5127],[135.5666,33.5128],[135.5671,33.5131],[135.5688,33.5144],[135.5691,33.5145],[135.5712,33.5135],[135.5717,33.5133],[135.5727,33.5132],[135.574,33.5104],[135.5751,33.5091],[135.5757,33.5066],[135.5759,33.5061],[135.5762,33.5056],[135.5766,33.5052],[135.5771,33.5049],[135.5777,33.5046],[135.5783,33.5045],[135.5789,33.5044],[135.5795,33.5044],[135.5801,33.5046],[135.5816,33.5053],[135.5827,33.5055],[135.5844,33.5047],[135.5846,33.5036],[135.5848,33.503],[135.5852,33.5025],[135.5862,33.5017],[135.5861,33.501],[135.586,33.5002],[135.586,33.4997],[135.5862,33.4992],[135.5864,33.4987],[135.5868,33.4982],[135.5907,33.4957],[135.5912,33.4954],[135.5918,33.4952],[135.5925,33.4951],[135.5931,33.4952],[135.5937,33.4953],[135.5943,33.4955],[135.5948,33.4958],[135.5952,33.4962],[135.5956,33.4967],[135.5966,33.4999],[135.5967,33.5004],[135.5967,33.5009],[135.5966,33.5013],[135.5963,33.5018],[135.596,33.5022],[135.5943,33.5035],[135.5949,33.5035],[135.5951,33.5036],[135.5951,33.5034],[135.5954,33.503],[135.5958,33.5026],[135.5983,33.5011],[135.5988,33.5008],[135.5994,33.5006],[135.6,33.5006],[135.6006,33.5006],[135.6012,33.5007],[135.6018,33.5009],[135.6037,33.5023],[135.6042,33.5027],[135.606,33.506],[135.6065,33.5056],[135.609,33.504],[135.6095,33.5037],[135.6101,33.5036],[135.6108,33.5035],[135.6114,33.5035],[135.612,33.5036],[135.6126,33.5038],[135.6131,33.5041],[135.6134,33.504],[135.6157,33.5036],[135.6159,33.5034],[135.6164,33.5023],[135.6167,33.5018],[135.6171,33.5014],[135.6176,33.501],[135.6181,33.5008],[135.6187,33.5006],[135.6219,33.5005],[135.6224,33.5002],[135.623,33.5],[135.6235,33.4998],[135.6241,33.4998],[135.6246,33.4998],[135.6272,33.5006],[135.6278,33.5008],[135.6284,33.5012],[135.6288,33.5016],[135.6297,33.5036],[135.63,33.5037],[135.6306,33.5039],[135.631,33.5043],[135.6312,33.5045],[135.6327,33.504],[135.6334,33.5038],[135.6343,33.5038],[135.6351,33.5031],[135.6356,33.5027],[135.6362,33.5025],[135.6369,33.5023],[135.6369,33.5022],[135.6371,33.5017],[135.6373,33.5012],[135.6377,33.5008],[135.6381,33.5004],[135.6386,33.5001],[135.6392,33.4999],[135.6398,33.4998],[135.6404,33.4998],[135.6411,33.4999],[135.6413,33.4997],[135.6418,33.4995],[135.6424,33.4992],[135.6429,33.4991],[135.6458,33.4991],[135.65,33.4978],[135.6505,33.4976],[135.6511,33.4976],[135.6527,33.4977],[135.6551,33.4954],[135.6572,33.4943],[135.6579,33.4927],[135.6582,33.4922],[135.6585,33.4918],[135.659,33.4914],[135.6595,33.4912],[135.66,33.491],[135.6599,33.4907],[135.66,33.4902],[135.6602,33.4896],[135.6605,33.4892],[135.661,33.4888],[135.6615,33.4884],[135.6621,33.4882],[135.6627,33.4881],[135.6667,33.4882],[135.6691,33.4887],[135.6731,33.4858],[135.6736,33.4855],[135.6742,33.4852],[135.6749,33.4851],[135.6755,33.4851],[135.6762,33.4852],[135.6768,33.4854],[135.6773,33.4857],[135.6787,33.4871],[135.6801,33.4869],[135.6808,33.4868],[135.6815,33.4869],[135.6822,33.4871],[135.6826,33.487],[135.6833,33.4868],[135.6858,33.4868],[135.6895,33.4854],[135.6899,33.4853],[135.6895,33.4852],[135.6891,33.4849],[135.6886,33.4845],[135.6883,33.4841],[135.6881,33.4837],[135.688,33.4832],[135.688,33.4827],[135.6883,33.4815],[135.6886,33.4808],[135.6888,33.4803],[135.6891,33.4798],[135.6896,33.4794],[135.6901,33.4791],[135.6907,33.4789],[135.6913,33.4788],[135.692,33.4788],[135.6926,33.4789],[135.6954,33.4801],[135.6959,33.4804],[135.6963,33.4808],[135.6967,33.4812],[135.6969,33.4817],[135.697,33.4822],[135.697,33.4828],[135.6969,33.4833],[135.6966,33.4838],[135.6953,33.4852],[135.6952,33.4852],[135.6965,33.4852],[135.6971,33.4853],[135.6977,33.4854],[135.6983,33.4857],[135.6988,33.4861],[135.6992,33.4865],[135.6995,33.487],[135.6997,33.4877],[135.7001,33.4879],[135.7016,33.4862],[135.7019,33.4858],[135.7024,33.4855],[135.7028,33.4853],[135.7052,33.4847],[135.7049,33.4843],[135.7047,33.4837],[135.7047,33.4797],[135.7056,33.4772],[135.7058,33.4767],[135.7062,33.4762],[135.7067,33.4759],[135.7072,33.4756],[135.7079,33.4754],[135.7085,33.4753],[135.7092,33.4753],[135.7098,33.4755],[135.7128,33.477],[135.7134,33.4774],[135.7138,33.4779],[135.7146,33.4796],[135.7179,33.4776],[135.7184,33.4773],[135.7224,33.4764],[135.7256,33.475],[135.7261,33.4748],[135.7267,33.4747],[135.7273,33.4747],[135.7279,33.4748],[135.7285,33.475],[135.729,33.4752],[135.7341,33.4796],[135.7341,33.4794],[135.7341,33.4789],[135.7352,33.476],[135.7354,33.4755],[135.7358,33.4751],[135.7362,33.4747],[135.7367,33.4745],[135.7372,33.4742],[135.7378,33.4741],[135.7384,33.4741],[135.7413,33.4746],[135.7419,33.4747],[135.7424,33.475],[135.7429,33.4753],[135.7441,33.4766],[135.7444,33.4766],[135.745,33.4768],[135.7455,33.4771],[135.7482,33.4793],[135.7506,33.4781],[135.7512,33.4779],[135.7518,33.4778],[135.7524,33.4777],[135.753,33.4778],[135.7536,33.478],[135.7541,33.4782],[135.7546,33.4786],[135.7551,33.4792],[135.7556,33.4792],[135.7562,33.4792],[135.7568,33.4793],[135.7574,33.4795],[135.7579,33.4798],[135.7583,33.4802],[135.7585,33.4805],[135.7589,33.48],[135.7593,33.4795],[135.7599,33.4792],[135.7605,33.4789],[135.7637,33.4785],[135.7633,33.4776],[135.7627,33.4769],[135.7623,33.4765],[135.7621,33.4761],[135.7619,33.4756],[135.762,33.4728],[135.762,33.4723],[135.7622,33.4718],[135.7625,33.4714],[135.7629,33.471],[135.7643,33.4701],[135.7649,33.4698],[135.7656,33.4696],[135.7662,33.4696],[135.7669,33.4697],[135.7676,33.4698],[135.7697,33.4711],[135.7699,33.4707],[135.7702,33.4704],[135.7707,33.47],[135.771,33.4699],[135.7714,33.4665],[135.7716,33.466],[135.7719,33.4655],[135.7722,33.4651],[135.7729,33.4646],[135.7732,33.4635],[135.7728,33.4626],[135.7689,33.461],[135.7676,33.4607],[135.767,33.4606],[135.7639,33.4588],[135.7619,33.4589],[135.7613,33.4589],[135.7607,33.4588],[135.7602,33.4586],[135.7597,33.4583],[135.7585,33.4573],[135.7572,33.4569],[135.7526,33.454],[135.7511,33.4539],[135.7504,33.4538],[135.7499,33.4536],[135.7493,33.4533],[135.7489,33.453],[135.7472,33.4507],[135.747,33.4502],[135.7468,33.4497],[135.7468,33.4492],[135.7469,33.4487],[135.7484,33.4458],[135.7487,33.4454],[135.7491,33.445],[135.7496,33.4447],[135.7524,33.4437],[135.752,33.4426],[135.752,33.4413],[135.7513,33.441],[135.7508,33.4407],[135.7503,33.4403],[135.75,33.4399],[135.7498,33.4394],[135.7496,33.4388],[135.7497,33.4383],[135.7507,33.4356],[135.751,33.4351],[135.7513,33.4347],[135.7518,33.4343],[135.7524,33.434],[135.753,33.4338],[135.7536,33.4338],[135.7542,33.4338],[135.7547,33.4339],[135.7549,33.4338],[135.7555,33.4336],[135.7579,33.4334],[135.76,33.4323],[135.7605,33.4321],[135.7611,33.4319],[135.7618,33.4319],[135.7624,33.432],[135.763,33.4321],[135.7635,33.4324],[135.764,33.4328],[135.7646,33.4327],[135.7652,33.4327],[135.7659,33.4329],[135.7664,33.4331],[135.7669,33.4335],[135.7674,33.4339],[135.7677,33.4344],[135.7684,33.4378],[135.7693,33.4389],[135.7695,33.4393],[135.7706,33.443],[135.7714,33.4442],[135.7733,33.4436],[135.7739,33.4435],[135.7745,33.4435],[135.7765,33.4438],[135.7766,33.4438],[135.7786,33.4419],[135.7786,33.4415],[135.7787,33.441],[135.7789,33.4404],[135.7809,33.4381],[135.7813,33.4377],[135.7818,33.4374],[135.7825,33.4372],[135.7831,33.4371],[135.7838,33.4371],[135.7844,33.4372],[135.7848,33.4373],[135.785,33.4372],[135.7856,33.4369],[135.7862,33.4368],[135.7868,33.4367],[135.7874,33.4368],[135.788,33.4369],[135.7905,33.4382],[135.7911,33.4385],[135.7915,33.439],[135.7918,33.4395],[135.7923,33.442],[135.7923,33.4425],[135.7921,33.4438],[135.7927,33.4442],[135.7938,33.4431],[135.7942,33.4428],[135.7947,33.4425],[135.7953,33.4423],[135.7959,33.4422],[135.7965,33.4421],[135.7971,33.4422],[135.7993,33.443],[135.7999,33.4433],[135.8003,33.4437],[135.8007,33.4441],[135.801,33.4445],[135.8012,33.4451],[135.8012,33.4456],[135.8011,33.4461],[135.8009,33.4466],[135.7984,33.4496],[135.7975,33.4502],[135.7976,33.4506],[135.7978,33.4512],[135.7979,33.4517],[135.7978,33.4522],[135.7976,33.4527],[135.7972,33.4532],[135.7968,33.4536],[135.7954,33.4544],[135.7947,33.456],[135.7937,33.4572],[135.795,33.4579],[135.7962,33.4576],[135.7968,33.4575],[135.7975,33.4576],[135.7981,33.4577],[135.7987,33.4579],[135.7992,33.4583],[135.7996,33.4587],[135.7998,33.459],[135.8,33.4589],[135.8006,33.4588],[135.8012,33.4588],[135.8018,33.4589],[135.804,33.4599],[135.8045,33.4602],[135.805,33.4606],[135.8054,33.461],[135.8056,33.461],[135.8062,33.4612],[135.8067,33.4614],[135.8069,33.4614],[135.8072,33.4611],[135.8077,33.4608],[135.8082,33.4606],[135.8088,33.4604],[135.8095,33.4604],[135.8101,33.4605],[135.8103,33.4605],[135.8105,33.4603],[135.8123,33.4588],[135.8128,33.4585],[135.8134,33.4583],[135.814,33.4581],[135.8147,33.4581],[135.8153,33.4582],[135.8159,33.4584],[135.8165,33.4587],[135.8169,33.459],[135.817,33.4592],[135.8186,33.4588],[135.8192,33.4588],[135.8197,33.4588],[135.8196,33.4586],[135.8196,33.4581],[135.8198,33.4576],[135.8198,33.4575],[135.8196,33.4572],[135.8192,33.4568],[135.819,33.4564],[135.8189,33.4559],[135.8188,33.4554],[135.8189,33.455],[135.817,33.4547],[135.8166,33.4546],[135.8135,33.4532],[135.8108,33.452],[135.8103,33.4517],[135.8098,33.4514],[135.8095,33.4509],[135.8093,33.4505],[135.8091,33.4499],[135.8091,33.4494],[135.8092,33.4489],[135.8107,33.4464],[135.811,33.4461],[135.8113,33.4457],[135.8148,33.4437],[135.8154,33.4434],[135.816,33.4433],[135.8167,33.4432],[135.8173,33.4433],[135.8179,33.4434],[135.8185,33.4437],[135.819,33.4441],[135.8194,33.4445],[135.8197,33.445],[135.8201,33.4467],[135.8206,33.4473],[135.8227,33.4489],[135.8232,33.4492],[135.8234,33.4495],[135.8235,33.4493],[135.8241,33.4489],[135.8247,33.4485],[135.8268,33.4481],[135.8275,33.4474],[135.828,33.4471],[135.8285,33.4468],[135.8306,33.4464],[135.8313,33.4463],[135.8319,33.4463],[135.8325,33.4464],[135.8331,33.4467],[135.8336,33.447],[135.8341,33.4474],[135.8344,33.4479],[135.835,33.4498],[135.835,33.4502],[135.835,33.4506],[135.8353,33.4504],[135.8359,33.4503],[135.8366,33.4502],[135.8372,33.4503],[135.8378,33.4504],[135.8384,33.4507],[135.8389,33.451],[135.8414,33.4541],[135.8417,33.4546],[135.8419,33.4551],[135.8419,33.4567],[135.8427,33.4566],[135.8462,33.4567],[135.8468,33.4568],[135.8495,33.4576],[135.85,33.4578],[135.8504,33.4581],[135.8509,33.458],[135.8515,33.458],[135.8522,33.4581],[135.8554,33.4593],[135.856,33.4595],[135.8565,33.4599],[135.8568,33.4604],[135.8571,33.4609],[135.8572,33.4614],[135.8569,33.4642],[135.8571,33.4642],[135.8577,33.4642],[135.8582,33.4643],[135.8588,33.4645],[135.8593,33.4648],[135.8631,33.4685],[135.8642,33.469],[135.8647,33.4692],[135.8651,33.4696],[135.8655,33.47],[135.8657,33.4705],[135.8659,33.471],[135.8659,33.4715],[135.8658,33.472],[135.8656,33.4725],[135.8653,33.4729],[135.8634,33.4746],[135.8629,33.4749],[135.8623,33.4751],[135.8617,33.4753],[135.861,33.4753],[135.8603,33.4752],[135.8597,33.4751],[135.8592,33.4748],[135.8576,33.4734],[135.8575,33.4735],[135.857,33.4739],[135.8563,33.4742],[135.8528,33.4748],[135.8521,33.4748],[135.8514,33.4747],[135.8508,33.4745],[135.8501,33.474],[135.8483,33.4762],[135.8478,33.4766],[135.8473,33.477],[135.8466,33.4772],[135.841,33.4777],[135.8404,33.4777],[135.8398,33.4777],[135.8394,33.4775],[135.8393,33.4777],[135.8391,33.4782],[135.8387,33.4786],[135.8382,33.4789],[135.8376,33.4792],[135.8337,33.48],[135.833,33.48],[135.8323,33.48],[135.8317,33.4798],[135.8313,33.4796],[135.8295,33.4801],[135.8288,33.4802],[135.8281,33.4802],[135.8275,33.4801],[135.8254,33.4791],[135.823,33.4785],[135.8204,33.4792],[135.8197,33.4793],[135.8175,33.4792],[135.8175,33.4794],[135.8174,33.4799],[135.8173,33.4804],[135.817,33.4809],[135.8166,33.4813],[135.8161,33.4816],[135.8156,33.4819],[135.8115,33.4828],[135.8109,33.4828],[135.8102,33.4828],[135.8069,33.4818],[135.8063,33.4816],[135.8058,33.4812],[135.8028,33.4776],[135.8025,33.4771],[135.8023,33.4765],[135.8023,33.4762],[135.802,33.4762],[135.8013,33.4763],[135.8007,33.4762],[135.8001,33.476],[135.7996,33.4757],[135.7991,33.4754],[135.7976,33.4734],[135.7973,33.4729],[135.7972,33.4724],[135.7971,33.4718],[135.7972,33.4713],[135.7973,33.4712],[135.7971,33.471],[135.7968,33.4705],[135.7966,33.47],[135.7967,33.4679],[135.7965,33.4677],[135.796,33.4673],[135.7946,33.4647],[135.7944,33.4642],[135.7944,33.4639],[135.7894,33.4613],[135.7892,33.4615],[135.7893,33.4622],[135.7892,33.4628],[135.7891,33.4633],[135.7888,33.4638],[135.7884,33.4642],[135.7879,33.4645],[135.7874,33.4648],[135.7872,33.4649],[135.7873,33.4651],[135.7874,33.4666],[135.7874,33.4672],[135.7872,33.4677],[135.7873,33.4677],[135.7878,33.4681],[135.7882,33.4685],[135.7885,33.469],[135.7887,33.4695],[135.7887,33.47],[135.7887,33.4706],[135.7885,33.4711],[135.7878,33.472],[135.7888,33.475],[135.7924,33.479],[135.7927,33.4796],[135.7929,33.4801],[135.7929,33.4826],[135.7933,33.483],[135.7951,33.4835],[135.7957,33.4836],[135.7962,33.4839],[135.7966,33.4843],[135.797,33.4847],[135.7972,33.4852],[135.7976,33.487],[135.7979,33.4873],[135.7983,33.4877],[135.7985,33.4882],[135.7987,33.4887],[135.7987,33.4892],[135.7982,33.4909],[135.7983,33.4912],[135.7985,33.4913],[135.799,33.4917],[135.7995,33.4922],[135.8004,33.4947],[135.8005,33.4953],[135.8004,33.4964],[135.8007,33.4968],[135.8008,33.4968],[135.8014,33.4966],[135.8021,33.4966],[135.8027,33.4967],[135.8033,33.4969],[135.8039,33.4972],[135.8068,33.5002],[135.8085,33.5001],[135.8089,33.4997],[135.8095,33.4994],[135.8101,33.4992],[135.8107,33.4991],[135.8114,33.4991],[135.812,33.4992],[135.8126,33.4994],[135.8132,33.4997],[135.8161,33.5027],[135.8185,33.5038],[135.819,33.504],[135.8207,33.5056],[135.8211,33.5061],[135.8224,33.5092],[135.8228,33.5094],[135.8233,33.5097],[135.8252,33.5115],[135.8258,33.5118],[135.8269,33.5116],[135.8281,33.5111],[135.8287,33.5108],[135.8325,33.5105],[135.8348,33.5099],[135.8354,33.5098],[135.8426,33.5101],[135.8433,33.5102],[135.8439,33.5104],[135.8445,33.5107],[135.8459,33.5121],[135.8462,33.5126],[135.8465,33.5131],[135.8466,33.5136],[135.8466,33.5141],[135.846,33.5157],[135.8472,33.5162],[135.8478,33.5165],[135.8483,33.5169],[135.8486,33.5165],[135.8491,33.5162],[135.8496,33.5159],[135.8502,33.5157],[135.8509,33.5157],[135.8515,33.5157],[135.8521,33.5158],[135.8554,33.5174],[135.8559,33.5177],[135.8563,33.5181],[135.8567,33.5186],[135.8569,33.5191],[135.8569,33.5197],[135.8569,33.52],[135.858,33.5204],[135.8584,33.5206],[135.861,33.5226],[135.8614,33.523],[135.8617,33.5234],[135.8619,33.5239],[135.8619,33.5242],[135.8621,33.5242],[135.8627,33.524],[135.8634,33.524],[135.8641,33.5241],[135.8662,33.525],[135.8668,33.5253],[135.8672,33.5257],[135.8683,33.5275],[135.8685,33.5275],[135.8691,33.5275],[135.8696,33.5277],[135.8726,33.5293],[135.8728,33.5289],[135.8732,33.5284],[135.8736,33.528],[135.8768,33.5265],[135.8774,33.5263],[135.878,33.5262],[135.8786,33.5262],[135.8792,33.5263],[135.8798,33.5265],[135.8804,33.5267],[135.8808,33.5271],[135.8845,33.5326],[135.8848,33.533],[135.8848,33.5332],[135.8857,33.533],[135.8863,33.533],[135.8869,33.533],[135.8875,33.5331],[135.888,33.5334],[135.8885,33.5337],[135.89,33.5352],[135.8903,33.5357],[135.8906,33.5362],[135.8906,33.5371],[135.8909,33.5371],[135.8931,33.5368],[135.8937,33.5368],[135.8944,33.5368],[135.895,33.537],[135.8955,33.5373],[135.896,33.5376],[135.8964,33.538],[135.8967,33.5385],[135.8969,33.539],[135.8968,33.5405],[135.8976,33.5409],[135.898,33.5412],[135.8984,33.5415],[135.8988,33.542],[135.899,33.5424],[135.899,33.5426],[135.8999,33.5432],[135.9008,33.543],[135.9014,33.5429],[135.902,33.5429],[135.9025,33.543],[135.9072,33.5449],[135.9078,33.5452],[135.9083,33.5456],[135.9086,33.546],[135.9089,33.5465],[135.9089,33.5467],[135.909,33.5467],[135.9096,33.5466],[135.9103,33.5466],[135.9135,33.5474],[135.914,33.5476],[135.9145,33.5479],[135.915,33.5483],[135.9153,33.5487],[135.9156,33.5492],[135.9157,33.5497],[135.9157,33.5501],[135.9163,33.5502],[135.917,33.5503],[135.9175,33.5505],[135.9181,33.5509],[135.9185,33.5513],[135.9188,33.5517],[135.919,33.5522],[135.9191,33.5528],[135.9185,33.5555],[135.9187,33.5556],[135.9191,33.5559],[135.9201,33.5568],[135.9212,33.5569],[135.922,33.5566],[135.9225,33.5564],[135.9231,33.5563],[135.9237,33.5564],[135.9243,33.5565],[135.9249,33.5566],[135.9254,33.5569],[135.9258,33.5573],[135.9262,33.5577],[135.927,33.5594],[135.9272,33.56],[135.9272,33.5606],[135.927,33.5612],[135.9254,33.5636],[135.9251,33.564],[135.9246,33.5644],[135.9241,33.5646],[135.9236,33.5648],[135.923,33.5649],[135.9195,33.5648],[135.9175,33.5654],[135.9169,33.5655],[135.9162,33.5655],[135.9156,33.5654],[135.915,33.5651],[135.9144,33.5648],[135.9141,33.5645],[135.911,33.5645],[135.9137,33.5671],[135.9162,33.5683],[135.917,33.5676],[135.9175,33.5672],[135.9181,33.567],[135.9186,33.5668],[135.9193,33.5668],[135.9199,33.5668],[135.9205,33.5669],[135.9228,33.5681],[135.9233,33.5684],[135.9238,33.5688],[135.9241,33.5693],[135.9248,33.5721],[135.9247,33.5737],[135.9249,33.5739],[135.9263,33.5745],[135.9271,33.5745],[135.9286,33.5741],[135.9295,33.5731],[135.9299,33.5726],[135.9327,33.5711],[135.9332,33.5709],[135.9338,33.5708],[135.9345,33.5707],[135.9351,33.5708],[135.9376,33.5716],[135.9397,33.5718],[135.9403,33.5719],[135.9409,33.5721],[135.9414,33.5724],[135.9419,33.5727],[135.9423,33.5732],[135.9425,33.5737],[135.9429,33.5764],[135.9441,33.5762],[135.9447,33.5762],[135.9453,33.5762],[135.9459,33.5763],[135.9469,33.5768],[135.948,33.5768],[135.9497,33.5761],[135.9534,33.5754],[135.954,33.5753],[135.9547,33.5754],[135.9554,33.5756],[135.9559,33.5758],[135.9565,33.5762],[135.9572,33.5772],[135.9595,33.5783],[135.9618,33.5802],[135.9622,33.5806],[135.9625,33.5811],[135.9627,33.5816],[135.9628,33.5821],[135.9627,33.5826],[135.9625,33.5832],[135.9617,33.5842],[135.9621,33.5846],[135.9623,33.5852],[135.9624,33.5858],[135.9621,33.5869],[135.9626,33.5886],[135.9627,33.5886],[135.9632,33.5889],[135.9637,33.5893],[135.9641,33.5898],[135.9643,33.5903],[135.9644,33.5908],[135.9639,33.5939],[135.9637,33.5944],[135.9635,33.5949],[135.9631,33.5953],[135.9626,33.5957],[135.9621,33.5959],[135.9615,33.5961],[135.9586,33.5963],[135.9579,33.5963],[135.9573,33.5962],[135.9566,33.5959],[135.9541,33.594],[135.9511,33.5928],[135.9512,33.5948],[135.9512,33.5954],[135.951,33.5959],[135.9507,33.5964],[135.9495,33.5975],[135.9495,33.5984],[135.9504,33.5998],[135.9512,33.6005],[135.9516,33.6009],[135.9519,33.6013],[135.952,33.6018],[135.9521,33.6022],[135.9521,33.6027],[135.952,33.6032],[135.9507,33.6053],[135.9503,33.6058],[135.9499,33.6061],[135.9493,33.6064],[135.9476,33.6069],[135.947,33.607],[135.9464,33.607],[135.9431,33.6063],[135.9424,33.6061],[135.937,33.6023],[135.9343,33.6009],[135.9338,33.6013],[135.9337,33.6013],[135.9337,33.6017],[135.9336,33.6023],[135.9333,33.6028],[135.9329,33.6032],[135.9325,33.6035],[135.9326,33.6036],[135.9327,33.6041],[135.9327,33.6046],[135.9326,33.6052],[135.9324,33.6057],[135.932,33.6061],[135.9304,33.6073],[135.9302,33.6074],[135.9318,33.6082],[135.9336,33.6084],[135.9342,33.6086],[135.9347,33.6088],[135.9352,33.6091],[135.9357,33.6095],[135.936,33.6099],[135.9362,33.6104],[135.9363,33.6109],[135.9363,33.6113],[135.9366,33.6112],[135.9385,33.6112],[135.939,33.6113],[135.9396,33.6114],[135.9401,33.6117],[135.9406,33.612],[135.941,33.6124],[135.9413,33.6128],[135.9413,33.6129],[135.9418,33.6129],[135.9424,33.6131],[135.9429,33.6133],[135.9434,33.6136],[135.9444,33.6147],[135.9461,33.615],[135.9466,33.6152],[135.9472,33.6154],[135.9477,33.6157],[135.9479,33.616],[135.9481,33.616],[135.9504,33.6168],[135.951,33.6171],[135.9515,33.6174],[135.9519,33.6178],[135.9521,33.6183],[135.9521,33.6184],[135.9525,33.6183],[135.9531,33.6183],[135.9537,33.6185],[135.9543,33.6187],[135.9548,33.619],[135.9552,33.6194],[135.9556,33.6198],[135.9558,33.6203],[135.9563,33.6261],[135.9563,33.6267],[135.9561,33.6272],[135.9559,33.6277],[135.9559,33.6278],[135.956,33.6283],[135.9559,33.6288],[135.9557,33.6294],[135.9561,33.6298],[135.9563,33.6304],[135.9565,33.6309],[135.9565,33.6315],[135.9563,33.632],[135.9544,33.6348],[135.9541,33.6352],[135.9536,33.6356],[135.9531,33.6358],[135.9511,33.6364],[135.9504,33.6365],[135.9498,33.6365],[135.9492,33.6363],[135.9489,33.6362],[135.9485,33.6364],[135.9479,33.6366],[135.9473,33.6367],[135.9467,33.6368],[135.9453,33.6365],[135.9424,33.6366],[135.9406,33.638],[135.9398,33.6404],[135.94,33.6412],[135.9411,33.6429],[135.9422,33.6431],[135.9427,33.6432],[135.9462,33.6446],[135.9466,33.6449],[135.9484,33.6464],[135.9496,33.6469],[135.9531,33.6472],[135.9538,33.6468],[135.9544,33.6466],[135.955,33.6465],[135.9556,33.6464],[135.9563,33.6465],[135.9595,33.6477],[135.96,33.6479],[135.9605,33.6483],[135.9608,33.6487],[135.9611,33.6492],[135.9613,33.6497],[135.9613,33.6502],[135.9611,33.6515],[135.9612,33.6517],[135.9613,33.6517],[135.9637,33.6513],[135.9691,33.65],[135.9698,33.65],[135.9704,33.65],[135.971,33.6501],[135.9716,33.6503],[135.9721,33.6506],[135.9726,33.651],[135.9729,33.6514],[135.9731,33.6519],[135.9732,33.6525],[135.9732,33.653],[135.9731,33.6532],[135.9739,33.6538],[135.9747,33.6539],[135.9758,33.6535],[135.976,33.6523],[135.9761,33.6518],[135.9769,33.6502],[135.9773,33.6497],[135.9777,33.6493],[135.9782,33.6489],[135.9788,33.6487],[135.9795,33.6486],[135.9801,33.6486],[135.9825,33.6491],[135.9832,33.6493],[135.9838,33.6496],[135.986,33.6522],[135.9876,33.6528],[135.9881,33.6531],[135.9886,33.6534],[135.989,33.6539],[135.9892,33.6544],[135.9894,33.6549],[135.9892,33.6579],[135.9895,33.6583],[135.9907,33.659],[135.9912,33.6593],[135.9916,33.6596],[135.9919,33.6601],[135.9922,33.6605],[135.9923,33.661],[135.9922,33.6615],[135.9914,33.664],[135.9912,33.6644],[135.9909,33.6648],[135.9905,33.6652],[135.99,33.6655],[135.9879,33.6662],[135.9873,33.6663],[135.9867,33.6664],[135.986,33.6663],[135.9854,33.6661],[135.9849,33.6659],[135.9844,33.6656],[135.984,33.6651],[135.9837,33.6647],[135.9834,33.6634],[135.9831,33.6635],[135.9825,33.6635],[135.9819,33.6635],[135.9813,33.6633],[135.9808,33.6631],[135.9803,33.6627],[135.9799,33.6624],[135.9796,33.6619],[135.9794,33.6615],[135.9794,33.6614],[135.9793,33.6614],[135.9795,33.6623],[135.9796,33.6629],[135.9795,33.6634],[135.9793,33.6639],[135.9791,33.6643],[135.9787,33.6647],[135.9782,33.6651],[135.9768,33.6656],[135.9771,33.6662],[135.9773,33.6667],[135.9773,33.6673],[135.9772,33.6679],[135.9763,33.6694],[135.9764,33.6698],[135.9763,33.6702],[135.9768,33.6704],[135.9781,33.6711],[135.9786,33.6715],[135.979,33.6719],[135.9815,33.6779],[135.9843,33.6788],[135.9848,33.679],[135.9853,33.6793],[135.9857,33.6797],[135.986,33.6801],[135.9862,33.6806],[135.9863,33.6807],[135.9879,33.6811],[135.9884,33.6812],[135.9903,33.6823],[135.9907,33.6827],[135.9911,33.6831],[135.9914,33.6836],[135.9916,33.6841],[135.9916,33.6846],[135.9915,33.6851],[135.99,33.688],[135.99,33.6886],[135.9904,33.6891],[135.9931,33.691],[135.9936,33.6913],[135.9955,33.6943],[135.9957,33.6948],[135.9958,33.6954],[135.9957,33.6962],[135.996,33.6967],[135.9963,33.6972],[135.9964,33.6978],[135.9963,33.6984],[135.9955,33.7001],[135.9956,33.7003],[135.9973,33.7028],[136.0008,33.7072],[136.0058,33.7128],[136.0131,33.7206],[136.0141,33.7213],[136.0145,33.7217],[136.0148,33.7221],[136.015,33.7226],[136.0151,33.7231],[136.0151,33.7237],[136.015,33.7242],[136.0147,33.7246],[136.0106,33.7288],[136.0101,33.7291],[136.0096,33.7294],[136.005,33.7306],[135.9986,33.7329],[135.9932,33.7354],[135.9847,33.7388],[135.9842,33.739],[135.9791,33.7395],[135.9784,33.7395],[135.972,33.738],[135.9714,33.7378],[135.9709,33.7375],[135.9704,33.7371],[135.9701,33.7367],[135.9686,33.7325],[135.9685,33.732],[135.9685,33.7315],[135.9686,33.731],[135.9688,33.7305],[135.9691,33.7301],[135.9727,33.7273],[135.9733,33.7257],[135.9645,33.7269],[135.9631,33.7275],[135.9565,33.7308],[135.9526,33.732],[135.9478,33.7343],[135.9446,33.7364],[135.9441,33.737],[135.9431,33.7392],[135.9423,33.7453],[135.9418,33.7511],[135.9421,33.7561],[135.9421,33.7567],[135.9419,33.7572],[135.9407,33.7589],[135.9403,33.7593],[135.9397,33.7597],[135.9391,33.7599],[135.9385,33.7601],[135.9346,33.7599],[135.9339,33.7598],[135.9333,33.7596],[135.9328,33.7593],[135.931,33.7577],[135.9294,33.7567],[135.9261,33.7584],[135.9235,33.7602],[135.9224,33.765],[135.9213,33.7668],[135.9208,33.7673],[135.9177,33.7692],[135.9171,33.7695],[135.9143,33.7699],[135.9138,33.77],[135.9093,33.7693],[135.9089,33.7694],[135.9087,33.7697],[135.9068,33.776],[135.9047,33.7815],[135.9004,33.7872],[135.9013,33.7891],[135.9014,33.7896],[135.9015,33.7901],[135.9012,33.7918],[135.8975,33.799],[135.8954,33.8013],[135.8935,33.8033],[135.893,33.8037],[135.8909,33.8048],[135.8904,33.805],[135.8898,33.8051],[135.8861,33.8051],[135.8854,33.805],[135.8839,33.8044],[135.8824,33.8051],[135.8794,33.8078],[135.8742,33.8111],[135.8737,33.8114],[135.8732,33.8116],[135.869,33.8122],[135.8662,33.8128],[135.8607,33.8178],[135.8592,33.8201],[135.8602,33.8234],[135.8615,33.8265],[135.8621,33.8298],[135.8622,33.8303],[135.8621,33.8307],[135.8609,33.8333],[135.8606,33.8337],[135.8595,33.8348],[135.859,33.8367],[135.8601,33.8415],[135.8619,33.8437],[135.8637,33.8481],[135.8638,33.8487],[135.8638,33.8492],[135.8627,33.8524],[135.8625,33.8528],[135.8607,33.8548],[135.8604,33.8552],[135.8581,33.8565],[135.8567,33.8586],[135.8565,33.8614],[135.8587,33.8627]],[[135.9474,33.6236],[135.9469,33.6236],[135.9463,33.6236],[135.9457,33.6234],[135.9453,33.6232],[135.9465,33.6249],[135.9473,33.6247],[135.9474,33.6246],[135.9474,33.6236]],[[135.1356,34.1157],[135.1378,34.1161],[135.1381,34.1161],[135.1378,34.1159],[135.1373,34.1156],[135.1371,34.1154],[135.1356,34.1157]],[[135.1757,34.1841],[135.1756,34.1843],[135.1758,34.185],[135.1761,34.185],[135.176,34.1846],[135.1757,34.1841]],[[135.12,34.2371],[135.1202,34.2371],[135.1208,34.2374],[135.1212,34.2378],[135.1213,34.2378],[135.1214,34.2378],[135.122,34.2381],[135.1268,34.2323],[135.1266,34.2323],[135.1248,34.2323],[135.121,34.2364],[135.1206,34.2367],[135.1201,34.237],[135.12,34.2371]],[[135.8879,33.8882],[135.888,33.8881],[135.8885,33.8878],[135.8897,33.8873],[135.8897,33.8868],[135.8891,33.8853],[135.889,33.8847],[135.889,33.8846],[135.8888,33.8847],[135.8876,33.8863],[135.8875,33.8865],[135.8879,33.8882]]],[[[136.0069,34.0117],[136.0048,34.0124],[136.0041,34.0125],[136.0035,34.0126],[136.0028,34.0125],[136.0022,34.0123],[136.0016,34.012],[136.0012,34.0117],[136.0008,34.0112],[135.9998,34.0087],[135.9987,34.0088],[135.998,34.0088],[135.9974,34.0087],[135.9969,34.0085],[135.9959,34.0079],[135.9936,34.0078],[135.9929,34.0077],[135.9892,34.006],[135.9887,34.0057],[135.9869,34.0039],[135.9866,34.0035],[135.9864,34.0031],[135.9859,34],[135.9823,33.9965],[135.982,33.9961],[135.9818,33.9957],[135.9816,33.9952],[135.9816,33.9947],[135.9818,33.9937],[135.9814,33.9935],[135.9794,33.9934],[135.9789,33.9933],[135.9759,33.9921],[135.9754,33.9919],[135.975,33.9916],[135.9746,33.9912],[135.9733,33.9886],[135.9732,33.9885],[135.9726,33.9885],[135.9683,33.9887],[135.9633,33.988],[135.9599,33.9871],[135.9593,33.9869],[135.9588,33.9866],[135.9562,33.9838],[135.954,33.9832],[135.9528,33.9836],[135.9521,33.9837],[135.9469,33.9833],[135.9463,33.9833],[135.9458,33.9831],[135.9432,33.9815],[135.9429,33.9818],[135.9424,33.9822],[135.9392,33.9835],[135.9386,33.9836],[135.938,33.9837],[135.9374,33.9836],[135.9352,33.983],[135.9318,33.9834],[135.9313,33.9834],[135.9295,33.9832],[135.9282,33.9838],[135.9276,33.984],[135.927,33.9841],[135.9264,33.9841],[135.9258,33.9841],[135.9252,33.9839],[135.9247,33.9837],[135.9242,33.9833],[135.9229,33.9817],[135.9209,33.981],[135.9203,33.9808],[135.9199,33.9805],[135.9167,33.977],[135.9135,33.9746],[135.9131,33.9742],[135.9128,33.9738],[135.912,33.9716],[135.9119,33.971],[135.9126,33.9682],[135.9122,33.9676],[135.9111,33.9669],[135.9102,33.967],[135.9096,33.967],[135.9089,33.967],[135.9052,33.9655],[135.9047,33.9652],[135.9042,33.9648],[135.9038,33.9644],[135.9036,33.9639],[135.9034,33.9634],[135.9037,33.96],[135.9021,33.9573],[135.9011,33.9566],[135.898,33.9564],[135.8974,33.9564],[135.8968,33.9562],[135.8963,33.9559],[135.8915,33.952],[135.8911,33.9516],[135.8909,33.9511],[135.8907,33.9506],[135.8906,33.9501],[135.8906,33.9496],[135.8909,33.9488],[135.8898,33.9475],[135.8895,33.947],[135.8893,33.9465],[135.8892,33.9459],[135.8893,33.9454],[135.8898,33.9443],[135.8894,33.9424],[135.8893,33.9419],[135.8894,33.9413],[135.89,33.94],[135.8899,33.9399],[135.8898,33.9394],[135.8898,33.9388],[135.89,33.9383],[135.8903,33.9378],[135.8907,33.9373],[135.8915,33.9368],[135.8916,33.9363],[135.8917,33.9359],[135.8919,33.9354],[135.8921,33.935],[135.895,33.9326],[135.8955,33.9289],[135.8952,33.927],[135.8952,33.9265],[135.8953,33.926],[135.8955,33.9256],[135.8976,33.9231],[135.8979,33.9227],[135.8984,33.9224],[135.8989,33.9222],[135.902,33.9215],[135.9026,33.9214],[135.9032,33.9214],[135.9038,33.9215],[135.9044,33.9217],[135.9051,33.9221],[135.9063,33.9214],[135.9059,33.9188],[135.9058,33.9183],[135.906,33.9177],[135.9062,33.9172],[135.9066,33.9167],[135.9071,33.9164],[135.9076,33.9161],[135.9082,33.9159],[135.9083,33.9159],[135.9085,33.9158],[135.9088,33.9158],[135.9089,33.9158],[135.909,33.9158],[135.9101,33.9159],[135.9144,33.9165],[135.9162,33.9171],[135.9163,33.9171],[135.9184,33.9154],[135.9192,33.9133],[135.9194,33.9128],[135.9198,33.9124],[135.9202,33.912],[135.9208,33.9117],[135.9214,33.9115],[135.922,33.9114],[135.9226,33.9114],[135.9339,33.9144],[135.9354,33.9152],[135.9358,33.9155],[135.9362,33.9158],[135.9365,33.9162],[135.9377,33.9192],[135.9378,33.9198],[135.9378,33.9203],[135.9376,33.9209],[135.9355,33.924],[135.9351,33.9244],[135.9347,33.9248],[135.9342,33.925],[135.9315,33.9258],[135.9308,33.926],[135.93,33.926],[135.9267,33.925],[135.9262,33.9248],[135.9258,33.9246],[135.9241,33.923],[135.9235,33.9227],[135.9215,33.9233],[135.9208,33.924],[135.9206,33.9249],[135.9213,33.9268],[135.922,33.9305],[135.9234,33.9317],[135.927,33.932],[135.9279,33.9315],[135.9284,33.9312],[135.929,33.9311],[135.9296,33.931],[135.9318,33.9312],[135.9324,33.9313],[135.933,33.9315],[135.9335,33.9319],[135.9339,33.9322],[135.9343,33.9327],[135.9345,33.9332],[135.9346,33.9337],[135.9345,33.9342],[135.9344,33.9347],[135.9328,33.9371],[135.9362,33.9365],[135.9367,33.9365],[135.9419,33.9371],[135.9429,33.937],[135.9453,33.9355],[135.9459,33.9352],[135.9506,33.9342],[135.9557,33.9322],[135.9622,33.9265],[135.9627,33.9261],[135.9654,33.9252],[135.966,33.9251],[135.9667,33.925],[135.9673,33.9251],[135.9693,33.9258],[135.9699,33.9261],[135.9722,33.9282],[135.9726,33.9287],[135.9738,33.9314],[135.9753,33.9334],[135.9756,33.9339],[135.9761,33.9357],[135.9785,33.9404],[135.9787,33.9408],[135.979,33.9437],[135.9804,33.9463],[135.9806,33.9467],[135.9812,33.9512],[135.9812,33.9518],[135.9804,33.954],[135.9806,33.9571],[135.9806,33.9575],[135.98,33.9596],[135.9797,33.9601],[135.9785,33.9615],[135.9786,33.9631],[135.9798,33.9648],[135.9822,33.9655],[135.985,33.9658],[135.9864,33.9654],[135.9887,33.9635],[135.9905,33.9596],[135.9946,33.9552],[135.9949,33.9549],[135.9974,33.9535],[135.9979,33.9533],[135.9986,33.9531],[135.9993,33.9531],[135.9999,33.9532],[136.0005,33.9533],[136.0034,33.9551],[136.0039,33.9555],[136.0043,33.956],[136.0056,33.9599],[136.0065,33.9609],[136.0122,33.9634],[136.0141,33.9648],[136.0146,33.9652],[136.0163,33.9681],[136.0165,33.9686],[136.0166,33.9742],[136.0165,33.9748],[136.0152,33.9772],[136.0149,33.9776],[136.0107,33.9808],[136.0078,33.9852],[136.0074,33.9861],[136.0078,33.9902],[136.0078,33.9907],[136.0071,33.9926],[136.0068,33.9931],[136.0017,33.9979],[136.0005,33.9989],[136.0013,33.9987],[136.0018,33.9987],[136.004,33.9989],[136.0047,33.999],[136.0053,33.9992],[136.0058,33.9995],[136.0079,34.0017],[136.0082,34.0021],[136.0092,34.0045],[136.01,34.0065],[136.0102,34.007],[136.0102,34.0076],[136.0101,34.0081],[136.0088,34.0103],[136.0085,34.0108],[136.0081,34.0111],[136.0076,34.0114],[136.0069,34.0117]]],[[[135.0172,34.2942],[135.0162,34.2934],[135.0157,34.293],[135.0144,34.2903],[135.0132,34.2896],[135.0128,34.2893],[135.0104,34.2863],[135.0086,34.2862],[135.0065,34.2871],[135.006,34.2873],[135.0053,34.2874],[135.0031,34.2873],[135.0025,34.2872],[135.0019,34.287],[135.0014,34.2867],[135.0009,34.2863],[135.0003,34.2855],[135.0002,34.2855],[134.9995,34.2853],[134.9989,34.285],[134.9969,34.2831],[134.9965,34.2827],[134.9963,34.2823],[134.9958,34.2801],[134.9958,34.2796],[134.9959,34.279],[134.9961,34.2785],[134.9965,34.2781],[134.9969,34.2777],[134.9975,34.2774],[134.9981,34.2771],[135.0001,34.2769],[135.0004,34.2766],[135.0007,34.2762],[135.0011,34.2759],[135.003,34.2749],[135.0037,34.2747],[135.0066,34.2744],[135.007,34.2741],[135.0075,34.2738],[135.008,34.2735],[135.0086,34.2733],[135.0107,34.2731],[135.0113,34.2732],[135.012,34.2733],[135.0125,34.2735],[135.0131,34.2738],[135.0142,34.2748],[135.0145,34.2753],[135.0147,34.2757],[135.015,34.2775],[135.0176,34.2781],[135.0182,34.2783],[135.0187,34.2785],[135.0192,34.2789],[135.0195,34.2793],[135.0198,34.2797],[135.0205,34.2825],[135.021,34.2835],[135.0225,34.2845],[135.0229,34.2849],[135.0233,34.2853],[135.0235,34.2858],[135.0236,34.2863],[135.0234,34.2895],[135.0236,34.2896],[135.0243,34.2891],[135.0248,34.2888],[135.0253,34.2885],[135.0259,34.2884],[135.0265,34.2883],[135.0272,34.2884],[135.0278,34.2885],[135.0283,34.2888],[135.0288,34.2891],[135.0292,34.2895],[135.0306,34.2919],[135.0308,34.2925],[135.0309,34.293],[135.0308,34.2936],[135.0307,34.2939],[135.0308,34.2937],[135.0312,34.2934],[135.0318,34.2931],[135.0359,34.292],[135.0361,34.2918],[135.0365,34.2914],[135.037,34.2911],[135.0427,34.2894],[135.0433,34.2893],[135.0439,34.2893],[135.0469,34.2898],[135.0494,34.2902],[135.0499,34.2904],[135.0533,34.2919],[135.0539,34.2923],[135.0551,34.2937],[135.0571,34.2945],[135.0581,34.2942],[135.0587,34.2942],[135.0594,34.2942],[135.06,34.2943],[135.0606,34.2945],[135.0611,34.2949],[135.0625,34.2964],[135.0629,34.2969],[135.0631,34.2974],[135.0631,34.2979],[135.0631,34.2985],[135.0629,34.299],[135.0626,34.2995],[135.0622,34.2999],[135.0616,34.3002],[135.0574,34.3016],[135.0568,34.3017],[135.0507,34.3015],[135.0499,34.3017],[135.0493,34.3018],[135.0487,34.3018],[135.0481,34.3018],[135.0475,34.3016],[135.0467,34.3011],[135.0466,34.3011],[135.0459,34.3012],[135.0422,34.3007],[135.0378,34.3013],[135.0372,34.3013],[135.0365,34.3012],[135.0359,34.301],[135.0353,34.3007],[135.0334,34.2988],[135.0314,34.2976],[135.0309,34.2972],[135.0305,34.2968],[135.0303,34.2963],[135.0301,34.2958],[135.0301,34.2952],[135.0302,34.2947],[135.0302,34.2946],[135.0298,34.295],[135.0293,34.2953],[135.0266,34.2962],[135.026,34.2963],[135.0254,34.2963],[135.0247,34.2962],[135.0241,34.296],[135.0236,34.2958],[135.0231,34.2954],[135.0228,34.295],[135.0225,34.2952],[135.022,34.2955],[135.0213,34.2957],[135.0207,34.2958],[135.02,34.2958],[135.0194,34.2956],[135.0188,34.2954],[135.0172,34.2942]]],[[[135.0732,34.1105],[135.0739,34.1096],[135.0743,34.1092],[135.0771,34.1077],[135.0777,34.1075],[135.0783,34.1073],[135.0789,34.1073],[135.0795,34.1073],[135.0801,34.1075],[135.0807,34.1077],[135.0836,34.11],[135.0847,34.1103],[135.0853,34.1106],[135.0858,34.1109],[135.0863,34.1114],[135.0866,34.1119],[135.087,34.1137],[135.0871,34.1143],[135.087,34.1148],[135.0868,34.1153],[135.0864,34.1158],[135.086,34.1162],[135.0854,34.1165],[135.0824,34.1174],[135.0819,34.1175],[135.0814,34.1175],[135.0794,34.1173],[135.078,34.1177],[135.0775,34.1179],[135.0768,34.1179],[135.0762,34.1178],[135.0756,34.1177],[135.0751,34.1175],[135.0746,34.1171],[135.0723,34.1145],[135.072,34.114],[135.0718,34.1135],[135.0717,34.1129],[135.0718,34.1124],[135.072,34.1118],[135.0732,34.1105]]],[[[135.1026,34.1061],[135.1043,34.1065],[135.105,34.1067],[135.1072,34.1081],[135.1077,34.1084],[135.108,34.1088],[135.1083,34.1093],[135.1084,34.1098],[135.1085,34.1103],[135.1084,34.1108],[135.1082,34.1113],[135.1054,34.1147],[135.1058,34.1152],[135.1061,34.1157],[135.1062,34.1162],[135.1063,34.1168],[135.1061,34.1173],[135.1059,34.1178],[135.1055,34.1183],[135.1051,34.1187],[135.1031,34.1196],[135.1026,34.1198],[135.102,34.1199],[135.1014,34.1199],[135.0981,34.1192],[135.0975,34.119],[135.0969,34.1187],[135.0964,34.1183],[135.0947,34.1156],[135.0945,34.1152],[135.094,34.1126],[135.094,34.1121],[135.0941,34.1116],[135.0943,34.1111],[135.095,34.1101],[135.0949,34.1096],[135.0949,34.109],[135.0951,34.1085],[135.0954,34.108],[135.0958,34.1076],[135.0981,34.1061],[135.0987,34.1058],[135.0994,34.1056],[135.1001,34.1056],[135.1026,34.1061]]],[[[135.1245,34.0215],[135.1225,34.0222],[135.122,34.0223],[135.1214,34.0223],[135.1208,34.0223],[135.1203,34.0222],[135.1171,34.0207],[135.1166,34.0204],[135.1161,34.02],[135.1158,34.0196],[135.1156,34.019],[135.1155,34.0185],[135.1155,34.018],[135.1157,34.0175],[135.116,34.017],[135.1164,34.0165],[135.1191,34.0149],[135.1193,34.0146],[135.1195,34.0141],[135.1199,34.0137],[135.1203,34.0134],[135.1209,34.0131],[135.1214,34.0129],[135.122,34.0128],[135.1226,34.0128],[135.1259,34.0136],[135.1265,34.0138],[135.1271,34.0141],[135.1275,34.0145],[135.1279,34.0149],[135.1281,34.0154],[135.1285,34.0181],[135.1285,34.0186],[135.1284,34.0191],[135.1281,34.0196],[135.1278,34.02],[135.1274,34.0204],[135.127,34.0207],[135.1245,34.0215]]],[[[135.0716,33.9524],[135.0711,33.9521],[135.0706,33.9517],[135.0702,33.9512],[135.07,33.9506],[135.0698,33.9474],[135.0699,33.9469],[135.0701,33.9464],[135.0703,33.9459],[135.0707,33.9455],[135.0712,33.9452],[135.0717,33.9449],[135.0723,33.9447],[135.0729,33.9446],[135.0735,33.9447],[135.0766,33.9454],[135.0771,33.9456],[135.0776,33.9459],[135.078,33.9462],[135.0784,33.9466],[135.0793,33.9486],[135.0794,33.9491],[135.0795,33.9497],[135.0793,33.9502],[135.0791,33.9508],[135.0787,33.9512],[135.0762,33.9529],[135.0756,33.9531],[135.075,33.9533],[135.0744,33.9534],[135.0738,33.9534],[135.0732,33.9533],[135.0726,33.9531],[135.0716,33.9524]]],[[[135.09,33.9994],[135.0911,33.9992],[135.0918,33.9992],[135.0924,33.9993],[135.0931,33.9995],[135.0936,33.9997],[135.0941,34.0001],[135.0944,34.0004],[135.0958,34.0006],[135.0993,34.0002],[135.0999,34.0001],[135.1005,34.0002],[135.101,34.0003],[135.1041,34.0018],[135.1046,34.0021],[135.105,34.0025],[135.1054,34.0029],[135.1056,34.0034],[135.1057,34.004],[135.1057,34.0045],[135.1055,34.005],[135.1046,34.0063],[135.1043,34.0067],[135.1038,34.0071],[135.1033,34.0074],[135.0999,34.0083],[135.0992,34.0084],[135.0981,34.0083],[135.098,34.0086],[135.0977,34.009],[135.0974,34.0094],[135.0969,34.0097],[135.0964,34.01],[135.0945,34.0105],[135.0939,34.0105],[135.0933,34.0105],[135.0927,34.0104],[135.0921,34.0102],[135.0908,34.0094],[135.09,34.0089],[135.0895,34.0085],[135.0892,34.0081],[135.0889,34.0077],[135.0886,34.0059],[135.0883,34.0058],[135.0878,34.0056],[135.0874,34.0052],[135.087,34.0048],[135.0863,34.0031],[135.0861,34.0026],[135.0861,34.0021],[135.0862,34.0016],[135.0864,34.0011],[135.0867,34.0006],[135.0871,34.0002],[135.0876,33.9999],[135.0882,33.9997],[135.09,33.9994]]],[[[135.311,33.7498],[135.3119,33.7486],[135.3123,33.7482],[135.3127,33.7478],[135.3133,33.7476],[135.3139,33.7474],[135.3145,33.7473],[135.3151,33.7473],[135.3172,33.7479],[135.3178,33.7481],[135.3183,33.7484],[135.3187,33.7488],[135.3191,33.7492],[135.3193,33.7497],[135.3194,33.7503],[135.3194,33.7508],[135.3184,33.7532],[135.3182,33.7537],[135.3178,33.7542],[135.3173,33.7545],[135.3167,33.7548],[135.3161,33.755],[135.313,33.7551],[135.3124,33.7551],[135.3118,33.7549],[135.3112,33.7547],[135.3107,33.7544],[135.3103,33.754],[135.31,33.7535],[135.3098,33.753],[135.3097,33.7525],[135.3098,33.752],[135.3099,33.7515],[135.311,33.7498]]]]},"properties":{"prefectureName":"和歌山県","prefectureCode":"30"}}
]}