{"type":"FeatureCollection", "features": [
{"type":"Feature","geometry":{"type":"Polygon","coordinates":[[[136.4833,35.1758],[136.4823,35.1775],[136.4787,35.1823],[136.474,35.1863],[136.469,35.1891],[136.4689,35.1893],[136.4645,35.1927],[136.4594,35.1955],[136.4586,35.1957],[136.4564,35.1975],[136.4559,35.1977],[136.4508,35.2021],[136.4508,35.2064],[136.4495,35.2116],[136.4498,35.2139],[136.4494,35.2184],[136.4471,35.2255],[136.4442,35.2308],[136.44,35.2354],[136.4366,35.2378],[136.4326,35.2419],[136.4284,35.245],[136.4265,35.246],[136.427,35.2467],[136.429,35.2516],[136.4299,35.2566],[136.4296,35.2617],[136.4282,35.2666],[136.4278,35.2672],[136.4278,35.2681],[136.4282,35.2695],[136.4283,35.2701],[136.4285,35.271],[136.4286,35.2723],[136.4289,35.2748],[136.4286,35.2765],[136.4287,35.2813],[136.4284,35.2835],[136.43,35.2849],[136.4327,35.2887],[136.4347,35.2908],[136.4379,35.296],[136.4386,35.2988],[136.4388,35.2991],[136.4422,35.3042],[136.4446,35.3099],[136.4448,35.3158],[136.4459,35.3186],[136.4465,35.3233],[136.4464,35.3251],[136.4465,35.3253],[136.447,35.3269],[136.4479,35.328],[136.4504,35.3329],[136.4507,35.3348],[136.4527,35.3378],[136.4546,35.3425],[136.4553,35.3474],[136.455,35.3524],[136.4544,35.3541],[136.4545,35.3545],[136.4542,35.3562],[136.4551,35.3566],[136.4608,35.3606],[136.4648,35.3653],[136.4682,35.3684],[136.4738,35.3767],[136.4759,35.3812],[136.4772,35.3869],[136.4771,35.3923],[136.4758,35.3976],[136.4732,35.4026],[136.47,35.4064],[136.4686,35.4086],[136.4646,35.4127],[136.4617,35.4147],[136.461,35.4154],[136.456,35.4191],[136.4534,35.4203],[136.4514,35.423],[136.4519,35.4267],[136.4534,35.4289],[136.4554,35.4337],[136.4558,35.4364],[136.4565,35.4373],[136.4586,35.4429],[136.4592,35.4488],[136.4567,35.4598],[136.4545,35.4648],[136.4537,35.4659],[136.4531,35.4704],[136.4513,35.4757],[136.4483,35.4807],[136.4427,35.4862],[136.4379,35.4895],[136.4325,35.4921],[136.4279,35.4933],[136.4297,35.495],[136.4307,35.4957],[136.4345,35.5002],[136.4372,35.5052],[136.4386,35.5105],[136.4386,35.516],[136.4361,35.5246],[136.4347,35.5271],[136.4347,35.5272],[136.4347,35.5289],[136.4344,35.5301],[136.4342,35.5311],[136.4338,35.5323],[136.4334,35.5337],[136.433,35.5345],[136.4329,35.5353],[136.4325,35.5364],[136.4322,35.5375],[136.4315,35.5389],[136.431,35.5404],[136.4303,35.5414],[136.4298,35.5425],[136.4288,35.5437],[136.4279,35.5451],[136.427,35.546],[136.4262,35.547],[136.4253,35.5477],[136.4238,35.5491],[136.4207,35.5512],[136.4188,35.5527],[136.4138,35.5555],[136.4108,35.5566],[136.4076,35.5607],[136.4054,35.5668],[136.4033,35.5713],[136.4002,35.5754],[136.3962,35.5791],[136.3915,35.582],[136.3851,35.5847],[136.3783,35.5863],[136.3712,35.5867],[136.3699,35.5866],[136.3686,35.5868],[136.3619,35.5867],[136.3573,35.5859],[136.3569,35.5898],[136.3557,35.5933],[136.3558,35.5949],[136.3548,35.5999],[136.3546,35.6004],[136.3544,35.6026],[136.3535,35.6048],[136.354,35.6057],[136.356,35.6104],[136.3568,35.6154],[136.3565,35.6204],[136.355,35.6253],[136.3525,35.6298],[136.3439,35.6388],[136.3394,35.6424],[136.3383,35.643],[136.3339,35.6459],[136.3282,35.6483],[136.3219,35.6498],[136.3155,35.6503],[136.3149,35.6503],[136.3132,35.6557],[136.3131,35.656],[136.3131,35.6561],[136.3137,35.661],[136.3132,35.6659],[136.3117,35.6706],[136.3091,35.675],[136.3056,35.679],[136.295,35.6864],[136.2933,35.6873],[136.2899,35.6899],[136.2758,35.6965],[136.2708,35.6974],[136.2706,35.6976],[136.2652,35.7003],[136.2593,35.7022],[136.2562,35.7027],[136.2545,35.7039],[136.2492,35.7066],[136.2434,35.7084],[136.234,35.7095],[136.231,35.7095],[136.2268,35.7106],[136.2252,35.7108],[136.2237,35.7113],[136.2229,35.7127],[136.2195,35.7171],[136.2174,35.7189],[136.2172,35.7192],[136.2129,35.7228],[136.208,35.7256],[136.2025,35.7277],[136.1966,35.729],[136.1964,35.729],[136.1905,35.7303],[136.1806,35.7304],[136.1795,35.7303],[136.1763,35.7307],[136.1702,35.7305],[136.165,35.7295],[136.1609,35.729],[136.1544,35.7272],[136.1531,35.727],[136.1503,35.7268],[136.1498,35.7267],[136.1492,35.7266],[136.1468,35.7259],[136.1441,35.7253],[136.1435,35.725],[136.143,35.7249],[136.1418,35.7243],[136.1409,35.7239],[136.1387,35.7233],[136.1384,35.7232],[136.1381,35.7232],[136.135,35.7218],[136.1329,35.7208],[136.1328,35.7207],[136.1326,35.7207],[136.1295,35.7186],[136.1279,35.7175],[136.1278,35.7174],[136.1277,35.7174],[136.1241,35.7137],[136.1238,35.7134],[136.1237,35.7134],[136.1207,35.7087],[136.1203,35.7076],[136.1192,35.7058],[136.1171,35.7001],[136.1171,35.6997],[136.1168,35.6994],[136.1164,35.6985],[136.1159,35.698],[136.1157,35.6977],[136.1154,35.6974],[136.1135,35.6944],[136.1115,35.6923],[136.1087,35.6878],[136.1086,35.6874],[136.1082,35.6869],[136.1074,35.6853],[136.1059,35.6835],[136.1034,35.6792],[136.1019,35.6747],[136.1013,35.67],[136.1023,35.663],[136.1038,35.6584],[136.1062,35.6541],[136.1121,35.6478],[136.1165,35.6442],[136.1193,35.6427],[136.1201,35.6397],[136.1226,35.6357],[136.1229,35.6345],[136.1256,35.6303],[136.1255,35.6296],[136.1264,35.6238],[136.127,35.6226],[136.1277,35.6186],[136.13,35.6136],[136.1333,35.6091],[136.1351,35.6075],[136.1373,35.6043],[136.1385,35.6033],[136.1386,35.6031],[136.1387,35.6027],[136.1386,35.6027],[136.1379,35.6027],[136.1331,35.6057],[136.1274,35.608],[136.1213,35.6094],[136.1149,35.6098],[136.1086,35.6092],[136.1001,35.6068],[136.0938,35.604],[136.0884,35.6001],[136.0842,35.5953],[136.0793,35.5844],[136.0791,35.5816],[136.0766,35.5771],[136.0752,35.5722],[136.0748,35.5671],[136.0749,35.5666],[136.0746,35.5666],[136.0689,35.5649],[136.061,35.5607],[136.0602,35.5601],[136.0589,35.5602],[136.0537,35.5611],[136.0472,35.5615],[136.0407,35.5608],[136.0346,35.559],[136.0325,35.558],[136.0263,35.5564],[136.026,35.5564],[136.0245,35.5564],[136.0181,35.5556],[136.0121,35.5537],[136.0066,35.551],[136.0018,35.5474],[135.998,35.5431],[135.9953,35.5383],[135.9938,35.5321],[135.9918,35.5307],[135.988,35.5267],[135.9869,35.525],[135.9863,35.5254],[135.9794,35.528],[135.9784,35.5292],[135.978,35.53],[135.9747,35.5352],[135.9692,35.5405],[135.9644,35.5437],[135.959,35.546],[135.9531,35.5476],[135.9393,35.5484],[135.9311,35.5466],[135.9254,35.5449],[135.9201,35.5423],[135.9156,35.539],[135.9118,35.5351],[135.9086,35.5298],[135.9084,35.5295],[135.9083,35.5294],[135.9083,35.5293],[135.9074,35.5269],[135.9065,35.5244],[135.9065,35.5243],[135.9064,35.5239],[135.9062,35.5224],[135.9051,35.5191],[135.905,35.5177],[135.9047,35.5167],[135.9047,35.516],[135.9047,35.5157],[135.9034,35.5141],[135.9013,35.5095],[135.9012,35.5088],[135.9005,35.5082],[135.8996,35.5075],[135.8986,35.5062],[135.8973,35.5049],[135.8966,35.5038],[135.8958,35.5029],[135.8953,35.502],[135.8942,35.5003],[135.8939,35.4994],[135.8936,35.499],[135.8925,35.4976],[135.8922,35.4969],[135.8917,35.4961],[135.8909,35.4939],[135.8901,35.4922],[135.8901,35.4917],[135.8898,35.4911],[135.8895,35.4884],[135.8892,35.4867],[135.8883,35.4855],[135.888,35.4847],[135.8861,35.4821],[135.8839,35.4772],[135.883,35.4721],[135.8832,35.4671],[135.8829,35.466],[135.8821,35.4616],[135.8802,35.4591],[135.878,35.4539],[135.8771,35.4484],[135.8773,35.4464],[135.8741,35.4431],[135.8736,35.4423],[135.8729,35.4416],[135.8714,35.4406],[135.8697,35.4389],[135.868,35.4375],[135.866,35.4352],[135.8629,35.4363],[135.8591,35.437],[135.8582,35.4375],[135.8575,35.4377],[135.8568,35.438],[135.854,35.4387],[135.8518,35.4393],[135.8513,35.4393],[135.8506,35.4395],[135.8488,35.4397],[135.8465,35.4403],[135.8457,35.4405],[135.8448,35.4407],[135.8425,35.4408],[135.8401,35.4411],[135.8392,35.4411],[135.8384,35.4412],[135.8361,35.441],[135.8337,35.4409],[135.8334,35.4409],[135.825,35.4416],[135.8172,35.441],[135.8138,35.4398],[135.8098,35.4398],[135.8037,35.4388],[135.7979,35.4368],[135.7926,35.4341],[135.7881,35.4305],[135.782,35.4228],[135.7797,35.4188],[135.7783,35.4146],[135.778,35.4114],[135.7775,35.4113],[135.7715,35.4084],[135.7663,35.4046],[135.7622,35.4001],[135.7596,35.3951],[135.7594,35.395],[135.7567,35.3933],[135.7526,35.3896],[135.7496,35.3855],[135.7494,35.3852],[135.7472,35.3805],[135.7472,35.3803],[135.7466,35.3797],[135.7465,35.3795],[135.7463,35.3793],[135.7455,35.378],[135.7452,35.3777],[135.7426,35.3749],[135.7417,35.3736],[135.7409,35.3726],[135.7406,35.3719],[135.7395,35.3703],[135.7377,35.3652],[135.7376,35.3647],[135.7368,35.3629],[135.7367,35.3624],[135.7358,35.3611],[135.735,35.3592],[135.7328,35.3551],[135.7313,35.3504],[135.731,35.3438],[135.7318,35.3389],[135.7336,35.3342],[135.7364,35.3298],[135.7402,35.3259],[135.7447,35.3227],[135.7513,35.3197],[135.7567,35.3181],[135.758,35.3161],[135.7603,35.3137],[135.7604,35.3135],[135.7613,35.3121],[135.7623,35.3103],[135.7629,35.3096],[135.7634,35.3088],[135.7646,35.3077],[135.7658,35.3062],[135.7668,35.3055],[135.7675,35.3047],[135.7688,35.3039],[135.7702,35.3028],[135.7711,35.3023],[135.7725,35.3014],[135.7736,35.3009],[135.7738,35.3007],[135.7747,35.3002],[135.7768,35.2988],[135.7808,35.2971],[135.7827,35.2939],[135.7837,35.2929],[135.7849,35.2902],[135.7878,35.286],[135.7888,35.2823],[135.7933,35.2756],[135.7933,35.2755],[135.7936,35.2743],[135.7943,35.2727],[135.7948,35.2714],[135.7953,35.2706],[135.7958,35.2697],[135.797,35.2681],[135.7979,35.2667],[135.7984,35.2662],[135.7989,35.2655],[135.8001,35.2645],[135.8003,35.2643],[135.8008,35.2636],[135.8022,35.2618],[135.8035,35.2604],[135.8047,35.2591],[135.8055,35.2585],[135.8063,35.2577],[135.8078,35.2566],[135.8064,35.2551],[135.8037,35.2504],[135.8022,35.2454],[135.8018,35.2403],[135.8026,35.2361],[135.8004,35.2335],[135.7979,35.2286],[135.7965,35.2235],[135.7965,35.2182],[135.7969,35.2163],[135.7968,35.2157],[135.7975,35.2108],[135.7983,35.2084],[135.7984,35.2068],[135.8001,35.2013],[135.8031,35.1962],[135.8033,35.1959],[135.8039,35.1939],[135.8049,35.1922],[135.8055,35.1893],[135.8075,35.1851],[135.8074,35.1848],[135.808,35.1762],[135.8094,35.1714],[135.8098,35.1707],[135.81,35.1687],[135.8121,35.1634],[135.8127,35.1608],[135.8131,35.1601],[135.8132,35.1597],[135.8132,35.1594],[135.8139,35.1578],[135.8149,35.155],[135.8153,35.1545],[135.8155,35.1539],[135.8156,35.1539],[135.8157,35.1534],[135.8161,35.1528],[135.8164,35.1521],[135.8175,35.1503],[135.8162,35.1465],[135.8158,35.1417],[135.8163,35.1368],[135.8171,35.1347],[135.8175,35.1325],[135.8166,35.1279],[135.8158,35.1269],[135.8152,35.1257],[135.8145,35.1246],[135.8141,35.1235],[135.8134,35.1222],[135.8132,35.1211],[135.813,35.1205],[135.8128,35.1202],[135.8123,35.1189],[135.8115,35.1169],[135.8112,35.116],[135.8109,35.1152],[135.8108,35.1139],[135.8105,35.1123],[135.8091,35.1106],[135.8065,35.1055],[135.8062,35.104],[135.8044,35.1013],[135.8027,35.0963],[135.8021,35.0911],[135.8028,35.086],[135.8032,35.0848],[135.8029,35.0842],[135.8025,35.0837],[135.8015,35.0818],[135.8009,35.0802],[135.8002,35.0788],[135.8,35.0777],[135.7996,35.0767],[135.7994,35.0751],[135.7991,35.0736],[135.7991,35.0725],[135.799,35.0715],[135.7991,35.0705],[135.7969,35.0694],[135.7919,35.0658],[135.7878,35.0614],[135.7838,35.054],[135.7823,35.0492],[135.7819,35.0443],[135.7825,35.0394],[135.7829,35.0383],[135.7831,35.0372],[135.7849,35.032],[135.7897,35.0251],[135.7905,35.0243],[135.7887,35.0207],[135.7875,35.0156],[135.7875,35.0104],[135.7887,35.0054],[135.791,35.0005],[135.7945,34.9962],[135.7951,34.9957],[135.795,34.9956],[135.7946,34.9901],[135.7955,34.9847],[135.7978,34.9795],[135.8013,34.9748],[135.806,34.9707],[135.8115,34.9676],[135.8177,34.9654],[135.8204,34.9651],[135.8211,34.9629],[135.8236,34.9582],[135.8271,34.954],[135.8281,34.9532],[135.8287,34.9522],[135.8288,34.9522],[135.8325,34.9484],[135.8327,34.9481],[135.8337,34.9471],[135.8359,34.9438],[135.8408,34.9388],[135.8416,34.9382],[135.8407,34.937],[135.8386,34.9316],[135.8383,34.9294],[135.8377,34.9284],[135.8364,34.9234],[135.8365,34.9195],[135.8335,34.9154],[135.8314,34.9108],[135.8304,34.906],[135.8306,34.9],[135.8316,34.8955],[135.8335,34.8911],[135.8339,34.8906],[135.8339,34.8902],[135.835,34.8848],[135.8375,34.8797],[135.8412,34.8751],[135.846,34.8712],[135.8491,34.8696],[135.8508,34.8684],[135.8525,34.8674],[135.8531,34.8668],[135.8544,34.866],[135.8547,34.8652],[135.8576,34.8608],[135.8615,34.8568],[135.8662,34.8536],[135.8715,34.8511],[135.8773,34.8494],[135.8784,34.8493],[135.8793,34.8488],[135.8855,34.8462],[135.8922,34.8447],[135.9015,34.8445],[135.9072,34.8452],[135.9126,34.8466],[135.9139,34.8472],[135.9139,34.8469],[135.9156,34.842],[135.9183,34.8375],[135.9221,34.8335],[135.9267,34.8301],[135.932,34.8275],[135.9377,34.8257],[135.9431,34.8252],[135.9438,34.824],[135.9478,34.8198],[135.9528,34.8163],[135.9585,34.8137],[135.9648,34.8121],[135.9782,34.8116],[135.9796,34.8099],[135.9799,34.8096],[135.9791,34.8079],[135.9777,34.8032],[135.9775,34.7983],[135.9794,34.7897],[135.9816,34.7845],[135.985,34.7797],[135.9896,34.7756],[135.9951,34.7724],[136.0011,34.7702],[136.0041,34.7685],[136.0135,34.7656],[136.0156,34.7653],[136.0174,34.7647],[136.0233,34.7638],[136.031,34.7638],[136.0374,34.7648],[136.0434,34.7667],[136.0451,34.7677],[136.0487,34.7683],[136.055,34.7707],[136.0586,34.7728],[136.0592,34.7729],[136.0597,34.7731],[136.066,34.773],[136.0668,34.7732],[136.0728,34.7742],[136.079,34.7765],[136.0824,34.7785],[136.0876,34.7801],[136.0915,34.7821],[136.0927,34.7823],[136.099,34.7848],[136.1029,34.7873],[136.107,34.7889],[136.1119,34.7917],[136.1161,34.7952],[136.1194,34.7993],[136.1211,34.8026],[136.1216,34.8031],[136.1249,34.8077],[136.1271,34.8128],[136.128,34.8181],[136.1277,34.8218],[136.1295,34.8232],[136.1333,34.8277],[136.1336,34.8285],[136.1374,34.8342],[136.1375,34.8346],[136.1376,34.8347],[136.142,34.8381],[136.1421,34.8381],[136.1424,34.8383],[136.1478,34.8416],[136.1522,34.8454],[136.1557,34.8498],[136.158,34.8547],[136.1584,34.8565],[136.1615,34.8575],[136.1644,34.8555],[136.1668,34.8545],[136.1698,34.8521],[136.1775,34.8484],[136.1796,34.8477],[136.1828,34.846],[136.1883,34.8441],[136.1893,34.844],[136.1943,34.8424],[136.1971,34.842],[136.203,34.8405],[136.2058,34.8391],[136.212,34.8372],[136.2125,34.8372],[136.2143,34.8364],[136.2209,34.8346],[136.2273,34.8341],[136.2406,34.8322],[136.2407,34.8322],[136.2431,34.8315],[136.25,34.8308],[136.2605,34.8318],[136.2605,34.8319],[136.2612,34.832],[136.2662,34.8332],[136.2664,34.8333],[136.2667,34.8334],[136.2684,34.8341],[136.2715,34.8354],[136.2719,34.8357],[136.2724,34.8359],[136.2739,34.8369],[136.2748,34.8375],[136.2813,34.8399],[136.2863,34.8421],[136.2872,34.8427],[136.292,34.8427],[136.2978,34.8436],[136.3114,34.8485],[136.3125,34.8491],[136.3166,34.85],[136.3223,34.8523],[136.3307,34.8581],[136.3326,34.8591],[136.3371,34.8624],[136.3382,34.8636],[136.3391,34.8638],[136.345,34.8665],[136.3469,34.8679],[136.3492,34.8679],[136.3555,34.8689],[136.3615,34.8709],[136.3689,34.8754],[136.3713,34.8761],[136.3764,34.8785],[136.3786,34.8801],[136.3793,34.8803],[136.3849,34.8829],[136.3899,34.8864],[136.3939,34.8906],[136.3968,34.8954],[136.3985,34.9005],[136.3986,34.9046],[136.4001,34.9077],[136.4027,34.9108],[136.4052,34.9155],[136.4065,34.9206],[136.4066,34.9264],[136.409,34.9271],[136.4141,34.9296],[136.4186,34.9328],[136.4223,34.9366],[136.4266,34.944],[136.4283,34.9483],[136.4297,34.9504],[136.4325,34.954],[136.4334,34.9558],[136.4344,34.9567],[136.4351,34.9577],[136.4375,34.9595],[136.4432,34.9658],[136.4432,34.9659],[136.444,34.967],[136.4463,34.9705],[136.4463,34.9706],[136.447,34.9725],[136.4481,34.9755],[136.4481,34.9757],[136.4482,34.9758],[136.4484,34.9779],[136.4488,34.9808],[136.4487,34.981],[136.4488,34.9811],[136.4487,34.9817],[136.4485,34.9834],[136.4487,34.9852],[136.451,34.9884],[136.4532,34.9934],[136.4542,34.9987],[136.4536,35.006],[136.4527,35.0088],[136.4526,35.0091],[136.4519,35.0116],[136.4534,35.0156],[136.4538,35.0189],[136.4539,35.0192],[136.4554,35.0222],[136.4566,35.0275],[136.4565,35.033],[136.4551,35.0383],[136.4547,35.039],[136.4577,35.0413],[136.4579,35.0414],[136.4632,35.0447],[136.4676,35.0487],[136.471,35.0534],[136.4737,35.0607],[136.4745,35.0656],[136.4736,35.0741],[136.4732,35.0754],[136.4732,35.0763],[136.473,35.0772],[136.4744,35.0809],[136.475,35.0864],[136.4743,35.0919],[136.4734,35.0938],[136.4735,35.0939],[136.4747,35.099],[136.4747,35.1034],[136.4748,35.1037],[136.4747,35.1053],[136.4754,35.109],[136.4777,35.1122],[136.48,35.1174],[136.4809,35.1229],[136.4805,35.1283],[136.4787,35.1337],[136.4786,35.1338],[136.4817,35.1366],[136.4849,35.1412],[136.4871,35.1461],[136.4879,35.1513],[136.4871,35.1574],[136.4874,35.1585],[136.4874,35.1649],[136.4863,35.1696],[136.4833,35.1758]]]},"properties":{"prefectureName":"滋賀県","prefectureCode":"25"}},
{"type":"Feature","geometry":{"type":"MultiPolygon","coordinates":[[[[136.0668,34.7732],[136.0669,34.7742],[136.0668,34.7756],[136.0668,34.7771],[136.0665,34.7783],[136.0664,34.7787],[136.0664,34.7799],[136.0658,34.7847],[136.0656,34.7851],[136.0656,34.7855],[136.0648,34.7872],[136.0639,34.7897],[136.0636,34.7903],[136.0633,34.7908],[136.0622,34.7923],[136.0609,34.7944],[136.0603,34.795],[136.0598,34.7956],[136.0584,34.7969],[136.0568,34.7985],[136.0559,34.7991],[136.0552,34.7997],[136.0544,34.8001],[136.0578,34.8044],[136.0602,34.809],[136.0616,34.8139],[136.0618,34.8189],[136.0596,34.8282],[136.0574,34.8333],[136.054,34.838],[136.0495,34.8419],[136.0425,34.8458],[136.0394,34.8486],[136.0369,34.85],[136.0363,34.852],[136.0338,34.8565],[136.029,34.8618],[136.0243,34.8655],[136.0189,34.8684],[136.0096,34.871],[136.0037,34.8719],[135.9978,34.8719],[135.9889,34.8704],[135.9882,34.8701],[135.9871,34.8714],[135.9824,34.8754],[135.9769,34.8784],[135.9763,34.8786],[135.9761,34.8792],[135.976,34.8802],[135.9758,34.8806],[135.9757,34.8813],[135.9755,34.8834],[135.9751,34.8843],[135.975,34.8851],[135.9743,34.8866],[135.9736,34.8885],[135.9733,34.8889],[135.9729,34.8911],[135.9731,34.8936],[135.9722,34.8986],[135.9702,34.9035],[135.9671,34.9079],[135.963,34.9118],[135.9567,34.9157],[135.9512,34.9181],[135.9453,34.9196],[135.9391,34.9201],[135.9329,34.9196],[135.9269,34.9182],[135.9185,34.9144],[135.9159,34.9128],[135.9136,34.912],[135.9116,34.911],[135.9098,34.9107],[135.9084,34.9102],[135.9079,34.9102],[135.9037,34.9093],[135.904,34.915],[135.9039,34.9163],[135.9062,34.9183],[135.9094,34.9226],[135.9116,34.9274],[135.9127,34.9323],[135.9126,34.9374],[135.9114,34.9423],[135.9111,34.9428],[135.9116,34.9461],[135.9111,34.9517],[135.9092,34.957],[135.9075,34.9595],[135.9073,34.9604],[135.9053,34.9649],[135.9024,34.9691],[135.8966,34.9744],[135.8917,34.9777],[135.8893,34.9788],[135.8896,34.983],[135.889,34.9877],[135.8874,34.9921],[135.8833,34.9986],[135.8793,35.0029],[135.8788,35.0033],[135.8773,35.0059],[135.8735,35.0099],[135.8689,35.0133],[135.8688,35.0134],[135.8689,35.014],[135.8688,35.0142],[135.8689,35.0144],[135.8687,35.0156],[135.8685,35.0186],[135.8683,35.0191],[135.8682,35.0197],[135.8677,35.0213],[135.8674,35.0236],[135.8672,35.0242],[135.8671,35.0259],[135.8655,35.0311],[135.8627,35.036],[135.8607,35.0382],[135.8616,35.0395],[135.8626,35.0408],[135.8631,35.0417],[135.8636,35.0425],[135.864,35.043],[135.8642,35.0437],[135.8653,35.0452],[135.8671,35.0503],[135.8673,35.0516],[135.8689,35.0558],[135.8688,35.0628],[135.8682,35.0671],[135.8681,35.0676],[135.8684,35.0681],[135.8685,35.0684],[135.8687,35.0688],[135.87,35.072],[135.8705,35.0735],[135.8705,35.0736],[135.8706,35.0738],[135.8711,35.0776],[135.8711,35.0778],[135.8721,35.0809],[135.8723,35.0825],[135.8726,35.0838],[135.8726,35.0848],[135.8728,35.0861],[135.8725,35.0884],[135.8725,35.0899],[135.8723,35.0904],[135.8744,35.0945],[135.8755,35.1003],[135.8784,35.1052],[135.8791,35.1085],[135.8794,35.1089],[135.8802,35.1102],[135.8805,35.1108],[135.8808,35.1114],[135.8816,35.1139],[135.8821,35.1153],[135.8822,35.1156],[135.8823,35.116],[135.8825,35.118],[135.883,35.1224],[135.8841,35.1244],[135.885,35.1312],[135.8851,35.1365],[135.8845,35.1391],[135.8873,35.1434],[135.889,35.1481],[135.8899,35.1595],[135.8883,35.1652],[135.8865,35.17],[135.8836,35.1744],[135.8797,35.1783],[135.8759,35.181],[135.8753,35.1847],[135.8751,35.1854],[135.8752,35.186],[135.8746,35.1933],[135.8734,35.1978],[135.8713,35.2021],[135.8692,35.2048],[135.8684,35.208],[135.8682,35.2099],[135.867,35.2142],[135.869,35.2183],[135.8705,35.2261],[135.8707,35.2307],[135.8705,35.2315],[135.8709,35.2344],[135.8709,35.2348],[135.8718,35.2371],[135.874,35.2404],[135.8761,35.2454],[135.8763,35.2464],[135.8772,35.248],[135.8787,35.253],[135.8787,35.2532],[135.8826,35.2573],[135.8854,35.2616],[135.8866,35.2645],[135.8879,35.2661],[135.8901,35.2709],[135.8913,35.2726],[135.8913,35.2729],[135.8915,35.2731],[135.8922,35.2753],[135.8931,35.2777],[135.8932,35.2779],[135.8932,35.2782],[135.8935,35.2805],[135.8938,35.283],[135.8937,35.2832],[135.8938,35.2834],[135.8934,35.2858],[135.8931,35.2882],[135.893,35.2885],[135.893,35.2887],[135.8927,35.2894],[135.8913,35.2933],[135.891,35.2938],[135.8909,35.294],[135.8908,35.2945],[135.8906,35.2951],[135.8905,35.2958],[135.8897,35.2975],[135.8889,35.2995],[135.8885,35.3002],[135.8882,35.301],[135.887,35.3024],[135.8859,35.3042],[135.8852,35.3049],[135.8846,35.3057],[135.8832,35.3068],[135.8818,35.3083],[135.8808,35.3089],[135.88,35.3097],[135.8784,35.3105],[135.8768,35.3116],[135.8755,35.3122],[135.8744,35.3128],[135.8728,35.3134],[135.8711,35.3141],[135.8696,35.3145],[135.8682,35.315],[135.8666,35.3152],[135.8649,35.3157],[135.8631,35.3158],[135.8616,35.3161],[135.8601,35.316],[135.8584,35.3162],[135.8566,35.316],[135.8548,35.316],[135.8538,35.3158],[135.852,35.3157],[135.8469,35.3144],[135.8454,35.3161],[135.8439,35.3191],[135.8431,35.3202],[135.8421,35.3231],[135.8371,35.3308],[135.8329,35.3353],[135.8276,35.339],[135.8215,35.3417],[135.8179,35.3426],[135.8142,35.3466],[135.8138,35.3469],[135.8135,35.3477],[135.8085,35.3552],[135.8042,35.3596],[135.8016,35.3613],[135.8013,35.3625],[135.7979,35.3688],[135.7941,35.3733],[135.7894,35.3771],[135.7838,35.38],[135.7776,35.382],[135.771,35.3829],[135.7705,35.383],[135.7642,35.3835],[135.7595,35.3831],[135.7553,35.3843],[135.7496,35.3855],[135.7495,35.3855],[135.7435,35.3859],[135.7335,35.3847],[135.727,35.383],[135.7245,35.3818],[135.7184,35.3822],[135.7119,35.3816],[135.7057,35.38],[135.7052,35.3798],[135.7041,35.3796],[135.6958,35.3762],[135.6934,35.3747],[135.6925,35.3753],[135.6923,35.3755],[135.6876,35.3789],[135.6822,35.3815],[135.6763,35.3832],[135.6701,35.384],[135.6688,35.3839],[135.6685,35.384],[135.6637,35.3873],[135.6582,35.3904],[135.6521,35.3925],[135.6456,35.3935],[135.6391,35.3935],[135.6379,35.3942],[135.6317,35.396],[135.6268,35.3966],[135.6264,35.3967],[135.6234,35.397],[135.6198,35.3977],[135.6138,35.398],[135.6134,35.3979],[135.6122,35.398],[135.6121,35.398],[135.6109,35.3982],[135.6098,35.3985],[135.6081,35.3986],[135.6062,35.3989],[135.6047,35.3989],[135.6034,35.399],[135.6021,35.3989],[135.5983,35.3995],[135.5927,35.3995],[135.5892,35.4007],[135.5795,35.402],[135.5784,35.402],[135.5746,35.4033],[135.5686,35.4044],[135.5625,35.4046],[135.5631,35.4098],[135.5625,35.4148],[135.5609,35.4196],[135.5599,35.4214],[135.5599,35.4215],[135.5587,35.4261],[135.5554,35.4325],[135.5523,35.4366],[135.5478,35.4404],[135.5473,35.4409],[135.547,35.4411],[135.5465,35.4416],[135.5449,35.4425],[135.5423,35.4442],[135.5413,35.4447],[135.5406,35.4451],[135.5389,35.4457],[135.5366,35.4467],[135.5353,35.447],[135.535,35.4471],[135.5335,35.4478],[135.5324,35.4481],[135.5312,35.4485],[135.5291,35.4489],[135.5273,35.4493],[135.5261,35.4515],[135.5216,35.4562],[135.5162,35.4597],[135.5159,35.4603],[135.5123,35.465],[135.5076,35.4691],[135.5019,35.4723],[135.5015,35.4724],[135.5028,35.4736],[135.5061,35.4779],[135.5083,35.4826],[135.5093,35.4876],[135.5089,35.495],[135.508,35.4982],[135.5085,35.4994],[135.5093,35.5047],[135.5089,35.51],[135.5072,35.5151],[135.5042,35.5198],[135.4971,35.5268],[135.4924,35.5301],[135.4914,35.5306],[135.4936,35.5311],[135.4992,35.533],[135.5043,35.5357],[135.5087,35.5391],[135.5123,35.5431],[135.5149,35.5475],[135.5166,35.5533],[135.5171,35.5588],[135.5161,35.5643],[135.5142,35.5687],[135.5135,35.5728],[135.5109,35.5787],[135.5097,35.5805],[135.5105,35.5816],[135.5144,35.5924],[135.5141,35.5978],[135.5143,35.5986],[135.5143,35.6042],[135.512,35.6121],[135.5092,35.6172],[135.5052,35.6217],[135.5002,35.6255],[135.4922,35.6291],[135.486,35.6309],[135.4795,35.6316],[135.4729,35.6312],[135.4683,35.6302],[135.4672,35.6303],[135.4651,35.6306],[135.4639,35.6306],[135.4627,35.6307],[135.4608,35.6305],[135.4588,35.6305],[135.4575,35.6303],[135.4563,35.6302],[135.4545,35.6297],[135.4526,35.6294],[135.4513,35.6289],[135.45,35.6286],[135.4485,35.6279],[135.4467,35.6273],[135.4459,35.6268],[135.4452,35.6265],[135.4429,35.6258],[135.4407,35.6247],[135.4353,35.623],[135.4294,35.6199],[135.4255,35.6167],[135.4217,35.6157],[135.4161,35.6134],[135.4111,35.6102],[135.407,35.6063],[135.4039,35.6019],[135.4025,35.5984],[135.3993,35.5953],[135.3985,35.594],[135.3945,35.5924],[135.3898,35.5896],[135.3881,35.588],[135.3878,35.5881],[135.3818,35.5889],[135.3758,35.5888],[135.3699,35.5878],[135.3642,35.586],[135.3591,35.5834],[135.3535,35.5789],[135.3523,35.5777],[135.3494,35.5784],[135.3431,35.5789],[135.3368,35.5784],[135.3308,35.577],[135.3252,35.5747],[135.3176,35.5695],[135.3138,35.566],[135.3091,35.5594],[135.3074,35.5557],[135.308,35.5598],[135.3073,35.5653],[135.3047,35.5719],[135.3018,35.5763],[135.298,35.5802],[135.2971,35.5808],[135.2958,35.5826],[135.291,35.587],[135.2891,35.588],[135.2891,35.5882],[135.2893,35.5889],[135.2895,35.5911],[135.2897,35.5928],[135.2896,35.5934],[135.2897,35.5939],[135.2894,35.5953],[135.2892,35.5966],[135.2892,35.597],[135.2893,35.5985],[135.2891,35.6],[135.289,35.602],[135.2888,35.6029],[135.2887,35.6038],[135.2882,35.6051],[135.2877,35.6068],[135.2871,35.6078],[135.2868,35.6088],[135.286,35.6099],[135.2853,35.6113],[135.2844,35.6124],[135.2837,35.6135],[135.2828,35.6144],[135.2819,35.6154],[135.2809,35.6163],[135.2796,35.6176],[135.2779,35.6187],[135.2796,35.6264],[135.2795,35.6268],[135.2828,35.6336],[135.283,35.6347],[135.2843,35.6342],[135.2905,35.633],[135.2969,35.6329],[135.3073,35.6346],[135.3131,35.6363],[135.3144,35.6369],[135.3191,35.6386],[135.3242,35.6416],[135.3286,35.6452],[135.3327,35.6505],[135.3353,35.6558],[135.3365,35.6614],[135.3362,35.6672],[135.3336,35.6739],[135.3336,35.6741],[135.336,35.6785],[135.3361,35.6787],[135.3369,35.6796],[135.3397,35.6842],[135.3413,35.6891],[135.3418,35.6942],[135.3411,35.6993],[135.339,35.7046],[135.339,35.7047],[135.337,35.7099],[135.3337,35.7146],[135.3294,35.7188],[135.3241,35.7221],[135.3222,35.7228],[135.3221,35.7239],[135.3215,35.7258],[135.3211,35.7296],[135.321,35.7298],[135.3209,35.73],[135.3206,35.7308],[135.3192,35.7346],[135.3183,35.736],[135.3177,35.7373],[135.3141,35.7422],[135.3093,35.7463],[135.3072,35.7475],[135.306,35.7513],[135.3029,35.7562],[135.2987,35.7606],[135.2935,35.7641],[135.2875,35.7667],[135.2868,35.7668],[135.2866,35.7678],[135.2838,35.7726],[135.2799,35.777],[135.2751,35.7806],[135.2694,35.7833],[135.2638,35.7848],[135.2593,35.7881],[135.2564,35.7895],[135.2558,35.7902],[135.2536,35.7919],[135.2509,35.7952],[135.2439,35.8004],[135.238,35.8034],[135.2314,35.8054],[135.2245,35.8061],[135.2151,35.8053],[135.2089,35.8039],[135.2031,35.8015],[135.198,35.7982],[135.1941,35.7942],[135.191,35.7943],[135.1846,35.7934],[135.1784,35.7915],[135.1747,35.7897],[135.172,35.7889],[135.1701,35.788],[135.1697,35.788],[135.1634,35.7867],[135.1576,35.7845],[135.153,35.7818],[135.1495,35.7831],[135.1429,35.7844],[135.136,35.7845],[135.1256,35.7827],[135.1189,35.7804],[135.1129,35.777],[135.1078,35.7721],[135.1055,35.772],[135.0994,35.771],[135.0959,35.7698],[135.0916,35.7698],[135.0852,35.7688],[135.0792,35.7668],[135.0776,35.766],[135.0775,35.766],[135.0708,35.7639],[135.0648,35.7608],[135.0585,35.7553],[135.0552,35.7513],[135.0528,35.7468],[135.0514,35.7413],[135.0477,35.7394],[135.043,35.7359],[135.0393,35.7317],[135.0379,35.7292],[135.0378,35.7292],[135.0307,35.7288],[135.0213,35.7262],[135.0166,35.7242],[135.0109,35.7206],[135.0102,35.7201],[135.0101,35.7201],[135.0094,35.7202],[135.0071,35.7204],[135.005,35.7207],[135.004,35.7207],[135.003,35.7207],[135.0004,35.7205],[134.9982,35.7205],[134.9974,35.7203],[134.9965,35.7202],[134.9938,35.7196],[134.9915,35.7191],[134.9909,35.7189],[134.9905,35.7187],[134.9872,35.7191],[134.9808,35.7187],[134.9746,35.7173],[134.9689,35.715],[134.9615,35.7101],[134.9575,35.7064],[134.9565,35.706],[134.9514,35.7026],[134.9451,35.696],[134.9413,35.6931],[134.9373,35.6888],[134.9362,35.6871],[134.9341,35.6841],[134.9318,35.6788],[134.9318,35.6786],[134.9269,35.6767],[134.9264,35.6763],[134.926,35.6762],[134.9241,35.6759],[134.9233,35.6756],[134.9222,35.6753],[134.9193,35.674],[134.9175,35.6733],[134.9173,35.6732],[134.9149,35.6726],[134.9146,35.6726],[134.9125,35.6725],[134.9085,35.6762],[134.9031,35.6796],[134.9022,35.6799],[134.8992,35.6821],[134.8936,35.685],[134.8874,35.6869],[134.8808,35.6878],[134.8742,35.6876],[134.8694,35.6866],[134.869,35.6866],[134.8631,35.6859],[134.8622,35.6858],[134.8559,35.6839],[134.8522,35.682],[134.8496,35.6809],[134.8447,35.6778],[134.8406,35.674],[134.8374,35.6696],[134.8354,35.6649],[134.8345,35.6638],[134.8341,35.6629],[134.8335,35.662],[134.8328,35.6602],[134.8321,35.6586],[134.8319,35.6578],[134.8316,35.6569],[134.8313,35.6549],[134.831,35.6531],[134.831,35.6524],[134.8309,35.6517],[134.8312,35.6494],[134.8313,35.6476],[134.8315,35.647],[134.8316,35.6464],[134.8324,35.6441],[134.8328,35.6429],[134.8327,35.6368],[134.8341,35.6303],[134.8371,35.6254],[134.8352,35.6216],[134.8337,35.6136],[134.8291,35.6095],[134.8255,35.6049],[134.8231,35.5998],[134.8227,35.5978],[134.8222,35.5966],[134.821,35.5908],[134.8212,35.5854],[134.8226,35.5801],[134.8254,35.5751],[134.8315,35.5687],[134.8362,35.5651],[134.8384,35.564],[134.8403,35.5612],[134.8442,35.5572],[134.8489,35.554],[134.8509,35.553],[134.8518,35.5517],[134.853,35.5497],[134.8533,35.5494],[134.8535,35.5491],[134.8553,35.5473],[134.8569,35.5456],[134.8573,35.5453],[134.8576,35.545],[134.8598,35.5435],[134.8619,35.5421],[134.8622,35.5419],[134.8627,35.5416],[134.8637,35.5411],[134.8657,35.5398],[134.866,35.5397],[134.867,35.5389],[134.8727,35.5361],[134.8749,35.5355],[134.8766,35.5332],[134.8806,35.5296],[134.8821,35.5287],[134.8824,35.5237],[134.884,35.5186],[134.8868,35.5137],[134.8916,35.5091],[134.8925,35.5066],[134.8928,35.506],[134.8928,35.5059],[134.8956,35.5016],[134.8957,35.5015],[134.8958,35.5013],[134.899,35.4981],[134.8994,35.4976],[134.9002,35.4967],[134.901,35.4958],[134.9023,35.4947],[134.9035,35.4935],[134.9045,35.4928],[134.9054,35.492],[134.907,35.4911],[134.9085,35.4901],[134.9096,35.4896],[134.9107,35.489],[134.912,35.4886],[134.9142,35.4876],[134.9173,35.4869],[134.9197,35.4861],[134.9263,35.4849],[134.933,35.4848],[134.9374,35.4855],[134.9427,35.486],[134.9454,35.4867],[134.9495,35.4871],[134.9517,35.4865],[134.9612,35.4861],[134.9677,35.4867],[134.9738,35.4883],[134.9822,35.4923],[134.9866,35.4953],[134.9901,35.4986],[134.9917,35.499],[134.9979,35.5017],[135.0002,35.5034],[134.9994,35.4989],[134.9997,35.4936],[135.0013,35.4884],[135.0034,35.4848],[135.0018,35.4777],[135.0024,35.4726],[135.0035,35.4676],[135.0058,35.4629],[135.0091,35.4586],[135.0111,35.4568],[135.0113,35.4561],[135.0123,35.4539],[135.0124,35.4527],[135.0134,35.4481],[135.0154,35.4436],[135.0162,35.4425],[135.0154,35.4398],[135.0149,35.4358],[135.0145,35.4344],[135.0144,35.4337],[135.0123,35.4329],[135.007,35.4294],[135.0027,35.4252],[134.9997,35.4204],[134.9969,35.4219],[134.9916,35.4238],[134.9876,35.4246],[134.9843,35.4279],[134.9767,35.4319],[134.9711,35.4342],[134.9651,35.4356],[134.9646,35.4356],[134.9636,35.4362],[134.9577,35.4385],[134.9514,35.4399],[134.9449,35.4402],[134.9384,35.4395],[134.9322,35.4377],[134.9266,35.435],[134.9265,35.435],[134.9238,35.4339],[134.9189,35.4313],[134.9188,35.4312],[134.9186,35.4311],[134.9107,35.4264],[134.9062,35.4226],[134.9028,35.4181],[134.9021,35.4166],[134.8987,35.4125],[134.8984,35.4118],[134.8947,35.4076],[134.8919,35.4026],[134.8901,35.394],[134.89,35.3892],[134.8909,35.3845],[134.8921,35.3821],[134.8919,35.3819],[134.8893,35.3774],[134.8884,35.3743],[134.8873,35.3721],[134.886,35.3665],[134.8862,35.3608],[134.8874,35.3579],[134.8865,35.3557],[134.8864,35.3546],[134.8857,35.3531],[134.8844,35.3481],[134.8844,35.343],[134.8844,35.3426],[134.8842,35.3396],[134.8849,35.3347],[134.8866,35.3299],[134.8894,35.3256],[134.8898,35.3252],[134.8893,35.3241],[134.8884,35.3194],[134.8887,35.3124],[134.8898,35.3077],[134.8919,35.3033],[134.898,35.2958],[134.9023,35.2918],[134.9076,35.2886],[134.9147,35.286],[134.9167,35.2849],[134.9217,35.2828],[134.927,35.2815],[134.9297,35.2812],[134.9332,35.2795],[134.9339,35.2793],[134.936,35.2779],[134.9371,35.2774],[134.9379,35.2769],[134.9391,35.2765],[134.9417,35.2754],[134.9424,35.2752],[134.9474,35.273],[134.9475,35.273],[134.9536,35.2715],[134.9547,35.2714],[134.9564,35.2707],[134.9678,35.2689],[134.9708,35.2677],[134.9745,35.2668],[134.9761,35.2658],[134.9772,35.2654],[134.9777,35.2634],[134.9799,35.2588],[134.9842,35.2534],[134.9891,35.2492],[134.9951,35.2459],[135.0053,35.243],[135.0106,35.2406],[135.0164,35.239],[135.0187,35.2387],[135.0206,35.2375],[135.0266,35.2353],[135.0329,35.234],[135.033,35.234],[135.0334,35.2332],[135.034,35.2315],[135.0347,35.2305],[135.0352,35.2294],[135.0359,35.2287],[135.037,35.2269],[135.0385,35.2253],[135.0392,35.2242],[135.0404,35.2224],[135.0408,35.222],[135.0411,35.2216],[135.0429,35.2199],[135.0445,35.2183],[135.045,35.218],[135.0453,35.2177],[135.0475,35.2163],[135.0495,35.2149],[135.05,35.2147],[135.0504,35.2145],[135.0529,35.2135],[135.0553,35.2125],[135.0557,35.2123],[135.0562,35.2122],[135.0589,35.2116],[135.0614,35.2109],[135.0619,35.2109],[135.0624,35.2108],[135.0652,35.2106],[135.0679,35.2104],[135.0683,35.2104],[135.0688,35.2104],[135.0716,35.2107],[135.0743,35.2109],[135.0747,35.211],[135.0751,35.2111],[135.0779,35.2118],[135.0805,35.2125],[135.0808,35.2126],[135.0812,35.2127],[135.0823,35.2132],[135.0862,35.2149],[135.0863,35.215],[135.0872,35.2154],[135.0901,35.2166],[135.0907,35.2169],[135.0912,35.2171],[135.0927,35.2181],[135.0949,35.2195],[135.0954,35.22],[135.0962,35.2205],[135.0966,35.2209],[135.0992,35.2221],[135.1069,35.2279],[135.1114,35.2329],[135.1122,35.2347],[135.1147,35.2355],[135.1155,35.2359],[135.1163,35.2359],[135.1167,35.2357],[135.1231,35.2342],[135.1227,35.2332],[135.1217,35.2282],[135.122,35.223],[135.1234,35.2181],[135.126,35.2134],[135.1296,35.2092],[135.1315,35.2077],[135.1331,35.206],[135.1382,35.2026],[135.1408,35.2002],[135.1458,35.1971],[135.1514,35.1949],[135.1542,35.1943],[135.1537,35.19],[135.1552,35.1817],[135.1554,35.1812],[135.1551,35.1803],[135.154,35.1757],[135.154,35.171],[135.1553,35.1652],[135.1577,35.1601],[135.1612,35.1554],[135.1658,35.1515],[135.1713,35.1483],[135.1775,35.1462],[135.178,35.1461],[135.1801,35.1447],[135.1824,35.1424],[135.1874,35.1388],[135.1931,35.136],[135.1994,35.1343],[135.2061,35.1337],[135.2163,35.1347],[135.2164,35.1347],[135.2165,35.1347],[135.2174,35.1348],[135.2224,35.1351],[135.2227,35.1352],[135.2229,35.1352],[135.2248,35.1357],[135.2276,35.1363],[135.2286,35.1365],[135.2302,35.1369],[135.233,35.1374],[135.2339,35.1378],[135.2348,35.138],[135.2357,35.1384],[135.2376,35.1389],[135.2379,35.139],[135.2384,35.1392],[135.2415,35.1406],[135.2433,35.1413],[135.2434,35.1415],[135.2437,35.1416],[135.2447,35.1423],[135.2451,35.1426],[135.2469,35.1434],[135.247,35.1435],[135.2472,35.1435],[135.2482,35.1398],[135.2502,35.1354],[135.2531,35.1313],[135.2592,35.1258],[135.2643,35.1225],[135.2694,35.1203],[135.2696,35.1201],[135.2747,35.1179],[135.2863,35.1153],[135.2926,35.1146],[135.2989,35.1149],[135.3032,35.1159],[135.3039,35.1158],[135.3096,35.1163],[135.3161,35.118],[135.3175,35.1183],[135.3232,35.1142],[135.3288,35.1114],[135.3349,35.1096],[135.3413,35.1087],[135.3435,35.1088],[135.3437,35.1087],[135.3504,35.1063],[135.3557,35.1056],[135.3553,35.104],[135.3547,35.0989],[135.3554,35.0939],[135.3572,35.089],[135.3578,35.0881],[135.3548,35.0862],[135.3506,35.0825],[135.3473,35.0782],[135.347,35.0776],[135.3462,35.076],[135.346,35.0759],[135.3401,35.0682],[135.3373,35.0629],[135.3359,35.0572],[135.3361,35.0514],[135.3366,35.05],[135.3364,35.0478],[135.3373,35.0424],[135.3414,35.0339],[135.345,35.029],[135.3462,35.028],[135.3456,35.026],[135.3451,35.0241],[135.3451,35.0164],[135.3459,35.0118],[135.3488,35.0057],[135.3489,35.0053],[135.349,35.0051],[135.3492,35.0047],[135.3495,35.0042],[135.3496,35.004],[135.3517,34.9991],[135.3549,34.9946],[135.3591,34.9907],[135.3641,34.9875],[135.3698,34.9852],[135.376,34.9838],[135.3824,34.9836],[135.3884,34.9822],[135.3902,34.9821],[135.3939,34.9808],[135.396,34.9805],[135.4005,34.9798],[135.4022,34.9799],[135.4048,34.9785],[135.4115,34.9763],[135.4212,34.9752],[135.4271,34.9754],[135.4329,34.9765],[135.437,34.9779],[135.4392,34.9769],[135.4459,34.9753],[135.4476,34.9752],[135.4509,34.9734],[135.4491,34.9683],[135.4487,34.9656],[135.4483,34.9632],[135.4487,34.9581],[135.4491,34.9569],[135.4487,34.9557],[135.448,34.9503],[135.4487,34.9448],[135.4507,34.9395],[135.454,34.9347],[135.4622,34.9277],[135.4627,34.9274],[135.4628,34.9273],[135.4631,34.9268],[135.4646,34.9253],[135.4662,34.9236],[135.4667,34.9232],[135.4672,34.9227],[135.469,34.9215],[135.4709,34.9201],[135.4716,34.9198],[135.4722,34.9194],[135.4742,34.9185],[135.4764,34.9174],[135.4771,34.9172],[135.4778,34.9169],[135.4801,34.9163],[135.4824,34.9157],[135.4831,34.9156],[135.484,34.9154],[135.4845,34.9153],[135.4858,34.9149],[135.4867,34.9148],[135.4882,34.9144],[135.4946,34.9139],[135.4948,34.9139],[135.4949,34.9139],[135.4968,34.9124],[135.4971,34.9123],[135.5019,34.9097],[135.5088,34.9056],[135.5111,34.9027],[135.5144,34.8997],[135.5174,34.8966],[135.5222,34.8933],[135.5276,34.8907],[135.5335,34.8891],[135.5397,34.8884],[135.546,34.8887],[135.5478,34.8891],[135.5496,34.8888],[135.5561,34.8887],[135.5625,34.8897],[135.5626,34.8897],[135.5632,34.8896],[135.5769,34.8901],[135.5834,34.8912],[135.5895,34.8935],[135.5949,34.8967],[135.5973,34.8988],[135.5999,34.9003],[135.6003,34.9005],[135.6067,34.9005],[135.6111,34.901],[135.6129,34.9007],[135.6175,34.9009],[135.6186,34.8984],[135.6216,34.8941],[135.6256,34.8902],[135.6303,34.8871],[135.6357,34.8847],[135.6397,34.8837],[135.64,34.8835],[135.6407,34.8833],[135.6438,34.8813],[135.6449,34.8808],[135.6457,34.8803],[135.6473,34.8797],[135.6475,34.8771],[135.6492,34.8719],[135.6494,34.8714],[135.6498,34.868],[135.6525,34.8613],[135.6557,34.8566],[135.6581,34.8544],[135.6587,34.8504],[135.6595,34.8484],[135.6601,34.8459],[135.6631,34.84],[135.6667,34.8353],[135.667,34.8351],[135.6672,34.8347],[135.671,34.8304],[135.6757,34.8268],[135.6812,34.824],[135.6872,34.8221],[135.6879,34.822],[135.6896,34.8186],[135.6925,34.8144],[135.694,34.8129],[135.6953,34.8106],[135.6991,34.806],[135.6991,34.8059],[135.7041,34.8019],[135.7073,34.8003],[135.7004,34.7926],[135.6982,34.788],[135.6978,34.787],[135.6965,34.7833],[135.6964,34.7827],[135.6962,34.7823],[135.6961,34.7807],[135.6958,34.778],[135.6959,34.777],[135.6959,34.7763],[135.6961,34.7753],[135.6965,34.7727],[135.6971,34.7705],[135.6976,34.7667],[135.698,34.7618],[135.6994,34.7572],[135.6993,34.7558],[135.7002,34.751],[135.7022,34.7464],[135.7024,34.7461],[135.7026,34.7454],[135.7055,34.7406],[135.7059,34.7401],[135.706,34.7399],[135.706,34.7398],[135.7061,34.7396],[135.7091,34.735],[135.7092,34.7349],[135.7096,34.7345],[135.7132,34.7309],[135.7134,34.7308],[135.7136,34.7306],[135.7152,34.7296],[135.7182,34.7276],[135.7186,34.7274],[135.7189,34.7271],[135.7192,34.7271],[135.7206,34.7261],[135.7208,34.726],[135.721,34.7259],[135.7223,34.7253],[135.7223,34.7248],[135.7236,34.72],[135.7259,34.7156],[135.7299,34.7107],[135.7317,34.7092],[135.7344,34.7069],[135.7398,34.7039],[135.7459,34.7018],[135.748,34.7014],[135.7488,34.7011],[135.7504,34.7007],[135.7525,34.7],[135.7538,34.6998],[135.7549,34.6995],[135.7565,34.6994],[135.7583,34.6991],[135.7593,34.6992],[135.7604,34.6989],[135.7626,34.6988],[135.7649,34.6985],[135.7651,34.6985],[135.7661,34.6981],[135.7716,34.6968],[135.7808,34.6962],[135.7842,34.6963],[135.7884,34.695],[135.7891,34.6949],[135.7898,34.6945],[135.7914,34.6939],[135.7925,34.6931],[135.7979,34.6905],[135.8013,34.6895],[135.8022,34.689],[135.8076,34.6867],[135.8134,34.6853],[135.8195,34.6847],[135.8259,34.6855],[135.8265,34.6855],[135.8299,34.6842],[135.8314,34.6832],[135.837,34.6809],[135.8431,34.6795],[135.8606,34.6791],[135.8618,34.6794],[135.8663,34.6794],[135.8724,34.6803],[135.8781,34.6822],[135.881,34.6837],[135.8831,34.6831],[135.8894,34.6825],[135.8957,34.6829],[135.9017,34.6842],[135.9074,34.6865],[135.9124,34.6896],[135.9166,34.6935],[135.9198,34.6979],[135.9242,34.7104],[135.925,34.7115],[135.9286,34.7109],[135.9351,34.7108],[135.937,34.7111],[135.9423,34.7105],[135.9488,34.711],[135.9536,34.7121],[135.9539,34.7113],[135.9546,34.7081],[135.9567,34.7034],[135.9599,34.6992],[135.9639,34.6955],[135.9687,34.6925],[135.9713,34.6914],[135.9749,34.6892],[135.9809,34.6868],[135.9873,34.6855],[135.9939,34.6853],[135.9954,34.6855],[136.0008,34.6831],[136.0068,34.6815],[136.013,34.6809],[136.0149,34.681],[136.0201,34.6797],[136.0259,34.6792],[136.0337,34.6797],[136.0401,34.681],[136.046,34.6834],[136.0512,34.6867],[136.0556,34.6908],[136.0588,34.6955],[136.0603,34.6994],[136.0646,34.7028],[136.0682,34.7072],[136.0707,34.7121],[136.0714,34.7151],[136.0725,34.7155],[136.0777,34.7187],[136.082,34.7227],[136.0853,34.7273],[136.0874,34.7323],[136.0882,34.7375],[136.0879,34.7428],[136.0862,34.748],[136.0834,34.7527],[136.0797,34.7567],[136.0795,34.7569],[136.079,34.7573],[136.0761,34.7594],[136.0746,34.7604],[136.0737,34.7609],[136.0717,34.762],[136.0694,34.7639],[136.069,34.7654],[136.0664,34.7698],[136.0665,34.7704],[136.0668,34.772],[136.0668,34.7731],[136.0668,34.7732]],[[135.3063,35.5522],[135.3058,35.55],[135.3058,35.5492],[135.3049,35.5489],[135.305,35.5491],[135.3063,35.5522]]],[[[135.4601,35.6878],[135.4596,35.6904],[135.4581,35.6954],[135.4555,35.7],[135.4519,35.7042],[135.4474,35.7077],[135.4421,35.7105],[135.4363,35.7124],[135.4301,35.7134],[135.4239,35.7135],[135.4177,35.7125],[135.4118,35.7107],[135.4065,35.708],[135.3973,35.7002],[135.3933,35.6957],[135.391,35.6911],[135.3906,35.6905],[135.3904,35.6897],[135.3897,35.6884],[135.3894,35.6871],[135.3888,35.6855],[135.3886,35.684],[135.3883,35.6828],[135.3883,35.6816],[135.3881,35.6802],[135.3883,35.6785],[135.3883,35.6771],[135.3886,35.6761],[135.3888,35.6749],[135.3895,35.673],[135.3899,35.6715],[135.3903,35.6709],[135.3907,35.6699],[135.3922,35.6674],[135.3928,35.6661],[135.3937,35.6648],[135.3945,35.6632],[135.3953,35.6624],[135.3959,35.6615],[135.397,35.6604],[135.3981,35.6591],[135.3991,35.6583],[135.4,35.6574],[135.4012,35.6566],[135.4025,35.6555],[135.4039,35.6548],[135.405,35.6541],[135.4063,35.6535],[135.4077,35.6527],[135.4093,35.6522],[135.4107,35.6516],[135.4121,35.6512],[135.4134,35.6508],[135.4153,35.6504],[135.417,35.65],[135.4182,35.6499],[135.4195,35.6497],[135.4216,35.6497],[135.4234,35.6495],[135.4245,35.6496],[135.4257,35.6496],[135.4279,35.6499],[135.4299,35.65],[135.4308,35.6503],[135.4318,35.6504],[135.4341,35.6511],[135.4361,35.6516],[135.4369,35.6519],[135.4377,35.6521],[135.4399,35.6532],[135.4419,35.6541],[135.4424,35.6544],[135.443,35.6547],[135.444,35.6555],[135.4469,35.6574],[135.4485,35.659],[135.451,35.6609],[135.4549,35.6651],[135.4588,35.6719],[135.4603,35.6763],[135.4609,35.6807],[135.4601,35.6878]]]]},"properties":{"prefectureName":"京都府","prefectureCode":"26"}},
{"type":"Feature","geometry":{"type":"Polygon","coordinates":[[[135.0739,34.3346],[135.0728,34.334],[135.067,34.3284],[135.0636,34.324],[135.0613,34.3191],[135.0603,34.3139],[135.0605,34.3086],[135.0619,34.3035],[135.0645,34.2987],[135.0644,34.2955],[135.0653,34.2905],[135.0662,34.2884],[135.0665,34.2846],[135.0683,34.2793],[135.0713,34.2745],[135.0774,34.2686],[135.0814,34.2614],[135.0852,34.2565],[135.0903,34.2525],[135.0962,34.2495],[135.1045,34.2472],[135.1099,34.2466],[135.1101,34.2466],[135.1115,34.2466],[135.1129,34.2463],[135.1191,34.2462],[135.1224,34.2467],[135.1238,34.2463],[135.1298,34.2455],[135.1358,34.2456],[135.1458,34.2477],[135.1462,34.2478],[135.147,34.248],[135.1523,34.2474],[135.1588,34.2476],[135.1651,34.249],[135.1709,34.2514],[135.1725,34.2524],[135.1727,34.2525],[135.1751,34.2521],[135.1793,34.2521],[135.1797,34.252],[135.187,34.252],[135.1934,34.253],[135.1993,34.2549],[135.2048,34.2578],[135.2092,34.2613],[135.2101,34.2614],[135.2191,34.2642],[135.2244,34.2668],[135.2289,34.2701],[135.2327,34.2741],[135.2334,34.2752],[135.2454,34.278],[135.2511,34.28],[135.2562,34.2828],[135.2598,34.2858],[135.2633,34.2856],[135.2636,34.2857],[135.2647,34.2844],[135.269,34.2802],[135.2742,34.2768],[135.2801,34.2743],[135.2865,34.2729],[135.2931,34.2726],[135.3055,34.2747],[135.3111,34.2763],[135.3163,34.2787],[135.3185,34.2803],[135.3211,34.2817],[135.3282,34.2881],[135.3295,34.2899],[135.3348,34.29],[135.3412,34.2913],[135.3471,34.2935],[135.3524,34.2968],[135.3568,34.3008],[135.358,34.3026],[135.3587,34.3025],[135.3694,34.3029],[135.3699,34.303],[135.3709,34.3026],[135.3769,34.3016],[135.3831,34.3016],[135.3878,34.3023],[135.39,34.3023],[135.396,34.3033],[135.3973,34.3037],[135.3999,34.3037],[135.406,34.3045],[135.4119,34.3064],[135.4159,34.3084],[135.4174,34.3088],[135.4232,34.3112],[135.4259,34.313],[135.4272,34.3131],[135.4325,34.3138],[135.4377,34.3152],[135.4446,34.3185],[135.4487,34.3211],[135.4499,34.3212],[135.456,34.3204],[135.4605,34.3209],[135.4632,34.3205],[135.4695,34.3206],[135.4757,34.3217],[135.4762,34.3219],[135.4792,34.3186],[135.4835,34.3152],[135.4886,34.3126],[135.4941,34.3107],[135.5027,34.3095],[135.5084,34.3094],[135.5168,34.3107],[135.5214,34.3119],[135.5327,34.3171],[135.5387,34.3224],[135.5416,34.3243],[135.5446,34.3267],[135.5486,34.3279],[135.5535,34.3302],[135.5552,34.3304],[135.561,34.332],[135.5648,34.3339],[135.5708,34.3361],[135.5747,34.3386],[135.5749,34.3387],[135.5784,34.341],[135.579,34.3415],[135.5797,34.342],[135.581,34.3434],[135.5826,34.3448],[135.5831,34.3455],[135.5837,34.3461],[135.5842,34.3467],[135.5843,34.3468],[135.5851,34.3471],[135.5877,34.3482],[135.5878,34.3482],[135.5949,34.3479],[135.6041,34.3495],[135.6064,34.3503],[135.6118,34.3497],[135.6177,34.3499],[135.6236,34.351],[135.6279,34.3526],[135.6291,34.353],[135.6322,34.3549],[135.6347,34.3546],[135.6405,34.3547],[135.6487,34.3564],[135.6502,34.3563],[135.6601,34.3573],[135.6611,34.3574],[135.6613,34.3574],[135.6615,34.3575],[135.663,34.3579],[135.6672,34.3589],[135.6678,34.3592],[135.6683,34.3593],[135.67,34.3602],[135.6729,34.3614],[135.6736,34.362],[135.6744,34.3623],[135.6758,34.3634],[135.6778,34.3648],[135.6787,34.3657],[135.6796,34.3664],[135.6802,34.3672],[135.6819,34.3689],[135.6832,34.3707],[135.6838,34.3713],[135.6848,34.3722],[135.6849,34.3724],[135.685,34.3725],[135.6859,34.3739],[135.6878,34.3746],[135.6913,34.3759],[135.6965,34.3788],[135.7009,34.3824],[135.7043,34.3867],[135.7078,34.3943],[135.7079,34.3945],[135.7094,34.3965],[135.7119,34.4024],[135.7128,34.4082],[135.7122,34.4141],[135.7101,34.4197],[135.709,34.4212],[135.7087,34.4221],[135.7087,34.4222],[135.7115,34.4272],[135.7137,34.4331],[135.7137,34.4334],[135.7147,34.4349],[135.7179,34.4406],[135.7196,34.4495],[135.7194,34.4546],[135.7181,34.4596],[135.7157,34.4643],[135.7151,34.465],[135.7159,34.474],[135.7159,34.4757],[135.7168,34.4783],[135.7175,34.4838],[135.7168,34.4893],[135.7123,34.4989],[135.7123,34.499],[135.7119,34.5014],[135.7099,34.5062],[135.71,34.5066],[135.7096,34.5137],[135.7097,34.5142],[135.71,34.5202],[135.7095,34.5218],[135.7098,34.5236],[135.7096,34.5286],[135.7082,34.5334],[135.7058,34.538],[135.6978,34.5467],[135.6938,34.5499],[135.6945,34.5504],[135.6991,34.5544],[135.7026,34.559],[135.7047,34.5641],[135.7089,34.5687],[135.7128,34.5762],[135.7142,34.5814],[135.7144,34.5868],[135.7133,34.5921],[135.7109,34.597],[135.7108,34.5972],[135.7103,34.5993],[135.7096,34.6005],[135.7094,34.6014],[135.7089,34.6023],[135.7082,34.6042],[135.7079,34.6048],[135.7078,34.6052],[135.7074,34.6066],[135.7068,34.6078],[135.7064,34.609],[135.7061,34.6093],[135.7053,34.6118],[135.7021,34.6167],[135.6979,34.6209],[135.6948,34.6228],[135.6951,34.6235],[135.6961,34.6321],[135.696,34.6346],[135.6969,34.6368],[135.6981,34.6443],[135.7024,34.6537],[135.7037,34.6586],[135.7037,34.6589],[135.7038,34.6592],[135.7045,34.6602],[135.7053,34.6613],[135.7057,34.6621],[135.7065,34.6634],[135.7069,34.6642],[135.7079,34.6655],[135.7084,34.6665],[135.709,34.6674],[135.7095,34.6689],[135.7102,34.6703],[135.7105,34.6714],[135.7108,34.6725],[135.711,34.6739],[135.7114,34.6754],[135.7113,34.6766],[135.7115,34.6778],[135.7113,34.6791],[135.7113,34.6806],[135.711,34.6815],[135.7112,34.6832],[135.711,34.684],[135.7111,34.685],[135.7107,34.687],[135.7105,34.6884],[135.7103,34.689],[135.7102,34.6897],[135.7096,34.6908],[135.7094,34.6914],[135.7107,34.6923],[135.7108,34.6924],[135.711,34.6926],[135.7115,34.6931],[135.7133,34.6949],[135.7157,34.6966],[135.7166,34.6975],[135.7168,34.6976],[135.7177,34.6983],[135.7193,34.699],[135.7273,34.7047],[135.7314,34.7088],[135.7317,34.7092],[135.7345,34.7136],[135.7363,34.7188],[135.7368,34.7241],[135.736,34.7294],[135.7342,34.7341],[135.7358,34.7361],[135.7365,34.7377],[135.738,34.7393],[135.741,34.7446],[135.7427,34.7527],[135.7463,34.7544],[135.7509,34.7575],[135.7547,34.7612],[135.7563,34.7636],[135.7594,34.7658],[135.7604,34.767],[135.7616,34.7676],[135.7642,34.7698],[135.7662,34.7715],[135.7699,34.776],[135.7723,34.7811],[135.7724,34.7815],[135.7733,34.7837],[135.7744,34.7853],[135.7767,34.7893],[135.7788,34.796],[135.7794,34.8026],[135.7769,34.8121],[135.7745,34.8168],[135.7711,34.821],[135.7698,34.8222],[135.7676,34.825],[135.7664,34.8281],[135.7658,34.8291],[135.7654,34.8302],[135.7645,34.8316],[135.7638,34.833],[135.763,34.8339],[135.7624,34.8349],[135.7611,34.8361],[135.76,34.8374],[135.7592,34.8381],[135.759,34.8384],[135.7575,34.8396],[135.7558,34.8413],[135.755,34.8419],[135.7542,34.8426],[135.7527,34.8435],[135.7509,34.8447],[135.7496,34.8452],[135.7486,34.8458],[135.7473,34.8463],[135.7467,34.8465],[135.746,34.8483],[135.7433,34.8525],[135.7416,34.8541],[135.7414,34.855],[135.7409,34.8559],[135.7405,34.8569],[135.7393,34.8587],[135.7386,34.8602],[135.738,34.8608],[135.7375,34.8616],[135.7357,34.8634],[135.7355,34.8636],[135.735,34.8642],[135.7342,34.8651],[135.7334,34.8661],[135.732,34.8672],[135.7309,34.8683],[135.73,34.869],[135.7291,34.8697],[135.7283,34.8702],[135.7271,34.871],[135.7254,34.8723],[135.7244,34.8728],[135.7236,34.8733],[135.7233,34.8739],[135.723,34.8743],[135.7218,34.878],[135.719,34.8826],[135.7155,34.8864],[135.7152,34.892],[135.7134,34.8974],[135.7103,34.9024],[135.7074,34.9054],[135.7041,34.9121],[135.7,34.9173],[135.6887,34.9252],[135.6836,34.9279],[135.683,34.9281],[135.683,34.9282],[135.6814,34.9327],[135.6767,34.9399],[135.6732,34.9438],[135.669,34.9471],[135.6683,34.9475],[135.6669,34.9489],[135.6613,34.9529],[135.6517,34.9566],[135.6515,34.9568],[135.6517,34.9582],[135.6512,34.9634],[135.6485,34.9706],[135.6472,34.9727],[135.6459,34.9762],[135.6451,34.9774],[135.6446,34.9794],[135.6419,34.9844],[135.6381,34.9888],[135.6334,34.9925],[135.6277,34.9954],[135.6215,34.9973],[135.615,34.9981],[135.6083,34.9977],[135.6038,34.9981],[135.6029,34.998],[135.6024,34.9984],[135.5966,35.0012],[135.5902,35.003],[135.5834,35.0036],[135.5767,35.0031],[135.5702,35.0015],[135.5643,34.9988],[135.564,34.9986],[135.5631,34.9982],[135.5612,34.9976],[135.5599,34.9968],[135.5588,34.9963],[135.5578,34.9957],[135.5565,34.995],[135.5555,34.9941],[135.5547,34.9938],[135.5497,34.9904],[135.5491,34.9899],[135.5482,34.9892],[135.5437,34.9849],[135.5404,34.9798],[135.5385,34.9743],[135.5385,34.9713],[135.5363,34.9693],[135.5337,34.9655],[135.5318,34.9668],[135.5259,34.9691],[135.521,34.9699],[135.5203,34.9722],[135.5203,34.9726],[135.5204,34.9727],[135.5235,34.9775],[135.5254,34.9827],[135.5259,34.9881],[135.5247,34.9951],[135.5228,35],[135.5199,35.0044],[135.5159,35.0084],[135.5112,35.0116],[135.509,35.0126],[135.5087,35.0128],[135.5037,35.0157],[135.5024,35.0162],[135.502,35.0165],[135.497,35.0191],[135.4914,35.0209],[135.4855,35.0219],[135.4816,35.0218],[135.4805,35.0226],[135.4792,35.0233],[135.4782,35.024],[135.4771,35.0245],[135.4758,35.0252],[135.4738,35.0259],[135.4725,35.0265],[135.4716,35.0267],[135.4706,35.0271],[135.4679,35.0276],[135.4663,35.028],[135.4657,35.0281],[135.465,35.0282],[135.4642,35.0282],[135.4603,35.03],[135.4546,35.0316],[135.4533,35.0318],[135.447,35.0339],[135.4411,35.0351],[135.4351,35.0353],[135.427,35.0343],[135.4242,35.0357],[135.4181,35.0376],[135.4133,35.0382],[135.413,35.0391],[135.4124,35.044],[135.4108,35.0487],[135.4101,35.0499],[135.4083,35.053],[135.4051,35.0566],[135.4021,35.0606],[135.3973,35.0646],[135.3917,35.0678],[135.3806,35.0711],[135.3796,35.0713],[135.3754,35.0737],[135.3692,35.0759],[135.3624,35.077],[135.3623,35.0769],[135.3622,35.077],[135.3546,35.0781],[135.347,35.0776],[135.344,35.0774],[135.3376,35.076],[135.3317,35.0735],[135.3265,35.0702],[135.3227,35.0664],[135.3208,35.0657],[135.3203,35.0653],[135.3196,35.0651],[135.3175,35.0636],[135.3156,35.0624],[135.3152,35.0621],[135.3146,35.0617],[135.3139,35.061],[135.3105,35.0587],[135.3104,35.0586],[135.3103,35.0585],[135.3094,35.0577],[135.3064,35.0546],[135.3061,35.0542],[135.3058,35.0539],[135.3054,35.0531],[135.304,35.051],[135.3037,35.0507],[135.303,35.0496],[135.3022,35.0487],[135.3015,35.0474],[135.3007,35.046],[135.3002,35.0448],[135.2996,35.0437],[135.2993,35.0423],[135.2988,35.041],[135.2986,35.0396],[135.2983,35.0384],[135.2983,35.0371],[135.2982,35.0357],[135.2983,35.0343],[135.2983,35.033],[135.2986,35.0317],[135.2988,35.0304],[135.2993,35.029],[135.2997,35.0277],[135.3002,35.0266],[135.3007,35.0254],[135.3016,35.024],[135.3023,35.0227],[135.303,35.0218],[135.3037,35.0207],[135.305,35.0195],[135.306,35.0182],[135.307,35.0175],[135.3078,35.0166],[135.3094,35.0156],[135.3096,35.0154],[135.3108,35.0132],[135.314,35.0091],[135.3181,35.0056],[135.3188,35.0052],[135.3187,35.0029],[135.3196,34.9976],[135.3201,34.9966],[135.3202,34.9954],[135.3201,34.9944],[135.3197,34.9911],[135.3197,34.9902],[135.3188,34.9885],[135.3157,34.979],[135.3153,34.9782],[135.3133,34.9738],[135.3123,34.9691],[135.3123,34.9643],[135.3134,34.9596],[135.3167,34.953],[135.3201,34.9484],[135.3245,34.9445],[135.3297,34.9414],[135.331,34.9409],[135.3341,34.9376],[135.3416,34.9325],[135.3474,34.9298],[135.3538,34.9281],[135.3605,34.9275],[135.3625,34.9276],[135.3628,34.9272],[135.3673,34.9233],[135.3696,34.922],[135.37,34.9216],[135.3752,34.9184],[135.381,34.9161],[135.3868,34.9148],[135.3859,34.9103],[135.3861,34.9054],[135.3873,34.9006],[135.3908,34.894],[135.3947,34.8893],[135.399,34.8858],[135.4001,34.8826],[135.4023,34.8791],[135.402,34.8784],[135.4015,34.8755],[135.4003,34.875],[135.3952,34.8717],[135.391,34.8677],[135.3879,34.863],[135.3859,34.858],[135.3852,34.8527],[135.3863,34.8446],[135.3864,34.8444],[135.3864,34.8442],[135.3872,34.8422],[135.3881,34.8396],[135.3882,34.8394],[135.3883,34.8392],[135.3899,34.8366],[135.3868,34.8325],[135.3845,34.8274],[135.3832,34.8192],[135.3835,34.814],[135.3898,34.7975],[135.3915,34.7951],[135.3924,34.7929],[135.3928,34.7924],[135.3931,34.7917],[135.3943,34.79],[135.3955,34.7883],[135.396,34.7877],[135.3967,34.7868],[135.4011,34.7825],[135.4066,34.7791],[135.4105,34.7775],[135.4109,34.7772],[135.4123,34.7742],[135.4117,34.7714],[135.4121,34.7652],[135.4136,34.7599],[135.4164,34.7549],[135.4189,34.7521],[135.42,34.7493],[135.4205,34.7486],[135.4188,34.7467],[135.4143,34.7372],[135.4138,34.7353],[135.4129,34.7349],[135.4091,34.7324],[135.4054,34.7296],[135.4042,34.7282],[135.4005,34.727],[135.3954,34.7248],[135.3832,34.7162],[135.3795,34.7114],[135.3766,34.7065],[135.3749,34.7012],[135.3746,34.6957],[135.3751,34.6926],[135.3747,34.6924],[135.3693,34.6899],[135.3645,34.6866],[135.3606,34.6826],[135.3602,34.6819],[135.3561,34.6791],[135.3456,34.667],[135.3445,34.6653],[135.3427,34.6626],[135.3409,34.6579],[135.3408,34.6571],[135.3374,34.6559],[135.3323,34.653],[135.3232,34.6445],[135.3185,34.6396],[135.3151,34.6355],[135.3128,34.6309],[135.3112,34.6241],[135.311,34.6192],[135.3119,34.6144],[135.3159,34.6061],[135.3191,34.6015],[135.3234,34.5975],[135.3285,34.5943],[135.3343,34.592],[135.3406,34.5907],[135.3471,34.5904],[135.3535,34.5911],[135.3596,34.5929],[135.3651,34.5956],[135.3696,34.5992],[135.3773,34.5613],[135.376,34.5593],[135.3756,34.5587],[135.3703,34.558],[135.3644,34.5563],[135.359,34.5536],[135.3543,34.5502],[135.3449,34.5387],[135.3394,34.5312],[135.3365,34.5264],[135.3349,34.5213],[135.3345,34.5159],[135.3354,34.5106],[135.3376,34.5056],[135.3386,34.5041],[135.3385,34.5033],[135.3382,34.5033],[135.3331,34.5006],[135.3286,34.4972],[135.3225,34.4897],[135.3221,34.489],[135.3218,34.4889],[135.3168,34.4853],[135.3003,34.4639],[135.2975,34.4591],[135.296,34.4539],[135.2958,34.4505],[135.2943,34.4491],[135.2932,34.4511],[135.2875,34.4578],[135.2851,34.4603],[135.2849,34.4605],[135.2821,34.4653],[135.2781,34.4695],[135.2732,34.4731],[135.2675,34.4758],[135.2613,34.4775],[135.2596,34.4775],[135.2572,34.4789],[135.2513,34.481],[135.245,34.482],[135.2386,34.4821],[135.2322,34.4811],[135.2263,34.479],[135.2142,34.4716],[135.212,34.4692],[135.2087,34.467],[135.1997,34.461],[135.1906,34.4548],[135.1874,34.4535],[135.1806,34.4491],[135.1761,34.4453],[135.1725,34.4409],[135.17,34.436],[135.1687,34.4308],[135.1687,34.4255],[135.1699,34.4203],[135.1724,34.4154],[135.181,34.406],[135.1855,34.4023],[135.1908,34.3993],[135.1967,34.3973],[135.2025,34.3964],[135.2068,34.3928],[135.2121,34.3898],[135.218,34.3877],[135.2184,34.3877],[135.218,34.3868],[135.217,34.3853],[135.2169,34.385],[135.2072,34.3758],[135.2033,34.3701],[135.1972,34.369],[135.1945,34.3687],[135.1884,34.3668],[135.1837,34.3642],[135.1834,34.3642],[135.1769,34.3648],[135.1705,34.3643],[135.1669,34.3633],[135.1653,34.3632],[135.159,34.362],[135.1531,34.3598],[135.1501,34.358],[135.1458,34.3574],[135.1395,34.3557],[135.1338,34.353],[135.1337,34.3529],[135.1294,34.3531],[135.1231,34.3524],[135.1211,34.3518],[135.1184,34.3516],[135.1115,34.3495],[135.1084,34.3488],[135.1028,34.3484],[135.097,34.3466],[135.0912,34.3452],[135.0838,34.3419],[135.0789,34.3388],[135.0758,34.3358],[135.0739,34.3346]]]},"properties":{"prefectureName":"大阪府","prefectureCode":"27"}},
{"type":"Feature","geometry":{"type":"MultiPolygon","coordinates":[[[[135.3445,34.6653],[135.3476,34.6623],[135.3498,34.6607],[135.3526,34.658],[135.3579,34.6543],[135.364,34.6516],[135.3707,34.6501],[135.3777,34.6497],[135.4003,34.654],[135.4058,34.6556],[135.4109,34.6581],[135.4154,34.6612],[135.4287,34.6769],[135.4311,34.6786],[135.4316,34.6792],[135.4369,34.6809],[135.4414,34.6828],[135.4505,34.6885],[135.4526,34.6911],[135.4588,34.6933],[135.4649,34.6962],[135.4713,34.7011],[135.475,34.7052],[135.4779,34.7105],[135.4814,34.7125],[135.4859,34.7163],[135.4894,34.7208],[135.4918,34.7257],[135.493,34.7309],[135.4929,34.7362],[135.4922,34.7389],[135.4929,34.7457],[135.4928,34.7468],[135.493,34.7479],[135.4928,34.7494],[135.4928,34.751],[135.4925,34.7518],[135.4923,34.7531],[135.4919,34.7544],[135.4919,34.7552],[135.4917,34.7562],[135.4915,34.7573],[135.4909,34.759],[135.4905,34.7605],[135.49,34.7614],[135.4897,34.7623],[135.4886,34.7639],[135.4885,34.7641],[135.4872,34.7684],[135.4849,34.773],[135.4816,34.7773],[135.4788,34.7797],[135.4781,34.7805],[135.4775,34.7849],[135.4757,34.7906],[135.4754,34.7909],[135.4755,34.7914],[135.4748,34.7964],[135.473,34.8012],[135.4702,34.8056],[135.4664,34.8096],[135.4603,34.8138],[135.4583,34.8147],[135.4546,34.8185],[135.4538,34.8191],[135.4545,34.8203],[135.4562,34.8256],[135.4565,34.833],[135.4568,34.8348],[135.4569,34.8395],[135.4603,34.8437],[135.4628,34.8486],[135.4643,34.8556],[135.4643,34.8578],[135.4663,34.8624],[135.4668,34.8645],[135.4672,34.8651],[135.4691,34.8698],[135.47,34.875],[135.4704,34.8755],[135.4737,34.8799],[135.4758,34.8848],[135.476,34.8862],[135.4769,34.8878],[135.4784,34.8932],[135.4785,34.8948],[135.4824,34.8965],[135.4871,34.8993],[135.4911,34.9028],[135.4943,34.9068],[135.4969,34.912],[135.4971,34.9123],[135.498,34.9135],[135.5003,34.9184],[135.5013,34.9236],[135.5008,34.9309],[135.4996,34.9354],[135.4975,34.9397],[135.4935,34.9448],[135.4894,34.9485],[135.4846,34.9516],[135.4792,34.9538],[135.4733,34.9552],[135.4694,34.9555],[135.4661,34.9575],[135.4645,34.9587],[135.4596,34.9619],[135.454,34.9644],[135.4487,34.9656],[135.4479,34.9658],[135.4416,34.9663],[135.4352,34.9658],[135.4331,34.9653],[135.4305,34.9665],[135.4241,34.9682],[135.4195,34.9686],[135.4125,34.9703],[135.4118,34.9704],[135.408,34.9739],[135.4031,34.977],[135.4019,34.9775],[135.4008,34.9783],[135.396,34.9805],[135.3956,34.9807],[135.3923,34.9817],[135.3922,34.9858],[135.3907,34.9912],[135.3865,34.998],[135.3866,34.9988],[135.3865,34.9996],[135.3865,34.9997],[135.3875,35.0047],[135.3872,35.0084],[135.3883,35.0123],[135.3887,35.0169],[135.3881,35.0215],[135.3881,35.0216],[135.388,35.0223],[135.3901,35.0232],[135.3951,35.0267],[135.3991,35.031],[135.402,35.0358],[135.4037,35.041],[135.4041,35.0454],[135.4061,35.0483],[135.4101,35.0499],[135.4105,35.05],[135.4135,35.0518],[135.4151,35.0524],[135.4203,35.0552],[135.4248,35.0588],[135.4284,35.0631],[135.4315,35.0693],[135.4328,35.0745],[135.4329,35.0759],[135.4342,35.0777],[135.4363,35.0826],[135.4372,35.0878],[135.4368,35.0931],[135.4353,35.0982],[135.4325,35.1029],[135.4306,35.1049],[135.4281,35.1088],[135.4261,35.1108],[135.4262,35.1129],[135.4253,35.1182],[135.4236,35.1222],[135.4239,35.1234],[135.4241,35.1286],[135.423,35.1337],[135.4193,35.1408],[135.4154,35.1457],[135.4103,35.1499],[135.4042,35.153],[135.3938,35.1557],[135.3931,35.1558],[135.3926,35.1559],[135.3905,35.1561],[135.3878,35.1564],[135.387,35.1564],[135.3867,35.1564],[135.3854,35.1566],[135.3844,35.1566],[135.3842,35.1566],[135.3782,35.1583],[135.3732,35.1589],[135.3726,35.1593],[135.3715,35.1598],[135.3687,35.1643],[135.3646,35.1684],[135.3597,35.1718],[135.354,35.1744],[135.3479,35.176],[135.3287,35.1768],[135.3224,35.1759],[135.3223,35.1765],[135.3199,35.1826],[135.317,35.187],[135.3132,35.191],[135.3085,35.1943],[135.3032,35.1969],[135.2974,35.1986],[135.2939,35.199],[135.2929,35.1994],[135.2875,35.2019],[135.2813,35.2035],[135.2748,35.2042],[135.2667,35.2034],[135.2661,35.2036],[135.2593,35.2045],[135.2562,35.2044],[135.2534,35.2048],[135.2467,35.2048],[135.2423,35.2041],[135.241,35.2043],[135.2312,35.2044],[135.2307,35.2052],[135.2303,35.2076],[135.2279,35.2127],[135.2246,35.2178],[135.2186,35.2235],[135.2148,35.2259],[135.211,35.2299],[135.2094,35.2311],[135.2054,35.235],[135.2004,35.2384],[135.1996,35.2387],[135.1997,35.2392],[135.1999,35.2449],[135.1963,35.2568],[135.1942,35.2611],[135.1935,35.2621],[135.1929,35.2632],[135.1919,35.2669],[135.1889,35.2723],[135.1811,35.2798],[135.1768,35.283],[135.1718,35.2854],[135.1615,35.2882],[135.1566,35.2898],[135.1507,35.2908],[135.148,35.2908],[135.1421,35.2919],[135.132,35.2918],[135.1255,35.2909],[135.1239,35.2903],[135.121,35.2915],[135.1145,35.2929],[135.1078,35.2932],[135.1012,35.2924],[135.0949,35.2906],[135.0876,35.2863],[135.0818,35.2851],[135.0794,35.2841],[135.0785,35.2849],[135.0732,35.2879],[135.0674,35.2901],[135.0585,35.2915],[135.0516,35.2916],[135.0462,35.2908],[135.0457,35.2909],[135.0421,35.2909],[135.0389,35.2965],[135.0359,35.3002],[135.0298,35.3053],[135.0249,35.3084],[135.0237,35.3089],[135.0197,35.312],[135.0142,35.3149],[135.0082,35.3168],[135.0018,35.3177],[134.998,35.3176],[134.9958,35.3184],[134.9946,35.3186],[134.9938,35.319],[134.9835,35.3215],[134.9813,35.3217],[134.9791,35.3227],[134.9729,35.3243],[134.9714,35.3244],[134.967,35.328],[134.9611,35.3308],[134.9611,35.331],[134.9579,35.3443],[134.9555,35.3481],[134.956,35.3495],[134.9565,35.3541],[134.956,35.3588],[134.9544,35.3629],[134.956,35.3649],[134.9586,35.37],[134.9592,35.3738],[134.9601,35.3736],[134.9659,35.3677],[134.9666,35.3673],[134.9672,35.3667],[134.9696,35.365],[134.9712,35.3639],[134.9717,35.3636],[134.9722,35.3633],[134.9757,35.3618],[134.9774,35.361],[134.9776,35.3609],[134.9779,35.3608],[134.9841,35.3593],[134.9844,35.3593],[134.9906,35.3588],[134.9909,35.3588],[134.9912,35.3588],[134.9919,35.3589],[134.997,35.3593],[134.9982,35.3595],[134.9996,35.3598],[135.0001,35.3597],[135.0006,35.3597],[135.0009,35.3597],[135.002,35.3599],[135.0066,35.3602],[135.0087,35.3608],[135.0102,35.361],[135.0167,35.3629],[135.0229,35.3664],[135.0236,35.3665],[135.025,35.3671],[135.0258,35.3672],[135.0339,35.37],[135.0388,35.3724],[135.043,35.3754],[135.0473,35.3802],[135.0543,35.3808],[135.0608,35.3823],[135.0668,35.3848],[135.072,35.3882],[135.0763,35.3925],[135.0805,35.3995],[135.0824,35.4048],[135.0828,35.4092],[135.083,35.4113],[135.0833,35.4128],[135.0833,35.4132],[135.0833,35.4137],[135.0831,35.4154],[135.0832,35.4159],[135.0831,35.4163],[135.0832,35.417],[135.0826,35.4223],[135.0822,35.4232],[135.082,35.425],[135.0812,35.4276],[135.0816,35.431],[135.0824,35.4322],[135.0829,35.4335],[135.0835,35.4347],[135.0838,35.4359],[135.0843,35.4372],[135.0844,35.4387],[135.0848,35.44],[135.0847,35.4412],[135.0849,35.4425],[135.0847,35.444],[135.0847,35.4455],[135.0844,35.4463],[135.0843,35.4477],[135.0837,35.4496],[135.0835,35.4503],[135.0831,35.4533],[135.0823,35.4555],[135.0819,35.4575],[135.0798,35.4621],[135.077,35.4661],[135.0769,35.4663],[135.0763,35.4709],[135.0742,35.4766],[135.0737,35.4773],[135.0736,35.478],[135.0732,35.4793],[135.0745,35.4831],[135.0751,35.4873],[135.0756,35.4895],[135.0757,35.4941],[135.075,35.4973],[135.0761,35.4991],[135.0778,35.5043],[135.0782,35.5097],[135.0773,35.5151],[135.0766,35.5167],[135.0767,35.5193],[135.0752,35.5263],[135.0731,35.5311],[135.0722,35.5324],[135.0718,35.5338],[135.0716,35.5346],[135.07,35.5383],[135.0699,35.5412],[135.0684,35.547],[135.0654,35.5523],[135.0596,35.5583],[135.0547,35.5618],[135.0489,35.5644],[135.0427,35.5661],[135.0362,35.5667],[135.0357,35.5667],[135.0335,35.5671],[135.0238,35.5668],[135.0162,35.5654],[135.0147,35.5648],[135.0096,35.5644],[135.0038,35.5625],[135.0035,35.5625],[134.9996,35.5621],[134.9993,35.5621],[134.9982,35.5621],[134.9972,35.5622],[134.9954,35.562],[134.9933,35.562],[134.992,35.5617],[134.9908,35.5616],[134.9892,35.5613],[134.9874,35.5609],[134.9865,35.5606],[134.9862,35.5606],[134.9855,35.5605],[134.9835,35.5599],[134.9807,35.5592],[134.9799,35.5588],[134.979,35.5586],[134.9773,35.5577],[134.975,35.5567],[134.9741,35.5561],[134.9731,35.5556],[134.9718,35.5545],[134.9703,35.5535],[134.9679,35.5528],[134.9623,35.5501],[134.957,35.5483],[134.9516,35.5455],[134.9513,35.5453],[134.9503,35.5483],[134.9479,35.5528],[134.945,35.5559],[134.9426,35.5597],[134.9387,35.5636],[134.934,35.5669],[134.9301,35.5686],[134.929,35.5704],[134.9253,35.5743],[134.9207,35.5776],[134.9117,35.5816],[134.9097,35.583],[134.9079,35.5839],[134.9073,35.5848],[134.9061,35.586],[134.9053,35.5869],[134.9045,35.5876],[134.9041,35.588],[134.9035,35.5887],[134.9033,35.5889],[134.8992,35.593],[134.899,35.5931],[134.8989,35.5933],[134.8983,35.5936],[134.8979,35.5939],[134.898,35.5941],[134.8986,35.5973],[134.8986,35.5977],[134.8992,35.5996],[134.8993,35.6],[134.8994,35.6004],[134.8995,35.6015],[134.8996,35.6017],[134.8998,35.6019],[134.9025,35.6061],[134.9026,35.6062],[134.9039,35.6095],[134.9045,35.6106],[134.9054,35.6129],[134.9061,35.6145],[134.9062,35.6151],[134.9064,35.6157],[134.9068,35.6186],[134.907,35.6203],[134.907,35.6206],[134.907,35.6209],[134.9065,35.6252],[134.9064,35.6261],[134.9064,35.6262],[134.9055,35.6285],[134.9054,35.6294],[134.9048,35.631],[134.9043,35.6327],[134.9041,35.6331],[134.9045,35.6371],[134.9036,35.6425],[134.9014,35.6476],[134.9007,35.6486],[134.9008,35.6505],[134.9002,35.6545],[134.9007,35.6575],[134.9007,35.6588],[134.8997,35.6647],[134.8972,35.6702],[134.8933,35.6752],[134.8873,35.6799],[134.8815,35.6829],[134.8752,35.6848],[134.8684,35.6857],[134.8662,35.6855],[134.8631,35.6859],[134.8602,35.6863],[134.8563,35.6863],[134.8553,35.6864],[134.8488,35.6863],[134.8424,35.685],[134.8381,35.6835],[134.8367,35.6835],[134.8328,35.6861],[134.8273,35.6885],[134.8219,35.6898],[134.8187,35.6921],[134.8131,35.6947],[134.807,35.6964],[134.8006,35.6971],[134.7901,35.6962],[134.7856,35.6953],[134.7831,35.6969],[134.7764,35.6996],[134.7697,35.7012],[134.7628,35.7017],[134.7559,35.7009],[134.7494,35.699],[134.7419,35.695],[134.7383,35.6923],[134.7371,35.692],[134.7316,35.6934],[134.7251,35.6939],[134.7247,35.6939],[134.7243,35.694],[134.7182,35.6939],[134.7122,35.693],[134.7105,35.6924],[134.71,35.6924],[134.7018,35.6912],[134.7013,35.6913],[134.695,35.692],[134.6937,35.6919],[134.6906,35.6923],[134.6839,35.6922],[134.6781,35.6911],[134.6737,35.6926],[134.6669,35.6936],[134.6599,35.6935],[134.6532,35.6923],[134.6526,35.692],[134.6508,35.6918],[134.642,35.689],[134.6415,35.6889],[134.6411,35.6887],[134.6403,35.6884],[134.6381,35.6874],[134.6323,35.6873],[134.6262,35.6863],[134.6205,35.6843],[134.616,35.6818],[134.6125,35.6832],[134.6067,35.6845],[134.6006,35.685],[134.5984,35.6847],[134.5967,35.6853],[134.5901,35.6863],[134.5868,35.6863],[134.5859,35.6865],[134.58,35.6871],[134.5741,35.6869],[134.5683,35.6858],[134.568,35.6857],[134.5674,35.6863],[134.5583,35.6921],[134.5524,35.6948],[134.546,35.6965],[134.5393,35.6971],[134.5325,35.6966],[134.5261,35.695],[134.5239,35.694],[134.5229,35.6938],[134.5187,35.6937],[134.5157,35.6931],[134.5149,35.6931],[134.5083,35.6922],[134.5021,35.6902],[134.4965,35.6872],[134.4964,35.6871],[134.4941,35.6867],[134.4881,35.6843],[134.4827,35.6807],[134.481,35.68],[134.4795,35.6791],[134.4769,35.6779],[134.4765,35.6776],[134.4736,35.6765],[134.4725,35.6759],[134.4715,35.6754],[134.4704,35.6747],[134.4688,35.6739],[134.4675,35.6728],[134.4663,35.6722],[134.4634,35.6699],[134.4634,35.6698],[134.463,35.6695],[134.4585,35.6669],[134.4582,35.6666],[134.4575,35.6666],[134.451,35.6652],[134.4446,35.6624],[134.4428,35.6627],[134.4354,35.6626],[134.4294,35.6616],[134.4237,35.6598],[134.4185,35.6572],[134.4161,35.6553],[134.4125,35.6533],[134.4078,35.6494],[134.4074,35.6489],[134.405,35.6483],[134.4004,35.6463],[134.4001,35.6464],[134.3912,35.6465],[134.3841,35.6456],[134.3733,35.6417],[134.3722,35.6418],[134.3659,35.6414],[134.3599,35.64],[134.3543,35.6377],[134.3493,35.6346],[134.344,35.6294],[134.3407,35.625],[134.3386,35.6202],[134.3374,35.6123],[134.3378,35.6062],[134.3409,35.5983],[134.3442,35.5933],[134.3488,35.5889],[134.3544,35.5855],[134.3575,35.5843],[134.3604,35.5823],[134.3664,35.5794],[134.3716,35.5776],[134.3721,35.5776],[134.373,35.577],[134.3723,35.5746],[134.372,35.5698],[134.3727,35.5651],[134.3786,35.552],[134.3834,35.5468],[134.3879,35.5428],[134.3881,35.5427],[134.3883,35.5409],[134.3884,35.5406],[134.3879,35.5396],[134.3876,35.5353],[134.3835,35.5297],[134.3814,35.5254],[134.3798,35.5181],[134.3797,35.5127],[134.3809,35.5074],[134.3834,35.5024],[134.3881,35.4968],[134.3923,35.4933],[134.3951,35.4917],[134.3955,35.4895],[134.399,35.4827],[134.4002,35.4785],[134.4021,35.4756],[134.4014,35.473],[134.4013,35.4712],[134.4008,35.469],[134.4007,35.464],[134.4027,35.4565],[134.4047,35.452],[134.4056,35.4508],[134.4058,35.4498],[134.4061,35.4469],[134.4065,35.4449],[134.4065,35.4445],[134.4065,35.444],[134.4071,35.4395],[134.4072,35.4388],[134.4072,35.4387],[134.4091,35.4337],[134.4092,35.4335],[134.4093,35.4333],[134.4102,35.432],[134.4121,35.429],[134.4125,35.4286],[134.4128,35.4283],[134.4142,35.427],[134.4162,35.4249],[134.4169,35.4244],[134.4175,35.424],[134.4185,35.4234],[134.4212,35.4216],[134.4238,35.4204],[134.4273,35.4176],[134.4329,35.4146],[134.4335,35.4144],[134.4363,35.4129],[134.4418,35.4109],[134.4442,35.4104],[134.4452,35.4065],[134.4453,35.4062],[134.4451,35.4057],[134.4449,35.4039],[134.4432,35.401],[134.4413,35.3924],[134.4409,35.3917],[134.4389,35.3851],[134.4383,35.3792],[134.4394,35.3733],[134.4454,35.3624],[134.4489,35.3579],[134.4534,35.3541],[134.4588,35.3511],[134.4642,35.3492],[134.4652,35.3488],[134.4717,35.345],[134.4728,35.3445],[134.4724,35.3434],[134.4721,35.3411],[134.4711,35.339],[134.4694,35.3312],[134.4689,35.3253],[134.47,35.3195],[134.4704,35.3188],[134.4703,35.3182],[134.4713,35.3128],[134.4752,35.3048],[134.4777,35.3015],[134.477,35.2993],[134.4763,35.2935],[134.4769,35.289],[134.4748,35.2878],[134.4691,35.2855],[134.4607,35.2797],[134.4563,35.2754],[134.4542,35.2722],[134.4536,35.272],[134.4483,35.2685],[134.448,35.2683],[134.4422,35.2648],[134.4414,35.2642],[134.436,35.263],[134.4352,35.2627],[134.434,35.2623],[134.4332,35.2626],[134.4304,35.263],[134.4279,35.264],[134.4192,35.2661],[134.4163,35.2664],[134.4115,35.2675],[134.4027,35.268],[134.3966,35.2675],[134.3907,35.2661],[134.3853,35.2639],[134.3804,35.2608],[134.3763,35.2571],[134.3697,35.247],[134.3664,35.2455],[134.3651,35.2446],[134.3603,35.2416],[134.3562,35.238],[134.353,35.2338],[134.3495,35.2254],[134.3482,35.2198],[134.3483,35.2177],[134.3479,35.2166],[134.347,35.2097],[134.3475,35.2048],[134.3493,35.1994],[134.3502,35.1952],[134.3507,35.1938],[134.3511,35.1898],[134.3528,35.1844],[134.3559,35.1794],[134.3602,35.175],[134.3547,35.1718],[134.3537,35.1714],[134.3526,35.171],[134.3508,35.1701],[134.3491,35.1694],[134.3482,35.1688],[134.3473,35.1683],[134.3456,35.1671],[134.3441,35.166],[134.3435,35.1654],[134.3427,35.1648],[134.3413,35.1633],[134.34,35.1619],[134.3396,35.1613],[134.3391,35.1607],[134.3385,35.1596],[134.3383,35.1593],[134.3381,35.1591],[134.3343,35.1541],[134.3318,35.1499],[134.3295,35.1428],[134.3292,35.1399],[134.3291,35.1397],[134.3285,35.1391],[134.3256,35.1344],[134.3239,35.1293],[134.3236,35.1254],[134.3207,35.1187],[134.3196,35.1146],[134.3196,35.113],[134.3184,35.1124],[134.3179,35.1121],[134.3122,35.1106],[134.312,35.1105],[134.3118,35.1105],[134.3112,35.1102],[134.3079,35.1087],[134.3065,35.1083],[134.3052,35.1078],[134.3037,35.1073],[134.3023,35.1065],[134.3008,35.1058],[134.2997,35.1051],[134.2984,35.1044],[134.2971,35.1034],[134.2958,35.1025],[134.2949,35.1016],[134.2939,35.1008],[134.2928,35.0995],[134.2917,35.0984],[134.291,35.0974],[134.2903,35.0965],[134.2895,35.0951],[134.2887,35.0938],[134.2883,35.0927],[134.2877,35.0917],[134.2873,35.0901],[134.2868,35.0887],[134.2867,35.0876],[134.2864,35.0866],[134.2863,35.085],[134.2862,35.0834],[134.2863,35.0824],[134.2862,35.0814],[134.2865,35.0802],[134.2865,35.0801],[134.2869,35.076],[134.2859,35.0741],[134.2859,35.074],[134.2849,35.0727],[134.2828,35.068],[134.2826,35.0668],[134.2798,35.0657],[134.2779,35.0644],[134.2734,35.0636],[134.2646,35.0602],[134.2593,35.057],[134.2548,35.053],[134.2514,35.0485],[134.2496,35.044],[134.2471,35.0426],[134.2426,35.0391],[134.239,35.0349],[134.2374,35.032],[134.237,35.0316],[134.2339,35.0268],[134.2321,35.0215],[134.2318,35.0187],[134.2316,35.0184],[134.2306,35.0134],[134.2307,35.0084],[134.2319,35.0035],[134.2333,35.0007],[134.2347,34.996],[134.2374,34.9914],[134.239,34.9895],[134.2388,34.9892],[134.2388,34.9888],[134.2387,34.9885],[134.2386,34.9875],[134.2386,34.9873],[134.2374,34.9843],[134.2374,34.9841],[134.2373,34.9839],[134.2371,34.982],[134.2367,34.9792],[134.2367,34.9789],[134.2367,34.9787],[134.2369,34.9767],[134.2372,34.9741],[134.2373,34.9738],[134.2373,34.9734],[134.2378,34.9721],[134.237,34.9716],[134.2326,34.9673],[134.2317,34.9656],[134.2287,34.9631],[134.2252,34.9587],[134.222,34.9517],[134.2209,34.9475],[134.2209,34.9383],[134.222,34.9319],[134.2259,34.9246],[134.2298,34.9201],[134.24,34.913],[134.2459,34.9101],[134.2472,34.9097],[134.2476,34.9092],[134.2451,34.9073],[134.2438,34.9059],[134.2413,34.9044],[134.2371,34.9009],[134.2338,34.8968],[134.2315,34.8923],[134.2298,34.8856],[134.2297,34.8819],[134.228,34.8786],[134.2268,34.8729],[134.2261,34.872],[134.2245,34.8687],[134.2243,34.8684],[134.2222,34.8638],[134.2206,34.8515],[134.2223,34.8441],[134.2243,34.8389],[134.2275,34.834],[134.2291,34.8325],[134.2289,34.8298],[134.2315,34.8193],[134.2348,34.814],[134.2385,34.8095],[134.2433,34.8057],[134.2513,34.8017],[134.2566,34.7999],[134.2622,34.7989],[134.2679,34.7987],[134.27,34.799],[134.2701,34.7989],[134.2725,34.797],[134.2731,34.7962],[134.2778,34.7925],[134.2812,34.7907],[134.2826,34.7889],[134.2838,34.788],[134.2838,34.7876],[134.284,34.787],[134.2832,34.7839],[134.2832,34.7783],[134.2846,34.7728],[134.2873,34.7677],[134.2876,34.7674],[134.2882,34.7665],[134.2877,34.7657],[134.2856,34.7586],[134.285,34.7544],[134.2851,34.7534],[134.2851,34.7533],[134.2833,34.7505],[134.2812,34.745],[134.2803,34.7398],[134.2806,34.7345],[134.2821,34.7294],[134.2848,34.7246],[134.2895,34.7198],[134.2896,34.7188],[134.291,34.7136],[134.2935,34.7088],[134.2972,34.7045],[134.3018,34.7009],[134.3072,34.698],[134.3131,34.6961],[134.3194,34.6952],[134.3258,34.6952],[134.3321,34.6963],[134.338,34.6984],[134.3432,34.7014],[134.3477,34.7052],[134.3486,34.7065],[134.3515,34.7092],[134.3535,34.7095],[134.3541,34.7096],[134.3563,34.7099],[134.358,34.7092],[134.3668,34.7039],[134.3724,34.7013],[134.3786,34.6997],[134.385,34.6992],[134.3915,34.6997],[134.3977,34.7012],[134.4019,34.7002],[134.4082,34.6996],[134.4145,34.7],[134.4226,34.702],[134.4283,34.7043],[134.431,34.7061],[134.4327,34.7068],[134.4377,34.7103],[134.44,34.7127],[134.4403,34.7129],[134.4433,34.7162],[134.447,34.7189],[134.4524,34.7252],[134.4554,34.7271],[134.459,34.7275],[134.4648,34.729],[134.4655,34.7294],[134.4692,34.7286],[134.4753,34.7283],[134.4814,34.7289],[134.4872,34.7305],[134.4926,34.7329],[134.4937,34.7337],[134.4967,34.7352],[134.4983,34.7348],[134.4994,34.7347],[134.5006,34.7345],[134.5027,34.7344],[134.5047,34.7343],[134.5058,34.7344],[134.5069,34.7343],[134.509,34.7346],[134.5111,34.7348],[134.5121,34.7351],[134.5132,34.7352],[134.5152,34.7358],[134.5172,34.7363],[134.5181,34.7367],[134.5191,34.737],[134.521,34.738],[134.5229,34.7388],[134.5237,34.7393],[134.5245,34.7398],[134.5256,34.7406],[134.5279,34.7422],[134.5297,34.7434],[134.5316,34.7446],[134.5367,34.7436],[134.5376,34.7436],[134.5467,34.7387],[134.5494,34.737],[134.5555,34.7338],[134.5623,34.7318],[134.5726,34.7311],[134.5783,34.7314],[134.5876,34.7339],[134.5895,34.7334],[134.5986,34.7327],[134.6047,34.7331],[134.6106,34.7344],[134.6162,34.7365],[134.6211,34.7395],[134.6237,34.7417],[134.6271,34.7409],[134.6445,34.7404],[134.6502,34.7388],[134.6515,34.7386],[134.6562,34.7378],[134.6624,34.7374],[134.6671,34.7377],[134.6712,34.7352],[134.6769,34.733],[134.683,34.7317],[134.6894,34.7314],[134.6956,34.7321],[134.6994,34.7332],[134.7033,34.7334],[134.7094,34.7347],[134.715,34.737],[134.72,34.7401],[134.7222,34.742],[134.7242,34.7413],[134.7275,34.7408],[134.7296,34.7373],[134.7338,34.733],[134.7451,34.7261],[134.7509,34.7235],[134.7572,34.722],[134.7626,34.7216],[134.7675,34.7188],[134.7679,34.7187],[134.7742,34.7132],[134.7774,34.7111],[134.778,34.7092],[134.781,34.7042],[134.7851,34.6998],[134.7919,34.6953],[134.8052,34.6859],[134.8102,34.683],[134.8126,34.6821],[134.8155,34.6788],[134.82,34.6754],[134.8252,34.6727],[134.8334,34.6702],[134.8401,34.669],[134.8425,34.6685],[134.8639,34.6599],[134.87,34.6582],[134.8765,34.6575],[134.8829,34.6578],[134.884,34.6581],[134.886,34.6563],[134.8946,34.6516],[134.9014,34.6493],[134.9087,34.6484],[134.9098,34.6485],[134.9123,34.6477],[134.9169,34.6443],[134.9227,34.6416],[134.9266,34.6383],[134.9293,34.637],[134.9368,34.6307],[134.939,34.6297],[134.9423,34.6268],[134.949,34.623],[134.9547,34.6208],[134.9566,34.6205],[134.9577,34.6199],[134.955,34.6183],[134.9449,34.6082],[134.9433,34.6056],[134.9432,34.6056],[134.9429,34.6054],[134.9415,34.604],[134.9395,34.6021],[134.9392,34.6016],[134.9388,34.6013],[134.9378,34.5997],[134.9364,34.5978],[134.9362,34.5973],[134.9358,34.5966],[134.9353,34.5953],[134.9339,34.5933],[134.9339,34.5932],[134.9333,34.5916],[134.9316,34.59],[134.9287,34.5863],[134.9275,34.5853],[134.9231,34.5797],[134.9181,34.5762],[134.9159,34.5741],[134.9141,34.5736],[134.9135,34.5734],[134.9134,34.5734],[134.9131,34.5733],[134.9084,34.5712],[134.9082,34.5711],[134.9079,34.571],[134.9065,34.5701],[134.9063,34.57],[134.9041,34.569],[134.9035,34.5686],[134.9029,34.5683],[134.9021,34.5677],[134.8991,34.5656],[134.8967,34.5632],[134.8928,34.5601],[134.891,34.5572],[134.8906,34.557],[134.8902,34.5571],[134.8877,34.5573],[134.8874,34.5572],[134.887,34.5573],[134.8838,34.5569],[134.8814,34.5567],[134.8811,34.5567],[134.8808,34.5566],[134.8775,34.5558],[134.8752,34.5552],[134.8751,34.5551],[134.8749,34.5551],[134.8714,34.5535],[134.8696,34.5527],[134.8695,34.5527],[134.8694,34.5526],[134.8652,34.5497],[134.8646,34.5494],[134.8646,34.5493],[134.8628,34.5476],[134.8626,34.5475],[134.8581,34.545],[134.8534,34.5409],[134.8489,34.534],[134.847,34.5328],[134.8424,34.5285],[134.8384,34.522],[134.8351,34.5182],[134.8317,34.5119],[134.8293,34.5092],[134.8247,34.4997],[134.8217,34.4951],[134.8196,34.4953],[134.8131,34.4949],[134.8067,34.4934],[134.8009,34.491],[134.7958,34.4876],[134.7915,34.4835],[134.7896,34.48],[134.7835,34.4754],[134.7805,34.4711],[134.7786,34.4701],[134.7741,34.4666],[134.7662,34.4567],[134.7604,34.4415],[134.7592,34.4401],[134.7589,34.4393],[134.7566,34.4382],[134.7517,34.4346],[134.7473,34.4296],[134.7444,34.4245],[134.7429,34.4189],[134.7428,34.4159],[134.7395,34.4085],[134.7359,34.4067],[134.7308,34.4029],[134.7267,34.3983],[134.7232,34.3907],[134.7214,34.3878],[134.7192,34.3818],[134.7149,34.3719],[134.7108,34.3644],[134.7092,34.3597],[134.7071,34.3556],[134.7056,34.3532],[134.7053,34.353],[134.7006,34.3548],[134.6947,34.356],[134.6886,34.3563],[134.68,34.3551],[134.6734,34.3532],[134.6675,34.3503],[134.6625,34.3463],[134.6586,34.3416],[134.6583,34.3411],[134.6568,34.3405],[134.6515,34.3371],[134.6471,34.3328],[134.639,34.3183],[134.6383,34.318],[134.6335,34.315],[134.6295,34.3114],[134.6251,34.3053],[134.6229,34.3005],[134.6218,34.2955],[134.6218,34.2905],[134.623,34.2855],[134.6253,34.2808],[134.6276,34.2779],[134.6271,34.2757],[134.6269,34.2709],[134.6277,34.2661],[134.6295,34.2616],[134.6321,34.2577],[134.6321,34.2576],[134.6291,34.2529],[134.6268,34.2457],[134.6263,34.2404],[134.627,34.235],[134.629,34.2299],[134.6322,34.2252],[134.6364,34.2212],[134.6415,34.2179],[134.6474,34.2155],[134.6536,34.2141],[134.6601,34.2138],[134.6665,34.2145],[134.6684,34.2151],[134.6689,34.2131],[134.6689,34.2124],[134.6707,34.2073],[134.6736,34.2026],[134.6776,34.1984],[134.6825,34.195],[134.6881,34.1924],[134.6969,34.1905],[134.6968,34.1888],[134.6977,34.1838],[134.7003,34.1779],[134.7038,34.173],[134.7085,34.1687],[134.7141,34.1654],[134.7205,34.1632],[134.7275,34.1623],[134.7277,34.1623],[134.7284,34.1622],[134.7314,34.1619],[134.7327,34.1619],[134.7341,34.1618],[134.7365,34.162],[134.7383,34.162],[134.7393,34.1622],[134.7404,34.1623],[134.7431,34.1629],[134.7451,34.1633],[134.7451,34.1634],[134.7454,34.1634],[134.7467,34.1637],[134.7487,34.1641],[134.7497,34.1645],[134.7515,34.1649],[134.755,34.1665],[134.7551,34.1665],[134.7556,34.1666],[134.7562,34.1667],[134.7575,34.1671],[134.7612,34.168],[134.7616,34.1682],[134.7631,34.1685],[134.7656,34.169],[134.7667,34.1694],[134.7676,34.1697],[134.7689,34.1702],[134.7707,34.1709],[134.7717,34.1715],[134.7733,34.1722],[134.7774,34.1731],[134.7804,34.1725],[134.7793,34.1691],[134.7791,34.1636],[134.7793,34.1626],[134.7788,34.1598],[134.7788,34.1541],[134.7804,34.1484],[134.7833,34.1432],[134.7875,34.1386],[134.7947,34.1338],[134.801,34.131],[134.8079,34.1295],[134.818,34.1293],[134.8237,34.1301],[134.8259,34.1301],[134.8352,34.1324],[134.8409,34.1348],[134.846,34.138],[134.8502,34.1421],[134.8515,34.144],[134.8557,34.1474],[134.8591,34.1517],[134.8616,34.1564],[134.8639,34.1681],[134.8631,34.1748],[134.8617,34.1801],[134.8592,34.1851],[134.8554,34.1896],[134.8541,34.1905],[134.8516,34.1939],[134.8479,34.1968],[134.8505,34.1995],[134.8514,34.2003],[134.8515,34.2005],[134.8518,34.2007],[134.8526,34.202],[134.8529,34.2023],[134.8612,34.2068],[134.8755,34.2112],[134.8808,34.214],[134.8922,34.2174],[134.9002,34.2205],[134.9092,34.2251],[134.913,34.2275],[134.9154,34.2283],[134.9234,34.2293],[134.9282,34.231],[134.9351,34.2325],[134.9475,34.2371],[134.9534,34.2383],[134.958,34.2395],[134.9582,34.2396],[134.9584,34.2396],[134.9612,34.2408],[134.9613,34.2408],[134.9641,34.2416],[134.9659,34.2424],[134.9676,34.243],[134.9686,34.2436],[134.9698,34.2441],[134.9716,34.2453],[134.9731,34.2463],[134.9738,34.2469],[134.9747,34.2475],[134.9764,34.2492],[134.9778,34.2504],[134.9781,34.2508],[134.9788,34.2516],[134.9818,34.2562],[134.982,34.2569],[134.9823,34.2576],[134.9847,34.2614],[134.9848,34.2619],[134.9864,34.2636],[134.9891,34.2683],[134.9906,34.2732],[134.9909,34.2825],[134.9898,34.2889],[134.9846,34.2975],[134.9846,34.2977],[134.9845,34.2978],[134.9845,34.298],[134.984,34.2994],[134.983,34.3024],[134.9828,34.3027],[134.9827,34.303],[134.9817,34.3045],[134.9817,34.3046],[134.9803,34.3068],[134.98,34.3071],[134.9797,34.3077],[134.9768,34.3108],[134.9767,34.3108],[134.9759,34.3122],[134.9756,34.3125],[134.9753,34.3129],[134.9738,34.3144],[134.9722,34.3162],[134.9717,34.3166],[134.9712,34.317],[134.9695,34.3182],[134.9676,34.3196],[134.9669,34.3199],[134.9663,34.3203],[134.9644,34.3212],[134.9623,34.3222],[134.9614,34.3225],[134.9607,34.3228],[134.9587,34.3233],[134.9565,34.324],[134.9558,34.3241],[134.9517,34.3262],[134.9502,34.3269],[134.9498,34.3291],[134.9474,34.3372],[134.9474,34.3393],[134.9463,34.344],[134.9414,34.353],[134.938,34.3569],[134.9332,34.3611],[134.9297,34.3631],[134.9304,34.3658],[134.9306,34.3701],[134.9304,34.3714],[134.9307,34.3737],[134.9303,34.3787],[134.9294,34.3817],[134.9295,34.384],[134.9281,34.3901],[134.9278,34.3946],[134.9303,34.4019],[134.9314,34.4067],[134.9314,34.4077],[134.936,34.4122],[134.9399,34.4168],[134.94,34.417],[134.9505,34.4283],[134.9524,34.431],[134.9576,34.4358],[134.9611,34.4382],[134.9655,34.442],[134.969,34.4465],[134.9713,34.4514],[134.9716,34.453],[134.9721,34.4536],[134.9749,34.4597],[134.9782,34.4639],[134.9805,34.4675],[134.9814,34.4683],[134.9816,34.4686],[134.982,34.469],[134.9823,34.4695],[134.9832,34.4703],[134.9834,34.4706],[134.9855,34.4715],[134.9861,34.472],[134.9868,34.4723],[134.9878,34.4731],[134.9885,34.4736],[134.9908,34.4746],[134.9914,34.475],[134.992,34.4753],[134.9926,34.4759],[134.9957,34.4779],[134.9998,34.482],[134.9999,34.4821],[135.0026,34.4845],[135.0027,34.4846],[135.0029,34.4848],[135.0043,34.486],[135.0056,34.4875],[135.0068,34.4887],[135.0072,34.4893],[135.0078,34.49],[135.0088,34.4919],[135.0098,34.4933],[135.01,34.4939],[135.0104,34.4945],[135.0106,34.4952],[135.0161,34.5011],[135.0232,34.5126],[135.025,34.5176],[135.0261,34.5225],[135.0262,34.5275],[135.0265,34.5289],[135.0265,34.5308],[135.0267,34.5321],[135.0288,34.5342],[135.0308,34.5372],[135.037,34.5413],[135.0447,34.5492],[135.0493,34.5557],[135.0539,34.5622],[135.056,34.5664],[135.0577,34.5708],[135.0584,34.5754],[135.0574,34.5846],[135.056,34.5897],[135.0557,34.5902],[135.0556,34.5915],[135.0538,34.5972],[135.0536,34.5977],[135.0541,34.5977],[135.0575,34.5975],[135.0658,34.5986],[135.0719,34.6003],[135.0723,34.6005],[135.0819,34.6021],[135.0882,34.6038],[135.0939,34.6066],[135.0951,34.6075],[135.0996,34.6079],[135.107,34.6098],[135.1136,34.6118],[135.1202,34.6145],[135.1244,34.6147],[135.1246,34.6147],[135.1265,34.6147],[135.1274,34.6148],[135.1321,34.6143],[135.1386,34.6145],[135.1391,34.6146],[135.1393,34.6146],[135.1456,34.6154],[135.1583,34.6202],[135.1781,34.622],[135.1805,34.6173],[135.1842,34.6128],[135.1889,34.6091],[135.1961,34.6054],[135.2023,34.6034],[135.2089,34.6025],[135.2156,34.6027],[135.2206,34.6039],[135.2234,34.6041],[135.2266,34.6037],[135.2335,34.604],[135.2399,34.6054],[135.2417,34.6056],[135.2475,34.6064],[135.2548,34.6088],[135.2604,34.6117],[135.2652,34.6154],[135.269,34.6199],[135.2716,34.6248],[135.2836,34.6245],[135.2896,34.625],[135.2955,34.6265],[135.3009,34.6289],[135.3056,34.6321],[135.3096,34.6359],[135.3127,34.6402],[135.3147,34.645],[135.3156,34.65],[135.3138,34.663],[135.3164,34.6652],[135.3198,34.6697],[135.3221,34.6747],[135.3228,34.678],[135.3242,34.678],[135.3298,34.679],[135.3344,34.6744],[135.3391,34.6702],[135.3407,34.669],[135.3409,34.6688],[135.3445,34.6653]]],[[[134.4027,34.6582],[134.402,34.6565],[134.4008,34.6515],[134.4007,34.6465],[134.4017,34.6415],[134.4038,34.6368],[134.407,34.6325],[134.4127,34.6274],[134.4181,34.6241],[134.4241,34.6218],[134.4307,34.6205],[134.4374,34.6203],[134.443,34.6212],[134.4442,34.6202],[134.4491,34.6175],[134.4535,34.616],[134.4534,34.6159],[134.4528,34.6152],[134.4522,34.6146],[134.4512,34.6131],[134.45,34.6115],[134.4499,34.6112],[134.4476,34.6083],[134.4449,34.6028],[134.4437,34.5943],[134.4441,34.589],[134.4456,34.5839],[134.4484,34.5792],[134.4522,34.5749],[134.457,34.5714],[134.4625,34.5687],[134.4685,34.567],[134.477,34.5661],[134.4844,34.5665],[134.4894,34.5677],[134.4918,34.5681],[134.4977,34.5701],[134.503,34.5731],[134.51,34.5793],[134.5134,34.5833],[134.5162,34.5889],[134.5166,34.5899],[134.518,34.5952],[134.5181,34.6007],[134.5169,34.606],[134.5166,34.6066],[134.5214,34.6097],[134.5221,34.6104],[134.5246,34.6109],[134.5307,34.6131],[134.5347,34.6154],[134.5364,34.6155],[134.5367,34.6156],[134.5369,34.6156],[134.5387,34.6161],[134.5421,34.6168],[134.5425,34.617],[134.5431,34.6171],[134.5442,34.6176],[134.5469,34.6184],[134.5478,34.6188],[134.5489,34.6191],[134.5508,34.6201],[134.5525,34.6209],[134.5533,34.6214],[134.5542,34.6218],[134.5559,34.6231],[134.5575,34.6242],[134.5581,34.6248],[134.5588,34.6253],[134.56,34.6267],[134.5611,34.6262],[134.5708,34.6243],[134.5776,34.624],[134.5843,34.6248],[134.5907,34.6268],[134.5963,34.6299],[134.5968,34.63],[134.6027,34.6325],[134.6078,34.6359],[134.612,34.6401],[134.6139,34.6429],[134.6173,34.6461],[134.6203,34.6503],[134.621,34.6518],[134.6217,34.6519],[134.6282,34.6548],[134.6319,34.657],[134.6358,34.6564],[134.644,34.6567],[134.6498,34.6577],[134.6553,34.6596],[134.6603,34.6623],[134.6647,34.6657],[134.6682,34.6697],[134.6716,34.676],[134.6732,34.6808],[134.6736,34.6858],[134.6729,34.6908],[134.6712,34.6955],[134.6684,34.7],[134.6638,34.7046],[134.663,34.7053],[134.6578,34.709],[134.6499,34.7123],[134.644,34.7138],[134.6379,34.7144],[134.6318,34.714],[134.6258,34.7127],[134.6202,34.7104],[134.6153,34.7074],[134.6133,34.7056],[134.6129,34.7056],[134.6096,34.7058],[134.609,34.7058],[134.6084,34.7058],[134.6062,34.7056],[134.6033,34.7053],[134.6032,34.7053],[134.6011,34.7052],[134.6008,34.7051],[134.6004,34.7051],[134.597,34.7042],[134.5947,34.7037],[134.5945,34.7036],[134.5943,34.7036],[134.5905,34.7019],[134.5888,34.7011],[134.5887,34.7011],[134.5886,34.7011],[134.5884,34.7009],[134.5866,34.7017],[134.5798,34.7034],[134.57,34.7038],[134.5635,34.703],[134.5621,34.7027],[134.5611,34.7031],[134.5589,34.7053],[134.5538,34.7089],[134.5478,34.7115],[134.5413,34.713],[134.5345,34.7135],[134.5278,34.7128],[134.5267,34.7124],[134.5236,34.7122],[134.5135,34.7094],[134.5099,34.7079],[134.5051,34.7069],[134.5019,34.7056],[134.5009,34.7054],[134.4951,34.7032],[134.4899,34.7001],[134.4873,34.6979],[134.4869,34.6979],[134.4864,34.6979],[134.486,34.6979],[134.4838,34.6977],[134.4808,34.6976],[134.4802,34.6974],[134.4796,34.6974],[134.4775,34.6969],[134.4748,34.6963],[134.4741,34.696],[134.4735,34.6959],[134.4716,34.695],[134.4693,34.6941],[134.4689,34.6939],[134.4658,34.6939],[134.4599,34.6929],[134.4542,34.691],[134.4493,34.6884],[134.449,34.6883],[134.4434,34.6853],[134.4386,34.6815],[134.438,34.6807],[134.4359,34.6807],[134.4294,34.6795],[134.4233,34.6772],[134.42,34.676],[134.4144,34.6731],[134.4097,34.6694],[134.4059,34.6649],[134.4027,34.6582]]],[[[134.7217,34.7147],[134.7211,34.7148],[134.7141,34.7154],[134.7071,34.7148],[134.7004,34.713],[134.6944,34.71],[134.6882,34.7051],[134.6845,34.7007],[134.6818,34.6959],[134.6804,34.6907],[134.6803,34.6854],[134.6821,34.6782],[134.6843,34.6734],[134.6876,34.669],[134.6919,34.6653],[134.697,34.6622],[134.7027,34.66],[134.7088,34.6588],[134.7163,34.6586],[134.7228,34.6593],[134.729,34.6611],[134.7346,34.6639],[134.7394,34.6676],[134.7433,34.672],[134.746,34.6769],[134.7479,34.685],[134.748,34.6899],[134.7471,34.6949],[134.7451,34.6995],[134.7421,34.7038],[134.7381,34.7076],[134.7334,34.7107],[134.7281,34.7131],[134.7217,34.7147]]]]},"properties":{"prefectureName":"兵庫県","prefectureCode":"28"}},
{"type":"Feature","geometry":{"type":"Polygon","coordinates":[[[136.079,34.7573],[136.0773,34.7587],[136.0761,34.7594],[136.0712,34.7622],[136.0643,34.7645],[136.0525,34.7656],[136.0472,34.7655],[136.0389,34.7639],[136.0358,34.7631],[136.0304,34.7614],[136.0236,34.7578],[136.018,34.7536],[136.0129,34.7464],[136.01,34.7505],[136.0078,34.7525],[136.007,34.7536],[136.0027,34.7573],[135.9977,34.7603],[135.9964,34.7608],[135.9955,34.7615],[135.9905,34.7648],[135.9848,34.7672],[135.9786,34.7686],[135.9762,34.7688],[135.9718,34.7714],[135.9662,34.7736],[135.9603,34.7749],[135.9542,34.7752],[135.9531,34.7751],[135.9482,34.7787],[135.9424,34.7814],[135.9315,34.784],[135.9252,34.7846],[135.9188,34.7842],[135.9126,34.7828],[135.9069,34.7805],[135.9042,34.7787],[135.9036,34.7786],[135.9032,34.7784],[135.9028,34.7783],[135.9007,34.7773],[135.8979,34.7761],[135.8975,34.7758],[135.897,34.7755],[135.8952,34.7743],[135.893,34.7727],[135.8925,34.7723],[135.892,34.7719],[135.8906,34.7704],[135.8889,34.7687],[135.8885,34.768],[135.888,34.7675],[135.8874,34.7664],[135.8858,34.764],[135.8852,34.7625],[135.8838,34.7606],[135.8836,34.7601],[135.8833,34.7596],[135.8827,34.7579],[135.8813,34.7561],[135.8803,34.7554],[135.8762,34.7515],[135.876,34.7511],[135.8741,34.7499],[135.8701,34.7458],[135.8671,34.7412],[135.8665,34.7396],[135.8598,34.7373],[135.8575,34.7361],[135.8556,34.7357],[135.8548,34.7353],[135.8537,34.7358],[135.8516,34.7367],[135.8508,34.7369],[135.85,34.7372],[135.8488,34.7374],[135.8454,34.7382],[135.8438,34.7385],[135.8428,34.7387],[135.8414,34.7392],[135.8398,34.7394],[135.8382,34.7398],[135.8365,34.74],[135.835,34.7402],[135.8334,34.7402],[135.8318,34.7404],[135.831,34.7403],[135.8292,34.7404],[135.8256,34.7418],[135.8241,34.7428],[135.8222,34.7441],[135.8221,34.7442],[135.8219,34.7443],[135.8184,34.7458],[135.8164,34.7467],[135.8163,34.7467],[135.8162,34.7468],[135.8101,34.7483],[135.81,34.7483],[135.8096,34.7484],[135.8075,34.7491],[135.8063,34.7492],[135.8053,34.7495],[135.8045,34.7495],[135.8017,34.7505],[135.7963,34.7514],[135.7837,34.7514],[135.782,34.7534],[135.7779,34.7565],[135.7771,34.7582],[135.7733,34.763],[135.7666,34.768],[135.7648,34.7689],[135.7644,34.7697],[135.7642,34.7698],[135.764,34.7701],[135.7632,34.7723],[135.7631,34.7741],[135.7626,34.7755],[135.7625,34.7789],[135.7601,34.7856],[135.7576,34.7906],[135.7541,34.795],[135.7495,34.7988],[135.7441,34.8018],[135.738,34.8038],[135.7316,34.8048],[135.7282,34.8048],[135.7279,34.8049],[135.727,34.8051],[135.7246,34.8062],[135.7187,34.8077],[135.7126,34.8083],[135.7064,34.8079],[135.7005,34.8066],[135.6991,34.806],[135.6926,34.8032],[135.687,34.7997],[135.6825,34.7953],[135.6792,34.7903],[135.6773,34.7847],[135.6773,34.7844],[135.675,34.7796],[135.6739,34.7744],[135.6741,34.769],[135.6743,34.7681],[135.6719,34.7659],[135.6682,34.7611],[135.6659,34.7558],[135.6652,34.7506],[135.6646,34.7487],[135.6643,34.737],[135.6654,34.7339],[135.6578,34.7289],[135.654,34.7255],[135.6508,34.7216],[135.6507,34.7213],[135.6487,34.7198],[135.645,34.7157],[135.6423,34.7111],[135.6407,34.7062],[135.6404,34.6994],[135.6406,34.698],[135.6403,34.6969],[135.6403,34.6901],[135.6409,34.6851],[135.6426,34.6804],[135.6427,34.6802],[135.642,34.6793],[135.6415,34.6783],[135.6408,34.6772],[135.6402,34.6756],[135.6395,34.6741],[135.6394,34.6734],[135.6389,34.6722],[135.6387,34.6706],[135.6384,34.67],[135.6382,34.6692],[135.638,34.6685],[135.6379,34.6678],[135.6371,34.6669],[135.6344,34.6626],[135.6321,34.6551],[135.6315,34.6494],[135.6316,34.6486],[135.6309,34.647],[135.63,34.6426],[135.6301,34.641],[135.6291,34.6371],[135.6291,34.6341],[135.6279,34.6318],[135.6268,34.6279],[135.6255,34.6269],[135.6223,34.6229],[135.6191,34.6164],[135.6176,34.6109],[135.6175,34.6053],[135.6189,34.5998],[135.6216,34.5946],[135.6218,34.5944],[135.6235,34.5911],[135.6267,34.5871],[135.6308,34.5836],[135.6343,34.5816],[135.6314,34.5792],[135.628,34.575],[135.6257,34.5703],[135.6244,34.5654],[135.6244,34.5646],[135.6226,34.5604],[135.6222,34.558],[135.622,34.5577],[135.6192,34.5525],[135.6178,34.5469],[135.6178,34.5412],[135.6194,34.5356],[135.6236,34.5286],[135.6284,34.5235],[135.6315,34.5215],[135.6336,34.5176],[135.6371,34.513],[135.6413,34.5093],[135.641,34.5085],[135.6403,34.5034],[135.6408,34.4983],[135.6424,34.4933],[135.6452,34.4887],[135.6476,34.4863],[135.6483,34.4826],[135.6487,34.4819],[135.6486,34.4787],[135.6501,34.4717],[135.6493,34.4631],[135.6493,34.4588],[135.6499,34.4566],[135.6499,34.4535],[135.6504,34.4512],[135.6492,34.4482],[135.6492,34.4479],[135.642,34.4428],[135.6377,34.4388],[135.6345,34.4342],[135.6324,34.4291],[135.6316,34.4238],[135.6321,34.4185],[135.6338,34.4134],[135.6356,34.4105],[135.6354,34.4102],[135.6337,34.4076],[135.6324,34.4062],[135.6315,34.4047],[135.6273,34.4016],[135.6233,34.3973],[135.6204,34.3923],[135.6188,34.387],[135.6191,34.374],[135.623,34.365],[135.624,34.3603],[135.6254,34.3565],[135.6279,34.3526],[135.6291,34.3508],[135.629,34.3507],[135.6282,34.3451],[135.6282,34.3445],[135.6279,34.343],[135.6279,34.342],[135.6279,34.3419],[135.6276,34.3414],[135.6264,34.3356],[135.6276,34.3258],[135.6277,34.3253],[135.6278,34.3249],[135.628,34.3242],[135.6282,34.3222],[135.6283,34.3219],[135.6283,34.3217],[135.6291,34.3195],[135.6299,34.3171],[135.6301,34.3169],[135.6302,34.3166],[135.6315,34.3146],[135.6328,34.3125],[135.633,34.3122],[135.6332,34.312],[135.634,34.3111],[135.6338,34.3097],[135.6343,34.304],[135.636,34.299],[135.636,34.298],[135.6366,34.2934],[135.6387,34.2875],[135.6404,34.2846],[135.6403,34.2844],[135.6403,34.2791],[135.6415,34.2739],[135.6447,34.2677],[135.647,34.2646],[135.6486,34.2616],[135.6526,34.2569],[135.6576,34.253],[135.6577,34.253],[135.6584,34.2523],[135.6607,34.2505],[135.6547,34.2489],[135.6492,34.2463],[135.6485,34.2459],[135.6474,34.2459],[135.6411,34.2453],[135.6351,34.2437],[135.6296,34.2412],[135.6248,34.2378],[135.6243,34.2372],[135.623,34.2366],[135.6158,34.2302],[135.6125,34.2263],[135.6106,34.2227],[135.6085,34.2208],[135.6051,34.2162],[135.6029,34.2112],[135.6019,34.2059],[135.6021,34.2033],[135.6017,34.2017],[135.6017,34.1961],[135.6025,34.1931],[135.6024,34.193],[135.601,34.191],[135.598,34.1883],[135.5968,34.1867],[135.5948,34.185],[135.5912,34.18],[135.5905,34.1785],[135.5894,34.178],[135.5877,34.1775],[135.5859,34.1767],[135.5845,34.1762],[135.5837,34.1757],[135.5821,34.175],[135.5819,34.1749],[135.5766,34.1732],[135.5712,34.1705],[135.5639,34.1645],[135.5604,34.1606],[135.5579,34.1564],[135.557,34.1539],[135.5548,34.1504],[135.5531,34.1452],[135.5526,34.1398],[135.5527,34.1396],[135.5514,34.1369],[135.5512,34.1368],[135.5488,34.1358],[135.5484,34.1355],[135.5477,34.1352],[135.5438,34.1326],[135.5437,34.1326],[135.5421,34.1319],[135.5419,34.1318],[135.5405,34.1311],[135.5356,34.1281],[135.5314,34.1243],[135.5307,34.1234],[135.527,34.1214],[135.5228,34.118],[135.5193,34.1141],[135.5157,34.1073],[135.5141,34.1022],[135.5137,34.0968],[135.5142,34.0939],[135.514,34.0936],[135.5128,34.0922],[135.5118,34.0907],[135.5108,34.0893],[135.5104,34.0884],[135.5098,34.0875],[135.5092,34.0858],[135.5084,34.0843],[135.5083,34.0835],[135.5079,34.0825],[135.5074,34.0784],[135.5072,34.0771],[135.5074,34.0725],[135.5084,34.0679],[135.5104,34.0636],[135.5161,34.0564],[135.5201,34.0526],[135.5223,34.0512],[135.5236,34.0498],[135.5317,34.045],[135.5318,34.0449],[135.5392,34.0404],[135.543,34.0394],[135.5453,34.0373],[135.5503,34.0342],[135.5559,34.032],[135.562,34.0307],[135.5621,34.0307],[135.5602,34.0268],[135.5591,34.0218],[135.5591,34.0168],[135.5624,34.0058],[135.5644,34.0014],[135.5674,33.9974],[135.5732,33.9922],[135.5778,33.9891],[135.583,33.9868],[135.5886,33.9853],[135.5945,33.9847],[135.5977,33.9848],[135.5993,33.9829],[135.5997,33.9825],[135.6009,33.9798],[135.6022,33.978],[135.5964,33.9747],[135.5923,33.9714],[135.5889,33.9675],[135.5861,33.9621],[135.5858,33.9617],[135.5857,33.9613],[135.5854,33.9607],[135.5849,33.9592],[135.584,33.9566],[135.5838,33.9555],[135.5836,33.9547],[135.5836,33.9539],[135.5835,33.9537],[135.5835,33.9532],[135.5833,33.9528],[135.5831,33.95],[135.5786,33.9406],[135.5772,33.9353],[135.5771,33.9298],[135.5776,33.9276],[135.5751,33.9256],[135.5715,33.9212],[135.569,33.9164],[135.5677,33.9112],[135.5676,33.906],[135.5688,33.9008],[135.5689,33.9007],[135.569,33.8997],[135.5692,33.8978],[135.5692,33.8976],[135.5693,33.8973],[135.5705,33.894],[135.571,33.8925],[135.5711,33.8924],[135.5711,33.8922],[135.5741,33.8876],[135.5742,33.8876],[135.5746,33.8871],[135.5782,33.8835],[135.5783,33.8834],[135.5784,33.8833],[135.579,33.8829],[135.5831,33.8802],[135.5832,33.8801],[135.5848,33.879],[135.5862,33.878],[135.5855,33.8731],[135.5859,33.8681],[135.5873,33.8633],[135.5897,33.8587],[135.5932,33.8547],[135.5975,33.8512],[135.6025,33.8484],[135.608,33.8464],[135.6163,33.8451],[135.6229,33.8449],[135.6294,33.8459],[135.6304,33.8462],[135.6314,33.8462],[135.6381,33.8472],[135.6444,33.8493],[135.6447,33.8495],[135.6473,33.8496],[135.6494,33.8501],[135.6549,33.8506],[135.6614,33.8523],[135.6687,33.8561],[135.6709,33.8578],[135.6745,33.8595],[135.6791,33.8627],[135.6829,33.8666],[135.6842,33.8685],[135.6876,33.8724],[135.696,33.8751],[135.699,33.8766],[135.7054,33.8767],[135.7055,33.8767],[135.708,33.8761],[135.7113,33.8759],[135.7166,33.8727],[135.7177,33.8723],[135.7178,33.8722],[135.7252,33.8675],[135.7313,33.865],[135.7314,33.8649],[135.7323,33.8644],[135.7377,33.8624],[135.7397,33.862],[135.7436,33.8603],[135.7493,33.8588],[135.7553,33.8582],[135.7613,33.8586],[135.7672,33.8599],[135.7694,33.8609],[135.7711,33.8611],[135.773,33.8616],[135.7763,33.8613],[135.7822,33.8615],[135.791,33.8635],[135.7962,33.8653],[135.7999,33.8675],[135.8004,33.8676],[135.8028,33.8687],[135.8069,33.8692],[135.8136,33.8707],[135.8185,33.8728],[135.8215,33.8716],[135.8228,33.8677],[135.8257,33.8629],[135.8294,33.8594],[135.8321,33.8527],[135.8322,33.8525],[135.8322,33.8524],[135.833,33.8511],[135.8348,33.8483],[135.835,33.848],[135.8352,33.8477],[135.8365,33.8464],[135.8384,33.8444],[135.8389,33.844],[135.8392,33.8437],[135.8408,33.8426],[135.8428,33.8411],[135.8435,33.8408],[135.8442,33.8403],[135.8459,33.8395],[135.849,33.8375],[135.8498,33.8372],[135.8505,33.8367],[135.8531,33.8357],[135.8547,33.835],[135.8552,33.8349],[135.8557,33.8347],[135.8593,33.8338],[135.8607,33.8335],[135.861,33.8334],[135.8612,33.8334],[135.8624,33.8333],[135.8648,33.8331],[135.8652,33.833],[135.8668,33.8327],[135.8693,33.8325],[135.8716,33.8322],[135.8724,33.8323],[135.8731,33.8322],[135.8758,33.8324],[135.8781,33.8325],[135.8788,33.8327],[135.8795,33.8327],[135.8821,33.8334],[135.8844,33.8339],[135.885,33.8341],[135.8856,33.8343],[135.8881,33.8354],[135.8903,33.8363],[135.8904,33.8364],[135.8907,33.8365],[135.8912,33.8368],[135.8934,33.8383],[135.8954,33.8396],[135.8957,33.8399],[135.8961,33.8401],[135.8977,33.8418],[135.898,33.8421],[135.8997,33.8437],[135.8999,33.8439],[135.9001,33.8442],[135.9016,33.8466],[135.9017,33.8467],[135.9027,33.8477],[135.9054,33.8525],[135.9069,33.8577],[135.9071,33.86],[135.9118,33.8669],[135.9142,33.8722],[135.9151,33.8779],[135.9146,33.8836],[135.9141,33.8849],[135.9193,33.8884],[135.9235,33.8928],[135.9247,33.8949],[135.9292,33.8973],[135.9337,33.9009],[135.9373,33.9052],[135.9399,33.91],[135.9419,33.9193],[135.9422,33.9242],[135.9413,33.929],[135.9394,33.9336],[135.9366,33.9379],[135.9329,33.9416],[135.9323,33.942],[135.9337,33.944],[135.9342,33.9443],[135.9397,33.9486],[135.9399,33.9489],[135.9403,33.9488],[135.9468,33.9492],[135.9555,33.9514],[135.961,33.9538],[135.9623,33.9546],[135.9687,33.956],[135.9744,33.9582],[135.976,33.9591],[135.9802,33.9594],[135.9859,33.9607],[135.9912,33.9628],[135.9974,33.9667],[135.9979,33.9672],[136.0016,33.9687],[136.0065,33.9717],[136.0107,33.9755],[136.0146,33.9811],[136.0148,33.9817],[136.0214,33.9851],[136.0266,33.9889],[136.0306,33.9935],[136.0344,34.0019],[136.0352,34.0029],[136.0367,34.0038],[136.0383,34.0056],[136.0393,34.0058],[136.0421,34.0063],[136.0428,34.0066],[136.0434,34.0064],[136.0495,34.0053],[136.0558,34.0053],[136.0608,34.0061],[136.064,34.0044],[136.0699,34.0026],[136.0702,34.0026],[136.0714,34.0021],[136.0754,34.0013],[136.0823,33.9982],[136.0886,33.9963],[136.0952,33.9955],[136.1019,33.9959],[136.1083,33.9974],[136.1116,33.9988],[136.115,34],[136.12,34.0026],[136.1212,34.0036],[136.1219,34.0039],[136.1273,34.0078],[136.1311,34.0115],[136.134,34.0157],[136.136,34.0203],[136.1369,34.0251],[136.1368,34.0299],[136.1351,34.0355],[136.1351,34.0376],[136.1336,34.0432],[136.1332,34.0439],[136.1322,34.0476],[136.1299,34.0522],[136.1291,34.0531],[136.1295,34.0556],[136.1295,34.0574],[136.1312,34.0579],[136.1385,34.0622],[136.1429,34.0659],[136.1464,34.0702],[136.1488,34.0751],[136.15,34.0802],[136.1501,34.0854],[136.1484,34.0918],[136.1464,34.0962],[136.1434,34.1002],[136.1403,34.1031],[136.1404,34.1042],[136.1395,34.1093],[136.1375,34.1142],[136.1373,34.1145],[136.1394,34.1185],[136.1407,34.1234],[136.1407,34.1312],[136.1396,34.1368],[136.1383,34.1394],[136.1387,34.141],[136.1397,34.1423],[136.1407,34.1445],[136.1421,34.1462],[136.1448,34.1506],[136.1466,34.1553],[136.1473,34.1602],[136.1468,34.1652],[136.144,34.173],[136.1436,34.1736],[136.1433,34.1751],[136.1413,34.1792],[136.1414,34.1796],[136.1413,34.1801],[136.1414,34.1808],[136.1412,34.1822],[136.1414,34.1851],[136.1413,34.1861],[136.1413,34.1872],[136.141,34.1889],[136.1408,34.1904],[136.1405,34.1913],[136.1403,34.1922],[136.1398,34.1932],[136.1479,34.2025],[136.1497,34.207],[136.1511,34.2121],[136.1512,34.2173],[136.1504,34.2217],[136.1513,34.2223],[136.1558,34.2261],[136.1593,34.2306],[136.1617,34.2356],[136.1632,34.2446],[136.1631,34.2447],[136.1636,34.2459],[136.1644,34.2513],[136.1639,34.2568],[136.1621,34.262],[136.159,34.2668],[136.1566,34.2691],[136.1553,34.2711],[136.1536,34.273],[136.1535,34.2736],[136.1513,34.2787],[136.1464,34.2848],[136.1447,34.2878],[136.143,34.2897],[136.1475,34.2937],[136.148,34.294],[136.1528,34.2973],[136.1567,34.3013],[136.1596,34.3058],[136.1614,34.3107],[136.1621,34.3158],[136.1616,34.3209],[136.16,34.3258],[136.1554,34.3328],[136.1551,34.3331],[136.1548,34.3335],[136.1517,34.3367],[136.149,34.3408],[136.1424,34.3467],[136.1368,34.3501],[136.1325,34.3517],[136.1321,34.3526],[136.131,34.3543],[136.1306,34.3574],[136.1289,34.3622],[136.1288,34.3623],[136.1288,34.3627],[136.1269,34.3671],[136.1265,34.3682],[136.1242,34.3727],[136.1241,34.3728],[136.1239,34.3742],[136.1191,34.3849],[136.1172,34.3878],[136.1171,34.388],[136.1144,34.393],[136.1125,34.3953],[136.1169,34.4004],[136.1202,34.4053],[136.1221,34.4103],[136.1225,34.4104],[136.1305,34.4138],[136.1335,34.4156],[136.1342,34.4155],[136.1346,34.4153],[136.1362,34.4151],[136.1378,34.4147],[136.1396,34.4145],[136.1412,34.4143],[136.1427,34.4143],[136.1442,34.4141],[136.1462,34.4143],[136.148,34.4143],[136.1489,34.4145],[136.1506,34.4147],[136.1519,34.4149],[136.1544,34.4151],[136.1565,34.4152],[136.1571,34.4154],[136.1578,34.4154],[136.1614,34.4163],[136.1633,34.4167],[136.1636,34.4169],[136.1639,34.417],[136.1687,34.4191],[136.1763,34.4186],[136.1834,34.4189],[136.1903,34.4204],[136.1905,34.4205],[136.1909,34.4205],[136.1957,34.4225],[136.1967,34.4224],[136.202,34.4215],[136.2084,34.4215],[136.2147,34.4225],[136.2206,34.4245],[136.2272,34.4282],[136.2316,34.4318],[136.2351,34.436],[136.2376,34.4406],[136.2386,34.4443],[136.2405,34.4495],[136.2413,34.455],[136.241,34.4567],[136.2411,34.4568],[136.2446,34.4617],[136.2466,34.4667],[136.2478,34.4673],[136.2526,34.4708],[136.2564,34.475],[136.2605,34.4826],[136.262,34.4874],[136.2625,34.4924],[136.261,34.5002],[136.2591,34.5054],[136.2559,34.5101],[136.2523,34.5135],[136.2524,34.5147],[136.2523,34.5188],[136.25,34.5271],[136.2492,34.529],[136.2489,34.5324],[136.2473,34.5374],[136.2445,34.5421],[136.2407,34.5462],[136.236,34.5497],[136.2286,34.5531],[136.2229,34.5548],[136.2122,34.5559],[136.2057,34.5558],[136.1994,34.5545],[136.197,34.5536],[136.196,34.5549],[136.1918,34.5587],[136.1907,34.561],[136.1897,34.5624],[136.1895,34.5632],[136.187,34.568],[136.1863,34.5689],[136.1862,34.569],[136.1834,34.5738],[136.1795,34.578],[136.1747,34.5815],[136.1692,34.5842],[136.1631,34.5859],[136.1567,34.5867],[136.1498,34.5861],[136.1457,34.5872],[136.1391,34.5879],[136.1324,34.5874],[136.126,34.5859],[136.1201,34.5833],[136.1189,34.5825],[136.1145,34.5834],[136.1078,34.5837],[136.1054,34.5834],[136.1051,34.5834],[136.1003,34.5844],[136.0964,34.5866],[136.0952,34.587],[136.095,34.5872],[136.0861,34.5918],[136.0848,34.5922],[136.0846,34.5966],[136.0845,34.597],[136.0846,34.5972],[136.0848,34.5973],[136.0886,34.6009],[136.0927,34.6038],[136.0968,34.6082],[136.1008,34.6157],[136.1019,34.6195],[136.1039,34.6235],[136.1044,34.6253],[136.1051,34.6268],[136.1062,34.632],[136.1058,34.6395],[136.1047,34.6436],[136.1056,34.6445],[136.1084,34.6491],[136.1085,34.6496],[136.1127,34.6555],[136.1151,34.6607],[136.1155,34.6632],[136.1172,34.666],[136.1189,34.6713],[136.1192,34.6767],[136.1182,34.6821],[136.1143,34.6899],[136.1127,34.692],[136.111,34.6952],[136.1108,34.6955],[136.1102,34.6977],[136.1079,34.7023],[136.1072,34.7032],[136.1066,34.705],[136.1046,34.7095],[136.1035,34.7109],[136.1035,34.711],[136.1038,34.7166],[136.1026,34.7222],[136.101,34.7251],[136.1006,34.7264],[136.1002,34.7291],[136.1002,34.7292],[136.1001,34.7293],[136.0984,34.734],[136.0984,34.7341],[136.0983,34.7342],[136.0977,34.7352],[136.0957,34.7384],[136.0955,34.7386],[136.0953,34.7389],[136.0924,34.7418],[136.0923,34.7419],[136.0911,34.7436],[136.0898,34.7456],[136.0894,34.7461],[136.089,34.7466],[136.0882,34.7473],[136.0881,34.7474],[136.0873,34.7486],[136.0872,34.7487],[136.0871,34.7488],[136.0867,34.7492],[136.0864,34.7498],[136.0832,34.7538],[136.0797,34.7567],[136.079,34.7573]]]},"properties":{"prefectureName":"奈良県","prefectureCode":"29"}},
{"type":"Feature","geometry":{"type":"Polygon","coordinates":[[[135.8904,33.8364],[135.8901,33.8372],[135.8905,33.8382],[135.8946,33.8402],[135.8968,33.8417],[135.8977,33.8418],[135.9008,33.842],[135.9111,33.8452],[135.9164,33.8477],[135.921,33.851],[135.9248,33.855],[135.9276,33.8594],[135.9294,33.8643],[135.9298,33.8679],[135.9328,33.8746],[135.9339,33.8793],[135.9337,33.8875],[135.9333,33.8891],[135.9445,33.8921],[135.95,33.8942],[135.9549,33.8971],[135.9591,33.9007],[135.9597,33.9015],[135.9613,33.9011],[135.9679,33.9008],[135.9745,33.9016],[135.9821,33.904],[135.9876,33.9068],[135.9942,33.9122],[135.9978,33.9165],[135.9996,33.9199],[136.0018,33.9228],[136.0048,33.9294],[136.0067,33.9296],[136.013,33.9314],[136.021,33.9357],[136.0263,33.9399],[136.029,33.9433],[136.0338,33.9468],[136.038,33.9507],[136.0427,33.9577],[136.045,33.9632],[136.0459,33.9741],[136.045,33.9803],[136.0415,33.9879],[136.0383,33.9922],[136.0369,33.9935],[136.0369,33.9937],[136.0363,33.9955],[136.0369,33.9967],[136.0377,33.9987],[136.0392,34.0039],[136.0393,34.0058],[136.0394,34.0092],[136.0384,34.0144],[136.035,34.0211],[136.0319,34.0253],[136.0278,34.029],[136.023,34.032],[136.0154,34.035],[136.009,34.0365],[136.0024,34.0368],[135.9958,34.036],[135.9896,34.0342],[135.9839,34.0313],[135.9823,34.0301],[135.9745,34.027],[135.9696,34.0241],[135.9641,34.0191],[135.9608,34.015],[135.9593,34.0121],[135.9562,34.0116],[135.9507,34.0101],[135.9448,34.0079],[135.944,34.0075],[135.9436,34.0074],[135.9388,34.0079],[135.9337,34.0076],[135.9314,34.0081],[135.9252,34.0084],[135.9192,34.0077],[135.9134,34.0061],[135.9081,34.0036],[135.9047,34.0012],[135.9045,34.0012],[135.9,33.9982],[135.8949,33.9934],[135.8937,33.9924],[135.8896,33.9887],[135.8864,33.9843],[135.8863,33.984],[135.8821,33.9807],[135.8783,33.9763],[135.8771,33.9739],[135.8706,33.9689],[135.8668,33.965],[135.8639,33.9605],[135.8621,33.9557],[135.8619,33.9547],[135.8606,33.9511],[135.8601,33.9466],[135.8551,33.9455],[135.8495,33.9434],[135.8445,33.9405],[135.8402,33.9368],[135.8368,33.9325],[135.8345,33.9278],[135.8335,33.9285],[135.8287,33.9302],[135.827,33.931],[135.8258,33.9313],[135.8246,33.9317],[135.8227,33.9321],[135.8209,33.9325],[135.8197,33.9326],[135.8185,33.9328],[135.8172,33.9328],[135.8146,33.933],[135.8136,33.933],[135.8118,33.9332],[135.8093,33.9334],[135.809,33.9334],[135.8086,33.9334],[135.8052,33.9331],[135.8028,33.933],[135.8025,33.9329],[135.8023,33.9329],[135.7987,33.932],[135.7965,33.9315],[135.7963,33.9314],[135.7962,33.9314],[135.7922,33.9296],[135.7907,33.9289],[135.7906,33.9289],[135.7859,33.9257],[135.7853,33.9254],[135.7838,33.9244],[135.7817,33.923],[135.781,33.9225],[135.7804,33.922],[135.7792,33.9209],[135.7777,33.9195],[135.777,33.9186],[135.7769,33.9185],[135.776,33.9184],[135.7738,33.9175],[135.7734,33.9176],[135.7643,33.9177],[135.7584,33.917],[135.7577,33.9168],[135.7573,33.917],[135.7536,33.9188],[135.7521,33.9201],[135.741,33.9263],[135.7354,33.9286],[135.7293,33.9299],[135.723,33.9302],[135.7205,33.9299],[135.72,33.93],[135.7192,33.9299],[135.7171,33.9305],[135.7082,33.9314],[135.702,33.9312],[135.6984,33.9305],[135.6941,33.9304],[135.6892,33.931],[135.6802,33.9303],[135.6746,33.9291],[135.6694,33.9272],[135.6691,33.927],[135.6581,33.926],[135.6528,33.9249],[135.6477,33.923],[135.6463,33.9221],[135.6463,33.9247],[135.6524,33.9268],[135.6579,33.93],[135.6626,33.934],[135.6662,33.9387],[135.6685,33.944],[135.6694,33.9495],[135.669,33.9526],[135.672,33.9614],[135.672,33.9617],[135.6722,33.9622],[135.6728,33.9674],[135.6728,33.9677],[135.6728,33.9679],[135.6727,33.9685],[135.6724,33.9713],[135.6724,33.9719],[135.6724,33.9729],[135.6719,33.9774],[135.6718,33.978],[135.6718,33.9781],[135.6718,33.9782],[135.6713,33.9795],[135.6717,33.9824],[135.671,33.9868],[135.6706,33.9904],[135.6702,33.9914],[135.6698,33.9936],[135.668,33.9968],[135.6679,33.9972],[135.6675,33.9987],[135.6671,33.9993],[135.6668,34.0002],[135.6653,34.0025],[135.6644,34.004],[135.6641,34.0043],[135.6638,34.0048],[135.6597,34.0089],[135.6591,34.0094],[135.6582,34.0102],[135.6573,34.0108],[135.6571,34.0126],[135.6549,34.0184],[135.6512,34.0236],[135.6427,34.0304],[135.6367,34.0337],[135.6317,34.0353],[135.6294,34.0442],[135.6267,34.048],[135.6265,34.0493],[135.6248,34.054],[135.6221,34.0584],[135.6155,34.0649],[135.6108,34.0684],[135.6103,34.0687],[135.6101,34.0691],[135.607,34.0735],[135.6031,34.0773],[135.5984,34.0804],[135.593,34.0828],[135.5823,34.0851],[135.5822,34.0852],[135.5847,34.0875],[135.5859,34.0892],[135.5906,34.0905],[135.5956,34.0929],[135.6016,34.0971],[135.606,34.1016],[135.6092,34.1068],[135.6112,34.1136],[135.6127,34.1173],[135.6137,34.1202],[135.6157,34.1241],[135.6165,34.1285],[135.6179,34.1286],[135.6202,34.1291],[135.6206,34.1291],[135.622,34.1294],[135.6231,34.1294],[135.6245,34.1298],[135.6262,34.1301],[135.6279,34.1306],[135.6293,34.131],[135.6303,34.1314],[135.6316,34.1319],[135.6328,34.1326],[135.6349,34.1335],[135.6365,34.1344],[135.6366,34.1345],[135.64,34.136],[135.6401,34.136],[135.6401,34.1361],[135.6428,34.1379],[135.6449,34.1394],[135.645,34.1394],[135.6474,34.1418],[135.649,34.1434],[135.649,34.1435],[135.6509,34.1464],[135.652,34.1481],[135.652,34.1482],[135.6539,34.1532],[135.654,34.1547],[135.6545,34.1563],[135.6591,34.159],[135.6635,34.163],[135.6636,34.1631],[135.6643,34.1637],[135.665,34.1641],[135.6663,34.1655],[135.6679,34.1669],[135.6684,34.1676],[135.669,34.1682],[135.67,34.1697],[135.6711,34.1712],[135.6715,34.1721],[135.6721,34.1729],[135.6726,34.1744],[135.6728,34.1747],[135.674,34.1763],[135.6763,34.1812],[135.6776,34.1886],[135.6775,34.1908],[135.6786,34.1901],[135.6839,34.1874],[135.6898,34.1857],[135.6904,34.1856],[135.6929,34.1843],[135.6992,34.1822],[135.7058,34.1813],[135.7125,34.1816],[135.7209,34.1835],[135.7263,34.1856],[135.7312,34.1886],[135.735,34.1921],[135.7355,34.1924],[135.7403,34.196],[135.7418,34.1965],[135.7469,34.1991],[135.7514,34.2024],[135.7551,34.2064],[135.7578,34.2109],[135.7595,34.2157],[135.7595,34.2164],[135.7598,34.2169],[135.76,34.2177],[135.7605,34.2185],[135.7623,34.2239],[135.7624,34.2364],[135.7595,34.2437],[135.7572,34.2483],[135.7542,34.2519],[135.7538,34.2529],[135.7531,34.2539],[135.753,34.2554],[135.7521,34.258],[135.7522,34.2621],[135.7503,34.2693],[135.7478,34.2751],[135.7415,34.2826],[135.7371,34.2863],[135.7347,34.2876],[135.7331,34.2895],[135.7286,34.293],[135.7235,34.2958],[135.7192,34.2972],[135.7127,34.301],[135.704,34.3035],[135.7039,34.3037],[135.7015,34.3075],[135.7015,34.3085],[135.7011,34.3108],[135.7016,34.3132],[135.7015,34.3185],[135.7007,34.321],[135.7007,34.3267],[135.6998,34.3322],[135.6976,34.3374],[135.6947,34.3412],[135.6947,34.3413],[135.6955,34.3457],[135.6952,34.3488],[135.696,34.3524],[135.6961,34.3577],[135.6949,34.3629],[135.69,34.3719],[135.6878,34.3746],[135.6877,34.3748],[135.6874,34.3767],[135.6859,34.3812],[135.6844,34.3836],[135.6837,34.3852],[135.6826,34.3903],[135.6802,34.3955],[135.6765,34.4002],[135.6717,34.4042],[135.666,34.4072],[135.6618,34.4084],[135.6614,34.4086],[135.6603,34.4089],[135.6575,34.4097],[135.6563,34.4099],[135.6553,34.4101],[135.6535,34.4103],[135.6514,34.4106],[135.6504,34.4105],[135.6489,34.4107],[135.6474,34.4106],[135.6457,34.4108],[135.6449,34.4107],[135.6438,34.4108],[135.639,34.4104],[135.6356,34.4103],[135.6354,34.4102],[135.6342,34.41],[135.6269,34.411],[135.6261,34.4109],[135.6251,34.411],[135.6238,34.4112],[135.6216,34.4113],[135.6199,34.4114],[135.619,34.4114],[135.6179,34.4114],[135.6154,34.4111],[135.6135,34.4109],[135.6129,34.4107],[135.6121,34.4106],[135.6093,34.4099],[135.6074,34.4094],[135.607,34.4092],[135.6065,34.4091],[135.6051,34.4084],[135.6021,34.4071],[135.601,34.4072],[135.5946,34.4072],[135.5882,34.4062],[135.5822,34.4041],[135.5813,34.4036],[135.5719,34.4027],[135.5663,34.4015],[135.561,34.3995],[135.5566,34.397],[135.5552,34.3966],[135.5548,34.3965],[135.5545,34.3964],[135.5522,34.3953],[135.5495,34.3941],[135.5492,34.3939],[135.5488,34.3937],[135.5475,34.3928],[135.5453,34.3917],[135.5444,34.3912],[135.5436,34.3908],[135.5422,34.3897],[135.5403,34.3884],[135.5395,34.3875],[135.5386,34.3869],[135.538,34.3861],[135.5363,34.3843],[135.5362,34.3842],[135.53,34.3832],[135.5236,34.3809],[135.5172,34.3768],[135.5158,34.3765],[135.5139,34.3757],[135.5123,34.3781],[135.5081,34.3822],[135.5029,34.3856],[135.4971,34.388],[135.4908,34.3894],[135.4843,34.3898],[135.4778,34.389],[135.4716,34.3873],[135.466,34.3845],[135.4605,34.38],[135.4561,34.3771],[135.4557,34.3766],[135.4512,34.3768],[135.4473,34.3763],[135.4448,34.3761],[135.4398,34.3748],[135.439,34.3749],[135.4329,34.3752],[135.4269,34.3745],[135.4172,34.3715],[135.4127,34.3694],[135.4116,34.3687],[135.4091,34.3689],[135.4025,34.3683],[135.3961,34.3666],[135.3903,34.3639],[135.3853,34.3603],[135.3844,34.3592],[135.3804,34.3586],[135.3774,34.3577],[135.3767,34.3578],[135.373,34.3577],[135.3713,34.3579],[135.369,34.3587],[135.3599,34.3601],[135.354,34.3603],[135.3537,34.3603],[135.3533,34.3605],[135.347,34.3618],[135.3371,34.3619],[135.3311,34.3611],[135.3254,34.3595],[135.3201,34.357],[135.3155,34.3537],[135.3117,34.3498],[135.3091,34.3459],[135.3051,34.3432],[135.3027,34.3408],[135.3003,34.3405],[135.2947,34.3429],[135.2884,34.3444],[135.2819,34.3448],[135.2754,34.3442],[135.2692,34.3425],[135.267,34.3414],[135.2649,34.342],[135.255,34.3427],[135.2546,34.3427],[135.2542,34.3427],[135.2517,34.3425],[135.2488,34.3423],[135.2483,34.3422],[135.2479,34.3422],[135.2455,34.3416],[135.2427,34.341],[135.2423,34.3408],[135.2417,34.3407],[135.2408,34.3403],[135.2363,34.3391],[135.2361,34.339],[135.2359,34.339],[135.2339,34.3381],[135.2333,34.3379],[135.2277,34.3353],[135.2234,34.3322],[135.2217,34.3329],[135.215,34.3345],[135.2083,34.3352],[135.2016,34.3346],[135.1953,34.333],[135.1894,34.3303],[135.1843,34.3267],[135.1803,34.3223],[135.1773,34.3173],[135.1757,34.312],[135.1757,34.3115],[135.1748,34.3095],[135.1714,34.3075],[135.1663,34.307],[135.1629,34.3081],[135.1612,34.3084],[135.1605,34.3087],[135.1546,34.3102],[135.1486,34.3108],[135.141,34.3102],[135.1385,34.3096],[135.1383,34.3124],[135.1367,34.3178],[135.1339,34.3227],[135.1299,34.3271],[135.1249,34.3308],[135.1242,34.3311],[135.1229,34.3321],[135.1172,34.3351],[135.1109,34.337],[135.1043,34.3379],[135.1021,34.3378],[135.097,34.3387],[135.0906,34.3389],[135.0842,34.338],[135.0781,34.3361],[135.0759,34.3349],[135.0739,34.3346],[135.0712,34.3343],[135.0679,34.3332],[135.0649,34.3326],[135.0588,34.3299],[135.0532,34.3258],[135.0522,34.326],[135.046,34.326],[135.0413,34.3253],[135.0399,34.3253],[135.0374,34.3255],[135.0363,34.3254],[135.0353,34.3255],[135.0333,34.3252],[135.031,34.325],[135.0298,34.3247],[135.0287,34.3246],[135.0269,34.324],[135.0249,34.3235],[135.0236,34.3229],[135.0224,34.3225],[135.0209,34.3217],[135.0192,34.321],[135.018,34.3201],[135.0174,34.3198],[135.0158,34.3198],[135.0093,34.3184],[135.0033,34.316],[134.997,34.3118],[134.9959,34.311],[134.9956,34.3107],[134.9941,34.3104],[134.9881,34.3084],[134.9828,34.3055],[134.9817,34.3046],[134.9813,34.3044],[134.9745,34.2989],[134.9711,34.2948],[134.9685,34.2902],[134.9668,34.2837],[134.9665,34.2783],[134.9675,34.2729],[134.9698,34.2677],[134.9734,34.2631],[134.978,34.2592],[134.982,34.2569],[134.9834,34.2561],[134.9861,34.2551],[134.9883,34.2539],[134.9952,34.2514],[134.9964,34.2513],[135.0009,34.2499],[135.0084,34.249],[135.0147,34.2491],[135.0209,34.2502],[135.0268,34.2523],[135.0311,34.2547],[135.0342,34.2493],[135.0384,34.2444],[135.0439,34.2404],[135.0531,34.2365],[135.0532,34.2365],[135.0592,34.2349],[135.0593,34.2349],[135.0643,34.2345],[135.0652,34.2343],[135.0656,34.2342],[135.066,34.2341],[135.0679,34.234],[135.0679,34.2336],[135.069,34.2284],[135.0713,34.2235],[135.0814,34.2119],[135.086,34.208],[135.0987,34.2015],[135.1048,34.2004],[135.1048,34.1989],[135.108,34.188],[135.108,34.1865],[135.1091,34.182],[135.111,34.1777],[135.116,34.1712],[135.1203,34.167],[135.1244,34.1645],[135.1169,34.1626],[135.1103,34.1604],[135.103,34.1558],[135.0984,34.1517],[135.0949,34.1469],[135.0935,34.1435],[135.0932,34.1431],[135.0906,34.1427],[135.0866,34.1414],[135.0865,34.1415],[135.0829,34.1417],[135.0827,34.1417],[135.0765,34.1422],[135.0703,34.1416],[135.0644,34.1401],[135.0589,34.1377],[135.0541,34.1345],[135.0482,34.1283],[135.045,34.1234],[135.043,34.1181],[135.0425,34.1126],[135.0432,34.107],[135.0454,34.1018],[135.0496,34.0961],[135.0504,34.0952],[135.0542,34.0916],[135.0535,34.091],[135.0499,34.0865],[135.0475,34.0814],[135.0464,34.0761],[135.0466,34.0707],[135.048,34.0655],[135.0507,34.0606],[135.0546,34.0562],[135.0593,34.0525],[135.0612,34.0517],[135.0632,34.0502],[135.0655,34.0478],[135.0707,34.0443],[135.0767,34.0418],[135.0832,34.0404],[135.0899,34.04],[135.0965,34.0409],[135.1007,34.0422],[135.1037,34.0422],[135.1025,34.0418],[135.1016,34.0412],[135.1007,34.0408],[135.0989,34.0396],[135.0972,34.0386],[135.0965,34.038],[135.0957,34.0375],[135.0942,34.0359],[135.0928,34.0347],[135.0899,34.0346],[135.084,34.0336],[135.0785,34.0317],[135.0726,34.0284],[135.0718,34.0279],[135.0674,34.0244],[135.0638,34.0202],[135.0626,34.0179],[135.0616,34.0169],[135.0586,34.011],[135.0576,34.0076],[135.0549,34.0048],[135.0523,34.0008],[135.0468,33.9975],[135.0423,33.9937],[135.0388,33.9892],[135.0364,33.9843],[135.0353,33.9791],[135.0354,33.9738],[135.0367,33.9686],[135.0393,33.9637],[135.0417,33.9609],[135.0416,33.9577],[135.0418,33.9568],[135.0415,33.9562],[135.0406,33.9478],[135.0408,33.9458],[135.0398,33.9445],[135.0381,33.9413],[135.0378,33.9409],[135.0355,33.9365],[135.0342,33.9317],[135.0339,33.9268],[135.0346,33.9225],[135.0319,33.9198],[135.0288,33.9149],[135.0264,33.9068],[135.0259,33.9007],[135.0265,33.8978],[135.0251,33.8937],[135.0245,33.8887],[135.0253,33.884],[135.025,33.882],[135.0258,33.8747],[135.0276,33.8697],[135.0305,33.8651],[135.0344,33.8611],[135.0392,33.8577],[135.0446,33.8552],[135.0506,33.8536],[135.06,33.8529],[135.066,33.8532],[135.0807,33.8571],[135.0861,33.8601],[135.0883,33.8599],[135.0977,33.8608],[135.1026,33.8621],[135.1106,33.8632],[135.114,33.8645],[135.1136,33.8601],[135.115,33.8522],[135.1165,33.8478],[135.119,33.8438],[135.1231,33.8392],[135.1274,33.8358],[135.1323,33.8331],[135.1349,33.8321],[135.1351,33.8318],[135.1389,33.8274],[135.1439,33.8239],[135.1445,33.8224],[135.1484,33.8165],[135.1516,33.8129],[135.1558,33.81],[135.1561,33.8092],[135.1593,33.8043],[135.1637,33.8],[135.1719,33.7951],[135.1741,33.7942],[135.1783,33.7914],[135.1844,33.7887],[135.1868,33.7882],[135.1875,33.7877],[135.1929,33.785],[135.1987,33.7832],[135.201,33.7829],[135.2011,33.781],[135.2023,33.7763],[135.2059,33.7695],[135.2097,33.7647],[135.2147,33.7606],[135.2241,33.7562],[135.2291,33.7546],[135.2344,33.7537],[135.2395,33.7537],[135.2401,33.7536],[135.246,33.7532],[135.2519,33.7537],[135.2575,33.7551],[135.2586,33.7555],[135.262,33.7554],[135.2645,33.7537],[135.2653,33.7533],[135.2658,33.7529],[135.2691,33.7507],[135.2707,33.7486],[135.2752,33.7447],[135.2822,33.7409],[135.2844,33.7401],[135.2859,33.7375],[135.2868,33.7363],[135.2905,33.732],[135.2952,33.7285],[135.3006,33.7257],[135.3037,33.7248],[135.3066,33.7221],[135.3115,33.7189],[135.3168,33.7168],[135.3156,33.7161],[135.3112,33.7126],[135.3059,33.7058],[135.3033,33.701],[135.3019,33.6957],[135.3018,33.6904],[135.3029,33.6854],[135.3027,33.6853],[135.3023,33.6845],[135.3017,33.6839],[135.3008,33.6823],[135.2997,33.6806],[135.2994,33.6797],[135.299,33.6789],[135.2985,33.6773],[135.2979,33.6755],[135.2978,33.6745],[135.2975,33.6736],[135.2975,33.672],[135.2973,33.6703],[135.2974,33.6692],[135.2974,33.6682],[135.2977,33.6667],[135.2979,33.665],[135.2983,33.6639],[135.2986,33.6628],[135.2992,33.6615],[135.2998,33.66],[135.3005,33.6589],[135.301,33.6578],[135.3015,33.6572],[135.3015,33.657],[135.3041,33.6526],[135.3076,33.6485],[135.3119,33.6451],[135.3154,33.6432],[135.3158,33.643],[135.3189,33.6406],[135.3196,33.6398],[135.3248,33.6363],[135.3309,33.6337],[135.3339,33.6331],[135.3343,33.6329],[135.3347,33.6326],[135.3404,33.63],[135.3465,33.6284],[135.3485,33.6283],[135.356,33.6268],[135.3584,33.6266],[135.358,33.625],[135.3577,33.6241],[135.3571,33.6185],[135.3576,33.6148],[135.3571,33.6136],[135.3567,33.6116],[135.3567,33.6115],[135.3545,33.6064],[135.3537,33.6011],[135.3541,33.5958],[135.3557,33.5906],[135.3586,33.5858],[135.3592,33.5852],[135.3597,33.5838],[135.3624,33.5791],[135.3625,33.579],[135.3639,33.5762],[135.3674,33.5716],[135.372,33.5678],[135.3726,33.5675],[135.3773,33.5636],[135.3789,33.5627],[135.3793,33.5621],[135.3838,33.5579],[135.3936,33.5524],[135.3952,33.5518],[135.3957,33.5512],[135.4007,33.5476],[135.4065,33.5449],[135.4128,33.5432],[135.415,33.5431],[135.4155,33.541],[135.4181,33.5359],[135.4218,33.5314],[135.4265,33.5277],[135.4321,33.5248],[135.4382,33.5228],[135.444,33.5221],[135.4492,33.5203],[135.4552,33.5192],[135.4615,33.5192],[135.4642,33.5196],[135.4659,33.5194],[135.4703,33.5195],[135.4754,33.5167],[135.4812,33.5145],[135.4826,33.512],[135.4866,33.5076],[135.4916,33.5039],[135.497,33.5013],[135.4984,33.5004],[135.5035,33.4978],[135.5091,33.496],[135.5149,33.495],[135.5174,33.495],[135.5209,33.4938],[135.5275,33.4926],[135.5313,33.4928],[135.5333,33.4918],[135.539,33.49],[135.5451,33.4892],[135.5475,33.4894],[135.5493,33.4887],[135.5558,33.4874],[135.557,33.4874],[135.5609,33.4847],[135.564,33.4833],[135.5649,33.4823],[135.573,33.4764],[135.5785,33.4736],[135.5845,33.4718],[135.5908,33.4709],[135.5971,33.4711],[135.6033,33.4724],[135.6091,33.4746],[135.6128,33.4769],[135.6132,33.4768],[135.6158,33.4765],[135.6164,33.4764],[135.6178,33.476],[135.618,33.476],[135.6181,33.476],[135.6239,33.4755],[135.624,33.4755],[135.6241,33.4755],[135.6253,33.4756],[135.6296,33.4759],[135.63,33.476],[135.6304,33.476],[135.6321,33.4765],[135.6326,33.4764],[135.6327,33.4764],[135.6365,33.4756],[135.6367,33.4752],[135.641,33.4711],[135.6462,33.4678],[135.6521,33.4654],[135.6584,33.4641],[135.6601,33.4641],[135.6651,33.4622],[135.6705,33.4612],[135.6708,33.4609],[135.6761,33.4579],[135.682,33.4558],[135.6883,33.4547],[135.6928,33.4547],[135.6944,33.4538],[135.7007,33.4519],[135.7073,33.4511],[135.7139,33.4514],[135.7166,33.452],[135.7175,33.4517],[135.718,33.4516],[135.7178,33.448],[135.7187,33.4428],[135.7207,33.4385],[135.7208,33.4353],[135.7232,33.4278],[135.7258,33.4229],[135.7296,33.4186],[135.7343,33.4149],[135.7398,33.4121],[135.7458,33.4103],[135.7489,33.4099],[135.75,33.4095],[135.7561,33.4081],[135.7624,33.4077],[135.7687,33.4083],[135.7738,33.4097],[135.7766,33.4104],[135.7823,33.4128],[135.7864,33.4125],[135.7927,33.4129],[135.7987,33.4143],[135.8062,33.4177],[135.8092,33.4198],[135.8104,33.4195],[135.8168,33.419],[135.8232,33.4195],[135.8294,33.4212],[135.8315,33.4221],[135.8364,33.4223],[135.8426,33.4237],[135.8484,33.426],[135.8535,33.4293],[135.8552,33.431],[135.8596,33.434],[135.8605,33.435],[135.8676,33.4372],[135.8734,33.4401],[135.8783,33.4439],[135.8822,33.4485],[135.8833,33.4507],[135.8841,33.4514],[135.8855,33.4523],[135.8862,33.453],[135.8871,33.4537],[135.8883,33.4552],[135.8895,33.4564],[135.89,33.4571],[135.8906,33.4579],[135.8916,33.4596],[135.8925,33.461],[135.8928,33.4618],[135.8932,33.4625],[135.8937,33.4644],[135.8943,33.4661],[135.8944,33.4667],[135.8946,33.4674],[135.8948,33.4696],[135.895,33.4714],[135.8949,33.4719],[135.8949,33.4724],[135.8946,33.4748],[135.8944,33.4766],[135.8942,33.477],[135.8941,33.4775],[135.8932,33.4799],[135.8925,33.4817],[135.8923,33.4819],[135.8922,33.4823],[135.8906,33.4847],[135.8895,33.4863],[135.8894,33.4865],[135.8892,33.4867],[135.8884,33.4875],[135.8855,33.4904],[135.8847,33.491],[135.8838,33.4918],[135.8787,33.4953],[135.8728,33.4978],[135.8724,33.4979],[135.8756,33.4999],[135.8779,33.502],[135.8809,33.502],[135.8872,33.5029],[135.8931,33.5049],[135.8984,33.5077],[135.903,33.5114],[135.9046,33.5135],[135.9066,33.5148],[135.9068,33.5148],[135.9124,33.5175],[135.9172,33.521],[135.9187,33.5227],[135.9202,33.5232],[135.9224,33.5244],[135.9225,33.5244],[135.9282,33.5264],[135.9333,33.5294],[135.937,33.5325],[135.9379,33.5331],[135.9422,33.5371],[135.9422,33.5372],[135.9434,33.5379],[135.9477,33.5413],[135.9513,33.5454],[135.9539,33.5504],[135.9544,33.5506],[135.9555,33.5512],[135.9566,33.5512],[135.9585,33.5514],[135.9604,33.5516],[135.9615,33.5519],[135.9627,33.5521],[135.9646,33.5527],[135.9664,33.5531],[135.9674,33.5536],[135.9685,33.5539],[135.9703,33.5548],[135.972,33.5556],[135.9729,33.5562],[135.9738,33.5567],[135.9754,33.5579],[135.9757,33.5582],[135.9773,33.5589],[135.982,33.5628],[135.9862,33.5669],[135.9893,33.5716],[135.9912,33.5767],[135.9919,33.582],[135.9918,33.5827],[135.9924,33.5841],[135.9935,33.5896],[135.9926,33.5977],[135.9911,33.6028],[135.9884,33.6074],[135.9847,33.6116],[135.9833,33.6126],[135.9839,33.614],[135.9854,33.6244],[135.9854,33.6249],[135.9869,33.6252],[135.9879,33.6252],[135.9889,33.6255],[135.9905,33.6257],[135.992,33.6263],[135.994,33.6268],[135.9957,33.6275],[135.9971,33.628],[135.9982,33.6286],[135.9996,33.6293],[136.0015,33.6306],[136.003,33.6314],[136.0035,33.6319],[136.0045,33.6326],[136.0056,33.6337],[136.0059,33.6338],[136.0074,33.635],[136.0091,33.6361],[136.0098,33.6369],[136.0106,33.6375],[136.0118,33.6389],[136.0131,33.6402],[136.0136,33.6411],[136.0143,33.6419],[136.0151,33.6434],[136.0161,33.6449],[136.0164,33.6458],[136.0169,33.6467],[136.0173,33.6483],[136.0181,33.6494],[136.0203,33.6541],[136.0213,33.6591],[136.0212,33.6641],[136.0193,33.671],[136.0179,33.6738],[136.0188,33.6752],[136.0204,33.6803],[136.0205,33.6819],[136.0213,33.6831],[136.0239,33.6886],[136.0243,33.6907],[136.0245,33.6913],[136.0249,33.6935],[136.0373,33.7066],[136.0408,33.7111],[136.0431,33.716],[136.0442,33.7212],[136.0441,33.7264],[136.0427,33.7316],[136.0402,33.7364],[136.0328,33.7445],[136.029,33.7476],[136.0246,33.7502],[136.0103,33.7552],[135.9979,33.7604],[135.9928,33.7621],[135.9828,33.7636],[135.976,33.7637],[135.9702,33.7626],[135.9692,33.7658],[135.9653,33.772],[135.9609,33.7765],[135.9555,33.7801],[135.9493,33.7827],[135.9426,33.7841],[135.9416,33.7841],[135.9347,33.7889],[135.9321,33.7901],[135.9317,33.7914],[135.9301,33.7935],[135.9293,33.7987],[135.9229,33.8114],[135.9183,33.8163],[135.9164,33.8183],[135.9123,33.822],[135.9057,33.8257],[135.9002,33.8279],[135.8942,33.8291],[135.8939,33.8291],[135.892,33.8303],[135.8913,33.8307],[135.8914,33.8309],[135.8907,33.8357],[135.8904,33.8364]]]},"properties":{"prefectureName":"和歌山県","prefectureCode":"30"}}
]}