NO,共通ID,施設・場所名,住所,洪水,崖崩れ、土石流及び地滑り,高潮,地震,津波,大規模な火事,内水氾濫,火山現象,指定避難所との住所同一,緯度,経度,備考
1,E2710000002201,晴明丘公園,大阪府大阪市阿倍野区阿倍野元町15,,,,1,1,,,,,34.62967918,135.5078249,
2,E2710000003201,金塚小学校（運動場）,大阪府大阪市阿倍野区旭町3-4-46,,,,1,1,,,,1,34.64248409,135.507534,
3,E2710000004201,北畠公園,大阪府大阪市阿倍野区王子町3-8,,,,1,1,,,,,34.62855257,135.5096723,
4,E2710000005201,阪南公園,大阪府大阪市阿倍野区王子町4-1,,,,1,1,,,,,34.62600305,135.5117665,
5,E2710000006201,大阪キリスト教短期大学（運動場）,大阪府大阪市阿倍野区丸山通1-3-61,,,,1,1,,,,1,34.63687849,135.5070391,
6,E2710000007201,丸山小学校（運動場）,大阪府大阪市阿倍野区丸山通1-4-43,,,,1,1,,,,1,34.6366551,135.5086426,
7,E2710000008201,共立児童遊園,大阪府大阪市阿倍野区共立通1-1,,,,1,1,,,,,34.63981802,135.50866,
8,E2710000009201,大谷高等学校（運動場）,大阪府大阪市阿倍野区共立通2-8-4,,,,1,1,,,,1,34.63867146,135.5059908,
9,E2710000010201,阪南西公園,大阪府大阪市阿倍野区阪南町1-19,,,,1,1,,,,,34.63716349,135.5128626,
10,E2710000011201,阪南北公園,大阪府大阪市阿倍野区阪南町1-23,,,,1,1,,,,,34.63671072,135.51508,
11,E2710000012201,苗代小学校（運動場）,大阪府大阪市阿倍野区阪南町1-26-30,,,,1,1,,,,1,34.63539605,135.5166186,
12,E2710000013201,阿倍野高等学校（運動場）,大阪府大阪市阿倍野区阪南町1-30-34,,,,1,1,,,,1,34.63543583,135.5147953,
13,E2710000015201,阪南中公園,大阪府大阪市阿倍野区阪南町1-49,,,,1,1,,,,,34.63359613,135.5147305,
14,E2710000017201,阿倍野小学校（運動場）,大阪府大阪市阿倍野区阪南町2-17-21,,,,1,1,,,,1,34.6318052,135.5132728,
15,E2710000018201,新阪南公園,大阪府大阪市阿倍野区阪南町3-34,,,,1,1,,,,,34.62767778,135.5149829,
16,E2710000020201,阪南小学校（運動場）,大阪府大阪市阿倍野区阪南町5-7-40,,,,1,1,,,,1,34.62421824,135.5124396,
17,E2710000021201,阪南播磨公園,大阪府大阪市阿倍野区阪南町6-3,,,,1,1,,,,,34.62099,135.511404,
18,E2710000022201,三明北公園,大阪府大阪市阿倍野区三明町1-4,,,,1,1,,,,,34.64225017,135.5214486,
19,E2710000023201,大阪府立天王寺高等学校,大阪府大阪市阿倍野区三明町2-4-23,,,,1,1,,,,1,34.639777,135.52098,
20,E2710000024201,三明町公園,大阪府大阪市阿倍野区三明町2-9,,,,1,1,,,,,34.63991921,135.5193825,
21,E2710000025201,桃山学院高等学校（運動場）,大阪府大阪市阿倍野区昭和町3-1-64,,,,1,1,,,,1,34.6294191,135.5173339,
22,E2710000026201,阿倍野中学校（運動場）,大阪府大阪市阿倍野区昭和町3-2-4,,,,1,1,,,,1,34.62829737,135.5184045,
23,E2710000028201,大阪教育大学附属天王寺小学校（運動場）,大阪府大阪市阿倍野区松崎町1-2-45,,,,1,1,,,,1,34.64441883,135.5184836,
24,E2710000030201,常盤小学校（運動場）,大阪府大阪市阿倍野区松崎町3-11-12,,,,1,1,,,,1,34.64101551,135.5171873,
25,E2710000031201,常盤公園,大阪府大阪市阿倍野区松崎町3-2,,,,1,1,,,,,34.6418175,135.5178512,
26,E2710000033201,松崎公園,大阪府大阪市阿倍野区松崎町3-7,,,,1,1,,,,,34.64155825,135.5136889,
27,E2710000034201,まつむし広場,大阪府大阪市阿倍野区松虫通1-2,,,,1,1,,,,,34.63669135,135.5096554,
28,E2710000035201,聖天山公園,大阪府大阪市阿倍野区松虫通3-2,,,,1,1,,,,,34.63580788,135.5035371,
29,E2710000036201,松虫中学校（運動場）,大阪府大阪市阿倍野区松虫通3-4-45,,,,1,1,,,,1,34.6347869,135.5048297,
30,E2710000037201,晴明丘小学校（運動場）,大阪府大阪市阿倍野区晴明通10-34,,,,1,1,,,,1,34.63214769,135.5039757,
31,E2710000038201,晴明通児童遊園,大阪府大阪市阿倍野区晴明通3,,,,1,1,,,,,34.63313647,135.5075313,
32,E2710000039201,晴明丘相生公園,大阪府大阪市阿倍野区相生通2-7,,,,1,1,,,,,34.63043184,135.5034128,
33,E2710000040201,長池公園,大阪府大阪市阿倍野区長池町14,,,,1,1,,,,,34.62183754,135.5186252,
34,E2710000042201,長池小学校（運動場）,大阪府大阪市阿倍野区長池町20-26,,,,1,1,,,,1,34.621983,135.517166,
35,E2710000043201,晴明丘南小学校（運動場）,大阪府大阪市阿倍野区帝塚山1-23-8,,,,1,1,,,,1,34.6244008,135.4964423,
36,E2710000045201,八反田児童遊園,大阪府大阪市阿倍野区天王寺町南1-6,,,,1,1,,,,,34.64282928,135.522187,
37,E2710000047201,高松南公園,大阪府大阪市阿倍野区天王寺町南3-12,,,,1,1,,,,,34.63986192,135.5259604,
38,E2710000048201,睦児童遊園,大阪府大阪市阿倍野区天王寺町北2-2,,,,1,1,,,,,34.6473713,135.524812,
39,E2710000049201,曙児童遊園,大阪府大阪市阿倍野区天王寺町北2-24,,,,1,1,,,,,34.64492786,135.5231687,
40,E2710000050201,高松公園,大阪府大阪市阿倍野区天王寺町北3-17,,,,1,1,,,,,34.64382969,135.5244767,
41,E2710000051201,高松小学校（運動場）,大阪府大阪市阿倍野区天王寺町北3-17-19,,,,1,1,,,,1,34.64346678,135.5252788,
42,E2710000053201,あべの翔学高等学校（運動場）,大阪府大阪市阿倍野区天王寺南町2-8-19,,,,1,1,,,,,34.64189382,135.5262322,
43,E2710000054201,桃ヶ池公園,大阪府大阪市阿倍野区桃ケ池町1,,,,1,1,,,,,34.63075519,135.5214424,
44,E2710000055201,昭和中学校（運動場）,大阪府大阪市阿倍野区桃ケ池町2-3-17,,,,1,1,,,,1,34.62834529,135.5213311,
45,E2710000056201,播磨大領公園,大阪府大阪市阿倍野区播磨町3-4,,,,1,1,,,,,34.61796029,135.5083456,
46,E2710000057201,文の里中学校（運動場）,大阪府大阪市阿倍野区美章園1-5-52,,,,1,1,,,,1,34.63955552,135.5224141,
47,E2710000058201,美章園公園,大阪府大阪市阿倍野区美章園2-13,,,,1,1,,,,,34.63907514,135.525232,
48,E2710000059201,工芸高等学校（運動場）,大阪府大阪市阿倍野区文の里1-7-2,,,,1,1,,,,1,34.63865653,135.5192286,
49,E2710000060201,明浄学院高等学校（運動場）,大阪府大阪市阿倍野区文の里3-15-7,,,,1,1,,,,1,34.63514602,135.5212963,
50,E2710000061201,文の里公園,大阪府大阪市阿倍野区文の里3-6,,,,1,1,,,,,34.63634157,135.5217673,
51,E2710000062201,阪南中学校（運動場）,大阪府大阪市阿倍野区北畠1-16-24,,,,1,1,,,,1,34.62655923,135.5063467,
52,E2710000063201,晴明丘中央公園,大阪府大阪市阿倍野区北畠1-18,,,,1,1,,,,,34.62610211,135.5051816,
53,E2710000064201,住吉高等学校（運動場）,大阪府大阪市阿倍野区北畠2-4-1,,,,1,1,,,,1,34.62727649,135.5040696,
54,E2710000065201,晴明丘西公園,大阪府大阪市阿倍野区北畠3-3,,,,1,1,,,,,34.62965184,135.5001863,
55,E2710000066201,高殿西公園,大阪府大阪市旭区高殿1-3,,,,1,,,,,,34.71888899,135.5347615,
56,E2710000067201,西浪橋公園,大阪府大阪市旭区高殿1-9,,,,1,1,,,,,34.7210723,135.5329266,
57,E2710000069201,市営高殿西第４住宅１号館,大阪府大阪市旭区高殿2-16-1,1,,,,1,,,,,34.719559,135.536481,
58,E2710000070201,高殿南公園,大阪府大阪市旭区高殿2-4,,,,1,1,,,,,34.71645972,135.537199,
59,E2710000071202,高殿南小学校（運動場）,大阪府大阪市旭区高殿3-10-30,,,,1,1,,,,1,34.71426773,135.5393934,
60,E2710000071201,高殿南小学校,大阪府大阪市旭区高殿3-10-30,1,,,,1,,,,1,34.71392819,135.5394023,
61,E2710002993201,市営高殿西住宅３号館,大阪府大阪市旭区高殿3-25,1,,,,1,,,,,34.715702,135.540619,
62,E2710002992201,市営高殿西住宅２号館,大阪府大阪市旭区高殿3-26-2,1,,,,1,,,,,34.716042,135.540605,
63,E2710002991201,市営高殿西住宅１号館,大阪府大阪市旭区高殿3-32-1,1,,,,1,,,,,34.716487,135.540567,
64,E2710000072201,高殿南三公園,大阪府大阪市旭区高殿3-5,,,,1,1,,,,,34.71293792,135.5395723,
65,E2710000073201,高殿南四公園,大阪府大阪市旭区高殿4-7,,,,1,1,,,,,34.71501866,135.5417274,
66,E2710000076201,市営高殿西住宅９号館,大阪府大阪市旭区高殿5-1-9,1,,,,1,,,,,34.71771357,135.5385231,
67,E2710000074201,市営高殿北住宅１号館,大阪府大阪市旭区高殿5-12-1,1,,,,1,,,,,34.71994645,135.5394974,
68,E2710000075201,市営高殿北住宅２号館,大阪府大阪市旭区高殿5-12-2,1,,,,1,,,,,34.72043588,135.5395028,
69,E2710000077201,市営高殿西住宅８号館,大阪府大阪市旭区高殿5-2-8,1,,,,1,,,,,34.71701614,135.53958,
70,E2710000078201,大阪府立旭高等学校（運動場）,大阪府大阪市旭区高殿5-6-41,,,,1,,,,,1,34.71766623,135.5420075,
71,E2710000079201,旭公園,大阪府大阪市旭区高殿5-7,,,,1,,,,,,34.71843343,135.5408775,
72,E2710000080202,旭陽中学校（運動場）,大阪府大阪市旭区高殿5-9-31,,,,1,,,,,1,34.71893319,135.5395811,
73,E2710000080201,旭陽中学校,大阪府大阪市旭区高殿5-9-31,1,,,,1,,,,1,34.71830266,135.5401104,
74,E2710003008201,市営高殿住宅２号館,大阪府大阪市旭区高殿6-19,1,,,,1,,,,,34.718952,135.545272,
75,E2710003009201,市営高殿住宅１号館,大阪府大阪市旭区高殿6-21,1,,,,1,,,,,34.719119,135.544016,
76,E2710000082201,特別養護老人ホーム「ゆうゆう」,大阪府大阪市旭区高殿6-24-12,1,,,,1,,,,1,34.719234,135.546527,
77,E2710000083202,高殿小学校（運動場）,大阪府大阪市旭区高殿6-9-10,,,,1,,,,,1,34.71791687,135.5433754,
78,E2710000083201,高殿小学校,大阪府大阪市旭区高殿6-9-10,1,,,,1,,,,1,34.71786984,135.5429766,
79,E2710000084201,高殿７公園,大阪府大阪市旭区高殿7-15,,,,1,1,,,,,34.71769903,135.5491489,
80,E2710000085201,今市公園,大阪府大阪市旭区今市2-7,,,,1,1,,,,,34.72658882,135.5539215,
81,E2710000086201,新森南公園,大阪府大阪市旭区新森1-4,,,,1,1,,,,,34.71606246,135.5501513,
82,E2710000087201,新森南小公園,大阪府大阪市旭区新森1-7,,,,1,1,,,,,34.71723928,135.5516275,
83,E2710002943201,森小路スマイルガーデン,大阪府大阪市旭区新森2-3-4,1,,,,,,,,,34.71885,135.551934,
84,E2710002942201,"介護付有料老人ホーム
「グランドホームゆとりえ」",大阪府大阪市旭区新森3-1-10,1,,,,,,,,,34.719428,135.552696,
85,E2710000088201,新森北公園,大阪府大阪市旭区新森3-12,,,,1,1,,,,,34.72010351,135.5542408,
86,E2710000089201,セントポリア新森公園,大阪府大阪市旭区新森4-1-27,1,,,,1,,,,,34.715427,135.556769,
87,E2710000090201,新森中央公園,大阪府大阪市旭区新森4-22,,,,1,1,,,,,34.7181162,135.556771,
88,E2710000091202,新森小路小学校（運動場）,大阪府大阪市旭区新森6-3-13,,,,1,1,,,,1,34.71595272,135.5619531,
89,E2710000091201,新森小路小学校,大阪府大阪市旭区新森6-3-13,1,,,,1,,,,1,34.71637327,135.5620322,
90,E2710000092202,旭東中学校（運動場）,大阪府大阪市旭区新森6-7-25,,,,1,1,,,,1,34.71784448,135.5614463,
91,E2710000092201,旭東中学校,大阪府大阪市旭区新森6-7-25,1,,,,1,,,,1,34.71740795,135.5612889,
92,E2710000093201,新森東公園,大阪府大阪市旭区新森6-8,,,,1,1,,,,,34.71816644,135.5630406,
93,E2710000095201,森小路南公園,大阪府大阪市旭区森小路1-12,,,,1,1,,,,,34.7209896,135.5489982,
94,E2710000096201,森小路東公園,大阪府大阪市旭区森小路1-7,,,,1,1,,,,,34.72025556,135.5500809,
95,E2710000097201,古市小学校,大阪府大阪市旭区森小路2-10-35,1,,,,1,,,,1,34.72273701,135.5514022,
96,E2710000097202,古市小学校（運動場）,大阪府大阪市旭区森小路2-10-35,,,,1,1,,,,1,34.72227479,135.5514925,
97,E2710000098201,森小路公園,大阪府大阪市旭区森小路2-5,,,,1,1,,,,,34.72357101,135.5497472,
98,E2710000099201,清水南公園,大阪府大阪市旭区清水2-13,,,,1,1,,,,,34.72188966,135.5589642,
99,E2710000100201,清水小公園,大阪府大阪市旭区清水2-6,,,,1,1,,,,,34.72098373,135.5586884,
100,E2710000102201,清水中公園,大阪府大阪市旭区清水3-31,,,,1,1,,,,,34.72371803,135.5601239,
101,E2710000103201,清水北公園,大阪府大阪市旭区清水3-9,,,,1,1,,,,,34.72475857,135.5576455,
102,E2710000104201,市営両国住宅１号館,大阪府大阪市旭区清水4-11-1,1,,,,1,,,,,34.72191989,135.5640438,
103,E2710000105201,両国町公園,大阪府大阪市旭区清水4-12,,,,1,1,,,,,34.72188835,135.5648217,
104,E2710000106201,清水小学校,大阪府大阪市旭区清水5-1-12,1,,,,1,,,,1,34.7231912,135.5614983,
105,E2710000106202,清水小学校（運動場）,大阪府大阪市旭区清水5-1-12,,,,1,1,,,,1,34.72292519,135.5615805,
106,E2710000107201,市営両国住宅５号館,大阪府大阪市旭区清水5-4-5,1,,,,1,,,,,34.72248754,135.5634643,
107,E2710000108202,生江小学校（運動場）,大阪府大阪市旭区生江1-10-21,,,,1,1,,,,1,34.72295825,135.5375452,
108,E2710000108201,生江小学校,大阪府大阪市旭区生江1-10-21,1,,,,1,,,,1,34.72327497,135.5375461,
109,E2710000109201,生江西公園,大阪府大阪市旭区生江1-2,,,,1,1,,,,,34.72211379,135.5354087,
110,E2710000110201,生江南公園,大阪府大阪市旭区生江1-4,,,,1,1,,,,,34.72334321,135.5348999,
111,E2710000111201,生江東公園,大阪府大阪市旭区生江2-11,,,,1,1,,,,,34.72464388,135.5375499,
112,E2710000112201,市営新生江住宅２号館,大阪府大阪市旭区生江3-16-2,1,,,,1,,,,,34.728543,135.535569,
113,E2710000114201,市営新生江住宅３号館,大阪府大阪市旭区生江3-20-3,1,,,,1,,,,,34.72816,135.5343,
114,E2710000115201,市営新生江住宅１号館,大阪府大阪市旭区生江3-21-1,1,,,,1,,,,,34.728679,135.533872,
115,E2710000116201,市営生江住宅９号館,大阪府大阪市旭区生江3-24-9,1,,,,1,,,,,34.729282,135.534581,
116,E2710000119201,城北公園,大阪府大阪市旭区生江3-29,,,,1,1,1,,,,34.72886833,135.5380794,
117,E2710000120201,赤川南公園,大阪府大阪市旭区赤川1-4,,,,1,1,,,,,34.7234066,135.5322629,
118,E2710000121201,特別養護老人ホーム「あいあい」,大阪府大阪市旭区赤川1-6-12,1,,,,1,,,,1,34.722426,135.532735,
119,E2710000122201,"特別養護老人ホーム「ライフライト」
並びにケアハウス「ライフフェア」",大阪府大阪市旭区赤川2-1-20,1,,,,1,,,,1,34.724396,135.531204,
120,E2710000123201,城北小学校,大阪府大阪市旭区赤川3-13-47,1,,,,1,,,,1,34.72786141,135.5296282,
121,E2710000123202,城北小学校（運動場）,大阪府大阪市旭区赤川3-13-47,,,,1,1,,,,1,34.72738379,135.5298553,
122,E2710000125201,赤川公園,大阪府大阪市旭区赤川4-21,,,,1,1,,,,,34.72919551,135.5304891,
123,E2710000126201,千林公園,大阪府大阪市旭区千林2-9,,,,1,1,,,,,34.72472739,135.551316,
124,E2710000127202,太子橋小学校（運動場）,大阪府大阪市旭区太子橋1-12-15,,,,1,1,,,,1,34.73225064,135.5543202,
125,E2710000127201,太子橋小学校,大阪府大阪市旭区太子橋1-12-15,1,,,,1,,,,1,34.73258128,135.554136,
126,E2710000129201,太子橋西公園,大阪府大阪市旭区太子橋1-17,,,,1,1,,,,,34.73268979,135.5520468,
127,E2710000130201,太子橋南公園,大阪府大阪市旭区太子橋1-8,,,,1,1,,,,,34.73026219,135.5509056,
128,E2710000131201,市営今市住宅１号館,大阪府大阪市旭区太子橋1-9-1,1,,,,1,,,,,34.7307933,135.550717,
129,E2710000132201,太子橋中公園,大阪府大阪市旭区太子橋2-7,,,,1,1,,,,,34.73579778,135.5560326,
130,E2710000133201,淀川工科高等学校（運動場）,大阪府大阪市旭区太子橋3-1-32,,,,1,1,,,,1,34.7360633,135.5599962,
131,E2710000134201,太子橋東公園,大阪府大阪市旭区太子橋3-3,,,,1,1,,,,,34.73853234,135.5592314,
132,E2710000135201,市営橋寺住宅１号館,大阪府大阪市旭区太子橋3-8-1,1,,,,1,,,,,34.73938686,135.5587442,
133,E2710000136201,大宮南公園,大阪府大阪市旭区大宮1-1,,,,1,,,,,,34.72081736,135.5449258,
134,E2710000137201,大宮中公園,大阪府大阪市旭区大宮3-1,,,,1,1,,,,,34.72585543,135.5452101,
135,E2710000138201,大宮ふれあい公園,大阪府大阪市旭区大宮4-2,,,,1,1,,,,,34.72714245,135.5455946,
136,E2710000139202,大宮小学校（運動場）,大阪府大阪市旭区大宮4-9-16,,,,1,1,,,,1,34.72708383,135.5467477,
137,E2710000139201,大宮小学校,大阪府大阪市旭区大宮4-9-16,1,,,,1,,,,1,34.72737628,135.5468908,
138,E2710000140201,大宮北公園,大阪府大阪市旭区大宮5,,,,1,1,,,,,34.730652430726,135.54651138875,
139,E2710000141201,市営城北住宅１３号館,大阪府大阪市旭区大宮5-1-13,1,,,,1,,,,,34.7293793,135.5462735,
140,E2710000142201,大阪府立思斉支援学校（運動場）,大阪府大阪市旭区大宮5-11-7,,,,1,1,,,,1,34.730526,135.5490064,
141,E2710000143201,市営大宮住宅１号館,大阪府大阪市旭区大宮5-12-1,1,,,,1,,,,,34.73057305,135.5500698,
142,E2710000144201,今市中学校,大阪府大阪市旭区大宮5-13-40,1,,,,1,,,,1,34.73241653,135.549881,
143,E2710000144202,今市中学校（運動場）,大阪府大阪市旭区大宮5-13-40,,,,1,1,,,,1,34.73201094,135.5495019,
144,E2710000145201,常翔学園中学校・高等学校　東館,大阪府大阪市旭区大宮5-16-1,1,,,,1,,,,1,34.731076557408,135.54704549339,
145,E2710000146201,市営城北住宅１４号館,大阪府大阪市旭区大宮5-2-14,1,,,,1,,,,,34.72950921,135.547642,
146,E2710000147201,市営城北住宅１５号館,大阪府大阪市旭区大宮5-7-15,1,,,,1,,,,,34.729895,135.547583,
147,E2710000148201,市営城北住宅１２号館,大阪府大阪市旭区大宮5-8-12,1,,,,1,,,,,34.72976727,135.5462091,
148,E2710000149201,市営城北住宅１号館,大阪府大阪市旭区大宮5-9-1,1,,,,1,,,,,34.73016873,135.5460929,
149,E2710000150201,市営城北住宅２号館,大阪府大阪市旭区大宮5-9-2,1,,,,1,,,,,34.73011142,135.5456101,
150,E2710000151201,中宮１公園,大阪府大阪市旭区中宮1-11,,,,1,1,,,,,34.72092223,135.5420911,
151,E2710000152201,大宮西小学校,大阪府大阪市旭区中宮1-8-14,1,,,,1,,,,1,34.72278622,135.5417532,
152,E2710000152202,大宮西小学校（運動場）,大阪府大阪市旭区中宮1-8-14,,,,1,,,,,1,34.72255768,135.5415042,
153,E2710000153201,江野公園,大阪府大阪市旭区中宮2-18,,,,1,,,,,,34.72351078,135.5420339,
154,E2710000154201,大宮中学校,大阪府大阪市旭区中宮4-7-11,1,,,,1,,,,1,34.72665526,135.5411655,
155,E2710000154202,大宮中学校（運動場）,大阪府大阪市旭区中宮4-7-11,,,,1,1,,,,1,34.72698593,135.541296,
156,E2710000155201,市営城北中宮住宅１号館,大阪府大阪市旭区中宮5-1-1,1,,,,1,,,,,34.7286136,135.540783,
157,E2710000156201,市岡中学校,大阪府大阪市港区磯路1-5-21,1,,,,1,,,,1,34.66662191,135.461659,
158,E2710000156202,市岡中学校（運動場）,大阪府大阪市港区磯路1-5-21,,,,1,,,,,1,34.66673717,135.4624516,
159,E2710000157201,ライフ弁天町店,大阪府大阪市港区磯路1-9-25,1,,,,1,,,,,34.66752564,135.4610829,
160,E2710000158201,磯路中央公園,大阪府大阪市港区磯路2-17,,,,1,,,,,,34.66580813,135.4588055,
161,E2710000159201,日本交通株式会社　弁天営業所,大阪府大阪市港区磯路2-23-27,1,,,,1,,,,,34.666026,135.457074,
162,E2710000160201,メゾンシルク,大阪府大阪市港区磯路3-14-2,1,,,,1,,,,,34.66358,135.456932,
163,E2710000161201,みなと生協診療所,大阪府大阪市港区磯路3-3-4,1,,,,1,,,,,34.66423489,135.4582445,
164,E2710000162202,磯路小学校（運動場）,大阪府大阪市港区磯路3-7-7,,,,1,,,,,1,34.6653567,135.4567555,
165,E2710000162201,磯路小学校,大阪府大阪市港区磯路3-7-7,1,,,,1,,,,1,34.66523316,135.4571829,
166,E2710000163201,大阪みなとドライビングスクール,大阪府大阪市港区磯路3-9-15,1,,,,1,,,,,34.66550166,135.4545521,
167,E2710000164201,ホテルシーガルてんぽーざん大阪,大阪府大阪市港区海岸通1-5-15,1,,,,1,,,,,34.65319497,135.4294235,
168,E2710000165201,中谷ビル,大阪府大阪市港区海岸通1-5-22,1,,,,1,,,,,34.65279995,135.4301602,
169,E2710000166201,㈱間口　本社ビル,大阪府大阪市港区海岸通1-5-29,1,,,,1,,,,,34.65258116,135.4298084,
170,E2710000167201,海岸通ハウス,大阪府大阪市港区海岸通2-7-23,1,,,,1,,,,,34.65147279,135.4383092,
171,E2710000168201,日本通運㈱　中央国際物流センター,大阪府大阪市港区海岸通3-4-55,1,,,,1,,,,,34.64807671,135.4423191,
172,E2710000169201,港晴小学校,大阪府大阪市港区港晴1-3-12,1,,,,1,,,,1,34.65662821,135.4440122,
173,E2710000169202,港晴小学校（運動場）,大阪府大阪市港区港晴1-3-12,,,,1,,,,,1,34.65648535,135.4445285,
174,E2710000170201,市営八幡屋宝町第３住宅１号館,大阪府大阪市港区港晴1-6-1,1,,,,1,,,,,34.65573435,135.4438785,
175,E2710000171201,市営八幡屋宝町第２住宅１号館,大阪府大阪市港区港晴2-3-1,1,,,,1,,,,,34.65560471,135.4422706,
176,E2710000172201,市営八幡屋宝町住宅１号館,大阪府大阪市港区港晴2-5,1,,,,1,,,,,34.65495597,135.4435726,
177,E2710000173201,港晴南公園,大阪府大阪市港区港晴2-8,,,,1,,,,,,34.65552477,135.4412919,
178,E2710000176201,パークシティ朝潮橋,大阪府大阪市港区港晴3-1-12,1,,,,1,,,,,34.65827615,135.4445218,
179,E2710000175201,港晴東公園,大阪府大阪市港区港晴3-11,,,,1,,,,,,34.65914821,135.4418849,
180,E2710000177201,ティアラ港,大阪府大阪市港区港晴3-2-10,1,,,,1,,,,,34.65770504,135.4432418,
181,E2710000178201,港晴北公園,大阪府大阪市港区港晴4-17,,,,1,,,,,,34.65723246,135.4400152,
182,E2710000179201,株式会社メロスビル,大阪府大阪市港区港晴4-18-29,1,,,,1,,,,,34.657878,135.4399393,
183,E2710000180201,奥村組土木興業㈱　本社ビル,大阪府大阪市港区三先1-11-18,1,,,,1,,,,,34.66072099,135.4527291,
184,E2710000182201,港南公園,大阪府大阪市港区三先1-5,,,,1,,,,,,34.66101544,135.456607,
185,E2710000183201,港南中学校,大阪府大阪市港区三先1-5-28,1,,,,1,,,,1,34.66025749,135.456796,
186,E2710000183202,港南中学校（運動場）,大阪府大阪市港区三先1-5-28,,,,1,,,,,1,34.66049135,135.4572215,
187,E2710000184201,三先住宅１０号館,大阪府大阪市港区三先2-17,1,,,,1,,,,,34.658381,135.45141,
188,E2710000185201,ファミリープラザ朝潮橋,大阪府大阪市港区三先2-20-1,1,,,,1,,,,,34.657484,135.4534,
189,E2710000186201,三先公園,大阪府大阪市港区三先2-3,,,,1,,,,,,34.6597365,135.4525066,
190,E2710000187202,三先小学校（運動場）,大阪府大阪市港区三先2-6-32,,,,1,,,,,1,34.65902256,135.4529996,
191,E2710000187201,三先小学校,大阪府大阪市港区三先2-6-32,1,,,,1,,,,1,34.65884165,135.4531963,
192,E2710002988201,キングマンション市岡みなとベルクス,大阪府大阪市港区市岡1-1-1,1,,,,1,,,,,34.665276,135.463943,
193,E2710000188201,市岡西公園,大阪府大阪市港区市岡1-15,,,,1,,,,,,34.6636143,135.4606195,
194,E2710000190201,市岡中央公園,大阪府大阪市港区市岡1-3,,,,1,,,,,,34.66378427,135.4636276,
195,E2710002989201,浄土真宗本願寺派（西本願寺）西明寺,大阪府大阪市港区市岡2-1-4,1,,,,1,,,,,34.663319,135.459686,
196,E2710000192201,キコーナ市岡店,大阪府大阪市港区市岡2-5-10,1,,,,1,,,,,34.66277799,135.4586325,
197,E2710000193201,ヤマト工業㈱　市岡社員寮,大阪府大阪市港区市岡3-11-14,1,,,,1,,,,,34.66253912,135.4637277,
198,E2710000194201,市岡小学校,大阪府大阪市港区市岡3-2-24,1,,,,1,,,,1,34.66363193,135.4647366,
199,E2710000194202,市岡小学校（運動場）,大阪府大阪市港区市岡3-2-24,,,,1,,,,,1,34.66331866,135.4646633,
200,E2710000195201,エトワール山村,大阪府大阪市港区市岡3-3-5,1,,,,1,,,,,34.66268607,135.4653937,
201,E2710000196201,市岡浜公園,大阪府大阪市港区市岡4-2,,,,1,,,,,,34.66079518,135.4625362,
202,E2710000197201,市岡公園,大阪府大阪市港区市岡4-6,,,,1,,,,,,34.65983799,135.4616561,
203,E2710000198201,がんこフードサービス　商品センター,大阪府大阪市港区市岡4-6-69,1,,,,1,,,,,34.65918434,135.4609363,
204,E2710000199201,太陽ファスナー㈱　本社ビル,大阪府大阪市港区市岡元町1-3-18,1,,,,1,,,,,34.6710961,135.468337,
205,E2710000200201,㈱ツガワ工場,大阪府大阪市港区市岡元町1-4-5,1,,,,1,,,,,34.6701607,135.4692346,
206,E2710000201201,㈱日本電商　西営業所ビル,大阪府大阪市港区市岡元町1-6-28,1,,,,1,,,,,34.66832278,135.4696278,
207,E2710000202201,大阪府立市岡高等学校,大阪府大阪市港区市岡元町2-12-12,1,,,,1,,,,1,34.66745104,135.4663128,
208,E2710000202202,大阪府立市岡高等学校（運動場）,大阪府大阪市港区市岡元町2-12-12,,,,1,,,,,1,34.66777864,135.4667465,
209,E2710000203201,市岡小公園,大阪府大阪市港区市岡元町2-9,,,,1,,,,,,34.66873314,135.4668949,
210,E2710000204201,市岡元町公園,大阪府大阪市港区市岡元町3-12,,,,1,,,,,,34.66688449,135.4645292,
211,E2710000205202,市岡東中学校（運動場）,大阪府大阪市港区市岡元町3-2-18,,,,1,,,,,1,34.66719937,135.4654057,
212,E2710000205201,市岡東中学校,大阪府大阪市港区市岡元町3-2-18,1,,,,1,,,,1,34.66695836,135.4650852,
213,E2710000206201,大塚倉庫㈱　本社ビル,大阪府大阪市港区石田1-3-16,1,,,,1,,,,,34.66874596,135.4534268,
214,E2710000207202,港中学校（運動場）,大阪府大阪市港区池島1-5-35,,,,1,,,,,1,34.65726721,135.4488409,
215,E2710000207201,港中学校,大阪府大阪市港区池島1-5-35,1,,,,1,,,,1,34.65756726,135.4485119,
216,E2710000208201,池島公園,大阪府大阪市港区池島2-4,,,,1,,,,,,34.65694713,135.4519769,
217,E2710000209201,池島小学校,大阪府大阪市港区池島2-5-47,1,,,,1,,,,1,34.65553793,135.4511944,
218,E2710000209202,池島小学校（運動場）,大阪府大阪市港区池島2-5-47,,,,1,,,,,1,34.65498634,135.4511908,
219,E2710002918201,市営池島住宅５号棟,大阪府大阪市港区池島2-6-5,1,,,,1,,,,,34.655813,135.450509,
220,E2710002919201,市営池島住宅６号棟,大阪府大阪市港区池島2-6-6,1,,,,1,,,,,34.655852,135.450976,
221,E2710002916201,市営池島住宅３号棟,大阪府大阪市港区池島2-7-3,1,,,,1,,,,,34.656153,135.449646,
222,E2710002917201,市営池島住宅４号棟,大阪府大阪市港区池島2-7-4,1,,,,1,,,,,34.656554,135.45023,
223,E2710000210201,市営池島住宅２号館,大阪府大阪市港区池島3-1-2,1,,,,1,,,,,34.655357,135.449198,
224,E2710000211201,市営池島住宅１号館,大阪府大阪市港区池島3-3,1,,,,1,,,,,34.65512463,135.4504577,
225,E2710000213201,市営池島南住宅１号館,大阪府大阪市港区池島3-8,1,,,,1,,,,,34.65395855,135.4486026,
226,E2710000214201,築港小学校,大阪府大阪市港区築港1-10-38,1,,,,1,,,,1,34.65301641,135.4361979,
227,E2710000214202,築港小学校（運動場）,大阪府大阪市港区築港1-10-38,,,,1,,,,,1,34.65263249,135.4364411,
228,E2710000215201,築港南公園,大阪府大阪市港区築港1-2,,,,1,,,,,,34.65328369,135.4374542,
229,E2710000216201,築港中学校,大阪府大阪市港区築港1-2-41,1,,,,1,,,,1,34.65280651,135.4379339,
230,E2710000216202,築港中学校（運動場）,大阪府大阪市港区築港1-2-41,,,,1,,,,,1,34.6525285,135.4382897,
231,E2710000219201,コーシャハイツ港,大阪府大阪市港区築港2-4-1,1,,,,1,,,,,34.6513758,135.4342307,
232,E2710000220201,コーシャハイツ港（２号棟）,大阪府大阪市港区築港2-4-2,1,,,,1,,,,,34.65184021,135.4338357,
233,E2710003043201,天保山船客上屋,大阪府大阪市港区築港3-11-8,1,,,,1,,,,,34.656894,135.431283,
234,E2710000221201,天保山公園,大阪府大阪市港区築港3-2,,,,1,,,,,,34.65772727,135.4329588,
235,E2710000222201,Ｏｓａｋａ　Ｍｅｔｒｏ　大阪港駅,大阪府大阪市港区築港3-5-9,1,,,,1,,,,,34.65386492,135.434283,
236,E2710000224201,㈱辰巳商會,大阪府大阪市港区築港4-1-1,1,,,,1,,,,,34.65363272,135.4327151,
237,E2710000223201,大阪港湾合同庁舎,大阪府大阪市港区築港4-10-3,1,,,,1,,,,,34.653183,135.430675,
238,E2710000225201,日本貨物検数協会ビル,大阪府大阪市港区築港4-11-9,1,,,,1,,,,,34.65430096,135.4300847,
239,E2710000226201,市営一条通住宅１号館,大阪府大阪市港区築港4-5-1,1,,,,1,,,,,34.65494255,135.4310462,
240,E2710000227201,東田中公園,大阪府大阪市港区田中1-1,,,,1,,,,,,34.6652742,135.4515656,
241,E2710000228201,石田公園,大阪府大阪市港区田中1-7,,,,1,,,,,,34.66613059,135.4494766,
242,E2710000229202,田中小学校（運動場）,大阪府大阪市港区田中2-10-34,,,,1,,,,,1,34.66319138,135.4474448,
243,E2710000229201,田中小学校,大阪府大阪市港区田中2-10-34,1,,,,1,,,,1,34.6635576,135.4472177,
244,E2710000230201,八幡屋公園,大阪府大阪市港区田中3-1,,,,1,,1,,,,34.66035128,135.4462238,広域避難場所
245,E2710000231201,港スポーツセンター,大阪府大阪市港区田中3-1-128,1,,,,1,,,,,34.66189672,135.4457309,
246,E2710000233201,Ｏｓａｋａ　Ｍｅｔｒｏ　朝潮橋駅,大阪府大阪市港区田中3-1-4,1,,,,1,,,,,34.66156866,135.448963,
247,E2710000234201,Ａｓｕｅアリーナ大阪,大阪府大阪市港区田中3-1-40,1,,,,1,,,,,34.65910767,135.4448242,
248,E2710002977201,"大阪西公共職業安定所
（ハローワーク大阪西）",大阪府大阪市港区南市岡1-2-34,1,,,,1,,,,,34.668331,135.471522,
249,E2710000235201,南市岡西公園,大阪府大阪市港区南市岡2-12,,,,1,,,,,,34.6651174,135.4678723,
250,E2710000237202,南市岡小学校（運動場）,大阪府大阪市港区南市岡2-6-35,,,,1,,,,,1,34.66555917,135.4689263,
251,E2710000237201,南市岡小学校,大阪府大阪市港区南市岡2-6-35,1,,,,1,,,,1,34.66583272,135.4688816,
252,E2710000238201,南市岡公園,大阪府大阪市港区南市岡2-7,,,,1,,,,,,34.66581018,135.4682204,
253,E2710000239201,港友マンション,大阪府大阪市港区南市岡3-1-12,1,,,,1,,,,,34.6657184,135.4661452,
254,E2710000240201,プレサンスロジェ弁天町,大阪府大阪市港区南市岡3-11-23,1,,,,1,,,,,34.66518671,135.4649068,
255,E2710000241201,エスリード弁天町南,大阪府大阪市港区南市岡3-2-15,1,,,,1,,,,,34.665421,135.465286,
256,E2710000242201,キングスクエアランドレックス,大阪府大阪市港区南市岡3-6-20,1,,,,1,,,,,34.66421156,135.4667453,
257,E2710000243201,市営波除第２住宅５号館,大阪府大阪市港区波除1-2,1,,,,1,,,,,34.675772,135.462949,
258,E2710000244201,波除第２住宅３号館,大阪府大阪市港区波除1-5,1,,,,1,,,,,34.674945,135.462963,
259,E2710000245201,市営波除第２住宅４号館,大阪府大阪市港区波除1-6,1,,,,1,,,,,34.675434,135.462451,
260,E2710000246201,市営波除第２住宅６号館,大阪府大阪市港区波除1-6-6,1,,,,1,,,,,34.675797,135.461981,
261,E2710000247201,抱月公園,大阪府大阪市港区波除2-2,,,,1,,,,,,34.67202318,135.4652986,
262,E2710000248201,市営波除住宅１号館,大阪府大阪市港区波除2-2-19,1,,,,1,,,,,34.67232169,135.4645986,
263,E2710000249202,大阪府立港高等学校（運動場）,大阪府大阪市港区波除2-3-1,,,,1,,,,,1,34.67137373,135.4659627,
264,E2710000249201,大阪府立港高等学校,大阪府大阪市港区波除2-3-1,1,,,,1,,,,1,34.67091931,135.4655372,
265,E2710000250201,Ｏｓａｋａ　Ｍｅｔｒｏ　弁天町駅,大阪府大阪市港区波除3-11-6,1,,,,1,,,,,34.66952058,135.4621712,
266,E2710000251202,波除小学校（運動場）,大阪府大阪市港区波除3-6-8,,,,1,,,,,1,34.6716217,135.4626461,
267,E2710000251201,波除小学校,大阪府大阪市港区波除3-6-8,1,,,,1,,,,1,34.67185552,135.4623117,
268,E2710000252201,Ｈ　Ｒ　Ｃビル　（愛称ＡＩＡＩ（アイアイ）おおさか）,大阪府大阪市港区波除4-1-37,1,,,,1,,,,,34.67373771,135.4637505,
269,E2710000253201,市営波除第２住宅１号館,大阪府大阪市港区波除4-5,1,,,,1,,,,,34.673695,135.463002,
270,E2710000254201,㈱小林産業　本社ビル,大阪府大阪市港区波除4-5-7,1,,,,1,,,,,34.67361242,135.4625298,
271,E2710000255201,抱月小公園,大阪府大阪市港区波除4-6,,,,1,,,,,,34.67430903,135.463236,
272,E2710000256201,市営波除第２住宅２号館,大阪府大阪市港区波除4-7,1,,,,1,,,,,34.674216,135.462706,
273,E2710000257202,市営波除第２住宅７号館,大阪府大阪市港区波除4-8,1,,,,1,,,,,34.674733,135.462275,
274,E2710000257201,市営波除第２住宅８号館,大阪府大阪市港区波除4-8,1,,,,1,,,,,34.6746,135.461746,
275,E2710000259201,波除公園,大阪府大阪市港区波除5-5,,,,1,,,,,,34.67391794,135.4612282,
276,E2710000262201,入舟公園,大阪府大阪市港区八幡屋1-4,,,,1,,,,,,34.65709924,135.4477251,
277,E2710000263201,八幡屋第２住宅４号館,大阪府大阪市港区八幡屋3-10,1,,,,1,,,,,34.653831,135.445602,
278,E2710000264201,八幡屋小学校,大阪府大阪市港区八幡屋3-3-5,1,,,,1,,,,1,34.65483232,135.4458613,
279,E2710000264202,八幡屋小学校（運動場）,大阪府大阪市港区八幡屋3-3-5,,,,1,,,,,1,34.654934357276,135.44623544233,
280,E2710000265201,入舟南公園,大阪府大阪市港区八幡屋3-4,,,,1,,,,,,34.65425526,135.446612,
281,E2710000266201,八幡屋南公園,大阪府大阪市港区八幡屋4-3,,,,1,,,,,,34.65225029,135.447543,
282,E2710000267201,特別養護老人ホーム愛港園,大阪府大阪市港区八幡屋4-8-1,1,,,,1,,,,1,34.65157126,135.4467781,
283,E2710000268201,港大阪祭典,大阪府大阪市港区福崎1-1-62,1,,,,1,,,,,34.659817,135.458039,
284,E2710000269201,日本郵便輸送㈱　近畿支社,大阪府大阪市港区福崎1-3-30,1,,,,1,,,,,34.65768263,135.4603558,
285,E2710000270201,オンワード樫山　大阪支店,大阪府大阪市港区福崎1-4-14,1,,,,1,,,,,34.65854436,135.4583232,
286,E2710000271201,㈱八木製作所,大阪府大阪市港区福崎3-1-111,1,,,,1,,,,,34.65625166,135.4576186,
287,E2710000273201,ホームセンターコーナン弁天町店,大阪府大阪市港区弁天1-2-24,1,,,,1,,,,,34.66933117,135.4600843,
288,E2710000274201,コーシャハイツ弁天,大阪府大阪市港区弁天1-4-18,1,,,,1,,,,,34.6681762,135.4599118,
289,E2710000276201,弁天西公園,大阪府大阪市港区弁天2-4,,,,1,,,,,,34.66829735,135.4570094,
290,E2710000278201,弁天小学校,大阪府大阪市港区弁天2-9-35,1,,,,1,,,,1,34.66870708,135.4556665,
291,E2710000278202,弁天小学校（運動場）,大阪府大阪市港区弁天2-9-35,,,,1,,,,,1,34.66822617,135.4556522,
292,E2710000280201,弁天公園,大阪府大阪市港区弁天3-5,,,,1,,,,,,34.66758206,135.4535792,
293,E2710000281201,介護老人保健施設　港さつき苑,大阪府大阪市港区弁天4-16-18,1,,,,1,,,,1,34.67112259,135.4560792,
294,E2710000283201,弁天東公園,大阪府大阪市港区弁天5-12,,,,1,,,,,,34.67303734,135.4566746,
295,E2710000287201,㈱山櫻　大阪支店,大阪府大阪市港区弁天5-15-13,1,,,,1,,,,,34.67209543,135.4553535,
296,E2710000288201,㈱梅田精密　本社ビル,大阪府大阪市港区弁天5-17-27,1,,,,1,,,,,34.67172254,135.4566366,
297,E2710000289201,奥村ナイスワークビル,大阪府大阪市港区弁天6-1-3,1,,,,1,,,,,34.67442612,135.4583028,
298,E2710000290201,大綱㈱　本社ビル,大阪府大阪市港区弁天6-1-5,1,,,,1,,,,,34.67451729,135.4579058,
299,E2710000291201,弁天埠頭公園,大阪府大阪市港区弁天6-7,,,,1,,,,,,34.67269557,135.4535132,
300,E2710000292201,友宗電気㈱　本社ビル,大阪府大阪市港区夕凪2-15-5,1,,,,1,,,,,34.66140368,135.4513113,
301,E2710000294201,アソカ学園,大阪府大阪市港区夕凪2-3-5,1,,,,1,,,,,34.66191739,135.4524366,
302,E2710000295201,夕凪公園,大阪府大阪市港区夕凪2-6,,,,1,,,,,,34.6628392,135.451905,
303,E2710000296201,大阪市下水道科学館,大阪府大阪市此花区高見1-2-53,1,,,,1,,,,,34.69348491,135.4624751,
304,E2710000297202,高見小学校（運動場）,大阪府大阪市此花区高見1-3-35,,,,1,,,,,1,34.69053439,135.4609712,
305,E2710000297201,高見小学校,大阪府大阪市此花区高見1-3-35,1,,,,1,,,,1,34.69054615,135.4603578,
306,E2710000298203,市営高見住宅５１号館,大阪府大阪市此花区高見1-4,1,,,,1,,,,,34.68967789,135.4586475,
307,E2710000298201,市営高見住宅５７号館,大阪府大阪市此花区高見1-4,1,,,,1,,,,,34.68930737,135.4593932,
308,E2710000298202,市営高見住宅５２号館,大阪府大阪市此花区高見1-4,1,,,,1,,,,,34.69084676,135.4585295,
309,E2710000299202,市営高見住宅４１号館,大阪府大阪市此花区高見1-5,1,,,,1,,,,,34.69207571,135.4584942,
310,E2710000299201,市営高見住宅４４号館,大阪府大阪市此花区高見1-5,1,,,,1,,,,,34.69326385,135.458728,
311,E2710000299203,高見公園,大阪府大阪市此花区高見1-5,,,,1,,,,,,34.69143174,135.4585818,
312,E2710000300203,市営高見住宅２４号館,大阪府大阪市此花区高見1-6,1,,,,1,,,,,34.69263522,135.4607057,
313,E2710000300202,市営高見住宅２５号館,大阪府大阪市此花区高見1-6,1,,,,1,,,,,34.69285135,135.4615693,
314,E2710000300201,市営高見住宅２６号館,大阪府大阪市此花区高見1-6,1,,,,1,,,,,34.69239704,135.4620521,
315,E2710000301201,高見北公園,大阪府大阪市此花区高見1-7,,,,1,,,,,,34.69279078,135.4598705,
316,E2710000302201,此花中学校,大阪府大阪市此花区高見2-14-31,1,,,,1,,,,1,34.69007014,135.4552826,
317,E2710000302202,此花中学校（運動場）,大阪府大阪市此花区高見2-14-31,,,,1,,,,,1,34.69060826,135.4556384,
318,E2710000303201,高見西公園,大阪府大阪市此花区高見3-14,,,,1,,,,,,34.69211992,135.4554443,
319,E2710000304201,桜島北公園,大阪府大阪市此花区桜島2-1,1,,,,1,,,,,34.66161608,135.4314742,
320,E2710000305201,株式会社セントラル・コールド・ストレージ,大阪府大阪市此花区桜島3-2-17,,,,1,,,,,1,34.662455516599,135.4273376627,
321,E2710000306201,桜島公園,大阪府大阪市此花区桜島3-5,,,,1,,,,,,34.66157199,135.4283391,
322,E2710000307201,市営桜島住宅１号館,大阪府大阪市此花区桜島3-6-30,1,,,,1,,,,,34.66089029,135.4282077,
323,E2710000308201,千鳥橋公園,大阪府大阪市此花区四貫島1-1,,,,1,,,,,,34.68562872,135.4571117,
324,E2710000309201,此花区民一休ホール,大阪府大阪市此花区四貫島1-1-18,,,,1,,,,,,34.68585382,135.4571754,
325,E2710000310201,四貫島小学校,大阪府大阪市此花区四貫島2-16-29,1,,,,1,,,,1,34.68501173,135.4545741,
326,E2710000310202,四貫島小学校（運動場）,大阪府大阪市此花区四貫島2-16-29,,,,1,,,,,1,34.68485146,135.4541092,
327,E2710000311201,四貫島西公園,大阪府大阪市此花区四貫島2-25,,,,1,,,,,,34.68486242,135.452631,
328,E2710000313201,春日出小学校,大阪府大阪市此花区春日出中1-13-23,1,,,,1,,,,1,34.68060686,135.452324,
329,E2710000313202,春日出小学校（運動場）,大阪府大阪市此花区春日出中1-13-23,,,,1,,,,,1,34.68050232,135.4526447,
330,E2710000314201,春日出中公園,大阪府大阪市此花区春日出中1-26,,,,1,,,,,,34.68150353,135.4518851,
331,E2710000315201,住友電気工業株式会社大阪製作所社員クラブ,大阪府大阪市此花区春日出中1-5-1,1,,,,1,,,,,34.679036,135.452614,
332,E2710000315202,市営春日出中第２住宅１号館,大阪府大阪市此花区春日出中1-5-1,1,,,,1,,,,,34.679036,135.452601,
333,E2710000316202,春日出パークホームズⅡ,大阪府大阪市此花区春日出中1-8-23,1,,,,1,,,,,34.680136,135.453739,
334,E2710000317201,住友化学株式会社　大阪工場（グラウンド）,大阪府大阪市此花区春日出中3-1-98,,,,1,,,,,,34.67889113,135.4483186,
335,E2710000318201,春日出公園,大阪府大阪市此花区春日出南1-2,,,,1,,,,,,34.679402072866,135.45810436152,
336,E2710000319202,春日出中学校（運動場）,大阪府大阪市此花区春日出南1-2-8,,,,1,,,,,1,34.67892977,135.4579145,
337,E2710000319201,春日出中学校,大阪府大阪市此花区春日出南1-2-8,1,,,,1,,,,1,34.678548912751,135.45793954974,
338,E2710000320201,春日出南公園,大阪府大阪市此花区春日出南2-10,,,,1,,,,,,34.67835157,135.4535926,
339,E2710000321201,キングス夢咲シティ　ひかりの街,大阪府大阪市此花区春日出南3-3,1,,,,1,,,,,34.673928,135.446744,
340,E2710000322201,特別養護老人ホーム　クレーネ大阪,大阪府大阪市此花区春日出北1-22-3,1,,,,1,,,,,34.684047,135.450644,
341,E2710000323201,此花公園,大阪府大阪市此花区春日出北1-5,,,,1,,,,,,34.68248479,135.4505228,
342,E2710000324201,春日出北公園,大阪府大阪市此花区春日出北2-16,,,,1,,,,,,34.68235627,135.4474925,
343,E2710000325201,市営春日出住宅２号館,大阪府大阪市此花区春日出北2-5,1,,,,1,,,,,34.68157804,135.4491327,
344,E2710000325202,市営春日出住宅１号館,大阪府大阪市此花区春日出北2-5,1,,,,1,,,,,34.68133541,135.4493633,
345,E2710000326201,梅香中学校,大阪府大阪市此花区春日出北3-12-24,1,,,,1,,,,1,34.68086263,135.4440598,
346,E2710000326202,梅香中学校（運動場）,大阪府大阪市此花区春日出北3-12-24,,,,1,,,,,1,34.68134052,135.4450862,
347,E2710000327201,㈱中日本冷蔵　本社センター,大阪府大阪市此花区西九条1-1-20,1,,,,1,,,,,34.68240973,135.4705631,
348,E2710000330201,西九条公民館,大阪府大阪市此花区西九条1-3-16,,,,1,,,,,,34.68337805,135.4691569,
349,E2710000329201,西九条上公園,大阪府大阪市此花区西九条1-30,,,,1,,,,,,34.68173072,135.4676162,
350,E2710000332201,西九条南公園,大阪府大阪市此花区西九条2-1,,,,1,,,,,,34.67978612,135.465876,
351,E2710000333201,ルモン西九条,大阪府大阪市此花区西九条2-1-32,1,,,,1,,,,,34.67960341,135.4661054,
352,E2710000334201,西九条福祉会館,大阪府大阪市此花区西九条2-3-15,,,,1,,,,,,34.68070727,135.4661908,
353,E2710000335201,ファミール西九条,大阪府大阪市此花区西九条3-4-34,1,,,,1,,,,,34.68554446,135.4670266,
354,E2710000336201,ケアハウス大阪安立,大阪府大阪市此花区西九条3-4-61,1,,,,1,,,,1,34.68580797,135.4680494,
355,E2710000337201,西九条小公園,大阪府大阪市此花区西九条3-8,,,,1,,,,,,34.68425539,135.4661718,
356,E2710000338201,西九条小学校,大阪府大阪市此花区西九条4-3-41,1,,,,1,,,,1,34.68261119,135.4647448,
357,E2710000338202,西九条小学校（運動場）,大阪府大阪市此花区西九条4-3-41,,,,1,,,,,1,34.68231279,135.4647914,
358,E2710000339201,西九条西公園,大阪府大阪市此花区西九条4-4,,,,1,,,,,,34.68174563,135.4640569,
359,E2710000340201,西九条公園,大阪府大阪市此花区西九条5-4,,,,1,,,,,,34.68388978,135.4649948,
360,E2710000341201,此花屋内プール,大阪府大阪市此花区西九条5-4-21,1,,,,1,,,,,34.683586,135.464553,
361,E2710000342201,此花会館／梅香殿,大阪府大阪市此花区西九条5-4-24,1,,,,1,,,,,34.6836569,135.464432,
362,E2710000343201,朝日橋公園,大阪府大阪市此花区西九条6-1,,,,1,,,,,,34.68152929,135.4622166,
363,E2710000344201,ライフ西九条店,大阪府大阪市此花区西九条6-1-132,1,,,,1,,,,,34.68305938,135.4640937,
364,E2710000345201,男女共同参画センター西部館及びこども文化センター,大阪府大阪市此花区西九条6-1-20,1,,,,1,,,,,34.68179907,135.4633303,
365,E2710000346202,咲くやこの花中学校・高等学校（運動場）,大阪府大阪市此花区西九条6-1-44,,,,1,,,,,1,34.68005511,135.4611939,
366,E2710000346201,咲くやこの花中学校・高等学校,大阪府大阪市此花区西九条6-1-44,1,,,,1,,,,1,34.68053595,135.4616052,
367,E2710000347201,昇陽中学校・高等学校,大阪府大阪市此花区朝日1-1-9,1,,,,1,,,,1,34.684954988656,135.46258085834,
368,E2710000347202,昇陽中学校・高等学校（運動場）,大阪府大阪市此花区朝日1-1-9,,,,1,,,,,1,34.685163784585,135.4623037,
369,E2710000348201,正蓮寺川公園（東端の高台部分）,大阪府大阪市此花区朝日2,,,,1,1,,,,,34.687306,135.463723,
370,E2710000349201,嬉ヶ崎公園,大阪府大阪市此花区朝日2-1,,,,1,,,,,,34.68617498,135.4631567,
371,E2710000350201,千鳥橋みどり公園,大阪府大阪市此花区伝法1-2,,,,1,,,,,,34.68874635,135.4603299,
372,E2710000351201,市営伝法住宅２号館,大阪府大阪市此花区伝法1-4,1,,,,1,,,,,34.687798,135.459598,
373,E2710000351202,市営伝法住宅１号館,大阪府大阪市此花区伝法1-4,1,,,,1,,,,,34.687521,135.459063,
374,E2710000352201,伝法コミュニティひろば,大阪府大阪市此花区伝法2-1,,,,1,,,,,,34.68725086,135.4569764,
375,E2710000353201,伝法東公園,大阪府大阪市此花区伝法2-11,,,,1,,,,,,34.6878393,135.4549304,
376,E2710000354201,市営千鳥橋住宅１号館,大阪府大阪市此花区伝法2-2-2,1,,,,1,,,,,34.687339,135.458001,
377,E2710000355201,伝法小学校,大阪府大阪市此花区伝法3-13-10,1,,,,1,,,,1,34.690268249061,135.45150928955,
378,E2710000355202,伝法小学校（運動場）,大阪府大阪市此花区伝法3-13-10,,,,1,,,,,1,34.69000948,135.451774,
379,E2710000356202,伝法公園,大阪府大阪市此花区伝法3-14,,,,1,,,,,,34.68950846,135.4507232,
380,E2710000356201,伝法中公園,大阪府大阪市此花区伝法3-14,,,,1,,,,,,34.68892597,135.4505219,
381,E2710000357201,此花区在宅サービスセンター,大阪府大阪市此花区伝法3-2-27,1,,,1,1,,,,1,34.69033721,135.4546033,
382,E2710000358201,伝法北公園,大阪府大阪市此花区伝法3-7,,,,1,,,,,,34.69080155,135.452561,
383,E2710000359201,ライオンズマンション此花千鳥橋,大阪府大阪市此花区伝法4-1-3,1,,,,1,,,,,34.687176,135.4542,
384,E2710000360201,伝法南公園,大阪府大阪市此花区伝法4-7,,,,1,,,,,,34.68668867,135.4518494,
385,E2710000361201,日新製鋼株式会社　伝法寮,大阪府大阪市此花区伝法5-1-18,1,,,,1,,,,,34.68722164,135.4489256,
386,E2710000362201,キングマンション此花Ⅱ,大阪府大阪市此花区伝法5-1-24,1,,,,1,,,,,34.68703783,135.4485013,
387,E2710000363201,伝法西公園,大阪府大阪市此花区伝法5-3,,,,1,,,,,,34.68709875,135.4472541,
388,E2710000364201,淀川リバーサイドヴィラ,大阪府大阪市此花区伝法5-4-12,1,,,,1,,,,,34.68775209,135.4493309,
389,E2710000365201,イカリソース跡地ひろば,大阪府大阪市此花区伝法5-6,,,,1,,,,,,34.68869124,135.4484254,
390,E2710000367201,阪神住建グランドヴィラ此花Ⅰ,大阪府大阪市此花区伝法6-2-1,1,,,,1,,,,,34.68630871,135.4511601,
391,E2710000369201,住友電気工業株式会社　大阪製作所　大阪事務所,大阪府大阪市此花区島屋1-1-3,,,,1,,,,,,34.678577,135.444592,
392,E2710000370201,市営島屋住宅１号館,大阪府大阪市此花区島屋2-8,1,,,,1,,,,,34.67829288,135.4387673,
393,E2710000371201,島屋小学校,大阪府大阪市此花区島屋2-9-36,1,,,,1,,,,1,34.67778949,135.4393172,
394,E2710000371202,島屋小学校（運動場）,大阪府大阪市此花区島屋2-9-36,,,,1,,,,,1,34.67745127,135.4391795,
395,E2710000372201,シンプルハートホテル大阪,大阪府大阪市此花区島屋3-10-31,1,,,,1,,,,,34.67547057,135.4431634,
396,E2710000374201,島屋公園,大阪府大阪市此花区島屋3-3,,,,1,,,,,,34.67657255,135.4434652,
397,E2710000375201,マルハン此花島屋店,大阪府大阪市此花区島屋3-8-14,1,,,,1,,,,,34.676062878462,135.44364227976,
398,E2710000376201,サーパス此花ネオスタイル,大阪府大阪市此花区島屋3-8-16,1,,,,1,,,,,34.67615099,135.4427958,
399,E2710000377201,ガーデン天使,大阪府大阪市此花区島屋4-1-11,1,,,,1,,,,1,34.67403854,135.4437354,
400,E2710000378201,日本郵便株式会社　新大阪郵便局,大阪府大阪市此花区島屋4-1-18,,,,1,,,,,,34.67383513,135.4421237,
401,E2710000379201,島屋西公園,大阪府大阪市此花区島屋5-1,,,,1,,,,,,34.66867666,135.4364553,
402,E2710000380201,新日鐵住金株式会社　製鋼所（グラウンド）,大阪府大阪市此花区島屋5-1-109,,,,1,,,,,,34.67359785,135.4371463,
403,E2710000381201,島屋南公園,大阪府大阪市此花区島屋6-2,,,,1,,,,,,34.67076792,135.4409975,
404,E2710000382201,リバーガーデン　ＥＣＯ　シティアリスの森,大阪府大阪市此花区島屋6-2-110,1,,,,1,,,,,34.67025912,135.4404825,
405,E2710000383201,市営秀野西住宅３号館,大阪府大阪市此花区酉島1-11,1,,,,1,,,,,34.68402778,135.4440836,
406,E2710000384201,秀野西住宅２号館,大阪府大阪市此花区酉島1-12,1,,,,1,,,,,34.684495,135.443696,
407,E2710000385201,酉島東公園,大阪府大阪市此花区酉島1-13,,,,1,,,,,,34.68488532,135.4437501,
408,E2710000386201,市営秀野西住宅４号館,大阪府大阪市此花区酉島1-16,1,,,,1,,,,,34.68368624,135.4430639,
409,E2710000387201,市営秀野西住宅５号館,大阪府大阪市此花区酉島1-17,1,,,,1,,,,,34.6832121,135.4432475,
410,E2710000388201,ドルミ新淀川１５号館,大阪府大阪市此花区酉島1-2-15,1,,,,1,,,,,34.6853221,135.4470662,
411,E2710000389201,市営酉島東住宅１号館,大阪府大阪市此花区酉島1-3,1,,,,1,,,,,34.68520336,135.4457497,
412,E2710000390201,市営秀野西住宅１号館,大阪府大阪市此花区酉島1-5,1,,,,1,,,,,34.684956,135.444942,
413,E2710000391201,市営酉島東住宅２号館,大阪府大阪市此花区酉島2-1,1,,,,1,,,,,34.68626417,135.4466115,
414,E2710000392202,もと此花総合高等学校（運動場）,大阪府大阪市此花区酉島2-3-16,,,,1,,,,,,34.68567558,135.444063,
415,E2710000393202,酉島小学校（運動場）,大阪府大阪市此花区酉島2-5-12,,,,1,,,,,1,34.68582352,135.4421337,
416,E2710000393201,酉島小学校,大阪府大阪市此花区酉島2-5-12,1,,,,1,,,,1,34.685575034229,135.4422875,
417,E2710000394201,市営酉島第２住宅１号棟,大阪府大阪市此花区酉島3-12-20,1,,,,1,,,,,34.68239888,135.4409714,
418,E2710000395201,酉島中公園,大阪府大阪市此花区酉島3-13,,,,1,,,,,,34.68234884,135.4417803,
419,E2710000396201,府住宅供給公社　春日出団地,大阪府大阪市此花区酉島3-14-24,1,,,,1,,,,,34.68192782,135.441475,
420,E2710000397201,レピア此花,大阪府大阪市此花区酉島3-16-17,1,,,,1,,,,,34.68204577,135.4399909,
421,E2710000398201,酉島南公園,大阪府大阪市此花区酉島3-19,,,,1,,,,,,34.68269481,135.4391861,
422,E2710000399201,住友電気工業株式会社　大阪製作所　浩気寮,大阪府大阪市此花区酉島3-23-5,1,,,,1,,,,,34.68213778,135.4384852,
423,E2710000400201,市営酉島住宅２１号館,大阪府大阪市此花区酉島4-1,1,,,,1,,,,,34.68385753,135.4390156,
424,E2710000401201,コーシャハイツ酉島,大阪府大阪市此花区酉島4-1-1,1,,,,1,,,,,34.68562259,135.4408352,
425,E2710000402201,市営酉島住宅２２号館,大阪府大阪市此花区酉島4-2,1,,,,1,,,,,34.68360404,135.4378297,
426,E2710003054201,大阪市此花下水処理場ポンプ場,大阪府大阪市此花区酉島5-10-62,1,,,,1,,,,,34.680639,135.435467,
427,E2710000403201,酉島公園,大阪府大阪市此花区酉島6-1,,,,1,,,,,,34.68330268,135.4352615,
428,E2710000404201,ルネ・パークプラザ,大阪府大阪市此花区酉島6-3-4,1,,,,1,,,,,34.68258363,135.4357131,
429,E2710000405201,梅香東公園,大阪府大阪市此花区梅香1-3,,,,1,,,,,,34.68233082,135.4597571,
430,E2710000406201,梅香小学校,大阪府大阪市此花区梅香3-17-29,1,,,,1,,,,1,34.68230698,135.4553263,
431,E2710000406202,梅香小学校（運動場）,大阪府大阪市此花区梅香3-17-29,,,,1,,,,,1,34.68209377,135.4550438,
432,E2710000407201,梅香公園,大阪府大阪市此花区梅香3-3,,,,1,,,,,,34.6814532,135.4556991,
433,E2710000409201,㈱アド・ダイセン　関西メールセンター,大阪府大阪市此花区北港1-1-1,1,,,,1,,,,,34.67180664,135.4303067,
434,E2710000410201,大阪港舞洲食品流通センター,大阪府大阪市此花区北港白津1-11-52,1,,,,1,,,,,34.66173188,135.4025096,
435,E2710000412201,英明幼稚園遠里小野（運動場）,大阪府大阪市住吉区遠里小野1-2-25,,,,1,1,,,,1,34.60049391,135.4992401,
436,E2710000413202,大和川中学校（運動場）,大阪府大阪市住吉区遠里小野2-11-4,,,,1,1,,,,1,34.59728811,135.497656,
437,E2710000413201,大和川中学校,大阪府大阪市住吉区遠里小野2-11-4,1,,,,1,,,,1,34.5975086,135.4968891,
438,E2710000414201,市営遠里小野住宅５号館,大阪府大阪市住吉区遠里小野2-15,1,,,,1,,,,,34.59565937,135.4957983,
439,E2710000416201,遠里小野公園,大阪府大阪市住吉区遠里小野5-19,,,,1,1,,,,,34.59913405,135.4933637,
440,E2710000417202,遠里小野小学校（運動場）,大阪府大阪市住吉区遠里小野6-6-27,,,,1,1,,,,1,34.59735058,135.4949959,
441,E2710000417201,遠里小野小学校,大阪府大阪市住吉区遠里小野6-6-27,1,,,,1,,,,1,34.59742123,135.4953214,
442,E2710000418201,おりおの南公園,大阪府大阪市住吉区遠里小野7-5,,,,1,1,,,,,34.59693066,135.4924705,
443,E2710000419201,市営遠里小野第２住宅１号館,大阪府大阪市住吉区遠里小野7-6-29,1,,,,1,,,,,34.59642274,135.4923375,
444,E2710000420201,市営我孫子第２住宅１号館,大阪府大阪市住吉区我孫子1-5,1,,,,1,,,,,34.6042358,135.5104938,
445,E2710000421201,市営我孫子第２住宅３号館,大阪府大阪市住吉区我孫子1-6,1,,,,1,,,,,34.60378543,135.510011,
446,E2710000421202,市営我孫子第２住宅２号館,大阪府大阪市住吉区我孫子1-6,1,,,,1,,,,,34.60374569,135.5105528,
447,E2710000422201,市営我孫子第３住宅１号館,大阪府大阪市住吉区我孫子1-8,1,,,,1,,,,,34.60491972,135.5094198,
448,E2710000423201,市営我孫子東第７住宅１号館,大阪府大阪市住吉区我孫子2-1,1,,,,1,,,,,34.60331296,135.5105192,
449,E2710000424201,市営我孫子東第７住宅２号館,大阪府大阪市住吉区我孫子2-2,1,,,,1,,,,,34.60282726,135.5102725,
450,E2710000425201,市営我孫子東第７住宅３号館,大阪府大阪市住吉区我孫子2-3,1,,,,1,,,,,34.60227749,135.5102002,
451,E2710000427201,依羅小学校,大阪府大阪市住吉区我孫子4-11-48,1,,,,1,,,,1,34.59724141,135.5078284,
452,E2710000427202,依羅小学校（運動場）,大阪府大阪市住吉区我孫子4-11-48,,,,1,1,,,,1,34.59741363,135.5082164,
453,E2710000428201,我孫子公園,大阪府大阪市住吉区我孫子5-2,,,,1,1,,,,,34.59952665,135.5074147,
454,E2710000429201,市営我孫子住宅１号館,大阪府大阪市住吉区我孫子5-7,1,,,,1,,,,,34.59757801,135.5061091,
455,E2710000430201,市営我孫子西住宅１号館,大阪府大阪市住吉区我孫子西1-10,1,,,,1,,,,,34.60574187,135.5071825,
456,E2710000431201,市営我孫子西住宅４号館,大阪府大阪市住吉区我孫子西1-12,1,,,,1,,,,,34.60482068,135.5069093,
457,E2710000433201,大空小学校,大阪府大阪市住吉区我孫子西1-6-12,1,,,,1,,,,1,34.60519511,135.5082312,
458,E2710000433202,大空小学校（運動場）,大阪府大阪市住吉区我孫子西1-6-12,,,,1,1,,,,1,34.60546706,135.508003,
459,E2710000434201,市営我孫子東第７住宅７号館,大阪府大阪市住吉区我孫子東1-10,1,,,,1,,,,,34.60335045,135.5127161,
460,E2710000435201,市営我孫子東第７住宅４号館,大阪府大阪市住吉区我孫子東1-12,1,,,,1,,,,,34.60217593,135.5115091,
461,E2710000436201,市営我孫子東第７住宅５号館,大阪府大阪市住吉区我孫子東1-13,1,,,,1,,,,,34.60174762,135.5114984,
462,E2710000437202,我孫子中学校（運動場）,大阪府大阪市住吉区我孫子東1-4-32,,,,1,1,,,,1,34.60499562,135.5122497,
463,E2710000437201,我孫子中学校,大阪府大阪市住吉区我孫子東1-4-32,1,,,,1,,,,1,34.60464239,135.5117973,
464,E2710000439201,市営我孫子第２住宅５号館,大阪府大阪市住吉区我孫子東1-5,1,,,,1,,,,,34.60407688,135.5126701,
465,E2710000440201,市営我孫子第２住宅４号館,大阪府大阪市住吉区我孫子東1-6,1,,,,1,,,,,34.60418723,135.5119691,
466,E2710000441201,市営我孫子第２住宅６号館,大阪府大阪市住吉区我孫子東1-7,1,,,,1,,,,,34.60370598,135.5115972,
467,E2710000442201,市営我孫子東第７住宅６号館,大阪府大阪市住吉区我孫子東1-8,1,,,,1,,,,,34.6032224,135.511949,
468,E2710000443201,市営我孫子南住宅６号館,大阪府大阪市住吉区我孫子東3-10,1,,,,1,,,,,34.59498732,135.5108076,
469,E2710000443202,市営我孫子南住宅１号館,大阪府大阪市住吉区我孫子東3-10,1,,,,1,,,,,34.59493875,135.5113334,
470,E2710000444201,市営我孫子南住宅５号館,大阪府大阪市住吉区我孫子東3-11,1,,,,1,,,,,34.59450157,135.5113441,
471,E2710000445201,市営我孫子南住宅４号館,大阪府大阪市住吉区我孫子東3-12,1,,,,1,,,,,34.59417037,135.5113065,
472,E2710000446201,市営我孫子南住宅３号館,大阪府大阪市住吉区我孫子東3-13,1,,,,1,,,,,34.59424986,135.5119771,
473,E2710000447201,市営我孫子南住宅８号館,大阪府大阪市住吉区我孫子東3-5,1,,,,1,,,,,34.59635624,135.5111027,
474,E2710000448201,市営我孫子南住宅７号館,大阪府大阪市住吉区我孫子東3-6,1,,,,1,,,,,34.59588375,135.511049,
475,E2710000449201,市営我孫子南住宅９号館,大阪府大阪市住吉区我孫子東3-7,1,,,,1,,,,,34.59608246,135.512138,
476,E2710000450201,市営我孫子南住宅２号館,大阪府大阪市住吉区我孫子東3-8,1,,,,1,,,,,34.59514188,135.5120361,
477,E2710000452201,苅田北小学校,大阪府大阪市住吉区苅田1-11-39,1,,,,1,,,,1,34.60379887,135.5207918,
478,E2710000452202,苅田北小学校（運動場）,大阪府大阪市住吉区苅田1-11-39,,,,1,1,,,,1,34.60363992,135.5203859,
479,E2710000453201,東我孫子中学校,大阪府大阪市住吉区苅田1-16-2,1,,,,1,,,,1,34.60302626,135.519783,
480,E2710000453202,東我孫子中学校（運動場）,大阪府大阪市住吉区苅田1-16-2,,,,1,1,,,,1,34.60274587,135.5192296,
481,E2710000451201,苅田南小学校,大阪府大阪市住吉区苅田10-1-35,1,,,,1,,,,1,34.59456814,135.5138503,
482,E2710000451202,苅田南小学校（運動場）,大阪府大阪市住吉区苅田10-1-35,,,,1,1,,,,1,34.59420162,135.5148052,
483,E2710000454201,苅田北公園,大阪府大阪市住吉区苅田2-11,,,,1,1,,,,,34.60393347,135.5153349,
484,E2710000455201,苅田どんぐり公園,大阪府大阪市住吉区苅田3-4,,,,1,1,,,,,34.60160106,135.5175942,
485,E2710000456201,苅田小学校,大阪府大阪市住吉区苅田3-5-34,1,,,,1,,,,1,34.6019413,135.516208,
486,E2710000456202,苅田小学校（運動場）,大阪府大阪市住吉区苅田3-5-34,,,,1,1,,,,1,34.60177351,135.5166765,
487,E2710000457201,大阪府教育センター附属高等学校（運動場）,大阪府大阪市住吉区苅田4-1-72,,,,1,1,,,,1,34.6014637,135.5207585,
488,E2710000460201,市営苅田北住宅４号館,大阪府大阪市住吉区苅田4-7-4,1,,,,1,,,,,34.599692,135.521558,
489,E2710000461201,市営苅田北住宅５号館,大阪府大阪市住吉区苅田4-7-5,1,,,,1,,,,,34.599684,135.522183,
490,E2710000462201,市営苅田北住宅２号館,大阪府大阪市住吉区苅田4-8-2,1,,,,1,,,,,34.599817,135.520308,
491,E2710000463201,市営苅田北住宅３号館,大阪府大阪市住吉区苅田4-8-3,1,,,,1,,,,,34.599718,135.520894,
492,E2710000464201,市営苅田北住宅１号館,大阪府大阪市住吉区苅田4-9-1,1,,,,1,,,,,34.599701,135.519509,
493,E2710000466201,苅田中公園,大阪府大阪市住吉区苅田6-16,,,,1,1,,,,,34.599187,135.5176377,
494,E2710000467201,市営苅田南住宅１号館,大阪府大阪市住吉区苅田9-10-1,1,,,,1,,,,,34.59555998,135.5139221,
495,E2710000468201,市営苅田南住宅２号館,大阪府大阪市住吉区苅田9-10-2,1,,,,1,,,,,34.5953492,135.5145199,
496,E2710000469201,市営苅田南住宅３号館,大阪府大阪市住吉区苅田9-10-3,1,,,,1,,,,,34.59506217,135.5142946,
497,E2710000470201,コーシャハイツ苅田,大阪府大阪市住吉区苅田9-16-21,1,,,,1,,,,,34.59623806,135.5128366,
498,E2710000471201,市営苅田住宅１号館,大阪府大阪市住吉区苅田9-17,1,,,,1,,,,,34.59547296,135.5128039,
499,E2710000472201,苅田南公園,大阪府大阪市住吉区苅田9-5,,,,1,1,,,,,34.59728202,135.5161091,
500,E2710000473201,苅田土地改良記念会館,大阪府大阪市住吉区苅田9-5-27,1,,,,1,,,,,34.597324,135.516481,
501,E2710000474201,山之内北公園,大阪府大阪市住吉区山之内1-1,,,,1,1,,,,,34.60070264,135.5048156,
502,E2710000475201,リバーガーデン我孫子前,大阪府大阪市住吉区山之内1-10-12,1,,,,1,,,,,34.600388,135.502512,
503,E2710000476201,浪速中学校・高等学校（運動場）,大阪府大阪市住吉区山之内2-13-57,,,,1,1,,,,1,34.597304,135.5007605,
504,E2710000477201,山之内小学校,大阪府大阪市住吉区山之内2-17-39,1,,,,1,,,,1,34.59589391,135.4998735,
505,E2710000477202,山之内小学校（運動場）,大阪府大阪市住吉区山之内2-17-39,,,,1,1,,,,1,34.59596014,135.5002561,
506,E2710000478201,山之内中央公園,大阪府大阪市住吉区山之内3-17,,,,1,1,,,,,34.5930975,135.5004122,
507,E2710000480201,市営山之内住宅３号館,大阪府大阪市住吉区山之内4-10,1,,,,1,,,,,34.59043967,135.5011275,
508,E2710000481201,タイホ防災株式会社社屋,大阪府大阪市住吉区山之内4-12-12,1,,,,1,,,,,34.591117,135.501315,
509,E2710000483201,市営山之内住宅１号館,大阪府大阪市住吉区山之内4-13,1,,,,1,,,,,34.59108505,135.5004591,
510,E2710000484201,市営山之内住宅９号館,大阪府大阪市住吉区山之内4-5,1,,,,1,,,,,34.58828298,135.5014492,
511,E2710000485201,市営山之内住宅６号館,大阪府大阪市住吉区山之内4-7,1,,,,1,,,,,34.58924666,135.5011119,
512,E2710000486201,市営山之内住宅５号館,大阪府大阪市住吉区山之内4-8,1,,,,1,,,,,34.58964476,135.5010524,
513,E2710000487201,市営山之内住宅４号館,大阪府大阪市住吉区山之内4-9,1,,,,1,,,,,34.5900378,135.5010738,
514,E2710000488201,山之内公園,大阪府大阪市住吉区山之内5-2,,,,1,1,,,,,34.58766702,135.5016899,
515,E2710000489201,住吉一二三公園,大阪府大阪市住吉区住吉1-7,,,,1,1,,,,,34.6139939,135.4968555,
516,E2710000490201,上住吉住宅３号館,大阪府大阪市住吉区上住吉1-1,1,,,,1,,,,,34.611084,135.500528,
517,E2710000491201,市営杉本住宅１号館,大阪府大阪市住吉区杉本1-2,1,,,,1,,,,,34.5959418,135.5094924,
518,E2710000492201,杉本町公園,大阪府大阪市住吉区杉本2-6,,,,1,1,,,,,34.59495554,135.5072208,
519,E2710000493201,大阪公立大学,大阪府大阪市住吉区杉本3,,,,1,1,1,,,,34.59252088,135.5075496,広域避難場所
520,E2710000495201,英明幼稚園住吉（運動場）,大阪府大阪市住吉区清水丘1-24-10,,,,1,1,,,,1,34.60335653,135.4914521,
521,E2710000497201,遠沢公園,大阪府大阪市住吉区清水丘2-2,,,,1,1,,,,,34.60280377,135.4941158,
522,E2710000498201,清水丘公園,大阪府大阪市住吉区清水丘2-22,,,,1,1,,,,,34.60254698,135.4913271,
523,E2710000499202,清水丘小学校（運動場）,大阪府大阪市住吉区清水丘2-9-41,,,,1,1,,,,1,34.60163757,135.4924821,
524,E2710000499201,清水丘小学校,大阪府大阪市住吉区清水丘2-9-41,1,,,,1,,,,1,34.60177887,135.4928451,
525,E2710000501201,市営清水丘住宅２号館,大阪府大阪市住吉区清水丘3-4-2,1,,,,1,,,,,34.59740074,135.4908382,
526,E2710000502201,市営清水丘住宅１号館,大阪府大阪市住吉区清水丘3-5-1,1,,,,1,,,,,34.59688851,135.4906076,
527,E2710000503201,清水丘ふれあい公園,大阪府大阪市住吉区清水丘3-8,,,,1,1,,,,,34.59748243,135.4902787,
528,E2710000504201,三稜中学校,大阪府大阪市住吉区千躰1-5-22,1,,,,1,,,,1,34.60725897,135.4997349,
529,E2710000504202,三稜中学校（運動場）,大阪府大阪市住吉区千躰1-5-22,,,,1,1,,,,1,34.60741351,135.5005467,
530,E2710000505201,市営千躰住宅１号館,大阪府大阪市住吉区千躰2-3,1,,,,1,,,,,34.60748057,135.4976918,
531,E2710000506201,浅香中央公園,大阪府大阪市住吉区浅香1-6,,,,1,1,,,,,34.59110858,135.5101497,
532,E2710000510201,我孫子南中学校,大阪府大阪市住吉区浅香1-8-55,1,,,,1,,,,1,34.59320697,135.5113074,
533,E2710000510202,我孫子南中学校（運動場）,大阪府大阪市住吉区浅香1-8-55,,,,1,1,,,,1,34.59298691,135.5116879,
534,E2710000511204,浅香町公園,大阪府大阪市住吉区浅香2-1,,,,1,1,,,,,34.59015917,135.507688,
535,E2710000511201,浅香住宅９号館,大阪府大阪市住吉区浅香2-1,1,,,,1,,,,,34.591562,135.506725,
536,E2710000511205,市営浅香西住宅１号館,大阪府大阪市住吉区浅香2-1,1,,,,1,,,,,34.59065756,135.507399,
537,E2710000511202,市営浅香西住宅３号館,大阪府大阪市住吉区浅香2-1,1,,,,1,,,,,34.59157086,135.507359,
538,E2710000511203,市営浅香西住宅２号館,大阪府大阪市住吉区浅香2-1,1,,,,1,,,,,34.59117341,135.5072517,
539,E2710000512201,市営浅香中住宅１号館,大阪府大阪市住吉区浅香2-2,1,,,,1,,,,,34.58935854,135.5083691,
540,E2710000515202,大領小学校（運動場）,大阪府大阪市住吉区大領3-3-5,,,,1,1,,,,1,34.61580576,135.507075,
541,E2710000515201,大領小学校,大阪府大阪市住吉区大領3-3-5,1,,,,1,,,,1,34.6156093,135.5075184,
542,E2710000516202,大領中学校（運動場）,大阪府大阪市住吉区大領4-3-25,,,,1,1,,,,1,34.61400997,135.5074732,
543,E2710000516201,大領中学校,大阪府大阪市住吉区大領4-3-25,1,,,,1,,,,1,34.61368106,135.5073136,
544,E2710000518201,鶴ヶ丘児童遊園,大阪府大阪市住吉区長居1-10,,,,1,1,,,,,34.61410507,135.5104621,
545,E2710000519201,市営長居１丁目住宅１号館,大阪府大阪市住吉区長居1-14-1,1,,,,1,,,,,34.61412636,135.5132365,
546,E2710000520201,市営長居住宅１号館,大阪府大阪市住吉区長居1-15,1,,,,1,,,,,34.61435321,135.513967,
547,E2710000521201,大阪学芸高等学校（運動場）,大阪府大阪市住吉区長居1-4-15,,,,1,1,,,,1,34.61562647,135.512448,
548,E2710000522201,市営長居西第２住宅１号館,大阪府大阪市住吉区長居西1-10-1,1,,,,1,,,,,34.614203,135.508699,
549,E2710000523201,市営長居西第２住宅２号館,大阪府大阪市住吉区長居西1-10-2,1,,,,1,,,,,34.614566,135.508716,
550,E2710000524201,西長居公園,大阪府大阪市住吉区長居西1-14,,,,1,1,,,,,34.61227821,135.5093364,
551,E2710000525201,市営長居西第２住宅３号館,大阪府大阪市住吉区長居西1-3-3,1,,,,1,,,,,34.614948,135.508783,
552,E2710000526201,市営長居西第２住宅４号館,大阪府大阪市住吉区長居西1-3-4,1,,,,1,,,,,34.61565,135.509075,
553,E2710000528201,市営東長居住宅１号館,大阪府大阪市住吉区長居東3-20,1,,,,1,,,,,34.60576245,135.516796,
554,E2710000529201,長居小学校,大阪府大阪市住吉区長居東3-3-40,1,,,,1,,,,1,34.60913135,135.5145431,
555,E2710000529202,長居小学校（運動場）,大阪府大阪市住吉区長居東3-3-40,,,,1,1,,,,1,34.60883111,135.5144617,
556,E2710000532201,住吉中学校,大阪府大阪市住吉区帝塚山西3-5-6,1,,,,1,,,,1,34.61933511,135.4957609,
557,E2710000532202,住吉中学校（運動場）,大阪府大阪市住吉区帝塚山西3-5-6,,,,1,1,,,,1,34.61890689,135.4960256,
558,E2710000533202,住吉小学校（運動場）,大阪府大阪市住吉区帝塚山西4-1-35,,,,1,1,,,,1,34.61771419,135.4969022,
559,E2710000533201,住吉小学校,大阪府大阪市住吉区帝塚山西4-1-35,1,,,,1,,,,1,34.61767004,135.4962996,
560,E2710000534201,帝塚山学院（運動場）,大阪府大阪市住吉区帝塚山中1-6-7,,,,1,1,,,,1,34.62046894,135.4988815,
561,E2710000537201,市営住吉住宅１号館,大阪府大阪市住吉区帝塚山東5,1,,,,1,,,,,34.61434944,135.4981717,
562,E2710000539201,住吉住宅６号館,大阪府大阪市住吉区帝塚山東5-3,1,,,,1,,,,,34.61493,135.498049,
563,E2710000539202,神ノ木公園,大阪府大阪市住吉区帝塚山東5-3,,,,1,1,,,,,34.61518609,135.4981151,
564,E2710000540201,市営住吉住宅３号館,大阪府大阪市住吉区帝塚山東5-6-3,1,,,,1,,,,,34.614649,135.497896,
565,E2710000543201,庭井公園,大阪府大阪市住吉区庭井2-18,,,,1,1,,,,,34.59551836,135.5183926,
566,E2710000544201,大阪府立阪南高等学校,大阪府大阪市住吉区庭井2-18-81,1,,,,1,,,,1,34.595516,135.516492,
567,E2710000545201,東粉浜小学校,大阪府大阪市住吉区東粉浜2-3-26,1,,,,1,,,,1,34.619572,135.494585,
568,E2710000545202,東粉浜小学校（運動場）,大阪府大阪市住吉区東粉浜2-3-26,,,,1,1,,,,1,34.62011399,135.4946679,
569,E2710000546201,市営南住吉第９住宅４号館,大阪府大阪市住吉区南住吉1-12,1,,,,1,,,,,34.60955159,135.5043764,
570,E2710000547201,市営南住吉第９住宅３号館,大阪府大阪市住吉区南住吉1-13,1,,,,1,,,,,34.60954718,135.5032284,
571,E2710000548201,市営南住吉第９住宅２号館,大阪府大阪市住吉区南住吉1-14,1,,,,1,,,,,34.61006374,135.5032069,
572,E2710000549201,市営南住吉第９住宅１号館,大阪府大阪市住吉区南住吉1-21,1,,,,1,,,,,34.61006349,135.5018622,
573,E2710000551201,市営南住吉第５住宅１号館,大阪府大阪市住吉区南住吉2-11,1,,,,1,,,,,34.60798937,135.5043849,
574,E2710000552203,市営南住吉第５住宅２号館,大阪府大阪市住吉区南住吉2-12,1,,,,1,,,,,34.60756992,135.5039933,
575,E2710000552201,市営南住吉第５住宅４号館,大阪府大阪市住吉区南住吉2-12,1,,,,1,,,,,34.607592,135.5047605,
576,E2710000552202,市営南住吉第５住宅３号館,大阪府大阪市住吉区南住吉2-12,1,,,,1,,,,,34.60748603,135.5043688,
577,E2710000553201,市営南住吉第５住宅５号館,大阪府大阪市住吉区南住吉2-13,1,,,,1,,,,,34.60714164,135.503988,
578,E2710000554201,市営南住吉第６住宅１号館,大阪府大阪市住吉区南住吉2-15,1,,,,1,,,,,34.60750045,135.502921,
579,E2710000555201,市営南住吉第８住宅１号館,大阪府大阪市住吉区南住吉2-19,1,,,,1,,,,,34.60900933,135.5018364,
580,E2710000556201,南住吉第７住宅１号館,大阪府大阪市住吉区南住吉2-20,1,,,,1,,,,,34.608436,135.501744,
581,E2710000557201,沢之町公園一帯,大阪府大阪市住吉区南住吉3,,,,1,1,1,,,,34.60408754,135.5019429,
582,E2710000558201,沢之町公園,大阪府大阪市住吉区南住吉3-15,,,,1,1,,,,,34.60444339,135.5019328,
583,E2710000560202,南住吉小学校（運動場）,大阪府大阪市住吉区南住吉3-5-1,,,,1,1,,,,1,34.60453059,135.5032389,
584,E2710000560201,南住吉小学校,大阪府大阪市住吉区南住吉3-5-1,1,,,,1,,,,1,34.60466747,135.5036878,
585,E2710000561201,市営南住吉第４住宅１号館,大阪府大阪市住吉区南住吉3-7,1,,,,1,,,,,34.60539219,135.5047836,
586,E2710000562201,市営南住吉第１住宅２号館,大阪府大阪市住吉区南住吉4-10,1,,,,1,,,,,34.60174121,135.5020651,
587,E2710000563201,市営南住吉第１住宅３号館,大阪府大阪市住吉区南住吉4-13,1,,,,1,,,,,34.60174121,135.5005952,
588,E2710000564201,市営南住吉第１住宅１号館,大阪府大阪市住吉区南住吉4-4,1,,,,1,,,,,34.60215586,135.5030893,
589,E2710000565201,市営南住吉第１住宅５号館,大阪府大阪市住吉区南住吉4-9,1,,,,1,,,,,34.60213861,135.5020007,
590,E2710000566202,墨江小学校（運動場）,大阪府大阪市住吉区墨江2-3-46,,,,1,1,,,,1,34.60816239,135.4962725,
591,E2710000566201,墨江小学校,大阪府大阪市住吉区墨江2-3-46,1,,,,1,,,,1,34.60834194,135.4959167,
592,E2710000567201,清明学院高等学校（運動場）,大阪府大阪市住吉区墨江2-4-4,,,,1,1,,,,1,34.60730226,135.4944996,
593,E2710000568201,墨江丘中学校,大阪府大阪市住吉区墨江4-15-34,1,,,,1,,,,1,34.60611308,135.4944497,
594,E2710000568202,墨江丘中学校（運動場）,大阪府大阪市住吉区墨江4-15-34,,,,1,1,,,,1,34.60651193,135.4946553,
595,E2710000569201,市営万代住宅１号館,大阪府大阪市住吉区万代2-9,1,,,,1,,,,,34.62140098,135.5044871,
596,E2710000570201,万代池公園,大阪府大阪市住吉区万代3-7,,,,1,1,,,,,34.62027996,135.5035153,
597,E2710000571201,市営住吉住宅１７号館,大阪府大阪市住吉区万代6-7,1,,,,1,,,,,34.61431934,135.4994023,
598,E2710000572201,万代東公園,大阪府大阪市住吉区万代東1-1,,,,1,1,,,,,34.62163839,135.507861,
599,E2710000573201,万領中央公園,大阪府大阪市住吉区万代東3-1,,,,1,1,,,,,34.61669173,135.5043583,
600,E2710000574201,南万領公園,大阪府大阪市住吉区万代東4-2,,,,1,1,,,,,34.613152,135.5032945,
601,E2710000575201,安立北公園,大阪府大阪市住之江区安立1-10,,,,1,,,,,,34.6074741,135.4900297,
602,E2710000576201,グランコート住ノ江,大阪府大阪市住之江区安立1-11-25,1,,,,1,,,,,34.6070821,135.489311,
603,E2710003047201,"介護付有料老人ホーム
あろんてぃあ・はうす住之江",大阪府大阪市住之江区安立1-4-4,1,,,,1,,,,,34.608915,135.489423,
604,E2710000577201,霰松原公園,大阪府大阪市住之江区安立2-11,,,,1,,,,,,34.60432677,135.4886811,
605,E2710000578201,安立南公園,大阪府大阪市住之江区安立3-8,,,,1,,,,,,34.60157577,135.4875361,
606,E2710000579201,ソレイユあんりゅう・なかのクリニック,大阪府大阪市住之江区安立4-4-15,1,,,,1,,,,,34.599915,135.486986,
607,E2710000580201,御崎北公園,大阪府大阪市住之江区御崎1-8,,,,1,,,,,,34.611412,135.4821623,
608,E2710002933201,市営御崎住宅１３号棟,大阪府大阪市住之江区御崎2-13,1,,,,1,,,,,34.611393,135.478394,
609,E2710000581201,市営御崎住宅８号館,大阪府大阪市住之江区御崎2-14,1,,,,1,,,,,34.611493,135.477909,
610,E2710000582202,真住中学校（運動場）,大阪府大阪市住之江区御崎2-2-32,,,,1,,,,,1,34.61300776,135.4787094,
611,E2710000582201,真住中学校,大阪府大阪市住之江区御崎2-2-32,1,,,,1,,,,1,34.61328149,135.4777957,
612,E2710000583201,市営御崎住宅１０号館,大阪府大阪市住之江区御崎2-8,1,,,,1,,,,,34.61248558,135.4778025,
613,E2710002930201,市営御崎住宅９号棟,大阪府大阪市住之江区御崎2-9,1,,,,1,,,,,34.612027,135.477739,
614,E2710000584201,御崎東公園,大阪府大阪市住之江区御崎3-3,,,,1,,,,,,34.61039011,135.4809471,
615,E2710000585201,市営御崎住宅１号館,大阪府大阪市住之江区御崎4-10,1,,,,1,,,,,34.60916906,135.4779392,
616,E2710000586201,市営御崎住宅４号館,大阪府大阪市住之江区御崎4-11,1,,,,1,,,,,34.60940828,135.4769442,
617,E2710002932201,市営御崎住宅１２号棟,大阪府大阪市住之江区御崎4-2,1,,,,1,,,,,34.610698,135.478597,
618,E2710002929201,市営御崎住宅７号棟,大阪府大阪市住之江区御崎4-3,1,,,,1,,,,,34.610959,135.477814,
619,E2710002928201,市営御崎住宅６号棟,大阪府大阪市住之江区御崎4-4,1,,,,1,,,,,34.610409,135.477371,
620,E2710002931201,市営御崎住宅１１号棟,大阪府大阪市住之江区御崎4-5,1,,,,1,,,,,34.61034,135.478546,
621,E2710000587201,住之江区在宅サービスセンターさざなみ,大阪府大阪市住之江区御崎4-6-10,1,,,,1,,,,1,34.6092521,135.4799454,
622,E2710000588201,住之江小学校,大阪府大阪市住之江区御崎4-6-43,1,,,,1,,,,1,34.60993273,135.4792402,
623,E2710000588202,住之江小学校（運動場）,大阪府大阪市住之江区御崎4-6-43,,,,1,,,,,1,34.60969873,135.4795558,
624,E2710000589201,市営御崎住宅５号館,大阪府大阪市住之江区御崎4-9,1,,,,1,,,,,34.60982771,135.4772875,
625,E2710000590201,御崎中公園,大阪府大阪市住之江区御崎5-1,,,,1,,,,,,34.60867711,135.4830558,
626,E2710000591201,市営敷津浦住宅１号館,大阪府大阪市住之江区御崎5-7,1,,,,1,,,,,34.60863345,135.4806706,
627,E2710000592201,清江小学校,大阪府大阪市住之江区御崎5-7-18,1,,,,1,,,,1,34.60796041,135.4804309,
628,E2710000592202,清江小学校（運動場）,大阪府大阪市住之江区御崎5-7-18,,,,1,,,,,1,34.60802277,135.4807783,
629,E2710000593201,市営御崎第２住宅１号館,大阪府大阪市住之江区御崎6-7,1,,,,1,,,,,34.607757,135.479654,
630,E2710000594201,市営敷津浦第２住宅１号館,大阪府大阪市住之江区御崎7-1,1,,,,1,,,,,34.6056246,135.4828216,
631,E2710000595202,住吉商業高等学校（運動場）,大阪府大阪市住之江区御崎7-12-55,,,,1,,,,,1,34.60373768,135.4810229,
632,E2710000595201,住吉商業高等学校,大阪府大阪市住之江区御崎7-12-55,1,,,,1,,,,1,34.60401144,135.4797551,
633,E2710000596201,敷津浦東公園,大阪府大阪市住之江区御崎7-15,,,,1,,,,,,34.6031298,135.4797122,
634,E2710000597201,御崎南公園,大阪府大阪市住之江区御崎7-3,,,,1,,,,,,34.60542276,135.4812559,
635,E2710000598202,住之江中学校（運動場）,大阪府大阪市住之江区御崎8-1-6,,,,1,,,,,1,34.60591292,135.4778502,
636,E2710000598201,住之江中学校,大阪府大阪市住之江区御崎8-1-6,1,,,,1,,,,1,34.60583786,135.478401,
637,E2710000599201,ヤマト運輸（株）大阪主管支店,大阪府大阪市住之江区柴谷1-2-70,1,,,,1,,,,,34.621042,135.464253,
638,E2710000600201,市営柴谷住宅３号棟,大阪府大阪市住之江区柴谷2-1,1,,,,1,,,,,34.61882832,135.4688894,
639,E2710000600202,市営柴谷住宅２号棟,大阪府大阪市住之江区柴谷2-1,1,,,,1,,,,,34.61941988,135.4689753,
640,E2710000600203,市営柴谷住宅１号棟,大阪府大阪市住之江区柴谷2-1,1,,,,1,,,,,34.61978188,135.4689914,
641,E2710000601201,柴谷公園,大阪府大阪市住之江区柴谷2-7,,,,1,,,,,,34.61771926,135.4661601,
642,E2710002987201,"株式会社栗本鐵工所　
住吉工場本館ビル",大阪府大阪市住之江区柴谷2-8-45,1,,,,1,,,,,34.616597,135.464172,
643,E2710000602201,ＧＬＰ大阪Ⅱ,大阪府大阪市住之江区柴谷2-8-76,1,,,,1,,,,,34.61599157,135.4677182,
644,E2710000603202,安立小学校（運動場）,大阪府大阪市住之江区住之江1-4-29,,,,1,,,,,1,34.60509504,135.4879581,
645,E2710000603201,安立小学校,大阪府大阪市住之江区住之江1-4-29,1,,,,1,,,,1,34.60440993,135.4882432,
646,E2710000604201,ラ・メール,大阪府大阪市住之江区住之江1-4-36,1,,,,1,,,,,34.60423328,135.4870955,
647,E2710000605201,ロイヤル住之江,大阪府大阪市住之江区住之江1-4-47,1,,,,1,,,,,34.60537912,135.4873885,
648,E2710000606201,ロイヤル安立,大阪府大阪市住之江区住之江2-10-17,1,,,,1,,,,,34.60132799,135.4866954,
649,E2710000607201,アクシスコート住之江,大阪府大阪市住之江区住之江2-3-18,1,,,,1,,,,,34.60353202,135.4868138,
650,E2710000608201,ミシェール住之江,大阪府大阪市住之江区住之江2-7-11,1,,,,1,,,,,34.60267,135.486324,
651,E2710000609201,市営住之江住宅１号棟,大阪府大阪市住之江区住之江3-11,1,,,,1,,,,,34.59909193,135.4856229,
652,E2710000610201,市営住之江住宅２号棟,大阪府大阪市住之江区住之江3-12,1,,,,1,,,,,34.59868569,135.4852796,
653,E2710000611201,市営住之江住宅３号棟,大阪府大阪市住之江区住之江3-14,1,,,,1,,,,,34.59834126,135.4851508,
654,E2710000612201,安住公園,大阪府大阪市住之江区住之江3-17,,,,1,,,,,,34.5978147,135.4848885,
655,E2710000613201,アジア太平洋トレードセンター,大阪府大阪市住之江区住之江区南港北2-1-10,1,,,,1,,,,,34.63736501,135.4130628,
656,E2710000614201,新北島南公園,大阪府大阪市住之江区新北島2-3,,,,1,,,,,,34.60373278,135.4711509,
657,E2710000615201,新北島東公園,大阪府大阪市住之江区新北島3-5,,,,1,,,,,,34.60687189,135.4697274,
658,E2710000616201,新北島中公園,大阪府大阪市住之江区新北島3-7,,,,1,,,,,,34.60733839,135.4664011,
659,E2710000617201,市営新北島住宅２号館,大阪府大阪市住之江区新北島4-1,1,,,,1,,,,,34.605211,135.467559,
660,E2710000617202,市営新北島住宅１号館,大阪府大阪市住之江区新北島4-1,1,,,,1,,,,,34.60486,135.468859,
661,E2710002997202,市営新北島住宅４号館,大阪府大阪市住之江区新北島4-2,1,,,,1,,,,,34.605984,135.465149,
662,E2710000618201,新北島会館南公園,大阪府大阪市住之江区新北島5-3,,,,1,,,,,,34.60743859,135.462867,
663,E2710000619201,サニーコットン住之江,大阪府大阪市住之江区新北島6-1-5,1,,,,1,,,,,34.60598187,135.4643342,
664,E2710000620201,新北島小学校,大阪府大阪市住之江区新北島6-2-56,1,,,,1,,,,1,34.60557628,135.4636927,
665,E2710000620202,新北島小学校（運動場）,大阪府大阪市住之江区新北島6-2-56,,,,1,,,,,1,34.60568225,135.4629435,
666,E2710000621201,新北島西公園,大阪府大阪市住之江区新北島7-3,,,,1,,,,,,34.60931179,135.4606149,
667,E2710000623201,大和川北公園,大阪府大阪市住之江区新北島8-1,,,,1,,,,,,34.60703219,135.4609634,
668,E2710000624201,市営新北島第２住宅１号館,大阪府大阪市住之江区新北島8-2,1,,,,1,,,,,34.606148,135.460812,
669,E2710000625202,新北島中学校（運動場）,大阪府大阪市住之江区新北島8-2-46,,,,1,,,,,1,34.6067287,135.4597092,
670,E2710000625201,新北島中学校,大阪府大阪市住之江区新北島8-2-46,1,,,,1,,,,1,34.60704164,135.4598393,
671,E2710000626201,市営中加賀屋住宅８号館,大阪府大阪市住之江区西加賀屋1-3,1,,,,1,,,,,34.61999148,135.47839,
672,E2710000627201,加賀屋中学校,大阪府大阪市住之江区西加賀屋2-9-20,1,,,,1,,,,1,34.61938804,135.4761417,
673,E2710000627202,加賀屋中学校（運動場）,大阪府大阪市住之江区西加賀屋2-9-20,,,,1,,,,,1,34.61921587,135.4767658,
674,E2710000628201,ハイネス住之江公園,大阪府大阪市住之江区西加賀屋3-19-4,1,,,,1,,,,,34.616624,135.474434,
675,E2710000629201,シャルマンハイツ,大阪府大阪市住之江区西加賀屋3-4-1,1,,,,1,,,,,34.61613461,135.4779303,
676,E2710000630201,西加賀屋公園,大阪府大阪市住之江区西加賀屋3-8,,,,1,,,,,,34.61621317,135.4765374,
677,E2710000631202,住吉川小学校（運動場）,大阪府大阪市住之江区西加賀屋4-1-4,,,,1,,,,,1,34.61476283,135.478129,
678,E2710000631201,住吉川小学校,大阪府大阪市住之江区西加賀屋4-1-4,1,,,,1,,,,1,34.61482906,135.4787012,
679,E2710000632201,朝日プラザ住之江公園,大阪府大阪市住之江区西加賀屋4-3-5,1,,,,1,,,,,34.6148522,135.4760674,
680,E2710000633202,浜口東公園,大阪府大阪市住之江区西住之江1-3,,,,1,,,,,,34.6068509,135.4860599,
681,E2710000633201,西住之江公園,大阪府大阪市住之江区西住之江1-3,,,,1,,,,,,34.60534086,135.4855878,
682,E2710000634201,シティハイツ住ノ江２号棟,大阪府大阪市住之江区西住之江1-3-2,1,,,,1,,,,,34.60661931,135.4858655,
683,E2710000635201,シティハイツ住ノ江３号棟,大阪府大阪市住之江区西住之江1-4-3,1,,,,1,,,,,34.60658399,135.4849482,
684,E2710000636201,ライオンズマンション住之江,大阪府大阪市住之江区西住之江2-10-7,1,,,,1,,,,,34.60287975,135.4856786,
685,E2710000637201,西住之江中公園,大阪府大阪市住之江区西住之江2-15,,,,1,,,,,,34.60202375,135.4854579,
686,E2710000638201,セリザー住之江,大阪府大阪市住之江区西住之江3-1-21,1,,,,1,,,,,34.6015575,135.484397,
687,E2710000639201,西住之江南公園,大阪府大阪市住之江区西住之江3-13,,,,1,,,,,,34.60010402,135.4828946,
688,E2710000640201,グリーンビル,大阪府大阪市住之江区西住之江3-2-1,1,,,,1,,,,,34.60167174,135.4840206,
689,E2710002986201,株式会社一二三工業所,大阪府大阪市住之江区西住之江3-3-9,1,,,,1,,,,,34.601183,135.482867,
690,E2710000641201,大きな手　西住之江,大阪府大阪市住之江区西住之江3-4-16,1,,,,1,,,,,34.60136421,135.4831583,
691,E2710000642201,プレミスト住之江,大阪府大阪市住之江区西住之江3-5-3,1,,,,1,,,,,34.60090715,135.4846889,
692,E2710000643201,ニュートラム　住之江公園駅,大阪府大阪市住之江区泉1-1,1,,,,1,,,,,34.60925797,135.4719044,
693,E2710000644201,住之江競艇場,大阪府大阪市住之江区泉1-1-71,1,,,,1,,,,,34.61152637,135.4710229,
694,E2710000645201,平林泉公園,大阪府大阪市住之江区泉2-1,,,,1,,,,,,34.613252,135.462368,
695,E2710000646201,市営中加賀屋住宅１２号館,大阪府大阪市住之江区中加賀屋1-1,1,,,,1,,,,,34.62140562,135.4819274,
696,E2710000647201,市営中加賀屋住宅１１号館,大阪府大阪市住之江区中加賀屋1-11,1,,,,1,,,,,34.62120697,135.4808116,
697,E2710000648201,市営中加賀屋住宅１０号館,大阪府大阪市住之江区中加賀屋1-12,1,,,,1,,,,,34.62103922,135.4795027,
698,E2710000649201,市営中加賀屋住宅９号館,大阪府大阪市住之江区中加賀屋1-13,1,,,,1,,,,,34.62054111,135.4796261,
699,E2710000650201,コーシャハイツ中加賀屋,大阪府大阪市住之江区中加賀屋1-4-16,1,,,,1,,,,,34.62016691,135.4815704,
700,E2710000651201,中加賀屋公園,大阪府大阪市住之江区中加賀屋1-5,,,,1,,,,,,34.61950909,135.4816208,
701,E2710000652201,市営中加賀屋住宅３号館,大阪府大阪市住之江区中加賀屋1-7,1,,,,1,,,,,34.619643,135.48043,
702,E2710000653201,市営中加賀屋住宅２号館,大阪府大阪市住之江区中加賀屋1-8,1,,,,1,,,,,34.620039,135.480535,
703,E2710000654201,市営中加賀屋住宅１号館,大阪府大阪市住之江区中加賀屋1-9,1,,,,1,,,,,34.620468,135.480556,
704,E2710000655201,加賀屋公園,大阪府大阪市住之江区中加賀屋3-17,,,,1,,,,,,34.61589939,135.4784947,
705,E2710000656201,ファミール中加賀屋,大阪府大阪市住之江区中加賀屋3-3-6,1,,,,1,,,,,34.61598489,135.4812311,
706,E2710000657201,ライフ加賀屋店,大阪府大阪市住之江区中加賀屋4-6-28,1,,,,1,,,,,34.614788,135.479672,
707,E2710002999201,市営東加賀屋住宅４号館,大阪府大阪市住之江区東加賀屋1-16,1,,,,1,,,,,34.620115,135.483044,
708,E2710002998201,市営東加賀屋住宅３号館,大阪府大阪市住之江区東加賀屋1-17,1,,,,1,,,,,34.619648,135.482956,
709,E2710000658201,東加賀屋１公園,大阪府大阪市住之江区東加賀屋1-3,,,,1,,,,,,34.61865297,135.4850102,
710,E2710000659201,市営東加賀屋住宅１号館,大阪府大阪市住之江区東加賀屋1-4,1,,,,1,,,,,34.61880074,135.4839947,
711,E2710000660201,市営東加賀屋住宅２号館,大阪府大阪市住之江区東加賀屋1-5,1,,,,1,,,,,34.61923637,135.4841562,
712,E2710000661202,加賀屋東小学校（運動場）,大阪府大阪市住之江区東加賀屋1-6-25,,,,1,,,,,1,34.61978767,135.4844777,
713,E2710000661201,加賀屋東小学校,大阪府大阪市住之江区東加賀屋1-6-25,1,,,,1,,,,1,34.62018057,135.4843579,
714,E2710000662201,東加賀屋公園,大阪府大阪市住之江区東加賀屋2-14,,,,1,,,,,,34.61753547,135.4822219,
715,E2710000663201,住之江公園,大阪府大阪市住之江区南加賀屋1-1,,,,1,,,,,,34.61130658,135.4755088,
716,E2710000664201,南加賀屋公園,大阪府大阪市住之江区南加賀屋3-1,,,,1,,,,,,34.60641015,135.4754337,
717,E2710000666201,南加賀屋西公園,大阪府大阪市住之江区南加賀屋4-6,,,,1,,,,,,34.60312566,135.4732774,
718,E2710000667201,ニュートラム　ポートタウン東駅,大阪府大阪市住之江区南港中2-1-14,1,,,,1,,,,,34.6309014,135.4291254,
719,E2710000668202,市営南港中住宅２１号館,大阪府大阪市住之江区南港中2-5,1,,,,1,,,,,34.62822336,135.4298296,
720,E2710000668201,市営南港中住宅２２号館,大阪府大阪市住之江区南港中2-5,1,,,,1,,,,,34.62779960085,135.42894983544,
721,E2710000669201,南港緑公園,大阪府大阪市住之江区南港中2-6,,,,1,,,,,,34.62879664,135.4281579,
722,E2710000670201,市営南港中住宅３２号館,大阪府大阪市住之江区南港中2-8,1,,,,1,,,,,34.627713356675,135.42714785092,
723,E2710000670202,市営南港中住宅３１号館,大阪府大阪市住之江区南港中2-8,1,,,,1,,,,,34.62850349,135.4271103,
724,E2710000671201,南港公園,大阪府大阪市住之江区南港中3-1,,,,1,,,,,,34.6301817,135.4253866,
725,E2710000672201,ニュートラム　ポートタウン西駅,大阪府大阪市住之江区南港中3-2-68,1,,,,1,,,,,34.63091042,135.4227079,
726,E2710000674201,咲洲みなみ小中一貫校（運動場）,大阪府大阪市住之江区南港中3-5-14,,,,1,,,,,1,34.628435,135.425916,
727,E2710000674202,咲洲みなみ小中一貫校,大阪府大阪市住之江区南港中3-5-14,1,,,,1,,,,1,34.62873574,135.4259671,
728,E2710000675201,南港海のまち公園,大阪府大阪市住之江区南港中3-6,,,,1,,,,,,34.62784185,135.4253084,
729,E2710000676202,南港北中学校（運動場）,大阪府大阪市住之江区南港中4-3-39,,,,1,,,,,1,34.63502342,135.4234906,
730,E2710000676201,南港北中学校,大阪府大阪市住之江区南港中4-3-39,1,,,,1,,,,1,34.63559942,135.4232956,
731,E2710000677201,南港光小学校,大阪府大阪市住之江区南港中4-4-22,1,,,,1,,,,1,34.633727,135.4234168,
732,E2710000677202,南港光小学校（運動場）,大阪府大阪市住之江区南港中4-4-22,,,,1,,,,,1,34.63430521,135.4234346,
733,E2710000678201,南港太陽のまち公園,大阪府大阪市住之江区南港中4-5,,,,1,,,,,,34.63377401,135.4248273,
734,E2710000679201,南港桜小学校,大阪府大阪市住之江区南港中5-2-48,1,,,,1,,,,1,34.63536141,135.4212098,
735,E2710000679202,南港桜小学校（運動場）,大阪府大阪市住之江区南港中5-2-48,,,,1,,,,,1,34.63466845,135.4206966,
736,E2710000680201,市営南港中住宅４５号館,大阪府大阪市住之江区南港中5-3,1,,,,1,,,,,34.635048,135.418967,
737,E2710000680205,市営南港中住宅４１号館,大阪府大阪市住之江区南港中5-3,1,,,,1,,,,,34.63511,135.419834,
738,E2710000680204,市営南港中住宅４２号館,大阪府大阪市住之江区南港中5-3,1,,,,1,,,,,34.63456,135.419851,
739,E2710000680203,市営南港中住宅４３号館,大阪府大阪市住之江区南港中5-3,1,,,,1,,,,,34.634536,135.418963,
740,E2710000680202,市営南港中住宅４４号館,大阪府大阪市住之江区南港中5-3,1,,,,1,,,,,34.634801,135.418091,
741,E2710000681201,ニュートラム　中ふ頭駅,大阪府大阪市住之江区南港中5-3-48,1,,,,1,,,,,34.63398415,135.4175042,
742,E2710000682201,南港花のまち公園,大阪府大阪市住之江区南港中5-4,,,,1,,,,,,34.63375952,135.4208126,
743,E2710000683201,ニュートラム　南港口駅,大阪府大阪市住之江区南港東1-7-69,1,,,,1,,,,,34.61384151,135.4458811,
744,E2710000684201,ニュートラム　南港東駅,大阪府大阪市住之江区南港東2-4-52,1,,,,1,,,,,34.61384151,135.4386284,
745,E2710000685201,大阪府立港南造形高等学校,大阪府大阪市住之江区南港東2-5-72,1,,,,1,,,,1,34.61338589,135.4415678,
746,E2710000685202,大阪府立港南造形高等学校（運動場）,大阪府大阪市住之江区南港東2-5-72,,,,1,,,,,1,34.61278104,135.4414999,
747,E2710000686201,大阪南港トラックターミナル管理棟,大阪府大阪市住之江区南港東4-10-108,1,,,,1,,,,,34.62153626,135.4390234,
748,E2710000687201,ニュートラム　フェリーターミナル駅,大阪府大阪市住之江区南港東4-8-52,1,,,,1,,,,,34.6185261,135.4349925,
749,E2710000688201,南港中央公園,大阪府大阪市住之江区南港東8-5,,,,1,,1,,,,34.63182901,135.432169,
750,E2710003033201,グランドプリンスホテル大阪ベイ,大阪府大阪市住之江区南港北1-13-11,1,,,,1,,,,,34.637092,135.41629,
751,E2710000689201,シーサイドレジデンスコスモスクエア駅前,大阪府大阪市住之江区南港北1-25-10,1,,,,1,,,,,34.641807,135.41426,
752,E2710000690201,ニュートラム　トレードセンター前駅,大阪府大阪市住之江区南港北1-30-21,1,,,,1,,,,,34.6386985,135.4121299,
753,E2710000691201,ローレルスクエア大阪ベイタワー,大阪府大阪市住之江区南港北1-30-30,1,,,,1,,,,,34.64212747,135.413087,
754,E2710002946201,インテックス大阪６号館,大阪府大阪市住之江区南港北1-5-102,1,,,,1,,,,,34.637613,135.421976,
755,E2710000693201,浜口西公園,大阪府大阪市住之江区浜口西2-6,,,,1,,,,,,34.61073095,135.4839823,
756,E2710000694201,浜口公園,大阪府大阪市住之江区浜口西3-4,,,,1,,,,,,34.60832634,135.4839603,
757,E2710000695201,住吉公園,大阪府大阪市住之江区浜口東1-1,,,,1,,,,,,34.61260437,135.4884995,
758,E2710000698201,介護付有料老人ホーム　ゆうあい,大阪府大阪市住之江区浜口東3-6-23,1,,,,1,,,,,34.608368,135.486355,
759,E2710000699201,粉浜中公園,大阪府大阪市住之江区粉浜1-27,,,,1,,,,,,34.61878296,135.4909243,
760,E2710000700201,粉浜東公園,大阪府大阪市住之江区粉浜1-5,,,,1,,,,,,34.62207227,135.4905666,
761,E2710000701201,北粉浜小学校,大阪府大阪市住之江区粉浜1-5-48,1,,,,1,,,,1,34.62278193,135.4910507,
762,E2710000701202,北粉浜小学校（運動場）,大阪府大阪市住之江区粉浜1-5-48,,,,1,,,,,1,34.62263184,135.4906484,
763,E2710000702202,粉浜小学校（運動場）,大阪府大阪市住之江区粉浜2-6-6,,,,1,,,,,1,34.61804461,135.4901035,
764,E2710000702201,粉浜小学校,大阪府大阪市住之江区粉浜2-6-6,1,,,,1,,,,1,34.61811083,135.4904897,
765,E2710000703201,府住宅供給公社　住吉団地,大阪府大阪市住之江区粉浜3-13-9,1,,,,1,,,,,34.61408661,135.4886421,
766,E2710000704201,粉浜南公園,大阪府大阪市住之江区粉浜3-2,,,,1,,,,,,34.61612259,135.4893474,
767,E2710000705201,粉浜北公園,大阪府大阪市住之江区粉浜西1-4,,,,1,,,,,,34.62250055,135.4890524,
768,E2710000706201,住吉第一中学校,大阪府大阪市住之江区粉浜西1-5-11,1,,,,1,,,,1,34.62139645,135.4878499,
769,E2710000706202,住吉第一中学校（運動場）,大阪府大阪市住之江区粉浜西1-5-11,,,,1,,,,,1,34.62156862,135.4873742,
770,E2710000707201,粉浜公園,大阪府大阪市住之江区粉浜西2-6,,,,1,,,,,,34.61891175,135.4883424,
771,E2710003052201,株式会社牛長　中央棟,大阪府大阪市住之江区平林南1-1-20,1,,,,1,,,,,34.61265,135.460417,
772,E2710000708201,ニュートラム　平林駅,大阪府大阪市住之江区平林南1-2,1,,,,1,,,,,34.61066271,135.4585626,
773,E2710000709201,大幸工業株式会社　津波避難ビル兼車輌センター,大阪府大阪市住之江区平林南1-3-27,1,,,,1,,,,,34.612234,135.456065,
774,E2710000710201,株式会社ロゴスコーポレーション　東館ビル,大阪府大阪市住之江区平林南2-11-13,1,,,,1,,,,,34.611961,135.451216,
775,E2710000711201,平林西公園,大阪府大阪市住之江区平林南2-12,,,,1,,,,,,34.61320861,135.4472521,
776,E2710002964201,市営平林南住宅１号館,大阪府大阪市住之江区平林南2-2,1,,,,1,,,,,34.609511,135.45921,
777,E2710002964202,市営平林南住宅２号館,大阪府大阪市住之江区平林南2-2,1,,,,1,,,,,34.609638,135.458588,
778,E2710000712201,市営平林南第２住宅１号館,大阪府大阪市住之江区平林南2-3,1,,,,1,,,,,34.60891611,135.4579776,
779,E2710000713201,市営平林南第２住宅２号館,大阪府大阪市住之江区平林南2-6,1,,,,1,,,,,34.608460095752,135.45671433135,
780,E2710000713202,平林南公園,大阪府大阪市住之江区平林南2-6,,,,1,,,,,,34.60932547,135.456312,
781,E2710000714202,平林小学校（運動場）,大阪府大阪市住之江区平林南2-6-48,,,,1,,,,,1,34.60869233,135.4558082,
782,E2710000714201,平林小学校,大阪府大阪市住之江区平林南2-6-48,1,,,,1,,,,1,34.60898373,135.4561658,
783,E2710000715201,ルネ住之江,大阪府大阪市住之江区平林南2-6-54,1,,,,1,,,,,34.60980469,135.456408,
784,E2710000716201,市営平林南第３住宅１号館,大阪府大阪市住之江区平林南2-9,1,,,,1,,,,,34.60923342,135.4551455,
785,E2710000717201,平林北公園,大阪府大阪市住之江区平林北1-2,,,,1,,,,,,34.62088433,135.4602493,
786,E2710000718201,三洋電機株式会社　１棟,大阪府大阪市住之江区平林北1-2-63,1,,,,1,,,,,34.62155377,135.4589393,
787,E2710003051201,新栄運輸株式会社　本社,大阪府大阪市住之江区平林北2-7-45,1,,,,1,,,,,34.616959,135.458019,
788,E2710000719201,加賀屋北公園,大阪府大阪市住之江区北加賀屋1-2,,,,1,,,,,,34.62407735,135.4815251,
789,E2710000720201,市営北加賀屋住宅１号館,大阪府大阪市住之江区北加賀屋1-5,1,,,,1,,,,,34.62191576,135.4806173,
790,E2710000720202,北加賀屋東公園,大阪府大阪市住之江区北加賀屋1-5,,,,1,,,,,,34.62199081,135.480392,
791,E2710000722201,加賀屋小学校,大阪府大阪市住之江区北加賀屋2-5-26,1,,,,1,,,,1,34.62239076,135.4790241,
792,E2710000722202,加賀屋小学校（運動場）,大阪府大阪市住之江区北加賀屋2-5-26,,,,1,,,,,1,34.62297346,135.4791653,
793,E2710000723201,㈱グルメ杵屋,大阪府大阪市住之江区北加賀屋3-4-7,1,,,,1,,,,,34.62423247,135.4775583,
794,E2710002979201,住之江工場,大阪府大阪市住之江区北加賀屋4-1-26,1,,,,1,,,,,34.627501,135.475051,
795,E2710000724201,北加賀屋公園,大阪府大阪市住之江区北加賀屋5-3,,,,1,,,,,,34.62298434,135.475509,
796,E2710000725201,住之江スポーツセンター,大阪府大阪市住之江区北加賀屋5-3-47,1,,,,1,,,,,34.62372454,135.4755038,
797,E2710000726201,特別養護老人ホーム　加賀屋の森,大阪府大阪市住之江区北加賀屋5-4-23,1,,,,1,,,,1,34.62231085,135.4745976,
798,E2710000727201,市営北加賀屋第５住宅１号館,大阪府大阪市住之江区北加賀屋5-6,1,,,,1,,,,,34.62174288,135.4734587,
799,E2710000728202,敷津浦小学校（運動場）,大阪府大阪市住之江区北島2-9-22,,,,1,,,,,1,34.60246875,135.4783629,
800,E2710000728201,敷津浦小学校,大阪府大阪市住之江区北島2-9-22,1,,,,1,,,,1,34.60265144,135.4779029,
801,E2710000729201,北島公園,大阪府大阪市住之江区北島3-17,,,,1,,,,,,34.60037941,135.4790527,
802,E2710002927201,市営緑木住宅１号棟,大阪府大阪市住之江区緑木1-2,1,,,,1,,,,,34.618592,135.474241,
803,E2710000730201,緑木公園,大阪府大阪市住之江区緑木2-1,,,,1,,,,,,34.61552574,135.4730228,
804,E2710000731201,専永公園,大阪府大阪市城東区永田1-4,,,,1,1,,,,,34.68866877,135.5565788,
805,E2710000732201,左専道公園,大阪府大阪市城東区永田2-12,,,,1,1,,,,,34.68673026,135.5574103,
806,E2710000733201,諏訪小学校,大阪府大阪市城東区永田2-15-5,1,,,,1,,,,1,34.68642672,135.5585255,
807,E2710000733202,諏訪小学校（運動場）,大阪府大阪市城東区永田2-15-5,,,,1,1,,,,1,34.68654434,135.5582537,
808,E2710002982201,大阪市放出下水処理場上部利用施設（屋外屋上庭園（「農園エリア」を除く））,大阪府大阪市城東区永田2-3-61,1,,,,1,,,,,34.6864,135.556033,
809,E2710000734202,城東中学校（運動場）,大阪府大阪市城東区永田3-3-44,,,,1,1,,,,1,34.68206405,135.5567685,
810,E2710000734201,城東中学校,大阪府大阪市城東区永田3-3-44,1,,,,1,,,,1,34.68187142,135.5556884,
811,E2710000735201,永田公園,大阪府大阪市城東区永田4-14,,,,1,1,,,,,34.68139649,135.5570235,
812,E2710002983201,エディオン京橋店　,大阪府大阪市城東区蒲生1-9-10,1,,,,1,,,,,34.699107,135.537086,
813,E2710000736201,特別養護老人ホーム　城東こすもす苑,大阪府大阪市城東区蒲生2-2-38,1,,,,1,,,,1,34.69812084,135.540482,
814,E2710000737201,蒲生南公園,大阪府大阪市城東区蒲生3-2,,,,1,,,,,,34.69837761,135.54228,
815,E2710000738201,特別養護老人ホーム　至善荘,大阪府大阪市城東区蒲生4-2-10,1,,,,1,,,,1,34.69805904,135.5440365,
816,E2710000739201,コーナン棟（ホームセンターコーナン関目店）,大阪府大阪市城東区関目1-4-1,1,,,,1,,,,,34.707937,135.546828,
817,E2710000740201,ライフ関目店,大阪府大阪市城東区関目1-5-3,1,,,,1,,,,,34.70876,135.546814,
818,E2710000741201,西関目公園,大阪府大阪市城東区関目1-7,,,,1,,,,,,34.70853358,135.5478374,
819,E2710002925201,市営古市第２住宅１号棟,大阪府大阪市城東区関目2-10,1,,,,1,,,,,34.707919,135.552353,
820,E2710000744201,南関目公園,大阪府大阪市城東区関目2-4,,,,1,,,,,,34.70710933,135.5506316,
821,E2710000745201,関目東小学校,大阪府大阪市城東区関目4-12-15,1,,,,1,,,,1,34.7107212,135.5534976,
822,E2710000745202,関目東小学校（運動場）,大阪府大阪市城東区関目4-12-15,,,,1,1,,,,1,34.71035786,135.5534464,
823,E2710000746201,関目中央公園,大阪府大阪市城東区関目4-3,,,,1,,,,,,34.71039154,135.5503244,
824,E2710000747201,関目駅前小公園,大阪府大阪市城東区関目5-9,,,,1,1,,,,,34.71351636,135.54735,
825,E2710000748201,北関目公園,大阪府大阪市城東区関目6-3,,,,1,1,,,,,34.71317646,135.5508243,
826,E2710000749202,関目小学校（運動場）,大阪府大阪市城東区関目6-5-5,,,,1,1,,,,1,34.71441667,135.551,
827,E2710000749201,関目小学校,大阪府大阪市城東区関目6-5-5,1,,,,1,,,,1,34.71457027,135.5506656,
828,E2710000750201,食品館アプロ　城東館,大阪府大阪市城東区古市1-12-4,1,,,,1,,,,,34.706052,135.556023,
829,E2710002962201,市営古市南第２住宅２号館,大阪府大阪市城東区古市1-17,1,,,,1,,,,,34.70597,135.558887,
830,E2710000751202,菫中学校（運動場）,大阪府大阪市城東区古市1-18-4,,,,1,1,,,,1,34.70666009,135.5587668,
831,E2710000751201,菫中学校,大阪府大阪市城東区古市1-18-4,1,,,,1,,,,1,34.70677622,135.5575473,
832,E2710000752201,大阪産業大学附属高等学校（運動場）,大阪府大阪市城東区古市1-20-26,,,,1,1,,,,1,34.70839639,135.5590091,
833,E2710000752202,大阪産業大学附属高等学校,大阪府大阪市城東区古市1-20-26,1,,,,1,,,,1,34.708426,135.559841,
834,E2710000754202,市営古市南住宅１号館,大阪府大阪市城東区古市1-5,1,,,,1,,,,,34.708738,135.555105,
835,E2710000754201,市営古市南住宅２号館,大阪府大阪市城東区古市1-5,1,,,,1,,,,,34.708338,135.55508,
836,E2710000755201,社会福祉法人　大阪福祉事業財団　城東区特別養護老人ホーム　社会福祉法人　大阪福祉事業財団　城東養護老人ホーム,大阪府大阪市城東区古市1-7-8,1,,,,,,,,,34.708937,135.556118,
837,E2710000756201,市営古市東住宅５号館,大阪府大阪市城東区古市2-5,1,,,,1,,,,,34.70967167,135.556783,
838,E2710000756202,市営古市東住宅４号館,大阪府大阪市城東区古市2-5,1,,,,1,,,,,34.71061978,135.5566007,
839,E2710000756203,市営古市東住宅３号館,大阪府大阪市城東区古市2-5,1,,,,1,,,,,34.71026259,135.5561822,
840,E2710000756204,市営古市東住宅２号館,大阪府大阪市城東区古市2-5,1,,,,1,,,,,34.70966285,135.5561447,
841,E2710000756205,市営古市東住宅１号館,大阪府大阪市城東区古市2-5,1,,,,1,,,,,34.70929243,135.556209,
842,E2710000757203,市営古市東住宅７号館,大阪府大阪市城東区古市2-6,1,,,,1,,,,,34.70943795,135.558049,
843,E2710000757201,市営古市東住宅９号館,大阪府大阪市城東区古市2-6,1,,,,1,,,,,34.71056245,135.5574375,
844,E2710000757202,市営古市東住宅８号館,大阪府大阪市城東区古市2-6,1,,,,1,,,,,34.71013029,135.5572497,
845,E2710000757204,市営古市東住宅６号館,大阪府大阪市城東区古市2-6,1,,,,1,,,,,34.70924833,135.5575341,
846,E2710000757205,古市中公園,大阪府大阪市城東区古市2-6,,,,1,1,,,,,34.71010962,135.5580702,
847,E2710000758201,すみれ小学校,大阪府大阪市城東区古市2-6-38,1,,,,1,,,,1,34.7105697,135.5595114,
848,E2710000758202,すみれ小学校（運動場）,大阪府大阪市城東区古市2-6-38,,,,1,1,,,,1,34.71043594,135.5589124,
849,E2710000759201,大阪信愛女学院高等学校（運動場）,大阪府大阪市城東区古市2-7-30,,,,1,1,,,,1,34.71133854,135.5590364,
850,E2710000760201,市営古市東住宅１０号館,大阪府大阪市城東区古市2-9,1,,,,1,,,,,34.71018627,135.5600448,
851,E2710000761201,古市北公園,大阪府大阪市城東区古市3-14,,,,1,1,,,,,34.71485446,135.556649,
852,E2710000762201,古市西北公園,大阪府大阪市城東区古市3-19,,,,1,1,,,,,34.71300936,135.5591407,
853,E2710000763201,西今福公園,大阪府大阪市城東区今福西1-15,,,,1,,,,,,34.69876327,135.5492272,
854,E2710000764201,中今福公園,大阪府大阪市城東区今福西2-8,,,,1,,,,,,34.69900136,135.5514592,
855,E2710000765201,ネクスタビル（関西スーパー蒲生店／ジョーシン蒲生店）,大阪府大阪市城東区今福西3-2-24,1,,,,1,,,,,34.702509,135.546743,
856,E2710000766201,鯰江小学校,大阪府大阪市城東区今福西3-9-27,1,,,,1,,,,1,34.70144926,135.5481643,
857,E2710000766202,鯰江小学校（運動場）,大阪府大阪市城東区今福西3-9-27,,,,1,,,,,1,34.70149189,135.5485684,
858,E2710000767202,鯰江中学校（運動場）,大阪府大阪市城東区今福西4-7-20,,,,1,,,,,1,34.70169915,135.5533038,
859,E2710000767201,鯰江中学校,大阪府大阪市城東区今福西4-7-20,1,,,,1,,,,1,34.70206667,135.5527388,
860,E2710000768201,鯰江北公園,大阪府大阪市城東区今福西5-13,,,,1,,,,,,34.70472185,135.5486946,
861,E2710002945201,タイムズ・ピース・スクエア　立体駐車場Ａ棟・Ｂ棟・Ｃ棟,大阪府大阪市城東区今福西6-2-1,1,,,,,,,,,34.703553,135.550534,
862,E2710002945203,タイムズ・ピース・スクエア　立体駐車場Ａ棟・Ｂ棟・Ｃ棟,大阪府大阪市城東区今福西6-2-1,1,,,,,,,,,34.704872,135.550802,
863,E2710002945202,タイムズ・ピース・スクエア　立体駐車場Ａ棟・Ｂ棟・Ｃ棟,大阪府大阪市城東区今福西6-2-1,1,,,,,,,,,34.704417,135.550475,
864,E2710000769201,鯰江公園,大阪府大阪市城東区今福西6-5,,,,1,,,,,,34.70404564,135.5517815,
865,E2710000770201,特別養護老人ホーム　城東さくら苑,大阪府大阪市城東区今福西6-6-20,1,,,,1,,,,,34.703288,135.552085,
866,E2710000771201,鯰江南公園,大阪府大阪市城東区今福西6-7,,,,1,,,,,,34.70282762,135.5517156,
867,E2710000772202,鯰江東小学校（運動場）,大阪府大阪市城東区今福東1-3-26,,,,1,,,,,1,34.70076549,135.5547746,
868,E2710000772201,鯰江東小学校,大阪府大阪市城東区今福東1-3-26,1,,,,1,,,,1,34.70068758,135.5552717,
869,E2710000773201,鯰江東公園,大阪府大阪市城東区今福東1-4,,,,1,,,,,,34.70070001,135.5562821,
870,E2710000774201,スギタ今福パーキング,大阪府大阪市城東区今福東1-9-37,1,,,,1,,,,,34.701134,135.557048,
871,E2710000775201,東今福公園,大阪府大阪市城東区今福東2-11,,,,1,,,,,,34.70292491,135.5584896,
872,E2710000776201,野江特別養護老人ホーム　城東園,大阪府大阪市城東区今福東2-2-25,1,,,,1,,,,1,34.70335264,135.555061,
873,E2710000777201,今福小学校,大阪府大阪市城東区今福南2-1-53,1,,,,1,,,,1,34.69647844,135.5513097,
874,E2710000777202,今福小学校（運動場）,大阪府大阪市城東区今福南2-1-53,,,,1,,,,,1,34.69630937,135.5516441,
875,E2710000778201,今福南中央公園,大阪府大阪市城東区今福南2-17,,,,1,,,,,,34.69808356,135.5527399,
876,E2710000779201,今福南古堤公園,大阪府大阪市城東区今福南2-4,,,,1,,,,,,34.69622321,135.5534257,
877,E2710000780202,市営今福南住宅３号館,大阪府大阪市城東区今福南4-10,1,,,,1,,,,,34.69864526,135.5556315,
878,E2710000780201,市営今福南住宅４号館,大阪府大阪市城東区今福南4-10,1,,,,1,,,,,34.69875993,135.5563396,
879,E2710000781201,市営今福南住宅２号館,大阪府大阪市城東区今福南4-11,1,,,,1,,,,,34.69861916,135.5549444,
880,E2710000781202,市営今福南住宅１号館,大阪府大阪市城東区今福南4-11,1,,,,1,,,,,34.69849126,135.5543114,
881,E2710000782201,南今福北公園,大阪府大阪市城東区今福南4-13,,,,1,,,,,,34.69928766,135.5562684,
882,E2710000783201,南今福公園,大阪府大阪市城東区今福南4-4,,,,1,,,,,,34.69818481,135.5570488,
883,E2710000784201,市営今福南第２住宅３号館,大阪府大阪市城東区今福南4-6-37,1,,,,1,,,,,34.69794948,135.5596489,
884,E2710000785201,市営今福南第３住宅７号館,大阪府大阪市城東区今福南4-9-7,1,,,,1,,,,,34.698779,135.557156,
885,E2710000786201,市営今福南第３住宅８号館,大阪府大阪市城東区今福南4-9-8,1,,,,1,,,,,34.698996,135.557594,
886,E2710000787201,鴫野東２公園,大阪府大阪市城東区鴫野2-27,,,,1,,,,,,34.69217962,135.5487515,
887,E2710000788201,鴫野の森公園,大阪府大阪市城東区鴫野西2-1,,,,1,,,,,,34.691234,135.5368274,
888,E2710000789201,城東スポーツセンター,大阪府大阪市城東区鴫野西2-1-21,1,,,,,,,,,34.691573,135.536419,
889,E2710002944201,大阪府トラック総合会館,大阪府大阪市城東区鴫野西2-11-2,1,,,,,,,,,34.692721,135.538282,
890,E2710000790202,城陽中学校（運動場）,大阪府大阪市城東区鴫野西3-3-64,,,,1,,,,,1,34.69466555,135.5418947,
891,E2710000790201,城陽中学校,大阪府大阪市城東区鴫野西3-3-64,1,,,,1,,,,1,34.69438033,135.5420592,
892,E2710000793201,鴫野公園,大阪府大阪市城東区鴫野西4-11,,,,1,,,,,,34.69191387,135.5412518,
893,E2710000794202,鴫野小学校（運動場）,大阪府大阪市城東区鴫野西4-11-48,,,,1,,,,,1,34.69088775,135.5416782,
894,E2710000794201,鴫野小学校,大阪府大阪市城東区鴫野西4-11-48,1,,,,1,,,,1,34.69144057,135.5414082,
895,E2710000795201,鴫野西公園,大阪府大阪市城東区鴫野西4-18,,,,1,,,,,,34.68970159,135.5413549,
896,E2710000796204,市営鴫野住宅２号館,大阪府大阪市城東区鴫野西5-3,1,,,,1,,,,,34.692309,135.543692,
897,E2710000796205,鴫野住宅１号館,大阪府大阪市城東区鴫野西5-3,1,,,,1,,,,,34.69173,135.543631,
898,E2710000796201,市営鴫野住宅５号館,大阪府大阪市城東区鴫野西5-3,1,,,,1,,,,,34.69084,135.542604,
899,E2710000796202,市営鴫野住宅４号館,大阪府大阪市城東区鴫野西5-3,1,,,,1,,,,,34.691536,135.542668,
900,E2710000796203,市営鴫野住宅３号館,大阪府大阪市城東区鴫野西5-3,1,,,,1,,,,,34.692179,135.542467,
901,E2710000791201,市営鴫野第２住宅１号館,大阪府大阪市城東区鴫野西３－６－Ａ,1,,,,1,,,,,34.693726,135.540715,
902,E2710000792201,市営鴫野第２住宅２号館,大阪府大阪市城東区鴫野西３－６－Ｂ,1,,,,1,,,,,34.693965,135.542985,
903,E2710000797201,鴫野北公園,大阪府大阪市城東区鴫野東1-5,,,,1,1,,,,,34.69554038,135.5447627,
904,E2710000798201,特別養護老人ホーム　しぎの黄金の里,大阪府大阪市城東区鴫野東2-26-12,1,,,,1,,,,1,34.69193352,135.5486389,
905,E2710000799202,城東小学校（運動場）,大阪府大阪市城東区鴫野東3-16-41,,,,1,,,,,1,34.69121465,135.5488124,
906,E2710000799201,城東小学校,大阪府大阪市城東区鴫野東3-16-41,1,,,,1,,,,1,34.69117642,135.5478451,
907,E2710000800201,鴫野東公園,大阪府大阪市城東区鴫野東3-23,,,,1,,,,,,34.68911278,135.5480733,
908,E2710000801201,新喜多公園,大阪府大阪市城東区新喜多1-9,,,,1,,,,,,34.69717207,135.539418,
909,E2710000802202,聖賢小学校（運動場）,大阪府大阪市城東区新喜多2-4-35,,,,1,,,,,1,34.6972204,135.5426794,
910,E2710000802201,聖賢小学校,大阪府大阪市城東区新喜多2-4-35,1,,,,1,,,,1,34.69743358,135.543021,
911,E2710000803201,布屋公園,大阪府大阪市城東区新喜多東1-5,,,,1,1,,,,,34.69416295,135.5486404,
912,E2710000804201,新喜多東中央公園,大阪府大阪市城東区新喜多東1-8,,,,1,1,,,,,34.69516871,135.5489107,
913,E2710000805201,新喜多東公園,大阪府大阪市城東区新喜多東2-6,,,,1,1,,,,,34.69256334,135.551199,
914,E2710000806202,森之宮小学校（運動場）,大阪府大阪市城東区森之宮1-6-64,,,,1,1,,,,1,34.68360982,135.5370639,
915,E2710000806201,森之宮小学校,大阪府大阪市城東区森之宮1-6-64,1,,,,1,,,,1,34.68343282,135.5377278,
916,E2710002912201,大阪公立大学　森之宮キャンパス,大阪府大阪市城東区森之宮2-1-132,,,,1,1,,,,,34.687094,135.539334,
917,E2710000807201,社会福祉法人　平成福祉会　特別養護老人ホーム　平成森之宮苑,大阪府大阪市城東区森之宮2-1-49,1,,,,,,,,1,34.684923,135.539178,
918,E2710000809201,大阪府立成城高等学校,大阪府大阪市城東区諏訪3-11-41,,,,1,1,,,,1,34.68175651,135.5613,
919,E2710000810201,成育西公園,大阪府大阪市城東区成育1-1,,,,1,,,,,,34.70506161,135.541475,
920,E2710000811202,成育小学校（運動場）,大阪府大阪市城東区成育1-5-19,,,,1,,,,,1,34.70613861,135.5435988,
921,E2710000811201,成育小学校,大阪府大阪市城東区成育1-5-19,1,,,,1,,,,1,34.70609157,135.5441335,
922,E2710000812201,成育公園,大阪府大阪市城東区成育3-18,,,,1,,,,,,34.70937344,135.543722,
923,E2710000816201,蒲生中公園,大阪府大阪市城東区中央1-3,,,,1,,,,,,34.70074837,135.5417255,
924,E2710000817201,泉秀園城東ビルパーキング,大阪府大阪市城東区中央1-9-33,1,,,,,,,,,34.700547,135.544709,
925,E2710000819201,成育南公園,大阪府大阪市城東区中央2-2,,,,1,,,,,,34.70420394,135.5415587,
926,E2710000820201,蒲生公園一帯,大阪府大阪市城東区中央3,,,,1,,1,,,,34.70386038,135.5447402,
927,E2710003012201,東大阪病院,大阪府大阪市城東区中央3-4-32,1,,,,1,,,,,34.701904,135.54598,
928,E2710000822201,蒲生公園,大阪府大阪市城東区中央3-8,,,,1,,,,,,34.70401732,135.5447512,
929,E2710000823202,蒲生中学校（運動場）,大阪府大阪市城東区中央3-9-24,,,,1,,,,,1,34.70507208,135.5449693,
930,E2710000823201,蒲生中学校,大阪府大阪市城東区中央3-9-24,1,,,,1,,,,1,34.7052347,135.545499,
931,E2710000824201,中浜公園,大阪府大阪市城東区中浜1-6,,,,1,1,,,,,34.6869923,135.5420752,
932,E2710000825201,中浜小学校,大阪府大阪市城東区中浜2-12-35,1,,,,1,,,,1,34.68526245,135.5440558,
933,E2710000825202,中浜小学校（運動場）,大阪府大阪市城東区中浜2-12-35,,,,1,1,,,,1,34.68534479,135.5436553,
934,E2710000826201,中浜中央公園,大阪府大阪市城東区中浜2-9,,,,1,1,,,,,34.68423084,135.5427645,
935,E2710000827201,白山公園,大阪府大阪市城東区中浜3-1,,,,1,1,,,,,34.68505143,135.5406,
936,E2710000829201,天王田・楠根公園,大阪府大阪市城東区天王田4,,,,1,,,,,,34.68995856,135.5530079,
937,E2710000832201,生活協同組合　おおさかパルコープ　東中浜店,大阪府大阪市城東区東中浜4-5-14,1,,,,,,,,,34.686329,135.549712,
938,E2710000833201,東中浜公園,大阪府大阪市城東区東中浜5-3,,,,1,1,,,,,34.68492612,135.5493368,
939,E2710000834202,東中浜小学校（運動場）,大阪府大阪市城東区東中浜5-4-5,,,,1,1,,,,1,34.68422835,135.5491825,
940,E2710000834201,東中浜小学校,大阪府大阪市城東区東中浜5-4-5,1,,,,1,,,,1,34.68444155,135.5489125,
941,E2710000835201,千間川みどり公園,大阪府大阪市城東区東中浜6,,,,1,1,,,,,34.68112838,135.5505524,
942,E2710000836201,天王田公園,大阪府大阪市城東区東中浜7-1,,,,1,1,,,,,34.68771396,135.5520792,
943,E2710002953201,ファミールハイツ城東,大阪府大阪市城東区放出西1-2-51,1,,,,,,,,,34.694953,135.55364,
944,E2710000838201,西放出公園,大阪府大阪市城東区放出西2-15,,,,1,1,,,,,34.69276976,135.5575554,
945,E2710000840202,放出小学校（運動場）,大阪府大阪市城東区放出西2-2-18,,,,1,1,,,,1,34.69483676,135.5551981,
946,E2710000840201,放出小学校,大阪府大阪市城東区放出西2-2-18,1,,,,1,,,,1,34.69465298,135.5556147,
947,E2710000841201,放出中学校,大阪府大阪市城東区放出西3-12-10,1,,,,1,,,,1,34.69042597,135.5578405,
948,E2710000841202,放出中学校（運動場）,大阪府大阪市城東区放出西3-12-10,,,,1,1,,,,1,34.69023925,135.557263,
949,E2710000842201,市営放出西住宅６号館,大阪府大阪市城東区放出西3-15,1,,,,1,,,,,34.69025178,135.5589959,
950,E2710000842202,市営放出西住宅６号館,大阪府大阪市城東区放出西3-15,1,,,,1,,,,,34.69035764,135.5590013,
951,E2710000843201,市営放出西住宅５号館,大阪府大阪市城東区放出西3-16,1,,,,1,,,,,34.69095104,135.5588279,
952,E2710000844201,放出西三公園,大阪府大阪市城東区放出西3-20,,,,1,1,,,,,34.6911847,135.5583358,
953,E2710002947201,ファーストパレス,大阪府大阪市城東区放出西3-6-1,1,,,,1,,,,,34.690674,135.555593,
954,E2710000845201,野江公園,大阪府大阪市城東区野江1-15,,,,1,,,,,,34.70126772,135.5407762,
955,E2710000846201,市営野江第２住宅３号館,大阪府大阪市城東区野江1-18,1,,,,1,,,,,34.70073834,135.5398369,
956,E2710000847201,市営野江第２住宅２号館,大阪府大阪市城東区野江1-19,1,,,,1,,,,,34.70082655,135.5393863,
957,E2710000848201,市営野江第２住宅１号館,大阪府大阪市城東区野江1-20,1,,,,1,,,,,34.70031054,135.5390966,
958,E2710000849201,市営野江住宅１号館,大阪府大阪市城東区野江1-8,1,,,,1,,,,,34.701975,135.5380363,
959,E2710000850201,開明高等学校（運動場）,大阪府大阪市城東区野江1-9-9,,,,1,,,,,1,34.70101399,135.5381358,
960,E2710000851201,榎並公園,大阪府大阪市城東区野江2-15,,,,1,,,,,,34.70353607,135.5394308,
961,E2710000852201,榎並小学校,大阪府大阪市城東区野江4-1-28,1,,,,1,,,,1,34.70928222,135.5396726,
962,E2710000852202,榎並小学校（運動場）,大阪府大阪市城東区野江4-1-28,,,,1,,,,,1,34.70914405,135.5392184,
963,E2710000853201,明治東洋医学院専門学校,大阪府大阪市吹田市西御旅町7-53,1,,,,,,,,,34.749031,135.523506,
964,E2710000854201,市営田島住宅１号館,大阪府大阪市生野区舎利寺2-12-20,1,,,,,,,,,34.64848855,135.5385905,
965,E2710000855201,もと生野小学校,大阪府大阪市生野区舎利寺3-1-39,1,,,,,,,,1,34.648152,135.536102,
966,E2710000855202,もと生野小学校（運動場）,大阪府大阪市生野区舎利寺3-1-39,,,,1,1,,,,1,34.64787691,135.536415,
967,E2710002873201,舎利寺公園,大阪府大阪市生野区舎利寺3-9,,,,1,1,,,,,34.648039,135.537886,
968,E2710002881201,勝山西公園,大阪府大阪市生野区勝山南1-13,,,,1,1,,,,,34.65329,135.528473,
969,E2710000858202,勝山小学校（運動場）,大阪府大阪市生野区勝山南1-3-5,,,,1,1,,,,1,34.65367761,135.5277908,
970,E2710000858201,勝山小学校,大阪府大阪市生野区勝山南1-3-5,1,,,,,,,,1,34.65386441,135.5274725,
971,E2710002861201,大阪偕星学園高等学校（運動場）,大阪府大阪市生野区勝山南2-6-38,,,,1,1,,,,1,34.652372,135.530094,
972,E2710000860201,大阪府立桃谷高等学校（運動場）,大阪府大阪市生野区勝山南3-1-4,,,,1,1,,,,1,34.65378646,135.5333388,
973,E2710000859201,市営勝山南住宅１号館,大阪府大阪市生野区勝山南3-11,1,,,,,,,,,34.65260282,135.533777,
974,E2710000861201,御勝山南公園,大阪府大阪市生野区勝山南3-3,,,,1,1,,,,,34.6535937,135.5359356,
975,E2710000863202,もと舎利寺小学校（運動場）,大阪府大阪市生野区勝山南4-15-25,,,,1,1,,,,1,34.65224571,135.5392806,
976,E2710000863201,もと舎利寺小学校,大阪府大阪市生野区勝山南4-15-25,1,,,,,,,,1,34.65222971,135.5388179,
977,E2710000864201,舎利寺中央公園,大阪府大阪市生野区勝山南4-5,,,,1,1,,,,,34.65299668,135.5392029,
978,E2710002880201,勝山北公園,大阪府大阪市生野区勝山北1-11,,,,1,1,,,,,34.654917,135.529841,
979,E2710000865201,プール学院（運動場）,大阪府大阪市生野区勝山北1-19-31,,,,1,1,,,,1,34.65533791,135.5286715,
980,E2710000867202,桃谷中学校,大阪府大阪市生野区勝山北3-13-44,1,,,,,,,,1,34.655027,135.533609,
981,E2710000867201,桃谷中学校（運動場）,大阪府大阪市生野区勝山北3-13-44,,,,1,1,,,,1,34.65479526,135.5330937,
982,E2710000868201,御勝山公園,大阪府大阪市生野区勝山北3-16,,,,1,1,,,,,34.65455128,135.5359249,
983,E2710000869202,東桃谷小学校（運動場）,大阪府大阪市生野区勝山北3-7-21,,,,1,1,,,,1,34.65593445,135.5337573,
984,E2710000869201,東桃谷小学校,大阪府大阪市生野区勝山北3-7-21,1,,,,,,,,1,34.65580795,135.534131,
985,E2710000871202,もと鶴橋中学校,大阪府大阪市生野区勝山北4-9-22,1,,,,,,,,1,34.65674272,135.537305,
986,E2710000871201,もと鶴橋中学校（運動場）,大阪府大阪市生野区勝山北4-9-22,,,,1,1,,,,1,34.65674272,135.537305,
987,E2710002904201,小路西公園,大阪府大阪市生野区小路2-2,,,,1,1,,,,,34.661274,135.553192,
988,E2710000872202,小路小学校（運動場）,大阪府大阪市生野区小路2-24-40,,,,1,1,,,,1,34.66057287,135.5554347,
989,E2710000872201,小路小学校,大阪府大阪市生野区小路2-24-40,1,,,,,,,,1,34.66052764,135.5549827,
990,E2710002907201,小路南公園,大阪府大阪市生野区小路3-19,,,,1,1,,,,,34.656425,135.555145,
991,E2710002877201,小路公園,大阪府大阪市生野区小路東2-14,,,,1,1,,,,,34.660965,135.557449,
992,E2710002887201,小路東公園,大阪府大阪市生野区小路東2-23,,,,1,1,,,,,34.658905,135.557907,
993,E2710000873202,東小路小学校（運動場）,大阪府大阪市生野区小路東3-8-15,,,,1,1,,,,1,34.65888044,135.5595146,
994,E2710000873201,東小路小学校,大阪府大阪市生野区小路東3-8-15,1,,,,,,,,1,34.65919079,135.5593412,
995,E2710000874201,金光藤蔭高等学校（スポーツエリア等）,大阪府大阪市生野区小路東4-1-26,,,,1,1,,,,1,34.657441844937,135.55654221786,
996,E2710002875201,西の川公園,大阪府大阪市生野区新今里1-14,,,,1,1,,,,,34.662816,135.543504,
997,E2710000875201,新今里公園,大阪府大阪市生野区新今里2-12,,,,1,1,,,,,34.66245706,135.5464784,
998,E2710000877201,東中川公園,大阪府大阪市生野区新今里7-14,,,,1,1,,,,,34.65903634,135.5509824,
999,E2710000878202,東中川小学校（運動場）,大阪府大阪市生野区新今里7-14-37,,,,1,1,,,,1,34.65927057,135.5501693,
1000,E2710000878201,東中川小学校,大阪府大阪市生野区新今里7-14-37,1,,,,,,,,1,34.65947943,135.5501568,
1001,E2710000879201,東生野中学校,大阪府大阪市生野区新今里7-9-25,1,,,,,,,,1,34.66058907,135.5513429,
1002,E2710000879202,東生野中学校（運動場）,大阪府大阪市生野区新今里7-9-25,,,,1,1,,,,1,34.66064496,135.5506956,
1003,E2710002899201,猫間川公園,大阪府大阪市生野区生野西1-18,,,,1,1,,,,,34.648781,135.524963,
1004,E2710000880202,義務教育学校　生野未来学園（運動場）,大阪府大阪市生野区生野西3-5-40,,,,1,1,,,,1,34.65049789,135.5294965,
1005,E2710000880201,義務教育学校　生野未来学園,大阪府大阪市生野区生野西3-5-40,1,,,,,,,,1,34.65070934,135.5302654,
1006,E2710002886201,生野西公園,大阪府大阪市生野区生野西3-6,,,,1,1,,,,,34.6505,135.527939,
1007,E2710002895201,生野西４公園,大阪府大阪市生野区生野西4-7,,,,1,1,,,,,34.64761,135.52919,
1008,E2710000882201,市営生野東住宅１号館,大阪府大阪市生野区生野東1-1-30,1,,,,,,,,,34.65038431,135.5311074,
1009,E2710000883201,市営生野東住宅２号館,大阪府大阪市生野区生野東1-5,1,,,,,,,,,34.65073735,135.5318745,
1010,E2710000884202,大阪府立生野工業高等学校（運動場）,大阪府大阪市生野区生野東2-3-66,,,,1,1,,,,1,34.64670423,135.5306893,
1011,E2710000884201,生野工業高等学校,大阪府大阪市生野区生野東2-3-66,1,,,,,,,,1,34.64732355,135.5306553,
1012,E2710000886201,生野東公園,大阪府大阪市生野区生野東3-10,,,,1,1,,,,,34.65037584,135.53502,
1013,E2710000887201,市営生野東住宅１２号館,大阪府大阪市生野区生野東4-1,1,,,,,,,,,34.64714543,135.5339112,
1014,E2710000887203,市営生野東住宅９号館,大阪府大阪市生野区生野東4-1,1,,,,,,,,,34.64817809,135.5340936,
1015,E2710000887202,市営生野東住宅１１号館,大阪府大阪市生野区生野東4-1,1,,,,,,,,,34.64700862,135.5342814,
1016,E2710000888201,市営生野東住宅１３号館,大阪府大阪市生野区生野東4-1-13,1,,,,,,,,,34.647081,135.533491,
1017,E2710000889201,市営生野東住宅８号館,大阪府大阪市生野区生野東4-2,1,,,,,,,,,34.64827959,135.5348929,
1018,E2710000890201,生野東４公園,大阪府大阪市生野区生野東4-5,,,,1,1,,,,,34.64682532,135.5347584,
1019,E2710000891201,巽西１公園,大阪府大阪市生野区巽西1-3,,,,1,1,,,,,34.65164133,135.5448468,
1020,E2710000892201,巽公園,大阪府大阪市生野区巽西1-7,,,,1,1,,,,,34.65130628,135.5465279,
1021,E2710002897201,巽西みのり公園,大阪府大阪市生野区巽西3-15,,,,1,1,,,,,34.646298,135.547747,
1022,E2710000893201,巽西公園,大阪府大阪市生野区巽西4-6,,,,1,1,,,,,34.64399256,135.5472421,
1023,E2710000894201,巽住宅１号館,大阪府大阪市生野区巽中1-18-12,1,,,,,,,,,34.652983,135.553476,
1024,E2710002893201,巽西足代公園,大阪府大阪市生野区巽中1-20,,,,1,1,,,,,34.651618,135.552532,
1025,E2710002890201,巽中東公園,大阪府大阪市生野区巽中1-5,,,,1,1,,,,,34.651665,135.549728,
1026,E2710002882201,伊賀ケ西公園,大阪府大阪市生野区巽中2-22,,,,1,1,,,,,34.648499,135.553589,
1027,E2710002888201,巽大地北公園,大阪府大阪市生野区巽中2-7,,,,1,1,,,,,34.649933,135.54982,
1028,E2710000897202,巽小学校（運動場）,大阪府大阪市生野区巽中3-12-5,,,,1,1,,,,1,34.64569713,135.5519216,
1029,E2710000897201,巽小学校,大阪府大阪市生野区巽中3-12-5,1,,,,,,,,1,34.64583983,135.5521987,
1030,E2710000899201,巽中学校,大阪府大阪市生野区巽中3-17-20,1,,,,,,,,1,34.64683012,135.553553,
1031,E2710000899202,巽中学校（運動場）,大阪府大阪市生野区巽中3-17-20,,,,1,1,,,,1,34.64692573,135.5531578,
1032,E2710002884201,巽大地公園,大阪府大阪市生野区巽中3-9,,,,1,1,,,,,34.647678,135.55098,
1033,E2710002869201,巽中４公園,大阪府大阪市生野区巽中4-6,,,,1,1,,,,,34.644816,135.550088,
1034,E2710002885201,巽東第１公園,大阪府大阪市生野区巽東1-1,,,,1,1,,,,,34.652966,135.555832,
1035,E2710002879201,巽矢柄公園,大阪府大阪市生野区巽東1-10,,,,1,1,,,,,34.650023,135.554993,
1036,E2710002894201,巽伊賀ケ公園,大阪府大阪市生野区巽東1-16,,,,1,1,,,,,34.649065,135.55588,
1037,E2710000901201,大阪わかば高等学校（運動場）,大阪府大阪市生野区巽東3-10-75,,,,1,1,,,,1,34.65008717,135.5596663,
1038,E2710002892201,巽東３公園,大阪府大阪市生野区巽東3-11,,,,1,1,,,,,34.652447,135.55988,
1039,E2710000902201,新生野中学校,大阪府大阪市生野区巽東3-3-12,1,,,,,,,,1,34.65227829,135.5580647,
1040,E2710000902202,新生野中学校（運動場）,大阪府大阪市生野区巽東3-3-12,,,,1,1,,,,1,34.6519282,135.5579216,
1041,E2710000903201,巽東小学校,大阪府大阪市生野区巽東3-8-13,1,,,,,,,,1,34.64949472,135.5584544,
1042,E2710000903202,巽東小学校（運動場）,大阪府大阪市生野区巽東3-8-13,,,,1,1,,,,1,34.64930349,135.5580753,
1043,E2710000906202,生野特別支援学校（運動場）,大阪府大阪市生野区巽東4-2-47,,,,1,1,,,,1,34.64856255,135.5598157,
1044,E2710000906201,大阪府立生野支援学校,大阪府大阪市生野区巽東4-2-47,1,,,,,,,,1,34.64841398,135.5593526,
1045,E2710000907201,巽東公園,大阪府大阪市生野区巽東4-3,,,,1,1,,,,,34.64794586,135.5592598,
1046,E2710000904201,巽東緑地,大阪府大阪市生野区巽東４－１０外,,,,1,1,1,,,,34.64431956,135.5597885,
1047,E2710000908201,巽南公園,大阪府大阪市生野区巽南1-4,,,,1,1,,,,,34.64137089,135.5458259,
1048,E2710000909201,巽南小学校,大阪府大阪市生野区巽南2-10-7,1,,,,,,,,1,34.63844954,135.548733,
1049,E2710000909202,巽南小学校（運動場）,大阪府大阪市生野区巽南2-10-7,,,,1,1,,,,1,34.63822739,135.5483271,
1050,E2710000910201,南巽公園,大阪府大阪市生野区巽南3-10,,,,1,1,,,,,34.641173,135.5518041,
1051,E2710002903201,楠正長史跡公園,大阪府大阪市生野区巽南4-2,,,,1,1,,,,,34.639893,135.551596,
1052,E2710000912201,新巽中学校,大阪府大阪市生野区巽南4-2-53,1,,,,,,,,1,34.63982511,135.5502956,
1053,E2710000912202,新巽中学校（運動場）,大阪府大阪市生野区巽南4-2-53,,,,1,1,,,,1,34.63944849,135.5506997,
1054,E2710002870201,巽南ふれあい公園,大阪府大阪市生野区巽南5-18,,,,1,1,,,,,34.633862,135.552048,
1055,E2710000913201,巽北西公園,大阪府大阪市生野区巽北1-21,,,,1,1,,,,,34.65415443,135.5454996,
1056,E2710000914202,北巽小学校（運動場）,大阪府大阪市生野区巽北1-30-29,,,,1,1,,,,1,34.65389806,135.5475177,
1057,E2710000914201,北巽小学校,大阪府大阪市生野区巽北1-30-29,1,,,,,,,,1,34.65420402,135.5475052,
1058,E2710000915201,市営巽北住宅１号館,大阪府大阪市生野区巽北2-16-15,1,,,,,,,,,34.65355879,135.5520416,
1059,E2710002902201,巽北さくら公園,大阪府大阪市生野区巽北2-7,,,,1,1,,,,,34.654531,135.54921,
1060,E2710002876201,巽北公園,大阪府大阪市生野区巽北4-2,,,,1,1,,,,,34.65461,135.555969,
1061,E2710002874201,中川公園,大阪府大阪市生野区中川2-4,,,,1,1,,,,,34.661478,135.543327,
1062,E2710000919201,大池小学校,大阪府大阪市生野区中川3-4-3,1,,,,,,,,1,34.6596345,135.5446575,
1063,E2710000919202,大池小学校（運動場）,大阪府大阪市生野区中川3-4-3,,,,1,1,,,,1,34.659408,135.544332,
1064,E2710002906201,中川南公園,大阪府大阪市生野区中川5-13,,,,1,1,,,,,34.656801,135.545634,
1065,E2710002898201,中川６公園,大阪府大阪市生野区中川6-12,,,,1,1,,,,,34.654599,135.542496,
1066,E2710000920202,大池中学校（運動場）,大阪府大阪市生野区中川6-3-6,,,,1,1,,,,1,34.65581091,135.5423071,
1067,E2710000920201,大池中学校,大阪府大阪市生野区中川6-3-6,1,,,,,,,,1,34.65565352,135.5427827,
1068,E2710000921201,中川西公園,大阪府大阪市生野区中川西2-5,,,,1,1,,,,,34.66177978,135.5413051,
1069,E2710000922201,Ｏｒｉｅｎｔｅｍ（オリエンテム）,大阪府大阪市生野区中川東2-18-22,1,,,,,,,,,34.656739,135.551418,
1070,E2710002891201,中川東２公園,大阪府大阪市生野区中川東2-4,,,,1,1,,,,,34.657957,135.550977,
1071,E2710002900201,北鶴ふれあい公園,大阪府大阪市生野区鶴橋1-6,,,,1,1,,,,,34.663358,135.529996,
1072,E2710000924201,北鶴橋小学校,大阪府大阪市生野区鶴橋3-4-50,1,,,,,,,,1,34.66400781,135.5345203,
1073,E2710000924202,北鶴橋小学校（運動場）,大阪府大阪市生野区鶴橋3-4-50,,,,1,1,,,,1,34.66416077,135.5354233,
1074,E2710002883201,北鶴橋公園,大阪府大阪市生野区鶴橋3-5,,,,1,1,,,,,34.662559,135.535763,
1075,E2710002896201,北鶴橋第２公園,大阪府大阪市生野区鶴橋4-1,,,,1,1,,,,,34.665101,135.536895,
1076,E2710000925201,田島公園,大阪府大阪市生野区田島3-5,,,,1,1,,,,,34.64840252,135.5427771,
1077,E2710000927201,田島南小中一貫校第２校地,大阪府大阪市生野区田島3-7-38,1,,,,,,,,1,34.64843721,135.5431908,
1078,E2710000927202,田島南小中一貫校第２校地（運動場）,大阪府大阪市生野区田島3-7-38,,,,1,1,,,,1,34.648493,135.543503,
1079,E2710002905201,田島南公園,大阪府大阪市生野区田島5-21,,,,1,1,,,,,34.644588,135.543665,
1080,E2710000928202,田島南小中一貫校（運動場）,大阪府大阪市生野区田島5-23-7,,,,1,1,,,,1,34.64360091,135.543967,
1081,E2710000928201,田島南小中一貫校,大阪府大阪市生野区田島5-23-7,1,,,,,,,,1,34.6435759,135.5433805,
1082,E2710002901201,新田島公園,大阪府大阪市生野区田島5-7,,,,1,1,,,,,34.643257,135.541397,
1083,E2710000929201,桃谷公園,大阪府大阪市生野区桃谷1-2,,,,1,1,,,,,34.66048173,135.5299829,
1084,E2710000931202,鶴橋小学校（運動場）,大阪府大阪市生野区桃谷2-20-32,,,,1,1,,,,1,34.6588949,135.5328909,
1085,E2710000931201,鶴橋小学校,大阪府大阪市生野区桃谷2-20-32,1,,,,,,,,1,34.65911258,135.532535,
1086,E2710002908201,桃谷南公園,大阪府大阪市生野区桃谷3-14,,,,1,1,,,,,34.659225,135.535858,
1087,E2710002889201,みゆき公園,大阪府大阪市生野区桃谷3-7,,,,1,1,,,,,34.660809,135.534683,
1088,E2710000932201,御幸森２公園,大阪府大阪市生野区桃谷5-4,,,,1,1,,,,,34.66099475,135.5384315,
1089,E2710000933203,いくのコーライブズパーク,大阪府大阪市生野区桃谷5-5-37,,,,1,1,,,,1,34.659569,135.53801,
1090,E2710000933201,いくのコーライブズパーク,大阪府大阪市生野区桃谷5-5-37,1,,,,,,,,1,34.65952576,135.5380792,
1091,E2710002878201,御幸森公園,大阪府大阪市生野区桃谷5-8,,,,1,1,,,,,34.658835,135.539389,
1092,E2710000934201,もと林寺小学校,大阪府大阪市生野区林寺2-14-3,1,,,,,,,,1,34.64460871,135.5329514,
1093,E2710000934202,もと林寺小学校（運動場）,大阪府大阪市生野区林寺2-14-3,,,,1,1,,,,1,34.64448808,135.5326635,
1094,E2710000935201,林寺西公園,大阪府大阪市生野区林寺2-16,,,,1,1,,,,,34.64471698,135.5314962,
1095,E2710000936201,生野南公園,大阪府大阪市生野区林寺4-6,,,,1,1,,,,,34.64275062,135.5352887,
1096,E2710000937201,もと生野南小学校,大阪府大阪市生野区林寺6-6-7,1,,,,,,,,1,34.64218196,135.5386425,
1097,E2710000937202,もと生野南小学校（運動場）,大阪府大阪市生野区林寺6-6-7,,,,1,1,,,,1,34.64204809,135.5380649,
1098,E2710000938201,新阿波座公園,大阪府大阪市西区阿波座1-8,,,,1,,,,,,34.68110519,135.495523,
1099,E2710000939201,明治小学校,大阪府大阪市西区阿波座2-3-35,1,,,,1,,,,1,34.6805678,135.4919018,
1100,E2710000939202,明治小学校（運動場）,大阪府大阪市西区阿波座2-3-35,,,,1,,,,,1,34.68022077,135.4913135,
1101,E2710003049201,株式会社マスタニテック,大阪府大阪市西区安治川1-1-10,1,,,,1,,,,,34.679713,135.471318,
1102,E2710000940201,西船場公園,大阪府大阪市西区京町堀1-11,,,,1,,,,,,34.6877299,135.4942306,
1103,E2710000941201,花乃井公園,大阪府大阪市西区京町堀2-11,,,,1,,,,,,34.68558696,135.4895063,
1104,E2710000942201,江戸堀公園,大阪府大阪市西区京町堀3-7,,,,1,,,,,,34.68419786,135.4865157,
1105,E2710000943201,境川ビューハイツ,大阪府大阪市西区境川1-6-13,1,,,,1,,,,,34.67094604,135.4698876,
1106,E2710000944201,グランドヴィラ境川,大阪府大阪市西区境川1-6-14,1,,,,1,,,,,34.6712404,135.4696564,
1107,E2710000945201,九条東公園,大阪府大阪市西区九条2-19,,,,1,,,,,,34.67587979,135.4713118,
1108,E2710000946201,Ｏｓａｋａ　Ｍｅｔｒｏ中央線　九条駅,大阪府大阪市西区九条2-3-2,1,,,,1,,,,,34.67537865,135.4736219,
1109,E2710000947201,九条東小学校,大阪府大阪市西区九条2-6-2,1,,,,1,,,,1,34.67565763,135.4724052,
1110,E2710000947202,九条東小学校（運動場）,大阪府大阪市西区九条2-6-2,,,,1,,,,,1,34.67533705,135.4726055,
1111,E2710000948201,九条公園,大阪府大阪市西区九条南1-1,,,,1,,,,,,34.67186965,135.4772451,
1112,E2710000949201,大阪市高速電気軌道（株）本社ビル３階外部デッキ部通路,大阪府大阪市西区九条南1-12-62,1,,,,1,,,,,34.66967877,135.4744166,
1113,E2710000950201,九条南小学校,大阪府大阪市西区九条南2-13-17,1,,,,1,,,,1,34.67307478,135.4726965,
1114,E2710000950202,九条南小学校（運動場）,大阪府大阪市西区九条南2-13-17,,,,1,,,,,1,34.6726678,135.4730707,
1115,E2710000951201,九条南公園,大阪府大阪市西区九条南2-19,,,,1,,,,,,34.67220926,135.4726201,
1116,E2710000952201,九条ＭＴビル,大阪府大阪市西区九条南2-34-3,1,,,,1,,,,,34.67052704,135.4730884,
1117,E2710000953201,ユニアルス九条プレジオ,大阪府大阪市西区九条南4-10-11,1,,,,1,,,,,34.67717929,135.4663777,
1118,E2710000954201,九条北公園,大阪府大阪市西区九条南4-19,,,,1,,,,,,34.67583101,135.4674584,
1119,E2710000955202,九条北小学校（運動場）,大阪府大阪市西区九条南4-7-38,,,,1,,,,,1,34.67668421,135.4677533,
1120,E2710000955201,九条北小学校,大阪府大阪市西区九条南4-7-38,1,,,,1,,,,1,34.67687685,135.4682933,
1121,E2710000956201,西船場小学校,大阪府大阪市西区江戸堀1-21-28,1,,,,1,,,,1,34.68850368,135.4938982,
1122,E2710000956202,西船場小学校（運動場）,大阪府大阪市西区江戸堀1-21-28,,,,1,,,,,1,34.68825593,135.4940878,
1123,E2710000957201,花乃井中学校,大阪府大阪市西区江戸堀2-8-29,1,,,,1,,,,1,34.6865105,135.4895166,
1124,E2710000957202,花乃井中学校（運動場）,大阪府大阪市西区江戸堀2-8-29,,,,1,,,,,1,34.68618997,135.4892609,
1125,E2710000958201,グランドメゾン江戸堀西公園,大阪府大阪市西区江戸堀3-8-8,1,,,,1,,,,,34.68455755,135.4861085,
1126,E2710000960201,新町北公園,大阪府大阪市西区新町1-15,,,,1,,,,,,34.67804635,135.4950566,
1127,E2710000961201,忠兵衛新町ハウス・　忠兵衛公園ビル,大阪府大阪市西区新町1-17-17,1,,,,1,,,,,34.67772319,135.4943351,
1128,E2710000962201,新町忠兵衛ビル,大阪府大阪市西区新町1-18-18,1,,,,1,,,,,34.67742382,135.4944831,
1129,E2710000963201,新町南公園,大阪府大阪市西区新町2-6,,,,1,,,,,,34.67636787,135.4928007,
1130,E2710000964201,ライフ西大橋店,大阪府大阪市西区新町2-9-17,1,,,,1,,,,,34.67639305,135.4919517,
1131,E2710000965201,立売堀公園,大阪府大阪市西区新町3-1,,,,1,,,,,,34.6780063,135.4904576,
1132,E2710000966201,ＩＮＳＯＵビル,大阪府大阪市西区新町3-6-10,1,,,,1,,,,,34.67611758,135.4892203,
1133,E2710000967201,カキモトビル,大阪府大阪市西区新町4-15-3,1,,,,1,,,,,34.67644861,135.4843693,
1134,E2710000968201,新町西公園,大阪府大阪市西区新町4-5,,,,1,,,,,,34.67648793,135.4864145,
1135,E2710000969201,松島公園,大阪府大阪市西区千代崎1-3,,,,1,,,,,,34.6761882,135.4804448,
1136,E2710000971201,西中学校,大阪府大阪市西区千代崎3-1-43,1,,,,1,,,,1,34.67152652,135.4789545,
1137,E2710000971202,西中学校（運動場）,大阪府大阪市西区千代崎3-1-43,,,,1,,,,,1,34.67162064,135.4780819,
1138,E2710000972201,エクセランス九条公園,大阪府大阪市西区千代崎3-1-48,1,,,,1,,,,,34.67163802,135.4792828,
1139,E2710000970201,イオンモール大阪ドームシティ,大阪府大阪市西区千代崎3-13-1,1,,,,1,,,,,34.67035674,135.4779303,
1140,E2710000973201,京セラドーム大阪・周辺デッキ,大阪府大阪市西区千代崎３－２－１外,1,,,,1,,,,,34.66929788,135.4773134,
1141,E2710000974201,大阪ガスｈｕ＋ｇ　ＭＵＳＥＵＭ,大阪府大阪市西区千代崎３－南2-59,1,,,,1,,,,,34.66922922,135.4785015,
1142,E2710000975201,スーパービバホーム　大阪ドームシティ店,大阪府大阪市西区千代崎３－南2-66,1,,,,1,,,,,34.6684754,135.4787384,
1143,E2710000976202,本田小学校（運動場）,大阪府大阪市西区川口1-5-19,,,,1,,,,,1,34.68125719,135.4818591,
1144,E2710000976201,本田小学校,大阪府大阪市西区川口1-5-19,1,,,,1,,,,1,34.68150716,135.4815944,
1145,E2710000977201,大喜多㈱,大阪府大阪市西区川口3-3-17,1,,,,1,,,,,34.67998145,135.4783081,
1146,E2710000979201,アパホテル大阪肥後橋駅前,大阪府大阪市西区土佐堀1-2-1,1,,,,1,,,,,34.69209158,135.4953661,
1147,E2710000980201,大阪労働衛生総合センター,大阪府大阪市西区土佐堀2-3-8,1,,,,1,,,,,34.68811301,135.489986,
1148,E2710000981201,堀江公園,大阪府大阪市西区南堀江1-13,,,,1,,,,,,34.67220957,135.4947699,
1149,E2710000983201,南堀江公園,大阪府大阪市西区南堀江2-8,,,,1,,,,,,34.67060365,135.4907681,
1150,E2710000984201,高台橋公園,大阪府大阪市西区南堀江3-1,,,,1,,,,,,34.67233795,135.48978,
1151,E2710000985201,もと堀江中学校,大阪府大阪市西区南堀江3-5-7,1,,,,1,,,,1,34.67077647,135.489883,
1152,E2710000985202,もと堀江中学校（運動場）,大阪府大阪市西区南堀江3-5-7,,,,1,,,,,1,34.67050403,135.4897583,
1153,E2710000986201,大阪木材仲買会館,大阪府大阪市西区南堀江4-18-10,1,,,,1,,,,,34.67254311,135.4841825,
1154,E2710000987201,日吉公園,大阪府大阪市西区南堀江4-9,,,,1,,,,,,34.67115692,135.484982,
1155,E2710000988201,日吉小学校,大阪府大阪市西区南堀江4-9-19,1,,,,1,,,,1,34.67115027,135.4845895,
1156,E2710000988202,日吉小学校（運動場）,大阪府大阪市西区南堀江4-9-19,,,,1,,,,,1,34.67115615,135.4838215,
1157,E2710000989201,堀江小学校,大阪府大阪市西区北堀江3-2-16,1,,,,1,,,,1,34.67439463,135.4903174,
1158,E2710000989202,堀江小学校（運動場）,大阪府大阪市西区北堀江3-2-16,,,,1,,,,,1,34.67450198,135.4899223,
1159,E2710000990201,阿弥陀池公園,大阪府大阪市西区北堀江3-3,,,,1,,,,,,34.67384752,135.4899015,
1160,E2710000991201,西長堀公園,大阪府大阪市西区北堀江4-1,,,,1,,,,,,34.67544297,135.486362,
1161,E2710000992201,堀江中学校（運動場）,大阪府大阪市西区北堀江4-15,,,,1,,,,,,34.67388418,135.4833029,
1162,E2710000993201,大阪市立中央図書館,大阪府大阪市西区北堀江4-3-2,1,,,,1,,,,,34.67385089,135.4862344,
1163,E2710000994201,堀江中学校,大阪府大阪市西区北堀江4-7-1,1,,,,1,,,,1,34.673684,135.4851124,
1164,E2710000996201,土佐公園,大阪府大阪市西区北堀江4-9,,,,1,,,,,,34.6746691,135.4852136,
1165,E2710000997201,本田公園,大阪府大阪市西区本田3-8,,,,1,,,,,,34.67814252,135.4742445,
1166,E2710000998201,Ｊ国際学院　校舎,大阪府大阪市西区立売堀1-1-3,1,,,,1,,,,,34.6802063,135.4975006,
1167,E2710000999201,花王㈱　大阪事業場,大阪府大阪市西区立売堀1-4-1,1,,,,1,,,,,34.67956073,135.4966101,
1168,E2710001000201,和泉防災㈱,大阪府大阪市西区立売堀1-7-3,1,,,,1,,,,,34.68014405,135.4958555,
1169,E2710001001201,サンコーインダストリー㈱　新館,大阪府大阪市西区立売堀1-9-17,1,,,,1,,,,,34.679152235687,135.49469603254,
1170,E2710001002201,阿波座南公園,大阪府大阪市西区立売堀2-2,,,,1,,,,,,34.67980237,135.4916459,
1171,E2710001003201,山善　第３ビル,大阪府大阪市西区立売堀3-3-21,1,,,,1,,,,,34.67974057,135.4898845,
1172,E2710001004201,ルイシャトレ本町西,大阪府大阪市西区立売堀3-4-13,1,,,,1,,,,,34.67862011,135.4899756,
1173,E2710001005201,薩摩堀公園,大阪府大阪市西区立売堀4-2,,,,1,,,,,,34.6805633,135.4882318,
1174,E2710001006201,島津公園,大阪府大阪市西区立売堀5-4,,,,1,,,,,,34.67947566,135.4854973,
1175,E2710001007201,住電商事㈱,大阪府大阪市西区立売堀5-8-11,1,,,,1,,,,,34.67824746,135.485314,
1176,E2710001010201,靱幼稚園（運動場）,大阪府大阪市西区靱本町1-19-13,,,,1,,,,,1,34.683803,135.494081,
1177,E2710001011201,靱パークサイドコーポ,大阪府大阪市西区靱本町1-19-23,1,,,,1,,,,,34.684151,135.49346,
1178,E2710001012201,パークサイド本町,大阪府大阪市西区靱本町1-5-11,1,,,,1,,,,,34.684651,135.497403,
1179,E2710001013201,ショウエイ靱,大阪府大阪市西区靱本町3-10-13,1,,,,1,,,,,34.682931,135.486652,
1180,E2710001015201,市営松之宮住宅３号館,大阪府大阪市西成区旭2-7,1,,,,1,,,,,34.64434934,135.4904802,
1181,E2710001016201,市営松之宮住宅４号館,大阪府大阪市西成区旭3-2,1,,,,1,,,,,34.6450211,135.4891565,
1182,E2710001017202,もと松之宮小学校（運動場）,大阪府大阪市西成区旭3-5-39,,,,1,,,,,1,34.64467135,135.4884421,
1183,E2710001017201,もと松之宮小学校,大阪府大阪市西成区旭3-5-39,1,,,,1,,,,1,34.64499646,135.4884296,
1184,E2710001018201,旭西公園,大阪府大阪市西成区旭3-9,,,,1,,,,,,34.64380984,135.4870351,
1185,E2710002911201,花園公園,大阪府大阪市西成区花園北1,,,,1,1,,,,,34.647578,135.498604,
1186,E2710001019201,いまみや小中一貫校　（新今宮小学校・今宮中学校）,大阪府大阪市西成区花園北1-8-32,1,,,,1,,,,1,34.6484418,135.4983474,
1187,E2710001019202,いまみや小中一貫校（新今宮小学校・今宮中学校）（運動場）,大阪府大阪市西成区花園北1-8-32,,,,1,,,,,1,34.64871909,135.4988373,
1188,E2710001020202,もと弘治小学校（運動場）,大阪府大阪市西成区花園北2-16-26,,,,1,,,,,1,34.64395603,135.4970725,
1189,E2710001020201,もと弘治小学校,大阪府大阪市西成区花園北2-16-26,1,,,,1,,,,1,34.6441846,135.4970801,
1190,E2710001021201,岸里公園,大阪府大阪市西成区岸里2-12,,,,1,,,,,,34.63116663,135.494774,
1191,E2710001022201,南海公園,大阪府大阪市西成区岸里3-6,,,,1,,,,,,34.63061411,135.493653,
1192,E2710001023201,天下茶屋公園,大阪府大阪市西成区岸里東1-16,,,,1,1,,,,,34.63260427,135.4974603,
1193,E2710001024202,天下茶屋中学校（運動場）,大阪府大阪市西成区橘1-8-2,,,,1,,,,,1,34.63841508,135.4936091,
1194,E2710001024201,天下茶屋中学校,大阪府大阪市西成区橘1-8-2,1,,,,1,,,,1,34.6384841,135.4940892,
1195,E2710001025202,橘小学校（運動場）,大阪府大阪市西成区橘2-1-29,,,,1,,,,,1,34.63924182,135.4918733,
1196,E2710001025201,橘小学校,大阪府大阪市西成区橘2-1-29,1,,,,1,,,,1,34.63957568,135.4917855,
1197,E2710001026201,橘第３公園,大阪府大阪市西成区橘3-3,,,,1,,,,,,34.63877811,135.4894636,
1198,E2710001027201,玉出中学校,大阪府大阪市西成区玉出西1-15-37,1,,,,1,,,,1,34.6268136,135.4884195,
1199,E2710001027202,玉出中学校（運動場）,大阪府大阪市西成区玉出西1-15-37,,,,1,,,,,1,34.62712848,135.4879707,
1200,E2710001028201,玉出西公園,大阪府大阪市西成区玉出西1-9,,,,1,,,,,,34.62698055,135.4893702,
1201,E2710001029201,玉出公園,大阪府大阪市西成区玉出中1-10,,,,1,,,,,,34.62751944,135.4924865,
1202,E2710002949201,リバーガーデン岸里玉出,大阪府大阪市西成区玉出中1-16-4,1,,,,1,,,,,34.626609,135.493451,
1203,E2710001030201,玉出南公園,大阪府大阪市西成区玉出中2-13,,,,1,,,,,,34.62374112,135.4917986,
1204,E2710001031202,玉出小学校（運動場）,大阪府大阪市西成区玉出中2-13-48,,,,1,,,,,1,34.62452725,135.4918233,
1205,E2710001031201,玉出小学校,大阪府大阪市西成区玉出中2-13-48,1,,,,1,,,,1,34.6244028,135.4915484,
1206,E2710001032201,西成スポーツセンター,大阪府大阪市西成区玉出東1-6-1,1,,,,1,,,,,34.62796493,135.4958617,
1207,E2710001033201,ライフ玉出東店,大阪府大阪市西成区玉出東2-9-40,1,,,,1,,,,,34.624378,135.495402,
1208,E2710001034201,山王みどり公園,大阪府大阪市西成区山王1-111-13,,,,1,1,,,,,34.64772113,135.5063078,
1209,E2710001036201,山王集会所（広場）,大阪府大阪市西成区山王2-10-24,,,,1,1,,,,1,34.64629795,135.5054974,
1210,E2710001037201,山王第２公園,大阪府大阪市西成区山王2-2,,,,1,1,,,,,34.64514142,135.507265,
1211,E2710001038201,飛田ふれあい会館（広場）,大阪府大阪市西成区山王3-12-13,,,,1,1,,,,1,34.64381768,135.5045468,
1212,E2710001039202,今宮工科高等学校（運動場）,大阪府大阪市西成区出城1-1-6,,,,1,,,,,1,34.64985691,135.4962856,
1213,E2710001039201,今宮工科高等学校,大阪府大阪市西成区出城1-1-6,1,,,,1,,,,1,34.65027026,135.4964823,
1214,E2710001040201,ニトリ西成店,大阪府大阪市西成区出城1-2-37,1,,,,1,,,,,34.65052234,135.4953528,
1215,E2710001041201,出城公園,大阪府大阪市西成区出城1-5,,,,1,,,,,,34.65056997,135.4945068,
1216,E2710001042201,市営出城東第２住宅,大阪府大阪市西成区出城1-8-3,1,,,,1,,,,,34.65026687,135.4938048,
1217,E2710001043201,大阪市社会福祉研修・情報センター,大阪府大阪市西成区出城2-5-20,1,,,,1,,,,,34.64985946,135.4906952,
1218,E2710001044201,パークコート,大阪府大阪市西成区出城2-5-5,1,,,,1,,,,,34.649708,135.491188,
1219,E2710001046201,市営出城第２住宅,大阪府大阪市西成区出城3-1,1,,,,1,,,,,34.65039,135.4897882,
1220,E2710001047201,出城通第５住宅１号館,大阪府大阪市西成区出城3-2,1,,,,1,,,,,34.649712,135.489453,
1221,E2710001048201,市営出城第１住宅,大阪府大阪市西成区出城3-3,1,,,,1,,,,,34.65056211,135.4886617,
1222,E2710001049201,市営出城西住宅２号館,大阪府大阪市西成区出城3-5,1,,,,1,,,,,34.64988626,135.4872451,
1223,E2710001050201,出城西公園,大阪府大阪市西成区出城3-6,,,,1,,,,,,34.64978255,135.4861244,
1224,E2710001051201,市営松住宅１号棟,大阪府大阪市西成区松1-3,1,,,,1,,,,,34.64060087,135.4946788,
1225,E2710001052201,松通東公園,大阪府大阪市西成区松1-5,,,,1,,,,,,34.64109936,135.4941025,
1226,E2710001054201,松通中公園,大阪府大阪市西成区松2-1,,,,1,,,,,,34.64130834,135.4922445,
1227,E2710001055201,西成区在宅サービスセンター　はぎのさと別館,大阪府大阪市西成区松3-1-16,1,,,,1,,,,,34.64124107,135.4894987,
1228,E2710001056201,松通公園,大阪府大阪市西成区松3-2,,,,1,,,,,,34.64071872,135.4897804,
1229,E2710001057201,北天下茶屋公園,大阪府大阪市西成区聖天下1-10,,,,1,1,,,,,34.63764794,135.5010599,
1230,E2710001058202,天下茶屋小学校（運動場）,大阪府大阪市西成区聖天下1-11-35,,,,1,1,,,,1,34.63687041,135.5012775,
1231,E2710001058201,天下茶屋小学校,大阪府大阪市西成区聖天下1-11-35,1,,,,1,,,,1,34.63698811,135.5016995,
1232,E2710001059201,成南中学校,大阪府大阪市西成区千本中1-17-10,1,,,,1,,,,1,34.63361909,135.4904603,
1233,E2710001059202,成南中学校（運動場）,大阪府大阪市西成区千本中1-17-10,,,,1,,,,,1,34.63304234,135.4897754,
1234,E2710001060201,岸里小学校,大阪府大阪市西成区千本中1-8-22,1,,,,1,,,,1,34.63343762,135.4916396,
1235,E2710001060202,岸里小学校（運動場）,大阪府大阪市西成区千本中1-8-22,,,,1,,,,,1,34.63361123,135.4920812,
1236,E2710001061202,千本小学校（運動場）,大阪府大阪市西成区千本中2-8-8,,,,1,,,,,1,34.63178638,135.488717,
1237,E2710001061201,千本小学校,大阪府大阪市西成区千本中2-8-8,1,,,,1,,,,1,34.63151566,135.4888172,
1238,E2710001062201,田端公園,大阪府大阪市西成区千本南1-21,,,,1,,,,,,34.62919392,135.4902899,
1239,E2710001063201,千本南公園,大阪府大阪市西成区千本南2-12,,,,1,,,,,,34.63053086,135.4878272,
1240,E2710001064201,千本北公園,大阪府大阪市西成区千本北1-7,,,,1,,,,,,34.63607549,135.4906558,
1241,E2710001065201,橘千本北公園,大阪府大阪市西成区千本北2-10,,,,1,,,,,,34.63696255,135.4862145,
1242,E2710001066201,千本西公園,大阪府大阪市西成区千本北2-21,,,,1,,,,,,34.63502492,135.4865847,
1243,E2710001067201,市営中開東２号館,大阪府大阪市西成区中開2-1-13,1,,,,1,,,,,34.65238676,135.4928658,
1244,E2710001068201,中北公園,大阪府大阪市西成区中開2-5,,,,1,,,,,,34.65255714,135.4911892,
1245,E2710002910201,中開公園,大阪府大阪市西成区中開3,,,,1,,,,,,34.652406,135.488594,
1246,E2710001069201,開公園,大阪府大阪市西成区中開3-1,,,,1,,,,,,34.65194668,135.4893752,
1247,E2710001070201,市営ひらき住宅３号館,大阪府大阪市西成区中開3-3,1,,,,1,,,,,34.65190527,135.488461,
1248,E2710001070202,市営ひらき住宅１号館,大阪府大阪市西成区中開3-3,1,,,,1,,,,,34.65200235,135.4888526,
1249,E2710001071201,市営ひらき西住宅２号館,大阪府大阪市西成区中開3-5,1,,,,1,,,,,34.65166085,135.4877095,
1250,E2710001072201,西皿池公園,大阪府大阪市西成区潮路1-4,,,,1,,,,,,34.63655523,135.4934211,
1251,E2710001073201,長橋１公園,大阪府大阪市西成区長橋1-4,,,,1,,,,,,34.64926534,135.4962591,
1252,E2710001074201,市営長橋第４住宅２号館,大阪府大阪市西成区長橋1-8,1,,,,1,,,,,34.64806994,135.4944085,
1253,E2710001074202,市営長橋第４住宅１号館,大阪府大阪市西成区長橋1-8,1,,,,1,,,,,34.64836561,135.4944246,
1254,E2710001075201,市営長橋第５住宅２号館,大阪府大阪市西成区長橋1-9,1,,,,1,,,,,34.64872749,135.4947303,
1255,E2710001075202,市営長橋第５住宅１号館,大阪府大阪市西成区長橋1-9,1,,,,1,,,,,34.64927029,135.494725,
1256,E2710001076201,市営長橋第１住宅,大阪府大阪市西成区長橋2-1,1,,,,1,,,,,34.64870918,135.4923995,
1257,E2710001077201,長橋公園,大阪府大阪市西成区長橋2-2,,,,1,,,,,,34.64836888,135.492505,
1258,E2710001078201,長橋小学校,大阪府大阪市西成区長橋2-3-21,1,,,,1,,,,1,34.64812645,135.4922414,
1259,E2710001078202,長橋小学校（運動場）,大阪府大阪市西成区長橋2-3-21,,,,1,,,,,1,34.64774091,135.4923558,
1260,E2710001079201,市営長橋第６住宅１号館,大阪府大阪市西成区長橋2-5,1,,,,1,,,,,34.64865996,135.490716,
1261,E2710001080201,長橋西公園,大阪府大阪市西成区長橋3-1,,,,1,,,,,,34.64835471,135.4895551,
1262,E2710001080202,市営長橋第３住宅３号館,大阪府大阪市西成区長橋3-1,1,,,,1,,,,,34.6488352,135.4893828,
1263,E2710001080203,市営長橋第３住宅２号館,大阪府大阪市西成区長橋3-1,1,,,,1,,,,,34.64883962,135.4898924,
1264,E2710001082201,長橋３公園,大阪府大阪市西成区長橋3-7,,,,1,,,,,,34.64906521,135.4875006,
1265,E2710001083201,鶴見橋中学校,大阪府大阪市西成区長橋3-9-23,1,,,,1,,,,1,34.6486375,135.4872396,
1266,E2710001083202,鶴見橋中学校（運動場）,大阪府大阪市西成区長橋3-9-23,,,,1,,,,,1,34.64859925,135.4865762,
1267,E2710001084201,西成高等学校,大阪府大阪市西成区津守1-13-10,1,,,,1,,,,1,34.64719887,135.4821734,
1268,E2710001084202,西成高等学校（運動場）,大阪府大阪市西成区津守1-13-10,,,,1,,,,,1,34.64660898,135.4819284,
1269,E2710001085201,中津守公園,大阪府大阪市西成区津守1-6,,,,1,,,,,,34.64471083,135.4856134,
1270,E2710001086201,キコーナ津守店,大阪府大阪市西成区津守1-9-5,1,,,,1,,,,,34.646733,135.484555,
1271,E2710001087201,市営中津守住宅２号館,大阪府大阪市西成区津守3-1,1,,,,1,,,,,34.63947588,135.4834945,
1272,E2710001087202,市営中津守住宅１号館,大阪府大阪市西成区津守3-1,1,,,,1,,,,,34.6393523,135.4839988,
1273,E2710001088201,もと津守小学校,大阪府大阪市西成区津守3-1-66,1,,,,1,,,,1,34.64063383,135.4846694,
1274,E2710001088202,もと津守小学校（運動場）,大阪府大阪市西成区津守3-1-66,,,,1,,,,,1,34.64029546,135.4848571,
1275,E2710001089201,津守南公園,大阪府大阪市西成区津守3-5,,,,1,,,,,,34.6390323,135.4820889,
1276,E2710001090201,鶴見橋中公園,大阪府大阪市西成区鶴見橋1-17,,,,1,,,,,,34.64642213,135.493383,
1277,E2710001091201,鶴見橋東公園,大阪府大阪市西成区鶴見橋1-5,,,,1,1,,,,,34.64571526,135.4955137,
1278,E2710001092201,鶴見橋中央公園,大阪府大阪市西成区鶴見橋2-4,,,,1,,,,,,34.64653238,135.4922521,
1279,E2710001093201,旭北公園,大阪府大阪市西成区鶴見橋2-9,,,,1,,,,,,34.64539708,135.4904255,
1280,E2710001094201,鶴見橋公園,大阪府大阪市西成区鶴見橋3-1,,,,1,,,,,,34.64661922,135.4897308,
1281,E2710001096201,松之宮公園,大阪府大阪市西成区鶴見橋3-8,,,,1,,,,,,34.64679869,135.4870969,
1282,E2710001097201,もと今宮小学校,大阪府大阪市西成区天下茶屋1-17-14,1,,,,1,,,,1,34.64163246294,135.49984847354,
1283,E2710001097202,もと今宮小学校（運動場）,大阪府大阪市西成区天下茶屋1-17-14,,,,1,1,,,,1,34.64191474,135.4999213,
1284,E2710001098201,天下茶屋東公園,大阪府大阪市西成区天下茶屋東2-1,,,,1,1,,,,,34.639988,135.5046715,
1285,E2710001099201,天下茶屋中公園,大阪府大阪市西成区天下茶屋東2-13,,,,1,1,,,,,34.63931273,135.5015602,
1286,E2710001102201,天神ノ森公園,大阪府大阪市西成区天神ノ森1-16,,,,1,1,,,,,34.63188052,135.4996128,
1287,E2710001103201,南開公園,大阪府大阪市西成区南開1-7,,,,1,,,,,,34.6510266,135.4908194,
1288,E2710001104201,市営ひらき住宅４号館,大阪府大阪市西成区南開2-3,1,,,,1,,,,,34.65149045,135.4884342,
1289,E2710001104202,市営ひらき住宅２号館,大阪府大阪市西成区南開2-3,1,,,,1,,,,,34.65163608,135.488858,
1290,E2710001105201,市営出城第３住宅,大阪府大阪市西成区南開2-4,1,,,,1,,,,,34.6509805,135.4884552,
1291,E2710001106201,市営出城西住宅１号館,大阪府大阪市西成区南開2-5,1,,,,1,,,,,34.65049084,135.4872129,
1292,E2710001107201,市営南開第１住宅１号館,大阪府大阪市西成区南開2-6,1,,,,1,,,,,34.65106723,135.4865647,
1293,E2710001108202,市営南津守第３住宅１号館,大阪府大阪市西成区南津守1-1,1,,,,1,,,,,34.63779389,135.4850116,
1294,E2710001108201,市営南津守第３住宅２号館,大阪府大阪市西成区南津守1-1,1,,,,1,,,,,34.63728191,135.4850384,
1295,E2710001109201,南津守さくら公園,大阪府大阪市西成区南津守1-21-3,,,,1,,,,,,34.63719167,135.4840826,
1296,E2710001111201,ホームズ南津守店,大阪府大阪市西成区南津守1-6-41,1,,,,1,,,,,34.6341832,135.4846515,
1297,E2710001113201,市営南津守第１住宅２号館,大阪府大阪市西成区南津守2-2,1,,,,1,,,,,34.63254272,135.4816011,
1298,E2710001113202,市営南津守第１住宅１号館,大阪府大阪市西成区南津守2-2,1,,,,1,,,,,34.63262659,135.4811183,
1299,E2710001114203,市営南津守第４住宅１号館,大阪府大阪市西成区南津守2-4,1,,,,1,,,,,34.63278221,135.4804832,
1300,E2710001114201,市営南津守第４住宅３号館,大阪府大阪市西成区南津守2-4,1,,,,1,,,,,34.63229668,135.4800165,
1301,E2710001114202,市営南津守第４住宅２号館,大阪府大阪市西成区南津守2-4,1,,,,1,,,,,34.63231875,135.480789,
1302,E2710001115201,市営天津橋住宅１号館,大阪府大阪市西成区南津守2-4-11,1,,,,1,,,,,34.632258,135.47959,
1303,E2710001117201,南津守北公園,大阪府大阪市西成区南津守4-1,,,,1,,,,,,34.6304607,135.4846012,
1304,E2710001118201,ジョーシン南津守店,大阪府大阪市西成区南津守5-2-14,1,,,,1,,,,,34.62875323,135.4804478,
1305,E2710001119201,南津守西公園,大阪府大阪市西成区南津守5-5,,,,1,,,,,,34.62726751,135.477016,
1306,E2710001120201,南津守中公園,大阪府大阪市西成区南津守6-1,,,,1,,,,,,34.62866213,135.4851004,
1307,E2710001121202,南津守小学校（運動場）,大阪府大阪市西成区南津守6-1-14,,,,1,,,,,1,34.62796913,135.4850361,
1308,E2710001121201,南津守小学校,大阪府大阪市西成区南津守6-1-14,1,,,,1,,,,1,34.62803193,135.4854135,
1309,E2710001122201,ホームセンターコーナン南津守店,大阪府大阪市西成区南津守6-1-75,1,,,,1,,,,,34.62806153,135.4822632,
1310,E2710001123203,市営南津守第２住宅１号館,大阪府大阪市西成区南津守6-3,1,,,,1,,,,,34.6269702,135.483511,
1311,E2710001123201,南津守東公園,大阪府大阪市西成区南津守6-3,,,,1,,,,,,34.62713483,135.4850521,
1312,E2710001123202,市営南津守第２住宅２号館,大阪府大阪市西成区南津守6-3,1,,,,1,,,,,34.6270011,135.4826152,
1313,E2710001124201,南津守中央公園,大阪府大阪市西成区南津守6-67-107-12,,,,1,,,,,,34.62628395,135.4825058,
1314,E2710001126201,南大阪看護専門学校,大阪府大阪市西成区南津守7-14-31,1,,,,1,,,,,34.62290847,135.4828925,
1315,E2710001128201,南津守公園,大阪府大阪市西成区南津守7-3,,,,1,,,,,,34.62420666,135.4860132,
1316,E2710001129201,弘治南公園,大阪府大阪市西成区梅南1-2,,,,1,,,,,,34.64223423,135.4954732,
1317,E2710001130201,梅南２公園,大阪府大阪市西成区梅南2-1,,,,1,,,,,,34.64326409,135.4920333,
1318,E2710001131201,まつば小学校,大阪府大阪市西成区梅南3-2-25,1,,,,1,,,,1,34.64244248,135.4890375,
1319,E2710001131202,まつば小学校（運動場）,大阪府大阪市西成区梅南3-2-25,,,,1,,,,,1,34.64230511,135.4894206,
1320,E2710001132202,梅南中学校（運動場）,大阪府大阪市西成区梅南3-3-17,,,,1,,,,,1,34.6426065,135.4874348,
1321,E2710001132201,梅南中学校,大阪府大阪市西成区梅南3-3-17,1,,,,1,,,,1,34.6425574,135.4878438,
1322,E2710002936201,市営萩之茶屋北住宅２号館,大阪府大阪市西成区萩之茶屋1-11-2,1,,,,1,,,,,34.647909,135.500565,
1323,E2710001133201,市営萩之茶屋北住宅１号館,大阪府大阪市西成区萩之茶屋1-11-22,1,,,,1,,,,,34.647517,135.499898,
1324,E2710001134201,萩之茶屋北公園,大阪府大阪市西成区萩之茶屋1-13,,,,1,1,,,,,34.6475871,135.501039,
1325,E2710001135201,萩之茶屋中公園,大阪府大阪市西成区萩之茶屋2-4,,,,1,1,,,,,34.64601093,135.5007224,
1326,E2710001136201,萩之茶屋南公園,大阪府大阪市西成区萩之茶屋3-7,,,,1,1,,,,,34.64472359,135.5008403,
1327,E2710001137201,市営北開住宅１号館,大阪府大阪市西成区北開1-1,1,,,,1,,,,,34.65291753,135.4920801,
1328,E2710001138201,北開公園,大阪府大阪市西成区北開2-3,,,,1,,,,,,34.65367312,135.4884902,
1329,E2710001139201,北津守東公園,大阪府大阪市西成区北津守1-4,,,,1,,,,,,34.65507122,135.4840591,
1330,E2710001140201,市営北津守住宅２号館,大阪府大阪市西成区北津守1-6,1,,,,1,,,,,34.65465428,135.4843652,
1331,E2710001140202,市営北津守住宅１号館,大阪府大阪市西成区北津守1-6,1,,,,1,,,,,34.65423507,135.4838984,
1332,E2710001141201,北津守中公園,大阪府大阪市西成区北津守2-1,,,,1,,,,,,34.65295709,135.4849241,
1333,E2710001142201,北津守西公園,大阪府大阪市西成区北津守2-5,,,,1,,,,,,34.65308948,135.4829339,
1334,E2710001143201,北津守公園,大阪府大阪市西成区北津守3-10,,,,1,,,,,,34.65019405,135.4810639,
1335,E2710001144201,北津守小学校,大阪府大阪市西成区北津守3-3-40,1,,,,1,,,,1,34.65154576,135.4833417,
1336,E2710001144202,北津守小学校（運動場）,大阪府大阪市西成区北津守3-3-40,,,,1,,,,,1,34.65110153,135.483601,
1337,E2710001145201,北津守中央公園,大阪府大阪市西成区北津守3-5,,,,1,,,,,,34.65028672,135.4827001,
1338,E2710001146201,にしなりｗｉｎｇ,大阪府大阪市西成区北津守3-6-4,1,,,,1,,,,,34.65041148,135.4820243,
1339,E2710001147201,市営北津守第３住宅３号館,大阪府大阪市西成区北津守3-9,1,,,,1,,,,,34.65143857,135.4805482,
1340,E2710001147202,市営北津守第３住宅２号館,大阪府大阪市西成区北津守3-9,1,,,,1,,,,,34.65095756,135.4802478,
1341,E2710001148201,わかくさ公園,大阪府大阪市西成区北津守4-12,,,,1,,,,,,34.64847416,135.4810217,
1342,E2710001149201,北津守４公園,大阪府大阪市西成区北津守4-5,,,,1,,,,,,34.64872571,135.4825291,
1343,E2710001150201,歌島三角公園,大阪府大阪市西淀川区歌島1-20,,,,1,,,,,,34.71628034,135.4636632,
1344,E2710001151201,歌島中学校,大阪府大阪市西淀川区歌島2-11-9,1,,,,1,,,,1,34.71529815,135.4605085,
1345,E2710001151202,歌島中学校（運動場）,大阪府大阪市西淀川区歌島2-11-9,,,,1,,,,,1,34.71508796,135.4609502,
1346,E2710001152201,歌島小学校,大阪府大阪市西淀川区歌島2-5-18,1,,,,1,,,,1,34.71404668,135.4615234,
1347,E2710001152202,歌島小学校（運動場）,大阪府大阪市西淀川区歌島2-5-18,,,,1,,,,,1,34.71418044,135.4619329,
1348,E2710001153201,リブコート塚本,大阪府大阪市西淀川区歌島2-6-2,1,,,,1,,,,,34.714168,135.463166,
1349,E2710001154201,市営歌島第２住宅　４号棟,大阪府大阪市西淀川区歌島3-2,1,,,,1,,,,,34.71228276,135.4602143,
1350,E2710001155201,市営歌島第２住宅　６号棟,大阪府大阪市西淀川区歌島3-5,1,,,,1,,,,,34.71306327,135.4589751,
1351,E2710001155202,市営歌島第２住宅　５号棟,大阪府大阪市西淀川区歌島3-5,1,,,,1,,,,,34.71275019,135.4594526,
1352,E2710001156201,市営歌島第２住宅２号館,大阪府大阪市西淀川区歌島3-6,1,,,,1,,,,,34.713147048131,135.4598870619,
1353,E2710001156202,市営歌島第２住宅１号館,大阪府大阪市西淀川区歌島3-6,1,,,,1,,,,,34.713438082768,135.45927015383,
1354,E2710001156203,市営歌島第２住宅　３号棟,大阪府大阪市西淀川区歌島3-6,1,,,,1,,,,,34.71276341,135.4602733,
1355,E2710001157201,北之町公園,大阪府大阪市西淀川区歌島3-7,,,,1,,,,,,34.71368502,135.4610855,
1356,E2710001158201,江崎グリコ㈱　体育館　（グリコプラザ）,大阪府大阪市西淀川区歌島4-6-5,1,,,,1,,,,,34.71913183,135.4625156,
1357,E2710001159201,愛光児童遊園,大阪府大阪市西淀川区花川2-16,,,,1,,,,,,34.70765357,135.4648073,
1358,E2710001160201,花川西公園,大阪府大阪市西淀川区花川2-3,,,,1,,,,,,34.7064415,135.4653954,
1359,E2710001161201,ホームセンターコーナン御幣島店,大阪府大阪市西淀川区御幣島2-11-35,1,,,,1,,,,,34.714027,135.4525216,
1360,E2710001162201,ユイット旭,大阪府大阪市西淀川区御幣島2-6-15,1,,,,1,,,,,34.71307031,135.4545637,
1361,E2710001163201,ライフ御幣島店,大阪府大阪市西淀川区御幣島2-9-19,1,,,,1,,,,,34.712777,135.45257,
1362,E2710001165201,フルレ歌島,大阪府大阪市西淀川区御幣島3-1-10,1,,,,1,,,,,34.71585164,135.4600171,
1363,E2710001164201,市営御幣島東住宅２号館,大阪府大阪市西淀川区御幣島3-10,1,,,,1,,,,,34.71743684,135.4603218,
1364,E2710001166201,㈱ジャクエツ　大阪店,大阪府大阪市西淀川区御幣島3-11-3,1,,,,1,,,,,34.71795738,135.4606104,
1365,E2710001167201,レックスシティ歌島公園,大阪府大阪市西淀川区御幣島3-14-18,1,,,,1,,,,,34.71856842,135.4573641,
1366,E2710001168202,御幣島小学校（運動場）,大阪府大阪市西淀川区御幣島3-5-5,,,,1,,,,,1,34.71726855,135.4563672,
1367,E2710001168201,御幣島小学校,大阪府大阪市西淀川区御幣島3-5-5,1,,,,1,,,,1,34.71693638,135.4565478,
1368,E2710001169201,御幣島東公園,大阪府大阪市西淀川区御幣島3-7,,,,1,,,,,,34.71747975,135.4579142,
1369,E2710001170201,市営御幣島東住宅１号館,大阪府大阪市西淀川区御幣島3-9,1,,,,1,,,,,34.71688367,135.4601071,
1370,E2710001171201,西淀川中央コミュニティ広場,大阪府大阪市西淀川区御幣島4-19,,,,1,,,,,,34.71743531,135.4525718,
1371,E2710001172201,御幣島公園,大阪府大阪市西淀川区御幣島4-9,,,,1,,,,,,34.71685826,135.4551099,
1372,E2710001173201,歌島公園,大阪府大阪市西淀川区御幣島5-7,,,,1,,,,,,34.71969788,135.4578029,
1373,E2710001175202,市営御幣島住宅２号館,大阪府大阪市西淀川区御幣島6-10,1,,,,1,,,,,34.7210948,135.4543509,
1374,E2710001175201,市営御幣島住宅１号館,大阪府大阪市西淀川区御幣島6-10,1,,,,1,,,,,34.721496036196,135.45430262024,
1375,E2710001176202,香簑小学校（運動場）,大阪府大阪市西淀川区御幣島6-5-25,,,,1,,,,,1,34.72032273,135.4530842,
1376,E2710001176201,香簑小学校,大阪府大阪市西淀川区御幣島6-5-25,1,,,,1,,,,1,34.72068722,135.4531897,
1377,E2710001177201,御幣島住宅６号館,大阪府大阪市西淀川区御幣島6-7,1,,,,1,,,,,34.720419,135.454638,
1378,E2710001178201,市営御幣島住宅５号館,大阪府大阪市西淀川区御幣島6-8,1,,,,1,,,,,34.72034219,135.4553425,
1379,E2710001179201,出来島公園,大阪府大阪市西淀川区出来島1-10,,,,1,,,,,,34.7088738,135.4408391,
1380,E2710001180202,市営出来島第２住宅　１号棟,大阪府大阪市西淀川区出来島1-3,1,,,,1,,,,,34.70576166,135.4388254,
1381,E2710001180201,市営出来島第２住宅　２号棟,大阪府大阪市西淀川区出来島1-3,1,,,,1,,,,,34.7063967,135.4393029,
1382,E2710001181201,大和田川公園,大阪府大阪市西淀川区出来島2-1,,,,1,,,,,,34.70482546,135.438173,
1383,E2710001182202,出来島小学校（運動場）,大阪府大阪市西淀川区出来島2-2-24,,,,1,,,,,1,34.70420954,135.4375477,
1384,E2710001182201,出来島小学校,大阪府大阪市西淀川区出来島2-2-24,1,,,,1,,,,1,34.70427863,135.4370846,
1385,E2710001183201,朝日プラザ出来島,大阪府大阪市西淀川区出来島2-9-4,1,,,,1,,,,,34.70644821,135.4366175,
1386,E2710001185201,出来島西公園,大阪府大阪市西淀川区出来島3-2,,,,1,,,,,,34.70408948,135.4359364,
1387,E2710001186202,市営出来島住宅１号館,大阪府大阪市西淀川区出来島3-3,1,,,,1,,,,,34.703972,135.432833,
1388,E2710001186201,出来島住宅２号館,大阪府大阪市西淀川区出来島3-3,1,,,,1,,,,,34.704442,135.432691,
1389,E2710001187203,大阪府立出来島支援学校,大阪府大阪市西淀川区出来島3-3-6,1,,,,1,,,,1,34.702058,135.434652,
1390,E2710003044201,グランキコーナ西淀川店,大阪府大阪市西淀川区千舟1-4-62,1,,,,1,,,,,34.708572,135.454382,
1391,E2710001189201,姫島エムケー倉庫　（大洋工芸物流センター）,大阪府大阪市西淀川区千舟1-5-41,1,,,,1,,,,,34.70817949,135.4519208,
1392,E2710001191201,アトレ御幣島,大阪府大阪市西淀川区千舟2-15-8,1,,,,1,,,,,34.71241698,135.4515747,
1393,E2710001193201,西淀川区在宅サービスセンター,大阪府大阪市西淀川区千舟2-7-7,1,,,,1,,,,,34.71158476,135.4528776,
1394,E2710001194201,千舟公園,大阪府大阪市西淀川区千舟2-8,,,,1,,,,,,34.71100005,135.452325,
1395,E2710001195201,市営神崎川住宅２号館,大阪府大阪市西淀川区千舟3-4,1,,,,1,,,,,34.70916043,135.4508554,
1396,E2710001195202,市営神崎川住宅１号館,大阪府大阪市西淀川区千舟3-4,1,,,,1,,,,,34.70935006,135.4503726,
1397,E2710001196201,好文学園女子高等学校,大阪府大阪市西淀川区千舟3-8-22,1,,,,1,,,,1,34.71012392,135.4485334,
1398,E2710001196202,好文学園女子高等学校（運動場）,大阪府大阪市西淀川区千舟3-8-22,,,,1,,,,,1,34.71041595,135.4488593,
1399,E2710001197201,アルカン弐番館,大阪府大阪市西淀川区大野1-2-2,1,,,,1,,,,,34.70117873,135.4410078,
1400,E2710001198201,大野１丁目児童遊園,大阪府大阪市西淀川区大野1-4,,,,1,,,,,,34.70133233,135.4405231,
1401,E2710001199201,市営大野住宅１号館,大阪府大阪市西淀川区大野3-7-11,1,,,,1,,,,,34.69806565,135.4392341,
1402,E2710001200201,西淀公園,大阪府大阪市西淀川区大和田1-1,,,,1,,,,,,34.70598319,135.451027,
1403,E2710001201201,ジェネラスグリーンロード,大阪府大阪市西淀川区大和田2-3-17,1,,,,1,,,,,34.704577,135.444973,
1404,E2710001202202,市営大和田第３住宅６号館,大阪府大阪市西淀川区大和田2-4,1,,,,1,,,,,34.70415732,135.4428202,
1405,E2710001203201,市営大和田第３住宅１号館,大阪府大阪市西淀川区大和田2-4-1,1,,,,1,,,,,34.703808,135.443331,
1406,E2710001205201,レックスシティアルベール,大阪府大阪市西淀川区大和田2-6-8,1,,,,1,,,,,34.70130712,135.4420415,
1407,E2710001206201,千船リバービュー,大阪府大阪市西淀川区大和田3-10-14,1,,,,1,,,,,34.70965218,135.4459524,
1408,E2710002955201,キングマンション姫島Ⅴ,大阪府大阪市西淀川区大和田3-3-5,1,,,,1,,,,,34.706922,135.448101,
1409,E2710001207201,グランピア千舟,大阪府大阪市西淀川区大和田3-8-17,1,,,,1,,,,,34.7086229,135.4469228,
1410,E2710001208201,大和田小学校,大阪府大阪市西淀川区大和田4-3-24,1,,,,1,,,,1,34.70594635,135.445043,
1411,E2710001208202,大和田小学校（運動場）,大阪府大阪市西淀川区大和田4-3-24,,,,1,,,,,1,34.70612863,135.4453828,
1412,E2710001209201,大和田中央公園,大阪府大阪市西淀川区大和田4-4,,,,1,,,,,,34.7055752,135.4439812,
1413,E2710001210201,朝日プラザ千船,大阪府大阪市西淀川区大和田4-7-30,1,,,,1,,,,,34.70727174,135.4465274,
1414,E2710001211201,修成建設専門学校,大阪府大阪市西淀川区大和田5-19-30,1,,,,1,,,,,34.70848852,135.4444265,
1415,E2710001213201,市営大和田第１住宅２号館,大阪府大阪市西淀川区大和田5-2-20,1,,,,1,,,,,34.70611679,135.4424698,
1416,E2710001212201,大和田北公園,大阪府大阪市西淀川区大和田5-20,,,,1,,,,,,34.70829864,135.4438443,
1417,E2710001214201,市営大和田第１住宅１号館,大阪府大阪市西淀川区大和田5-3-10,1,,,,1,,,,,34.70649164,135.4422176,
1418,E2710001215202,淀中学校（運動場）,大阪府大阪市西淀川区大和田6-13-6,,,,1,,,,,1,34.70556197,135.4408396,
1419,E2710001215201,淀中学校,大阪府大阪市西淀川区大和田6-13-6,1,,,,1,,,,1,34.70582951,135.4403496,
1420,E2710001216201,竹島南公園,大阪府大阪市西淀川区竹島2-4,,,,1,,,,,,34.72330344,135.453783,
1421,E2710001217201,ガリレイグループ本社ビル及び　立体駐車場,大阪府大阪市西淀川区竹島2-6-8,1,,,,1,,,,,34.726222,135.454685,
1422,E2710001218201,竹島公園,大阪府大阪市西淀川区竹島3-7,,,,1,,,,,,34.72678032,135.4532283,
1423,E2710003032201,さくらタクシー株式会社加島営業所第２立体駐車場,大阪府大阪市西淀川区竹島4-10-8,1,,,,1,,,,,34.725217,135.449688,
1424,E2710001219201,竹島西公園,大阪府大阪市西淀川区竹島5-5,,,,1,,,,,,34.72705367,135.4490816,
1425,E2710001220201,西淀川中島地区,大阪府大阪市西淀川区中島1,,,,1,,1,,,,34.70123412,135.4228864,
1426,E2710001221202,川北小学校（運動場）,大阪府大阪市西淀川区中島1-11-20,,,,1,,,,,1,34.70438506,135.4300915,
1427,E2710001221201,川北小学校,大阪府大阪市西淀川区中島1-11-20,1,,,,1,,,,1,34.70427333,135.4296122,
1428,E2710001222201,クオレ西淀川,大阪府大阪市西淀川区中島1-19-43,1,,,,1,,,,,34.70121985,135.4270244,
1429,E2710001223201,中島公園,大阪府大阪市西淀川区中島1-22,,,,1,,,,,,34.69938421,135.4263385,
1430,E2710001224201,中島東公園,大阪府大阪市西淀川区中島1-3,,,,1,,,,,,34.70577016,135.4321213,
1431,E2710001225201,日本通運㈱　北港ロジスティックセンター,大阪府大阪市西淀川区中島2-10-2,1,,,,1,,,,,34.69783594,135.4117755,
1432,E2710003045201,大和物流センター,大阪府大阪市西淀川区中島2-5-24,1,,,,1,,,,,34.700325,135.416204,
1433,E2710001226201,東佃公園,大阪府大阪市西淀川区佃1-18,,,,1,,,,,,34.71890737,135.4484235,
1434,E2710001227202,佃小学校（運動場）,大阪府大阪市西淀川区佃1-21-12,,,,1,,,,,1,34.71684087,135.4471879,
1435,E2710001227201,佃小学校,大阪府大阪市西淀川区佃1-21-12,1,,,,1,,,,1,34.71660166,135.446921,
1436,E2710001228201,佃ふれあい公園,大阪府大阪市西淀川区佃2-1,,,,1,,,,,,34.71356346,135.4486461,
1437,E2710001229201,佃西小学校,大阪府大阪市西淀川区佃2-15-30,1,,,,1,,,,1,34.71475684,135.4444196,
1438,E2710001229202,佃西小学校（運動場）,大阪府大阪市西淀川区佃2-15-30,,,,1,,,,,1,34.71482886,135.443842,
1439,E2710001230202,佃中学校（運動場）,大阪府大阪市西淀川区佃2-15-93,,,,1,,,,,1,34.71575528,135.445793,
1440,E2710001230201,佃中学校,大阪府大阪市西淀川区佃2-15-93,1,,,,1,,,,1,34.71608976,135.4455025,
1441,E2710001231201,新佃公園,大阪府大阪市西淀川区佃2-6,,,,1,,,,,,34.71423737,135.4471298,
1442,E2710001232201,佃中公園,大阪府大阪市西淀川区佃3-9,,,,1,,,,,,34.71171735,135.4414448,
1443,E2710001233201,市営佃第２住宅１号館,大阪府大阪市西淀川区佃4-4,1,,,,1,,,,,34.7119038,135.4403906,
1444,E2710001235201,佃公園,大阪府大阪市西淀川区佃5-7,,,,1,,,,,,34.71134522,135.4347584,
1445,E2710001236201,花川公園,大阪府大阪市西淀川区柏里1-9,,,,1,,,,,,34.70969202,135.4696405,
1446,E2710001237201,ベルフィオーレ,大阪府大阪市西淀川区柏里2-11-1,1,,,,1,,,,,34.70921,135.465977,
1447,E2710001238201,柏里小学校,大阪府大阪市西淀川区柏里2-13-33,1,,,,1,,,,1,34.71014688,135.4659264,
1448,E2710001238202,柏里小学校（運動場）,大阪府大阪市西淀川区柏里2-13-33,,,,1,,,,,1,34.71063783,135.4656814,
1449,E2710001239201,レジデンス柏里,大阪府大阪市西淀川区柏里2-8-16,1,,,,1,,,,,34.71025289,135.4670902,
1450,E2710001240201,柏里公園,大阪府大阪市西淀川区柏里3-1,,,,1,,,,,,34.71248811,135.4680845,
1451,E2710001241201,レジデンス早野,大阪府大阪市西淀川区柏里3-1-31,1,,,,1,,,,,34.71260276,135.4678842,
1452,E2710001242201,市営柏里第２住宅６号館,大阪府大阪市西淀川区柏里3-14,1,,,,1,,,,,34.71348595,135.4668027,
1453,E2710001243201,柏里第２住宅４号館,大阪府大阪市西淀川区柏里3-15,1,,,,1,,,,,34.712936,135.466346,
1454,E2710001244201,市営柏里第２住宅１号館,大阪府大阪市西淀川区柏里3-16,1,,,,1,,,,,34.71325435,135.4660191,
1455,E2710001245201,サンウレージュ,大阪府大阪市西淀川区柏里3-4-2,1,,,,1,,,,,34.71140861,135.4661962,
1456,E2710001246201,柏里西公園,大阪府大阪市西淀川区柏里3-7,,,,1,,,,,,34.71190518,135.4658251,
1457,E2710001247201,市営柏里第２住宅５号館,大阪府大阪市西淀川区柏里3-9,1,,,,1,,,,,34.7125661,135.4664512,
1458,E2710001248201,姫島東第一公園,大阪府大阪市西淀川区姫島1-1,,,,1,,,,,,34.7029583,135.4591947,
1459,E2710001249201,姫島小学校,大阪府大阪市西淀川区姫島1-10-4,1,,,,1,,,,1,34.70157704,135.455678,
1460,E2710001249202,姫島小学校（運動場）,大阪府大阪市西淀川区姫島1-10-4,,,,1,,,,,1,34.70195338,135.4556583,
1461,E2710001250201,介護老人保健施設　よどの里,大阪府大阪市西淀川区姫島2-13-20,1,,,,1,,,,,34.70265218,135.453372,
1462,E2710001251201,せいりょう姫島,大阪府大阪市西淀川区姫島2-15-8,1,,,,1,,,,1,34.70129,135.452671,
1463,E2710001252201,パークアベニュー,大阪府大阪市西淀川区姫島2-4-10,1,,,,1,,,,,34.70114132,135.4535969,
1464,E2710001253201,姫島第２ローズマンション,大阪府大阪市西淀川区姫島2-4-29,1,,,,1,,,,,34.7012203,135.4539245,
1465,E2710001254201,姫島浜公園,大阪府大阪市西淀川区姫島3-14,,,,1,,,,,,34.70012787,135.4466729,
1466,E2710001255201,南姫島公園,大阪府大阪市西淀川区姫島3-6,,,,1,,,,,,34.69929398,135.4505676,
1467,E2710001256201,姫島第７ローズマンション,大阪府大阪市西淀川区姫島3-7-20,1,,,,1,,,,,34.69976756,135.4515893,
1468,E2710001257201,ハイネスコトー姫島公園,大阪府大阪市西淀川区姫島4-11-12,1,,,,1,,,,,34.70539323,135.4538345,
1469,E2710001258201,姫島公園,大阪府大阪市西淀川区姫島4-14,,,,1,,,,,,34.70442167,135.4526636,
1470,E2710001259201,グレイスヴィラ姫島,大阪府大阪市西淀川区姫島4-15-13,1,,,,1,,,,,34.704131,135.45085,
1471,E2710001260201,メンソーレやまのは,大阪府大阪市西淀川区姫島4-15-32,1,,,,1,,,,,34.704314,135.451623,
1472,E2710001262201,北姫島公園,大阪府大阪市西淀川区姫島4-21,,,,1,,,,,,34.70442074,135.449603,
1473,E2710001263201,東姫島公園,大阪府大阪市西淀川区姫島4-5,,,,1,,,,,,34.70529854,135.4557547,
1474,E2710001264201,弥栄荘,大阪府大阪市西淀川区姫島5-10-8,1,,,,1,,,,,34.70351677,135.4510528,
1475,E2710001265201,社会福祉法人瑞穂　特別養護老人ホーム　姫島みずほ苑,大阪府大阪市西淀川区姫島5-11-24,1,,,,1,,,,,34.70334791,135.4496188,
1476,E2710001267201,株式会社眞鍋鉄工所,大阪府大阪市西淀川区姫島5-7-28,1,,,,1,,,,,34.702948,135.451464,
1477,E2710001268201,市営姫島第１住宅１号館,大阪府大阪市西淀川区姫島6-10,1,,,,1,,,,,34.70237311,135.4456452,
1478,E2710001269202,西淀中学校（運動場）,大阪府大阪市西淀川区姫島6-10-5,,,,1,,,,,1,34.70272351,135.4463325,
1479,E2710001269201,西淀中学校,大阪府大阪市西淀川区姫島6-10-5,1,,,,1,,,,1,34.70265588,135.4468778,
1480,E2710001272201,西姫島公園,大阪府大阪市西淀川区姫島6-4,,,,1,,,,,,34.70171911,135.4468026,
1481,E2710001273201,市営姫島住宅１号館,大阪府大阪市西淀川区姫島6-5-20,1,,,,1,,,,,34.702391,135.445597,
1482,E2710001274201,市営姫島第３住宅１号棟,大阪府大阪市西淀川区姫島6-9-38,1,,,,1,,,,,34.70410593,135.4473045,
1483,E2710001275201,市営姫里住宅１号館,大阪府大阪市西淀川区姫里1-3-41,1,,,,1,,,,,34.70356741,135.4610473,
1484,E2710001276201,姫之里公園,大阪府大阪市西淀川区姫里2-7,,,,1,,,,,,34.70619404,135.4592653,
1485,E2710001277201,姫里小学校,大阪府大阪市西淀川区姫里2-8-24,1,,,,1,,,,1,34.70645238,135.4583783,
1486,E2710001277202,姫里小学校（運動場）,大阪府大阪市西淀川区姫里2-8-24,,,,1,,,,,1,34.70628627,135.4586376,
1487,E2710001278201,大阪ラセン管工業,大阪府大阪市西淀川区姫里3-12-33,1,,,,1,,,,,34.70900986,135.4570736,
1488,E2710001279201,ルネパークオアシス,大阪府大阪市西淀川区姫里3-13-48,1,,,,1,,,,,34.70902669,135.4563886,
1489,E2710001280201,キングマンション歌島橋,大阪府大阪市西淀川区姫里3-2-3,1,,,,1,,,,,34.70809166,135.4579773,
1490,E2710001281201,上町公園,大阪府大阪市西淀川区姫里3-7,,,,1,,,,,,34.70623938,135.4557217,
1491,E2710001282202,百島公園,大阪府大阪市西淀川区百島1-3,,,,1,,,,,,34.69661007,135.439463,
1492,E2710001282201,新淀川公園,大阪府大阪市西淀川区百島1-3,,,,1,,,,,,34.69420294,135.4376876,
1493,E2710001283201,福町東公園,大阪府大阪市西淀川区福町1-11,,,,1,,,,,,34.69842018,135.4453438,
1494,E2710001284201,キングマンション新淀川,大阪府大阪市西淀川区福町1-12-34,1,,,,1,,,,,34.69878413,135.4448563,
1495,E2710001285202,社会福祉法人芙蓉福祉会　特別養護老人ホーム　水都ホーム福町,大阪府大阪市西淀川区福町2-11-7,1,,,,1,,,,1,34.69567065,135.4421604,
1496,E2710001285201,社会福祉法人芙蓉福祉会　養護老人ホーム　たいら,大阪府大阪市西淀川区福町2-11-7,1,,,,1,,,,1,34.69538837,135.4423642,
1497,E2710001285203,社会福祉法人芙蓉福祉会　介護老人保健施設なごみだいら,大阪府大阪市西淀川区福町2-11-7,1,,,,1,,,,1,34.69550626,135.4422916,
1498,E2710003014201,サンシャインコート福町,大阪府大阪市西淀川区福町2-30-21,1,,,,1,,,,,34.694115,135.439126,
1499,E2710001286201,福町公園,大阪府大阪市西淀川区福町2-4,,,,1,,,,,,34.69807175,135.4413688,
1500,E2710001288201,福小学校,大阪府大阪市西淀川区福町2-5-23,1,,,,1,,,,1,34.69803268,135.4421558,
1501,E2710001288202,福小学校（運動場）,大阪府大阪市西淀川区福町2-5-23,,,,1,,,,,1,34.69770337,135.4420503,
1502,E2710001289201,福町西公園,大阪府大阪市西淀川区福町2-9,,,,1,,,,,,34.69621055,135.443761,
1503,E2710003013201,イズミヤショッピングセンター福町,大阪府大阪市西淀川区福町3-2-15,1,,,,1,,,,,34.699928,135.443927,
1504,E2710001290201,福町北公園,大阪府大阪市西淀川区福町3-3,,,,1,,,,,,34.70268311,135.4444734,
1505,E2710001291201,阪神住建グリーンロード公園ヴィラ,大阪府大阪市西淀川区福町3-4-55,1,,,,1,,,,,34.70088256,135.4425866,
1506,E2710001292201,野里公園,大阪府大阪市西淀川区野里1-9,,,,1,,,,,,34.7087898,135.4636352,
1507,E2710001293201,野里西公園,大阪府大阪市西淀川区野里2-10,,,,1,,,,,,34.70900944,135.4599529,
1508,E2710001294202,野里小学校（運動場）,大阪府大阪市西淀川区野里2-21-13,,,,1,,,,,1,34.71080399,135.4612687,
1509,E2710001294201,野里小学校,大阪府大阪市西淀川区野里2-21-13,1,,,,1,,,,1,34.71116853,135.4611918,
1510,E2710001295201,野里北公園,大阪府大阪市西淀川区野里2-22,,,,1,,,,,,34.71120919,135.4619855,
1511,E2710003055201,大阪トヨペット　西淀店,大阪府大阪市西淀川区野里3-2-12,1,,,,1,,,,,34.710084,135.457102,
1512,E2710001296201,淀商業高等学校,大阪府大阪市西淀川区野里3-3-15,1,,,,1,,,,1,34.71005079,135.4589705,
1513,E2710001296202,淀商業高等学校（運動場）,大阪府大阪市西淀川区野里3-3-15,,,,1,,,,,1,34.71038263,135.4582477,
1514,E2710001297201,市営小林住宅１号館,大阪府大阪市大正区3-22-1,1,,,,1,,,,,34.64335495,135.4728377,
1515,E2710001298201,ほくとクリニック病院,大阪府大阪市大正区三軒家西1-18-7,1,,,,1,,,,,34.664915,135.477799,
1516,E2710001299202,三軒家西小学校（運動場）,大阪府大阪市大正区三軒家西1-20-26,,,,1,,,,,1,34.66493182,135.4766385,
1517,E2710001299201,三軒家西小学校,大阪府大阪市大正区三軒家西1-20-26,1,,,,1,,,,1,34.66500241,135.4770766,
1518,E2710001300201,大正ゆめの樹保育園,大阪府大阪市大正区三軒家西1-3-21,1,,,,1,,,,,34.666836,135.477794,
1519,E2710001301201,岩崎橋公園,大阪府大阪市大正区三軒家西1-7,,,,1,,,,,,34.66643213,135.4768224,
1520,E2710001302201,大正橋公園,大阪府大阪市大正区三軒家東1-1,,,,1,,,,,,34.6669559,135.4800135,
1521,E2710001303201,ホテルソビアル大阪ドーム前,大阪府大阪市大正区三軒家東1-17-29,1,,,,1,,,,,34.665343,135.479499,
1522,E2710001304201,三軒家公園,大阪府大阪市大正区三軒家東2-12,,,,1,,,,,,34.65951979,135.4791326,
1523,E2710001305201,三軒家東小学校,大阪府大阪市大正区三軒家東2-12-59,1,,,,1,,,,1,34.66055581,135.4794829,
1524,E2710001305202,三軒家東小学校（運動場）,大阪府大阪市大正区三軒家東2-12-59,,,,1,,,,,1,34.65998219,135.4797511,
1525,E2710001306201,大正東中学校,大阪府大阪市大正区三軒家東4-4-30,1,,,,1,,,,1,34.66221036,135.4773858,
1526,E2710001306202,大正東中学校（運動場）,大阪府大阪市大正区三軒家東4-4-30,,,,1,,,,,1,34.66228151,135.4782482,
1527,E2710001307201,大正区ふれあい福祉センター,大阪府大阪市大正区小林西1-14-3,1,,,,1,,,,1,34.64623132,135.4685048,
1528,E2710001308201,小林南公園,大阪府大阪市大正区小林西2-16,,,,1,,,,,,34.6429006,135.4678355,
1529,E2710002921201,株式会社藤井組,大阪府大阪市大正区小林東1-2-44,1,,,,1,,,,,34.646029,135.47695,
1530,E2710001309202,小林小学校（運動場）,大阪府大阪市大正区小林東2-4-45,,,,1,,,,,1,34.64600198,135.4739594,
1531,E2710001309201,小林小学校,大阪府大阪市大正区小林東2-4-45,1,,,,1,,,,1,34.64651979,135.4738395,
1532,E2710001310201,小林公園,大阪府大阪市大正区小林東2-6,,,,1,,,,,,34.64337225,135.4749039,
1533,E2710001311201,介護老人保健施設　愛の里,大阪府大阪市大正区小林東2-6-14,1,,,,1,,,,,34.643136,135.475924,
1534,E2710001312201,特別養護老人ホーム　悠の里,大阪府大阪市大正区小林東2-6-15,1,,,,1,,,,,34.643152,135.476318,
1535,E2710001313202,大正中央中学校（運動場）,大阪府大阪市大正区小林東3-23-5,,,,1,,,,,1,34.64393252,135.4712794,
1536,E2710001313201,大正中央中学校,大阪府大阪市大正区小林東3-23-5,1,,,,1,,,,1,34.64406050289,135.4717336,
1537,E2710001314201,大正スポーツセンター・大正屋内プール（アゼリア大正）,大阪府大阪市大正区小林東3-3-25,1,,,,1,,,,,34.64707108,135.4722418,
1538,E2710001315201,南泉尾公園,大阪府大阪市大正区千島1-16,,,,1,,,,,,34.6544179,135.4753509,
1539,E2710001316202,泉尾東小学校（運動場）,大阪府大阪市大正区千島1-16-16,,,,1,,,,,1,34.65404749,135.4744182,
1540,E2710001316201,泉尾東小学校,大阪府大阪市大正区千島1-16-16,1,,,,1,,,,1,34.65394747,135.4747946,
1541,E2710001317201,大正会館,大阪府大阪市大正区千島2-6-15,1,,,,1,,,,,34.65086144,135.4721649,
1542,E2710001318201,千林橋公園,大阪府大阪市大正区千島3-7,,,,1,,,,,,34.65167803,135.4704402,
1543,E2710002960201,日商岩井泉尾マンション１号棟,大阪府大阪市大正区泉尾1-16-1,1,,,,1,,,,,34.66304,135.472841,
1544,E2710002960202,日商岩井泉尾マンション２号棟,大阪府大阪市大正区泉尾1-16-1,1,,,,1,,,,,34.66319,135.471924,
1545,E2710001319201,介護付有料老人ホーム　プレザンメゾン大正泉尾,大阪府大阪市大正区泉尾1-18-1,1,,,,1,,,,,34.662668,135.471176,
1546,E2710001320201,泉尾上公園,大阪府大阪市大正区泉尾1-29,,,,1,,,,,,34.66065856,135.4745851,
1547,E2710002920201,大正くすのきクリニック,大阪府大阪市大正区泉尾1-30-5,1,,,,1,,,,,34.660763,135.47435,
1548,E2710002939201,"介護老人保健施設　
エバーグリーン",大阪府大阪市大正区泉尾2-20-4,1,,,,1,,,,,34.660596,135.471457,
1549,E2710001321202,泉尾北小学校（運動場）,大阪府大阪市大正区泉尾2-21-24,,,,1,,,,,1,34.66017248,135.4710187,
1550,E2710001321201,泉尾北小学校,大阪府大阪市大正区泉尾2-21-24,1,,,,1,,,,1,34.66042987,135.4706146,
1551,E2710001322201,大正白稜高等学校,大阪府大阪市大正区泉尾3-19-50,1,,,,1,,,,1,34.65897729,135.4708553,
1552,E2710001322202,大正白稜高等学校（運動場）,大阪府大阪市大正区泉尾3-19-50,,,,1,,,,,1,34.65925895,135.4703922,
1553,E2710001323201,泉尾中公園,大阪府大阪市大正区泉尾3-21,,,,1,,,,,,34.65824737,135.469196,
1554,E2710001324202,中泉尾小学校（運動場）,大阪府大阪市大正区泉尾3-23-34,,,,1,,,,,1,34.659153420014,135.46964778466,
1555,E2710001324201,中泉尾小学校,大阪府大阪市大正区泉尾3-23-34,1,,,,1,,,,1,34.659494647752,135.46943147116,
1556,E2710001326201,泉尾公園,大阪府大阪市大正区泉尾4-21,,,,1,,,,,,34.65672221,135.4688978,
1557,E2710001327201,泉尾工業高等学校,大阪府大阪市大正区泉尾5-16-7,1,,,,1,,,,1,34.65475652,135.4686207,
1558,E2710001327202,泉尾工業高等学校（運動場）,大阪府大阪市大正区泉尾5-16-7,,,,1,,,,,1,34.65509189,135.4688854,
1559,E2710001328201,北恩加島小学校,大阪府大阪市大正区泉尾5-17-31,1,,,,1,,,,1,34.65448569,135.4683069,
1560,E2710001328202,北恩加島小学校（運動場）,大阪府大阪市大正区泉尾5-17-31,,,,1,,,,,1,34.65417091,135.4683087,
1561,E2710001329201,市営泉尾第５住宅１号館,大阪府大阪市大正区泉尾7-12-1,1,,,,1,,,,,34.65727707,135.464539,
1562,E2710001330201,泉尾浜公園,大阪府大阪市大正区泉尾7-17,,,,1,,,,,,34.65500383,135.4655876,
1563,E2710002940201,ロジポート大阪大正,大阪府大阪市大正区船町1-2-21,1,,,,1,,,,,34.630034,135.46612,
1564,E2710001331201,市営鶴町第８住宅１号館,大阪府大阪市大正区鶴町1-12-1,1,,,,1,,,,,34.63628642,135.4586299,
1565,E2710001332201,鶴町南公園,大阪府大阪市大正区鶴町1-19,,,,1,,,,,,34.6357459,135.4550135,
1566,E2710001333201,鶴町児童遊園,大阪府大阪市大正区鶴町1-7,,,,1,,,,,,34.63535315,135.458994,
1567,E2710001336201,市営鶴町第９住宅１号館,大阪府大阪市大正区鶴町2-20-34,1,,,,1,,,,,34.63689637,135.4528658,
1568,E2710001337201,鶴町小学校,大阪府大阪市大正区鶴町2-6-24,1,,,,1,,,,1,34.63939478,135.4563769,
1569,E2710001337202,鶴町小学校（運動場）,大阪府大阪市大正区鶴町2-6-24,,,,1,,,,,1,34.63900529,135.4563676,
1570,E2710001338201,鶴町中央公園,大阪府大阪市大正区鶴町2-7,,,,1,,,,,,34.63882187,135.4556507,
1571,E2710001339201,市営鶴町第３住宅１号館,大阪府大阪市大正区鶴町3-22-1,1,,,,1,,,,,34.642142,135.453744,
1572,E2710001340201,市営鶴町第３住宅２号館,大阪府大阪市大正区鶴町3-23-2,1,,,,1,,,,,34.642519,135.453679,
1573,E2710001341201,市営鶴町第４住宅１号館,大阪府大阪市大正区鶴町4-10-1,1,,,,1,,,,,34.642921,135.453666,
1574,E2710001342201,大阪シティバス鶴町車庫,大阪府大阪市大正区鶴町4-11-55,1,,,,1,,,,,34.64340519,135.4538908,
1575,E2710001343201,市営鶴町住宅１号館,大阪府大阪市大正区鶴町4-2-1,1,,,,1,,,,,34.643824,135.456333,
1576,E2710001344201,市営鶴町住宅２号館,大阪府大阪市大正区鶴町4-3-2,1,,,,1,,,,,34.64453,135.455773,
1577,E2710001345201,鶴町北公園,大阪府大阪市大正区鶴町4-4,,,,1,,,,,,34.64444439,135.4544965,
1578,E2710001346201,つるまち海の風保育園,大阪府大阪市大正区鶴町4-8-4,1,,,,1,,,,,34.643108,135.45503,
1579,E2710001348201,南恩加島公園,大阪府大阪市大正区南恩加島1-13,,,,1,,,,,,34.63450985,135.472069,
1580,E2710001349201,南恩加島小学校,大阪府大阪市大正区南恩加島3-6-11,1,,,,1,,,,1,34.63616511,135.469879,
1581,E2710001349202,南恩加島小学校（運動場）,大阪府大阪市大正区南恩加島3-6-11,,,,1,,,,,1,34.6363446,135.4696447,
1582,E2710001350201,介護付有料老人ホーム　スローライフおかじま,大阪府大阪市大正区南恩加島5-4-5,1,,,,1,,,,,34.639771,135.468868,
1583,E2710001351201,南恩加島西公園,大阪府大阪市大正区南恩加島6-14,,,,1,,,,,,34.63621765,135.4655883,
1584,E2710001352201,大正西中学校,大阪府大阪市大正区南恩加島6-14-37,1,,,,1,,,,1,34.6362095,135.4650007,
1585,E2710001352202,大正西中学校（運動場）,大阪府大阪市大正区南恩加島6-14-37,,,,1,,,,,1,34.63639046,135.4644017,
1586,E2710002984201,三栄建設鉄構事業本部新事務所,大阪府大阪市大正区南恩加島6-2-21,1,,,,1,,,,,34.637653,135.467895,
1587,E2710001347201,千本松大橋歩道部分,大阪府大阪市大正区南恩加島１－１１先,1,,,,1,,,,,34.632535,135.475937,
1588,E2710001353201,平尾亥開公園,大阪府大阪市大正区平尾1-11,,,,1,,,,,,34.63764457,135.4759807,
1589,E2710002938201,ウエスト大正（駐車場）,大阪府大阪市大正区平尾1-5-1,1,,,,1,,,,,34.640649,135.4772,
1590,E2710001354201,平尾小学校,大阪府大阪市大正区平尾2-21-28,1,,,,1,,,,1,34.64084889,135.4740387,
1591,E2710001354202,平尾小学校（運動場）,大阪府大阪市大正区平尾2-21-28,,,,1,,,,,1,34.64090921,135.4744213,
1592,E2710001355201,平尾公園,大阪府大阪市大正区平尾2-22,,,,1,,,,,,34.64120682,135.4734994,
1593,E2710001356201,小林住宅５号館,大阪府大阪市大正区平尾2-23,1,,,,1,,,,,34.642122,135.473656,
1594,E2710001357201,市営小林住宅２号館,大阪府大阪市大正区平尾4-1-2,1,,,,1,,,,,34.64289155,135.4727572,
1595,E2710001358201,北村住宅１号館,大阪府大阪市大正区北村2-14-1,1,,,,1,,,,,34.651858,135.46536,
1596,E2710001359201,北村公園,大阪府大阪市大正区北村2-16,,,,1,,,,,,34.65132938,135.4665617,
1597,E2710001360201,北村西児童遊園,大阪府大阪市大正区北村2-6,,,,1,,,,,,34.65281611,135.4668163,
1598,E2710001361201,大正北中学校,大阪府大阪市大正区北村3-1-1,1,,,,1,,,,1,34.65000799,135.4691346,
1599,E2710001361202,大正北中学校（運動場）,大阪府大阪市大正区北村3-1-1,,,,1,,,,,1,34.64955345,135.4685517,
1600,E2710001365201,中央小学校（運動場）,大阪府大阪市中央区瓦屋町2-8-4,,,,1,1,,,,1,34.670648617359,135.5128885,
1601,E2710001366201,瓦屋町公園,大阪府大阪市中央区瓦屋町2-9,,,,1,1,,,,,34.67009671,135.5128256,
1602,E2710001368201,ライフ堺筋本町店,大阪府大阪市中央区久太郎町1-7-5,1,,,,1,,,,,34.68043,135.507756,
1603,E2710001369201,真宗大谷派難波別院（南御堂）,大阪府大阪市中央区久太郎町4-1-11,,,,1,,,,,1,34.680421610772,135.49989166627,
1604,E2710000813201,玉造幼稚園（園庭）,大阪府大阪市中央区玉造1-9-10,,,,1,1,,,,1,34.676056,135.530855,
1605,E2710001370201,玉造公園,大阪府大阪市中央区玉造2-20,,,,1,1,,,,,34.6768736,135.5288347,
1606,E2710001371201,越中公園,大阪府大阪市中央区玉造2-24,,,,1,1,,,,,34.67923577,135.527605,
1607,E2710001372201,玉造小学校（運動場）,大阪府大阪市中央区玉造2-3-43,,,,1,1,,,,1,34.67843214,135.5295222,
1608,E2710001373201,高津公園,大阪府大阪市中央区高津1-1,,,,1,1,,,,,34.66934668,135.5138395,
1609,E2710001375201,高津小学校（運動場）,大阪府大阪市中央区高津3-4-21,,,,1,1,,,,1,34.66546294,135.5108656,
1610,E2710001376201,開平小学校（運動場）,大阪府大阪市中央区今橋1-5-7,,,,1,1,,,,1,34.69047412,135.5079416,
1611,E2710001377201,中大江公園,大阪府大阪市中央区糸屋町2-2,,,,1,1,,,,,34.6851,135.513824,
1612,E2710001378201,中大江小学校、中大江幼稚園（運動場）,大阪府大阪市中央区糸屋町2-3-14,,,,1,1,,,,1,34.68518166,135.5125898,
1613,E2710001380201,広小路公園,大阪府大阪市中央区上町1-19,,,,1,1,,,,,34.67791402,135.5229339,
1614,E2710001381201,中央聴覚支援学校（運動場）,大阪府大阪市中央区上町1-19-31,,,,1,1,,,,1,34.67737904,135.5229432,
1615,E2710001382201,寺山公園,大阪府大阪市中央区上町1-2,,,,1,1,,,,,34.67734677,135.5262725,
1616,E2710001383201,もと東平小学校（運動場）,大阪府大阪市中央区上町西5-1-7,,,,1,1,,,,,34.66844024,135.5187635,
1617,E2710001384201,空堀・桃谷公園,大阪府大阪市中央区上本町西2-5,,,,1,1,,,,,34.67382396,135.5186039,
1618,E2710001386201,上町中学校（運動場）,大阪府大阪市中央区上本町西3-2-30,,,,1,1,,,,1,34.67236697,135.5193814,
1619,E2710001387201,東平北公園,大阪府大阪市中央区上本町西4-1,,,,1,1,,,,,34.66941738,135.5191492,
1620,E2710001388201,東平南公園,大阪府大阪市中央区上本町西5-1,,,,1,1,,,,,34.66875318,135.5192347,
1621,E2710001390201,森之宮公園,大阪府大阪市中央区森ノ宮中央1-13,,,,1,1,,,,,34.68061485,135.532724,
1622,E2710001391201,城南公園,大阪府大阪市中央区森ノ宮中央1-20,,,,1,1,,,,,34.67913559,135.5320462,
1623,E2710001392201,ライフセントラルスクエア森ノ宮店,大阪府大阪市中央区森ノ宮中央2-1-30,1,,,,1,,,,,34.68000058861,135.53115918784,
1624,E2710001394201,御津公園,大阪府大阪市中央区西心斎橋2-11,,,,1,1,,,,,34.67207493,135.4979084,
1625,E2710001395201,北大江公園,大阪府大阪市中央区石町1-3,,,,1,1,,,,,34.68901458,135.5152386,
1626,E2710001396201,大阪城公園一帯,大阪府大阪市中央区大阪城,,,,1,1,1,,,,34.68667503,135.5284465,広域避難場所
1627,E2710001397201,大手前高等学校（運動場）,大阪府大阪市中央区大手前2-1-11,,,,1,1,,,,1,34.68780449,135.5187289,
1628,E2710001398201,東中学校（運動場）,大阪府大阪市中央区大手前4-1-5,,,,1,1,,,,,34.68251096,135.5182154,
1629,E2710001400201,桃園公園,大阪府大阪市中央区谷町6-5,,,,1,1,,,,,34.67474064,135.5156992,
1630,E2710000808201,桃園幼稚園（園庭）,大阪府大阪市中央区谷町6-5-34,,,,1,1,,,,1,34.674525,135.516146,
1631,E2710001401201,中央高等学校（運動場）,大阪府大阪市中央区釣鐘町1-1-5,,,,1,1,,,,1,34.68769017,135.5163119,
1632,E2710001402201,南中学校（運動場）,大阪府大阪市中央区島之内1-10-23,,,,1,1,,,,1,34.67417815,135.5089089,
1633,E2710001404201,道仁公園,大阪府大阪市中央区島之内2-5,,,,1,1,,,,,34.67050847,135.5093652,
1634,E2710001405201,南小学校（運動場）,大阪府大阪市中央区東心斎橋1-14-29,,,,1,1,,,,1,34.67315456,135.5038082,
1635,E2710001266201,銅座幼稚園（園庭）,大阪府大阪市中央区内久宝寺町1-1-4,,,,1,1,,,,1,34.677657,135.51893,
1636,E2710001406201,銅座公園,大阪府大阪市中央区内久宝寺町2-5,,,,1,1,,,,,34.67833911,135.5186434,
1637,E2710001407201,南幼稚園（運動場）,大阪府大阪市中央区南船場3-2-19,,,,1,1,,,,1,34.6769333,135.5026273,
1638,E2710001408201,南船場心斎橋ビル,大阪府大阪市中央区南船場4-7-11,1,,,,1,,,,,34.67688969,135.4991176,
1639,E2710001409201,難波千日前公園,大阪府大阪市中央区難波千日前5,,,,1,1,,,,,34.66394579,135.5047125,
1640,E2710001411201,黒門公園,大阪府大阪市中央区日本橋2-12,,,,1,1,,,,,34.66409259,135.5074856,
1641,E2710001412201,谷四錦郷公園,大阪府大阪市中央区農人橋1-2,,,,1,1,,,,,34.67986709,135.5165763,
1642,E2710001413201,南大江小学校（運動場）,大阪府大阪市中央区農人橋1-3-3,,,,1,1,,,,1,34.67998015,135.515067,
1643,E2710001414201,南大江公園,大阪府大阪市中央区粉川町6,,,,1,1,,,,,34.67808997,135.5134859,
1644,E2710001415201,久宝公園,大阪府大阪市中央区北久宝寺町3-1,,,,1,1,,,,,34.68018308,135.5028183,
1645,E2710001416201,相愛中学校・高等学校,大阪府大阪市中央区本町4-1-23,1,,,,1,,,,1,34.684554412945,135.49935324656,
1646,E2710001417201,本願寺津村別院（北御堂）,大阪府大阪市中央区本町4-1-3,,,,1,,,,,1,34.684977331588,135.50003659087,
1647,E2710001418201,愛日会館,大阪府大阪市中央区本町4-7-11,1,,,,1,,,,1,34.68453154,135.4982089,
1648,E2710001419201,東横堀公園,大阪府大阪市中央区本町橋5,,,,1,1,,,,,34.68273136,135.510478,
1649,E2710001420201,ライフ安田諸口店,大阪府大阪市鶴見区安田1-1-10,1,,,,1,,,,,34.702806,135.58614,
1650,E2710001421201,茨田高等学校（運動場）,大阪府大阪市鶴見区安田1-5-49,,,,1,1,,,,1,34.70417459,135.587316,
1651,E2710001423201,茨田小学校,大阪府大阪市鶴見区安田2-1-8,1,,,,1,,,,1,34.70279509,135.5905952,
1652,E2710001423202,茨田小学校（運動場）,大阪府大阪市鶴見区安田2-1-8,,,,1,1,,,,1,34.70249961,135.5906346,
1653,E2710001424201,安田公園,大阪府大阪市鶴見区安田4-2,,,,1,1,,,,,34.70675317,135.5891297,
1654,E2710001426202,茨田北中学校（運動場）,大阪府大阪市鶴見区茨田大宮1-1-31,,,,1,1,,,,1,34.71073643,135.5873127,
1655,E2710001426201,茨田北中学校,大阪府大阪市鶴見区茨田大宮1-1-31,1,,,,1,,,,1,34.710904,135.5880888,
1656,E2710001425201,市営茨田大宮西住宅１号館,大阪府大阪市鶴見区茨田大宮1-10,1,,,,1,,,,,34.71025243,135.5902902,
1657,E2710001427201,茨田大宮西公園,大阪府大阪市鶴見区茨田大宮2-7,,,,1,1,,,,,34.71160469,135.5942056,
1658,E2710001429201,市営茨田大宮第３住宅８号館,大阪府大阪市鶴見区茨田大宮3-2,1,,,,1,,,,,34.70711146,135.5969527,
1659,E2710001430203,市営茨田大宮第３住宅５号館,大阪府大阪市鶴見区茨田大宮3-3,1,,,,1,,,,,34.70957658,135.5975588,
1660,E2710001430201,市営茨田大宮第３住宅７号館,大阪府大阪市鶴見区茨田大宮3-3,1,,,,1,,,,,34.70777295,135.5970546,
1661,E2710001430202,市営茨田大宮第３住宅６号館,大阪府大阪市鶴見区茨田大宮3-3,1,,,,1,,,,,34.70847412,135.597237,
1662,E2710001431201,茨田大宮南公園,大阪府大阪市鶴見区茨田大宮3-7,,,,1,1,,,,,34.70788323,135.5947077,
1663,E2710001432201,茨田東小学校,大阪府大阪市鶴見区茨田大宮3-7-61,1,,,,1,,,,1,34.70873657,135.595441,
1664,E2710001432202,茨田東小学校（運動場）,大阪府大阪市鶴見区茨田大宮3-7-61,,,,1,1,,,,1,34.70844993,135.5951853,
1665,E2710001433203,市営茨田大宮第３住宅２号館,大阪府大阪市鶴見区茨田大宮3-8,1,,,,1,,,,,34.70882691,135.5965396,
1666,E2710001433201,市営茨田大宮第３住宅４号館,大阪府大阪市鶴見区茨田大宮3-8,1,,,,1,,,,,34.70978826,135.5967327,
1667,E2710001433202,市営茨田大宮第３住宅３号館,大阪府大阪市鶴見区茨田大宮3-8,1,,,,1,,,,,34.70930318,135.5966362,
1668,E2710001433204,市営茨田大宮第３住宅１号館,大阪府大阪市鶴見区茨田大宮3-8,1,,,,1,,,,,34.70834624,135.596427,
1669,E2710001434201,市営茨田大宮第２住宅２４号館,大阪府大阪市鶴見区茨田大宮4-1,1,,,,1,,,,,34.71027538,135.5944697,
1670,E2710001435201,市営茨田大宮第２住宅２５号館,大阪府大阪市鶴見区茨田大宮4-15-25,1,,,,1,,,,,34.711486,135.59639,
1671,E2710001436201,市営茨田大宮第２住宅２２号館,大阪府大阪市鶴見区茨田大宮4-23,1,,,,1,,,,,34.71020678,135.5970813,
1672,E2710001436202,市営茨田大宮第２住宅２１号館,大阪府大阪市鶴見区茨田大宮4-23,1,,,,1,,,,,34.7108021,135.5972154,
1673,E2710001436203,市営茨田大宮第２住宅２０号館,大阪府大阪市鶴見区茨田大宮4-23,1,,,,1,,,,,34.71138419,135.5974514,
1674,E2710001436204,市営茨田大宮第２住宅１９号館,大阪府大阪市鶴見区茨田大宮4-23,1,,,,1,,,,,34.71192658,135.5975641,
1675,E2710001436205,茨田大宮中央公園,大阪府大阪市鶴見区茨田大宮4-23,,,,1,1,,,,,34.71240429,135.5976714,
1676,E2710001437201,市営茨田大宮住宅１９号館,大阪府大阪市鶴見区茨田大宮4-28,1,,,,1,,,,,34.71304676,135.5978315,
1677,E2710001437202,市営茨田大宮住宅１８号館,大阪府大阪市鶴見区茨田大宮4-28,1,,,,1,,,,,34.71368174,135.5981641,
1678,E2710001438201,市営茨田大宮第１住宅１号館,大阪府大阪市鶴見区茨田大宮4-30-1,1,,,,1,,,,,34.71309521,135.5967809,
1679,E2710001439201,市営茨田大宮第１住宅２号館,大阪府大阪市鶴見区茨田大宮4-30-2,1,,,,1,,,,,34.71314812,135.5959495,
1680,E2710001440202,市営茨田大宮住宅１７号館,大阪府大阪市鶴見区茨田大宮4-34,1,,,,1,,,,,34.71410947,135.5986362,
1681,E2710001440201,市営茨田大宮１６号館,大阪府大阪市鶴見区茨田大宮4-34,1,,,,1,,,,,34.7141227,135.5978584,
1682,E2710001441201,市営茨田大宮第２住宅２３号館,大阪府大阪市鶴見区茨田大宮4-4,1,,,,1,,,,,34.71023128,135.5953473,
1683,E2710001442201,市営茨田大宮第１住宅３号館,大阪府大阪市鶴見区茨田大宮4-40,1,,,,1,,,,,34.713994,135.596604,
1684,E2710001443201,市営横堤第２住宅１号館,大阪府大阪市鶴見区横堤1-11,1,,,,1,,,,,34.70205351,135.5684894,
1685,E2710001444202,横堤中学校（運動場）,大阪府大阪市鶴見区横堤1-11-27,,,,1,,,,,1,34.70248934,135.569962,
1686,E2710001444201,横堤中学校,大阪府大阪市鶴見区横堤1-11-27,1,,,,1,,,,1,34.7023818,135.5694651,
1687,E2710001445201,横堤小学校,大阪府大阪市鶴見区横堤1-11-83,1,,,,1,,,,1,34.70146176,135.5700836,
1688,E2710001445202,横堤小学校（運動場）,大阪府大阪市鶴見区横堤1-11-83,,,,1,,,,,1,34.70154996,135.5695167,
1689,E2710001446201,横堤南公園,大阪府大阪市鶴見区横堤2-3,,,,1,1,,,,,34.69866733,135.5701116,
1690,E2710001447201,横堤中公園,大阪府大阪市鶴見区横堤3-1,,,,1,1,,,,,34.69914354,135.5729536,
1691,E2710001448201,市営横堤第１住宅１号館,大阪府大阪市鶴見区横堤3-10,1,,,,1,,,,,34.70231312,135.5739893,
1692,E2710001449201,横堤東公園,大阪府大阪市鶴見区横堤3-5,,,,1,1,,,,,34.69987029,135.5733111,
1693,E2710001450201,ライフ横堤店,大阪府大阪市鶴見区横堤3-6-45,1,,,,,,,,,34.700411,135.573981,
1694,E2710001451201,市営横堤北住宅１号館,大阪府大阪市鶴見区横堤4-12-1,1,,,,1,,,,,34.70513015,135.5700984,
1695,E2710001452201,市営横堤北住宅２号館,大阪府大阪市鶴見区横堤4-12-4,1,,,,1,,,,,34.70566678,135.5697813,
1696,E2710001453201,横堤北公園,大阪府大阪市鶴見区横堤5-1,,,,1,1,,,,,34.70368751,135.5716948,
1697,E2710001454201,茨田西小学校,大阪府大阪市鶴見区横堤5-13-61,1,,,,1,,,,1,34.70734397,135.5731627,
1698,E2710001454202,茨田西小学校（運動場）,大阪府大阪市鶴見区横堤5-13-61,,,,1,1,,,,1,34.70784946,135.5731479,
1699,E2710001455201,今津中学校（運動場）,大阪府大阪市鶴見区今津中1-3-35,,,,1,1,,,,,34.69262935,135.5686693,
1700,E2710001456201,今津中学校,大阪府大阪市鶴見区今津中1-3-55,1,,,,1,,,,1,34.69290174,135.5679582,
1701,E2710001457201,榎本南公園,大阪府大阪市鶴見区今津中1-9,,,,1,1,,,,,34.69070781,135.566296,
1702,E2710001458201,汎愛高等学校,大阪府大阪市鶴見区今津中2-1-52,1,,,,1,,,,1,34.69214627,135.5705301,
1703,E2710001458202,汎愛高等学校（運動場）,大阪府大阪市鶴見区今津中2-1-52,,,,1,1,,,,1,34.6930196,135.5707143,
1704,E2710001459201,今津公園,大阪府大阪市鶴見区今津中2-3,,,,1,1,,,,,34.69116078,135.5703639,
1705,E2710001461201,市営今津中住宅３号館,大阪府大阪市鶴見区今津中3-1,1,,,,1,,,,,34.69304668,135.5739402,
1706,E2710001462201,市営今津中住宅２号館,大阪府大阪市鶴見区今津中3-3,1,,,,1,,,,,34.69263207,135.5739724,
1707,E2710001463201,市営今津中住宅１号館,大阪府大阪市鶴見区今津中3-5,1,,,,1,,,,,34.69219982,135.5739778,
1708,E2710001464201,今津小学校,大阪府大阪市鶴見区今津中4-1-48,1,,,,1,,,,1,34.69322812,135.5771833,
1709,E2710001464202,今津小学校（運動場）,大阪府大阪市鶴見区今津中4-1-48,,,,1,1,,,,1,34.6927457,135.5775897,
1710,E2710001465201,今津南公園,大阪府大阪市鶴見区今津南3-3,,,,1,1,,,,,34.68958541,135.5756061,
1711,E2710001467201,榎本小学校,大阪府大阪市鶴見区今津北1-5-35,1,,,,1,,,,1,34.69474709,135.5684843,
1712,E2710001467202,榎本小学校（運動場）,大阪府大阪市鶴見区今津北1-5-35,,,,1,1,,,,1,34.69511317,135.5686416,
1713,E2710001468201,榎本公園,大阪府大阪市鶴見区今津北1-6,,,,1,1,,,,,34.69437238,135.5673074,
1714,E2710001469201,市営今津北住宅１号館,大阪府大阪市鶴見区今津北2-2,1,,,,1,,,,,34.69549517,135.5703156,
1715,E2710001470201,ライフ鶴見今津北店,大阪府大阪市鶴見区今津北3-8-22,1,,,,,,,,,34.69354,135.57419,
1716,E2710001471201,今津東公園,大阪府大阪市鶴見区今津北4-4,,,,1,1,,,,,34.69541133,135.5793179,
1717,E2710001472201,市営茨田南住宅１２号館,大阪府大阪市鶴見区諸口1-10,1,,,,1,,,,,34.70007319,135.576766,
1718,E2710001473201,諸口中公園,大阪府大阪市鶴見区諸口1-14,,,,1,1,,,,,34.70150419,135.5782437,
1719,E2710001474202,茨田南小学校（運動場）,大阪府大阪市鶴見区諸口1-3-71,,,,1,1,,,,1,34.69847795,135.5775193,
1720,E2710001474201,茨田南小学校,大阪府大阪市鶴見区諸口1-3-71,1,,,,1,,,,1,34.69830154,135.5778662,
1721,E2710001475201,市営茨田南住宅４号館,大阪府大阪市鶴見区諸口1-5,1,,,,1,,,,,34.6989419,135.5761952,
1722,E2710001476201,市営茨田南住宅５号館,大阪府大阪市鶴見区諸口1-7,1,,,,1,,,,,34.69945448,135.5762028,
1723,E2710001477201,市営諸口南住宅３号館,大阪府大阪市鶴見区諸口2-12,1,,,,1,,,,,34.69975652,135.5811728,
1724,E2710001478201,コーシャハイツ諸口,大阪府大阪市鶴見区諸口2-12-21,1,,,,1,,,,,34.70041103,135.5818673,
1725,E2710001479201,諸口東公園,大阪府大阪市鶴見区諸口2-14,,,,1,1,,,,,34.70121583,135.5827901,
1726,E2710001480201,市営諸口南住宅５号館,大阪府大阪市鶴見区諸口2-5,1,,,,1,,,,,34.69890532,135.5807383,
1727,E2710001481201,市営諸口南住宅４号館,大阪府大阪市鶴見区諸口2-6,1,,,,1,,,,,34.69923609,135.5807812,
1728,E2710001481202,市営諸口南住宅１号館,大阪府大阪市鶴見区諸口2-6,1,,,,1,,,,,34.69931548,135.5802287,
1729,E2710001482201,市営諸口南住宅２号館,大阪府大阪市鶴見区諸口2-9,1,,,,1,,,,,34.70002555,135.5803091,
1730,E2710003006201,市営茨田諸口西住宅３号館,大阪府大阪市鶴見区諸口3-2,1,,,,1,,,,,34.702565,135.575945,
1731,E2710001483201,茨田中学校,大阪府大阪市鶴見区諸口3-4-44,1,,,,1,,,,1,34.70366023,135.578081,
1732,E2710001483202,茨田中学校（運動場）,大阪府大阪市鶴見区諸口3-4-44,,,,1,1,,,,1,34.70276772,135.5767573,
1733,E2710001484201,市営諸口住宅５号館,大阪府大阪市鶴見区諸口4-11,1,,,,1,,,,,34.70358921,135.5815753,
1734,E2710001485201,市営諸口住宅６号館,大阪府大阪市鶴見区諸口4-12,1,,,,1,,,,,34.70316143,135.5816611,
1735,E2710001487201,コーシャハイツ諸口北,大阪府大阪市鶴見区諸口6-3-19,1,,,,1,,,,,34.70514538,135.5774959,
1736,E2710001488202,市営諸口北住宅２号館,大阪府大阪市鶴見区諸口6-4,1,,,,1,,,,,34.70597941,135.5773342,
1737,E2710001488203,市営諸口北住宅１号館,大阪府大阪市鶴見区諸口6-4,1,,,,1,,,,,34.70551195,135.5772645,
1738,E2710001488201,市営諸口北住宅３号館,大阪府大阪市鶴見区諸口6-4,1,,,,1,,,,,34.70574127,135.5784661,
1739,E2710001489202,市営諸口北住宅４号館,大阪府大阪市鶴見区諸口6-5,1,,,,1,,,,,34.70645569,135.5773878,
1740,E2710001489201,市営諸口北住宅５号館,大阪府大阪市鶴見区諸口6-5,1,,,,1,,,,,34.70694079,135.5768139,
1741,E2710001490201,市営諸口第２住宅６号館,大阪府大阪市鶴見区諸口6-6-6,1,,,,1,,,,,34.70699562,135.5776452,
1742,E2710001491201,市営焼野住宅１号館,大阪府大阪市鶴見区焼野1-1-1,1,,,,1,,,,,34.71663694,135.5833255,
1743,E2710001492201,市営焼野住宅２号館,大阪府大阪市鶴見区焼野1-1-2,1,,,,1,,,,,34.71741148,135.583176,
1744,E2710001493201,市営焼野住宅３号館,大阪府大阪市鶴見区焼野1-1-3,1,,,,1,,,,,34.71724392,135.58375,
1745,E2710001494201,焼野小学校,大阪府大阪市鶴見区焼野1-3-44,1,,,,1,,,,1,34.71623749,135.5842841,
1746,E2710001494202,焼野小学校（運動場）,大阪府大阪市鶴見区焼野1-3-44,,,,1,1,,,,1,34.71707969,135.5843288,
1747,E2710001496201,焼野公園,大阪府大阪市鶴見区焼野2-7,,,,1,1,,,,,34.71659505,135.5860862,
1748,E2710001495201,焼野さくら公園,大阪府大阪市鶴見区焼野１－南10,,,,1,1,,,,,34.71543781,135.5838471,
1749,E2710001497201,焼野南公園,大阪府大阪市鶴見区焼野２－南5,,,,1,1,,,,,34.71470593,135.5852675,
1750,E2710001498201,中徳公園,大阪府大阪市鶴見区中茶屋1-1,,,,1,1,,,,,34.69954801,135.5851348,
1751,E2710001499201,市営鶴見住宅８号館,大阪府大阪市鶴見区鶴見1-2,1,,,,1,,,,,34.697736,135.560101,
1752,E2710001500201,鶴見中央公園,大阪府大阪市鶴見区鶴見1-6,,,,1,,,,,,34.69737719,135.5650377,
1753,E2710001500202,鶴見１公園,大阪府大阪市鶴見区鶴見1-6,,,,1,,,,,,34.69667592,135.5652916,
1754,E2710001501201,市営鶴見第２住宅４号館,大阪府大阪市鶴見区鶴見2-16,1,,,,1,,,,,34.699467,135.565029,
1755,E2710001502202,鶴見南小学校（運動場）,大阪府大阪市鶴見区鶴見2-17-22,,,,1,,,,,1,34.69901022,135.5648046,
1756,E2710001502201,鶴見南小学校,大阪府大阪市鶴見区鶴見2-17-22,1,,,,1,,,,1,34.69904109,135.5657979,
1757,E2710001503201,市営鶴見第２住宅３号館,大阪府大阪市鶴見区鶴見2-20,1,,,,1,,,,,34.699514,135.566018,
1758,E2710001504202,市営鶴見第２住宅６号館,大阪府大阪市鶴見区鶴見2-21,1,,,,1,,,,,34.70032136,135.566745,
1759,E2710001504201,市営鶴見第２住宅２号館,大阪府大阪市鶴見区鶴見2-21,1,,,,1,,,,,34.699642169905,135.56668062698,
1760,E2710001505201,市営鶴見第２住宅５号館,大阪府大阪市鶴見区鶴見2-22,1,,,,1,,,,,34.69999059,135.5659725,
1761,E2710001506201,鶴見南公園,大阪府大阪市鶴見区鶴見2-5,,,,1,,,,,,34.69996976,135.5627387,
1762,E2710001507201,市営鶴見住宅４号館,大阪府大阪市鶴見区鶴見2-7,1,,,,1,,,,,34.698978,135.56303,
1763,E2710001507202,市営鶴見住宅３号館,大阪府大阪市鶴見区鶴見2-7,1,,,,1,,,,,34.698974,135.561899,
1764,E2710001508201,市営鶴見住宅２号館,大阪府大阪市鶴見区鶴見2-8,1,,,,1,,,,,34.698255,135.562984,
1765,E2710001508202,市営鶴見住宅１号館,大阪府大阪市鶴見区鶴見2-8,1,,,,1,,,,,34.698266,135.562072,
1766,E2710001509201,鶴見北公園,大阪府大阪市鶴見区鶴見4-14,,,,1,,,,,,34.70446353,135.5648886,
1767,E2710001510201,鶴見小学校,大阪府大阪市鶴見区鶴見4-14-10,1,,,,1,,,,1,34.70533446,135.5642612,
1768,E2710001510202,鶴見小学校（運動場）,大阪府大阪市鶴見区鶴見4-14-10,,,,1,,,,,1,34.70500812,135.5646814,
1769,E2710001511201,鶴見北中央公園,大阪府大阪市鶴見区鶴見4-7,,,,1,,,,,,34.70449441,135.5617398,
1770,E2710001512201,市営鶴見北住宅１号館,大阪府大阪市鶴見区鶴見5-6,1,,,,1,,,,,34.70595182,135.5644173,
1771,E2710001513201,市営鶴見北住宅２号館,大阪府大阪市鶴見区鶴見5-8,1,,,,1,,,,,34.70638841,135.5652917,
1772,E2710001514201,市営鶴見北住宅５号館,大阪府大阪市鶴見区鶴見5-9,1,,,,1,,,,,34.70605325,135.5662037,
1773,E2710001514202,市営鶴見北住宅３号館,大阪府大阪市鶴見区鶴見5-9,1,,,,1,,,,,34.70679854,135.5662627,
1774,E2710001515202,緑中学校（運動場）,大阪府大阪市鶴見区鶴見6-6-11,,,,1,1,,,,1,34.70804876,135.5645957,
1775,E2710001515201,緑中学校,大阪府大阪市鶴見区鶴見6-6-11,1,,,,1,,,,1,34.70866174,135.5644813,
1776,E2710001516201,茨田北小学校,大阪府大阪市鶴見区浜3-8-66,1,,,,1,,,,1,34.7089366,135.5861111,
1777,E2710001516202,茨田北小学校（運動場）,大阪府大阪市鶴見区浜3-8-66,,,,1,1,,,,1,34.709192372641,135.58586614603,
1778,E2710001517201,浜北公園,大阪府大阪市鶴見区浜4-16,,,,1,1,,,,,34.71206309,135.5844682,
1779,E2710001519201,放出公園,大阪府大阪市鶴見区放出東2-2,,,,1,1,,,,,34.6926623,135.5604815,
1780,E2710001520201,市営放出東住宅３号館,大阪府大阪市鶴見区放出東2-5,1,,,,1,,,,,34.69101208,135.5602117,
1781,E2710001522202,市営放出東住宅２号館,大阪府大阪市鶴見区放出東3-2,1,,,,1,,,,,34.6902887,135.5601044,
1782,E2710001522201,市営放出東住宅１号館,大阪府大阪市鶴見区放出東3-2,1,,,,1,,,,,34.68961825,135.5596967,
1783,E2710001522203,放出小公園,大阪府大阪市鶴見区放出東3-2,,,,1,1,,,,,34.68935632,135.559291,
1784,E2710001523201,放出駅南公園,大阪府大阪市鶴見区放出東3-35,,,,1,1,,,,,34.68732639,135.5627532,
1785,E2710001524201,緑第一公園,大阪府大阪市鶴見区緑1-17,,,,1,1,,,,,34.71418145,135.5616049,
1786,E2710001525201,緑第二公園,大阪府大阪市鶴見区緑1-3,,,,1,1,,,,,34.70965593,135.5615006,
1787,E2710001526201,鶴見商業高等学校,大阪府大阪市鶴見区緑2-10-9,1,,,,1,,,,1,34.7103609,135.5665216,
1788,E2710001526202,鶴見商業高等学校（運動場）,大阪府大阪市鶴見区緑2-10-9,,,,1,1,,,,1,34.70992433,135.5674782,
1789,E2710001527201,みどり小学校,大阪府大阪市鶴見区緑2-4-45,1,,,,1,,,,1,34.71044455,135.5641103,
1790,E2710001527202,みどり小学校（運動場）,大阪府大阪市鶴見区緑2-4-45,,,,1,1,,,,1,34.71085466,135.5641496,
1791,E2710001528201,鶴見緑地,大阪府大阪市鶴見区緑地公園,,,,1,1,1,,,1,34.7137142,135.5746412,広域避難場所
1792,E2710001530201,逢阪公園,大阪府大阪市天王寺区逢阪1-3,,,,1,1,,,,,34.65411475,135.5115616,
1793,E2710001531201,五条公園,大阪府大阪市天王寺区烏ケ辻2-5,,,,1,1,,,,,34.65758861,135.5236546,
1794,E2710001532201,大阪ビジネスフロンティア高等学校（運動場）,大阪府大阪市天王寺区烏ケ辻2-9-26,,,,1,1,,,,1,34.65635998,135.5246343,
1795,E2710001533201,高津高等学校（運動場）,大阪府大阪市天王寺区餌差町10-47,,,,1,1,,,,1,34.67028029,135.5251077,
1796,E2710001534201,大阪明星学園（運動場）,大阪府大阪市天王寺区餌差町5-44,,,,1,1,,,,1,34.67279161,135.5258249,
1797,E2710001535201,大岸公園,大阪府大阪市天王寺区下寺町2-6,,,,1,1,,,,,34.65503981,135.5104188,
1798,E2710001536201,宰相山西公園,大阪府大阪市天王寺区玉造本町14,,,,1,1,,,,,34.67349665,135.5289936,
1799,E2710001536202,宰相山公園,大阪府大阪市天王寺区玉造本町14,,,,1,1,,,,,34.67261429,135.5294978,
1800,E2710001537201,真田山小学校（運動場）,大阪府大阪市天王寺区玉造本町14-41,,,,1,1,,,,1,34.67181717,135.5282258,
1801,E2710001538201,国分公園,大阪府大阪市天王寺区国分町14,,,,1,1,,,,,34.65128858,135.5245456,
1802,E2710001539201,大江小学校（運動場）,大阪府大阪市天王寺区四天王寺1-9-18,,,,1,1,,,,1,34.656564254883,135.5149733,
1803,E2710001540201,寺田町公園,大阪府大阪市天王寺区寺田町1-5,,,,1,1,,,,,34.65284055,135.5208749,
1804,E2710001541201,聖和小学校（運動場）,大阪府大阪市天王寺区寺田町1-6-37,,,,1,1,,,,1,34.651763965317,135.52228676072,
1805,E2710001543201,夕陽丘中学校（運動場）,大阪府大阪市天王寺区小宮町6-28,,,,1,1,,,,1,34.66028308,135.5194006,
1806,E2710001544201,五条小学校（運動場）,大阪府大阪市天王寺区小宮町9-28,,,,1,1,,,,1,34.65910433757,135.51979994907,
1807,E2710001545201,小橋公園,大阪府大阪市天王寺区小橋町3,,,,1,1,,,,,34.66648418,135.5260267,
1808,E2710001546201,上汐北公園,大阪府大阪市天王寺区上汐3-5,,,,1,1,,,,,34.66391277,135.5173196,
1809,E2710001547201,生魂小学校（運動場）,大阪府大阪市天王寺区上汐4-1-25,,,,1,1,,,,1,34.66279796,135.5171262,
1810,E2710001548201,上汐公園,大阪府大阪市天王寺区上汐4-2,,,,1,1,,,,,34.66208649,135.5168828,
1811,E2710001551201,空清町公園,大阪府大阪市天王寺区上本町3-4,,,,1,1,,,,,34.67202347,135.5214969,
1812,E2710001552201,上七公園,大阪府大阪市天王寺区上本町7-2,,,,1,1,,,,,34.66298589,135.5176863,
1813,E2710001553201,上八公園,大阪府大阪市天王寺区上本町8-8,,,,1,1,,,,,34.65927312,135.5177575,
1814,E2710001555201,高津中学校（運動場）,大阪府大阪市天王寺区城南寺町1-31,,,,1,1,,,,1,34.67119596,135.5240079,
1815,E2710001557201,真田山公園,大阪府大阪市天王寺区真田山町5,,,,1,1,,,,,34.6695606,135.5280485,
1816,E2710001559201,清水谷公園,大阪府大阪市天王寺区清水谷町16,,,,1,1,,,,,34.67358048,135.5241309,
1817,E2710001560201,宗教法人青蓮寺,大阪府大阪市天王寺区生玉寺町3-19,,,,1,1,,,,,34.6605319,135.5131286,
1818,E2710001561201,宗教法人大善寺,大阪府大阪市天王寺区生玉寺町5-29,,,,1,1,,,,,34.66280517,135.5133062,
1819,E2710001562201,宗教法人圓通寺,大阪府大阪市天王寺区生玉寺町5-4,,,,1,1,,,,,34.66318827,135.5139041,
1820,E2710001563201,宗教法人清恩寺,大阪府大阪市天王寺区生玉寺町5-9,,,,1,1,,,,,34.66251241,135.5138327,
1821,E2710001564201,宗教法人銀山寺,大阪府大阪市天王寺区生玉寺町6-26,,,,1,1,,,,,34.66304909,135.5127102,
1822,E2710001565201,宗教法人大安寺,大阪府大阪市天王寺区生玉寺町7-25,,,,1,1,,,,,34.66175945,135.5126034,
1823,E2710001566201,宗教法人法仙寺,大阪府大阪市天王寺区生玉寺町7-35,,,,1,1,,,,,34.660989,135.51278,
1824,E2710001567201,宗教法人宗惠院,大阪府大阪市天王寺区生玉前町5-22,,,,1,1,,,,,34.66199992,135.5151703,
1825,E2710001568201,生玉公園,大阪府大阪市天王寺区生玉町13,,,,1,1,,,,,34.66454862,135.5140072,
1826,E2710001569201,大阪夕陽丘学園（運動場）,大阪府大阪市天王寺区生玉町7-72,,,,1,1,,,,1,34.6599803,135.5123463,
1827,E2710001570201,石ヶ辻公園,大阪府大阪市天王寺区石ケ辻町11,,,,1,1,,,,,34.66336054,135.522428,
1828,E2710001571201,清風学園（運動場）,大阪府大阪市天王寺区石ケ辻町12-16,,,,1,1,,,,1,34.66355418,135.5215653,
1829,E2710001573201,天王寺小学校（運動場）,大阪府大阪市天王寺区大道1-4-49,,,,1,1,,,,1,34.6525538,135.5152394,
1830,E2710001574201,稲生公園,大阪府大阪市天王寺区大道3-7,,,,1,1,,,,,34.650085,135.5192723,
1831,E2710001575201,大道北公園,大阪府大阪市天王寺区大道4-6,,,,1,1,,,,,34.745736,135.548871,
1832,E2710001576201,大道南公園,大阪府大阪市天王寺区大道5-9,,,,1,1,,,,,34.64717953,135.5221447,
1833,E2710001577201,天王寺公園,大阪府大阪市天王寺区茶臼山町,,,,1,1,1,,,,34.64855493,135.5108279,
1834,E2710001578201,東高津公園,大阪府大阪市天王寺区東高津町2,,,,1,1,,,,,34.66833528,135.5230402,
1835,E2710001579201,東上町公園,大阪府大阪市天王寺区東上町2,,,,1,1,,,,,34.66403502,135.5294267,
1836,E2710001580201,桃陽小学校（運動場）,大阪府大阪市天王寺区堂ケ芝1-2-23,,,,1,1,,,,1,34.661418989084,135.52825908466,
1837,E2710001581201,五条小公園,大阪府大阪市天王寺区堂ケ芝2-17,,,,1,1,,,,,34.6590364,135.5245698,
1838,E2710001582201,南河堀公園,大阪府大阪市天王寺区南河堀町,,,,1,1,,,,,34.64685282,135.5178495,
1839,E2710001583201,天王寺中学校（運動場）,大阪府大阪市天王寺区北河堀町6-20,,,,1,1,,,,1,34.65011459,135.5174364,
1840,E2710001584201,夕陽丘高等学校（運動場）,大阪府大阪市天王寺区北山町10-10,,,,1,1,,,,1,34.65861352,135.522064,
1841,E2710001585201,庚申堂公園,大阪府大阪市天王寺区堀越町2,,,,1,1,,,,,34.650571,135.5160402,
1842,E2710001586201,味原小学校（運動場）,大阪府大阪市天王寺区味原町8-19,,,,1,1,,,,1,34.66703735,135.5278747,
1843,E2710001587201,大阪夕陽丘学園学校用暫定グラウンド,大阪府大阪市天王寺区夕陽丘町25-5,,,,1,1,,,,,34.65797279,135.5121428,
1844,E2710001588201,宗教法人吉祥寺,大阪府大阪市天王寺区六万体町1-20,,,,1,1,,,,,34.66028131,135.5151949,
1845,E2710001589201,宗教法人鳳林寺,大阪府大阪市天王寺区六万体町2-10,,,,1,1,,,,,34.65983392,135.5149618,
1846,E2710001591202,高倉中学校（運動場）,大阪府大阪市都島区御幸町1-1-10,,,,1,,,,,1,34.71269409,135.5330791,
1847,E2710001591201,高倉中学校,大阪府大阪市都島区御幸町1-1-10,1,,,,1,,,,1,34.71264852,135.532616,
1848,E2710001590201,市営御幸住宅２号館,大阪府大阪市都島区御幸町1-10,1,,,,1,,,,,34.71428483,135.5344666,
1849,E2710001592202,御幸南児童遊園,大阪府大阪市都島区御幸町1-7,,,,1,,,,,,34.71396046,135.5339155,
1850,E2710001592201,市営御幸住宅１号館,大阪府大阪市都島区御幸町1-7,1,,,,1,,,,,34.7139012,135.5344612,
1851,E2710001595201,生活協同組合　おおさかパルコープ　パル都島福祉センター,大阪府大阪市都島区御幸町2-13-9,1,,,,1,,,,,34.717808,135.534561,
1852,E2710001596201,高倉中央公園,大阪府大阪市都島区御幸町2-4,,,,1,,,,,,34.71545559,135.5329266,
1853,E2710001597201,市営御幸住宅３号館,大阪府大阪市都島区御幸町2-5,1,,,,1,,,,,34.71581845,135.5335703,
1854,E2710001598201,御幸北児童遊園,大阪府大阪市都島区御幸町2-9,,,,1,,,,,,34.71688784,135.5338181,
1855,E2710001599201,三和電装エンジニアリング㈱,大阪府大阪市都島区高倉町3-10-27,1,,,,1,,,,,34.71965894,135.5320045,
1856,E2710002948201,株式会社あさひ　本社ビル,大阪府大阪市都島区高倉町3-11-4,1,,,,1,,,,,34.720032,135.531195,
1857,E2710001600201,高倉三公園,大阪府大阪市都島区高倉町3-13,,,,1,1,,,,,34.72044,135.532696,
1858,E2710001602201,高倉小学校,大阪府大阪市都島区高倉町3-3-10,1,,,,1,,,,1,34.71865988,135.5331981,
1859,E2710001602202,高倉小学校（運動場）,大阪府大阪市都島区高倉町3-3-10,,,,1,,,,,1,34.71813664,135.5336183,
1860,E2710001603201,善源寺楠公園,大阪府大阪市都島区善源寺町1-11,,,,1,1,,,,,34.71195662,135.5235736,
1861,E2710001604201,善源寺公園,大阪府大阪市都島区善源寺町1-4,,,,1,1,,,,,34.71054948,135.5240365,
1862,E2710001605201,都島工業高等学校,大阪府大阪市都島区善源寺町1-5-64,1,,,,1,,,,1,34.71070934,135.5256417,
1863,E2710001605202,都島工業高等学校（運動場）,大阪府大阪市都島区善源寺町1-5-64,,,,1,1,,,,1,34.71022573,135.5255469,
1864,E2710001606201,㈱ミルボン中央研究所,大阪府大阪市都島区善源寺町2-3-35,1,,,,1,,,,,34.71093761,135.5269767,
1865,E2710002855201,そんぽの家　城北,大阪府大阪市都島区大東町3-5-19,1,,,,1,,,,1,34.726981,135.528476,
1866,E2710001608201,中野南公園,大阪府大阪市都島区中野町3-1,,,,1,,,,,,34.70220869,135.5243074,
1867,E2710001609202,中野小学校（運動場）,大阪府大阪市都島区中野町3-10-5,,,,1,,,,,1,34.70293511933,135.5246253,
1868,E2710001609201,中野小学校,大阪府大阪市都島区中野町3-10-5,1,,,,1,,,,1,34.702869517121,135.5242351,
1869,E2710001610202,都島中学校（運動場）,大阪府大阪市都島区中野町3-9-33,,,,1,,,,,1,34.702849799141,135.5259401,
1870,E2710001610201,都島中学校,大阪府大阪市都島区中野町3-9-33,1,,,,1,,,,1,34.7027737479,135.52556133559,
1871,E2710001614201,都島中央公園,大阪府大阪市都島区中野町5-15,,,,1,1,,,,,34.70730965,135.5226424,
1872,E2710001615201,中野公園,大阪府大阪市都島区中野町5-7,,,,1,1,,,,,34.7058725,135.5216127,
1873,E2710001617201,都島公園,大阪府大阪市都島区都島中通1,,,,1,,,,,,34.7053879,135.5315973,
1874,E2710001618201,市営都島中通住宅１号館,大阪府大阪市都島区都島中通2-1,1,,,,1,,,,,34.70304998,135.5316498,
1875,E2710001619201,クレールソフィア都島,大阪府大阪市都島区都島中通2-10-24,1,,,,1,,,,,34.70406228,135.5315327,
1876,E2710001620201,ブリランテ都島,大阪府大阪市都島区都島中通2-10-25,1,,,,1,,,,,34.70414166,135.531538,
1877,E2710001621201,グランシエール都島,大阪府大阪市都島区都島中通2-10-26,1,,,,1,,,,,34.70420781,135.5315327,
1878,E2710001622201,市営都島中通住宅２号館,大阪府大阪市都島区都島中通2-9,1,,,,1,,,,,34.70343311,135.5316502,
1879,E2710002913201,都島自動車学校（教習コース）,大阪府大阪市都島区都島中通１－８の一部、１２、１５,,,,1,,,,,,34.7059,135.5284,
1880,E2710002871201,ぽっぽてらす（区民広場）,大阪府大阪市都島区都島南通1-22,,,,1,1,,,,,34.704237,135.528317,
1881,E2710001625201,都島南通公園,大阪府大阪市都島区都島南通1-24,,,,1,,,,,,34.70583972,135.5256983,
1882,E2710001626201,都島北一公園,大阪府大阪市都島区都島北通1-13,,,,1,1,,,,,34.71082335,135.5276939,
1883,E2710001628201,都島北通公園,大阪府大阪市都島区都島北通2-4,,,,1,,,,,,34.70946235,135.5335943,
1884,E2710001629201,かすがえ公園,大阪府大阪市都島区都島本通1-19,,,,1,1,,,,,34.71039887,135.5221105,
1885,E2710001630201,都島小学校,大阪府大阪市都島区都島本通3-10-3,1,,,,1,,,,1,34.70715535,135.52757,
1886,E2710001630202,都島小学校（運動場）,大阪府大阪市都島区都島本通3-10-3,,,,1,,,,,1,34.70700248,135.5280117,
1887,E2710001631201,敷島公園,大阪府大阪市都島区都島本通3-25,,,,1,,,,,,34.70835092,135.5283622,
1888,E2710001633201,都島屋内プール,大阪府大阪市都島区都島本通4-12-7,1,,,,1,,,,,34.70739791,135.5325567,
1889,E2710001634202,東都島小学校（運動場）,大阪府大阪市都島区都島本通4-24-20,,,,1,,,,,1,34.70807822,135.5336433,
1890,E2710001634201,東都島小学校,大阪府大阪市都島区都島本通4-24-20,1,,,,1,,,,1,34.70829044,135.5337788,
1891,E2710001635201,東都島公園,大阪府大阪市都島区都島本通4-6,,,,1,,,,,,34.70637689,135.5322338,
1892,E2710001636202,桜宮小学校（運動場）,大阪府大阪市都島区東野田町1-10-19,,,,1,1,,,,1,34.696206997371,135.52747313558,
1893,E2710001636201,桜宮小学校,大阪府大阪市都島区東野田町1-10-19,1,,,,1,,,,1,34.69660089,135.5274501,
1894,E2710001637201,東野田公園,大阪府大阪市都島区東野田町1-4,,,,1,1,,,,,34.69543585,135.5280579,
1895,E2710001638201,生活協同組合　おおさかパルコープ　京橋事務所,大阪府大阪市都島区東野田町1-5-26,1,,,,1,,,,,34.695736,135.529265,
1896,E2710001639201,京橋公園,大阪府大阪市都島区東野田町2-6,,,,1,1,,,,,34.697438,135.531066,
1897,E2710001640201,東高等学校,大阪府大阪市都島区東野田町4-15-14,1,,,,1,,,,1,34.69945307,135.5286258,
1898,E2710001640202,東高等学校（運動場）,大阪府大阪市都島区東野田町4-15-14,,,,1,1,,,,1,34.69896499,135.5284344,
1899,E2710001641201,桜之宮東公園,大阪府大阪市都島区東野田町5-10,,,,1,,,,,,34.700578433835,135.53523510675,
1900,E2710001642202,桜宮中学校（運動場）,大阪府大阪市都島区東野田町5-16-10,,,,1,,,,,1,34.70137261,135.5363499,
1901,E2710001642201,桜宮中学校,大阪府大阪市都島区東野田町5-16-10,1,,,,1,,,,1,34.70167076,135.5366841,
1902,E2710001645201,市営内代第２住宅１号館,大阪府大阪市都島区内代町2-15-30,1,,,,1,,,,,34.71189633,135.5362125,
1903,E2710001646201,内代公園,大阪府大阪市都島区内代町3-3,,,,1,1,,,,,34.7131722,135.5362986,
1904,E2710001647202,内代小学校（運動場）,大阪府大阪市都島区内代町3-4-6,,,,1,1,,,,1,34.71312335,135.5372597,
1905,E2710001647201,内代小学校,大阪府大阪市都島区内代町3-4-6,1,,,,1,,,,1,34.71328063,135.5369093,
1906,E2710001648201,蕪村公園,大阪府大阪市都島区毛馬町1-12,,,,1,1,,,,,34.7187154,135.5200245,
1907,E2710001649201,市営毛馬南住宅１号館,大阪府大阪市都島区毛馬町1-21,1,,,,1,,,,,34.71976568,135.5198249,
1908,E2710001650201,セラヴィ毛馬,大阪府大阪市都島区毛馬町1-8-17,1,,,,1,,,,,34.720139,135.523185,
1909,E2710001651201,市営毛馬住宅１号館,大阪府大阪市都島区毛馬町2-11,1,,,,1,,,,,34.71976568,135.5198249,
1910,E2710001651202,毛馬南公園,大阪府大阪市都島区毛馬町2-11,,,,1,1,,,,,34.72121282,135.5232341,
1911,E2710001652201,大東小学校,大阪府大阪市都島区毛馬町2-11-111,1,,,,1,,,,1,34.72315408,135.5252992,
1912,E2710001652202,大東小学校（運動場）,大阪府大阪市都島区毛馬町2-11-111,,,,1,1,,,,1,34.72305414,135.5249577,
1913,E2710001653201,市営毛馬住宅２号館,大阪府大阪市都島区毛馬町2-12,1,,,,1,,,,,34.724256,135.523127,
1914,E2710001655201,市営毛馬住宅３号館,大阪府大阪市都島区毛馬町2-13,1,,,,1,,,,,34.723504,135.524553,
1915,E2710001656201,ライフ毛馬店,大阪府大阪市都島区毛馬町2-2-8,1,,,,1,,,,,34.720858,135.525096,
1916,E2710001657201,東毛馬公園,大阪府大阪市都島区毛馬町2-5,,,,1,1,,,,,34.72202133,135.5279986,
1917,E2710001659201,毛馬西公園,大阪府大阪市都島区毛馬町3-1,,,,1,1,,,,,34.72051452772,135.51961272579,
1918,E2710001660201,淀川中学校,大阪府大阪市都島区毛馬町3-5-12,1,,,,1,,,,1,34.72219169,135.5192734,
1919,E2710001660202,淀川中学校（運動場）,大阪府大阪市都島区毛馬町3-5-12,,,,1,1,,,,1,34.72202561,135.5199136,
1920,E2710001661201,淀川小学校,大阪府大阪市都島区毛馬町3-5-39,1,,,,1,,,,1,34.72213861,135.5210341,
1921,E2710001661202,淀川小学校（運動場）,大阪府大阪市都島区毛馬町3-5-39,,,,1,1,,,,1,34.72173885,135.5209286,
1922,E2710001662201,毛馬中央公園,大阪府大阪市都島区毛馬町4-1,,,,1,1,,,,,34.72249542,135.5216121,
1923,E2710001663201,毛馬北公園,大阪府大阪市都島区毛馬町4-13,,,,1,1,,,,,34.72463842,135.5206192,
1924,E2710001664201,市営毛馬住宅６号館,大阪府大阪市都島区毛馬町4-6,1,,,,1,,,,,34.72465093,135.5220847,
1925,E2710001665201,城北緑道公園,大阪府大阪市都島区毛馬町5,,,,1,1,,,,,34.72602354,135.5265607,
1926,E2710001666201,桜宮高等学校,大阪府大阪市都島区毛馬町5-22-28,1,,,,1,,,,1,34.72700002,135.5236879,
1927,E2710001666202,桜宮高等学校（運動場）,大阪府大阪市都島区毛馬町5-22-28,,,,1,1,,,,1,34.72775541,135.5246499,
1928,E2710001667201,毛馬東公園,大阪府大阪市都島区毛馬町5-5,,,,1,1,,,,,34.725349,135.5250389,
1929,E2710001669201,毛馬桜之宮公園,大阪府大阪市都島区網島町,,,,1,1,,,,,34.71592481,135.5219961,
1930,E2710001670201,ザ・ガーデンオリエンタル大阪,大阪府大阪市都島区網島町6-1,1,,,,1,,,,,34.694013993529,135.52406830423,
1931,E2710001671201,大阪私学会館,大阪府大阪市都島区網島町6-20,1,,,,1,,,,,34.693613,135.524839,
1932,E2710001672201,市営友渕住宅２号館,大阪府大阪市都島区友渕1-3,1,,,,1,,,,,34.720517,135.527277,
1933,E2710001672202,市営友渕住宅１号館,大阪府大阪市都島区友渕1-3,1,,,,1,,,,,34.720669,135.526479,
1934,E2710003053201,大阪拘置所,大阪府大阪市都島区友渕町1-2-5,1,,,,1,,,,,34.715243,135.524404,
1935,E2710001673201,友渕中央公園,大阪府大阪市都島区友渕町1-3,,,,1,1,,,,,34.71931193,135.5248283,
1936,E2710001675201,友渕（分校）小学校,大阪府大阪市都島区友渕町1-3-123,1,,,,1,,,,1,34.71939642,135.5268638,
1937,E2710001675202,友渕小学校,大阪府大阪市都島区友渕町1-3-123,1,,,,1,,,,1,34.719051,135.526353,
1938,E2710001675203,友渕小学校（運動場）,大阪府大阪市都島区友渕町1-3-123,,,,1,1,,,,1,34.71941553,135.5259215,
1939,E2710001676201,友渕小学校分校（運動場）,大阪府大阪市都島区友渕町1-3-187,,,,1,1,,,,1,34.716546,135.52236,
1940,E2710001677202,友渕中学校（運動場）,大阪府大阪市都島区友渕町1-5-151,,,,1,1,,,,1,34.71664406,135.5259547,
1941,E2710001677201,友渕中学校,大阪府大阪市都島区友渕町1-5-151,1,,,,1,,,,1,34.71607377,135.5263445,
1942,E2710001678201,友渕公園,大阪府大阪市都島区友渕町3-9,,,,1,,,,,,34.72126118,135.5295351,
1943,E2710001679201,駒川北公園,大阪府大阪市東住吉区駒川1-20,,,,1,1,,,,,34.63419537,135.531078,
1944,E2710001681201,駒川公園,大阪府大阪市東住吉区駒川2-3,,,,1,1,,,,,34.62937945,135.5306731,
1945,E2710001682201,田辺公園,大阪府大阪市東住吉区駒川3-10,,,,1,1,,,,,34.6257906,135.5308306,
1946,E2710001683201,桑津北公園,大阪府大阪市東住吉区桑津1-12,,,,1,1,,,,,34.6417827,135.5293199,
1947,E2710001684201,桑津公園,大阪府大阪市東住吉区桑津3-6,,,,1,1,,,,,34.63848157,135.5299428,
1948,E2710001685201,桑津東公園,大阪府大阪市東住吉区桑津4-10,,,,1,1,,,,,34.63740389,135.532962,
1949,E2710001686201,桑津小学校,大阪府大阪市東住吉区桑津5-13-13,1,,,,,,,,1,34.63549005,135.5314451,
1950,E2710001686202,桑津小学校（運動場）,大阪府大阪市東住吉区桑津5-13-13,,,,1,1,,,,1,34.63532821,135.5309802,
1951,E2710001687202,東住吉中学校（運動場）,大阪府大阪市東住吉区桑津5-17-25,,,,1,1,,,,1,34.63530805,135.5323946,
1952,E2710001687201,東住吉中学校,大阪府大阪市東住吉区桑津5-17-25,1,,,,,,,,1,34.63504175,135.5319744,
1953,E2710001688201,市営矢田部住宅１５号館,大阪府大阪市東住吉区公園南矢田1-12-15,1,,,,,,,,,34.60745741,135.5246016,
1954,E2710001689201,市営矢田部住宅１６号館,大阪府大阪市東住吉区公園南矢田1-12-16,1,,,,,,,,,34.60702913,135.5246177,
1955,E2710001690201,市営矢田部住宅１号館,大阪府大阪市東住吉区公園南矢田1-18-20,1,,,,,,,,,34.60886204,135.5259462,
1956,E2710001691201,市営矢田部住宅１７号館,大阪府大阪市東住吉区公園南矢田1-23-17,1,,,,,,,,,34.60661851,135.5256798,
1957,E2710001692201,市営矢田部住宅４号館,大阪府大阪市東住吉区公園南矢田1-30-4,1,,,,,,,,,34.60802757,135.5265631,
1958,E2710001693201,市営矢田部住宅３号館,大阪府大阪市東住吉区公園南矢田1-31-3,1,,,,,,,,,34.6085,135.5265416,
1959,E2710001694201,市営矢田部住宅２号館,大阪府大阪市東住吉区公園南矢田1-32-2,1,,,,,,,,,34.60885321,135.5265631,
1960,E2710001695201,特別養護老人ホーム　くつろぎ,大阪府大阪市東住吉区公園南矢田1-4-17,1,,,,,,,,,34.607047,135.523468,
1961,E2710001696202,矢田西中学校（運動場）,大阪府大阪市東住吉区公園南矢田2-12-47,,,,1,1,,,,1,34.60481569,135.5244745,
1962,E2710001696201,矢田西中学校,大阪府大阪市東住吉区公園南矢田2-12-47,1,,,,,,,,1,34.60500739,135.5240409,
1963,E2710001697202,矢田西小学校（運動場）,大阪府大阪市東住吉区公園南矢田2-15-43,,,,1,1,,,,1,34.60420399,135.5257633,
1964,E2710001697201,矢田西小学校,大阪府大阪市東住吉区公園南矢田2-15-43,1,,,,,,,,1,34.6044851,135.5256864,
1965,E2710001699201,公園南小公園,大阪府大阪市東住吉区公園南矢田2-2,,,,1,1,,,,,34.60481776,135.5230633,
1966,E2710001700201,障がい者支援施設　ヴァンサンクの郷,大阪府大阪市東住吉区公園南矢田3-13-22,1,,,,,,,,1,34.601655,135.526191,
1967,E2710001701201,矢田西公園,大阪府大阪市東住吉区公園南矢田3-17,,,,1,1,,,,,34.60027524,135.5255491,
1968,E2710001702201,在宅介護ステーション　せいりょう,大阪府大阪市東住吉区公園南矢田4-10-6,1,,,,,,,,,34.596792,135.524477,
1969,E2710001703201,枯木町公園,大阪府大阪市東住吉区公園南矢田4-22,,,,1,1,,,,,34.59747683,135.5248525,
1970,E2710001704201,東住吉スポーツセンター,大阪府大阪市東住吉区公園南矢田4-30-3,,,,1,1,,,,,34.5987085,135.5262444,
1971,E2710001705201,市営公園南矢田住宅２号館,大阪府大阪市東住吉区公園南矢田4-6,1,,,,,,,,,34.59637207,135.5229293,
1972,E2710001707201,育和小学校,大阪府大阪市東住吉区杭全4-10-12,1,,,,,,,,1,34.63452616,135.5378799,
1973,E2710001707202,育和小学校（運動場）,大阪府大阪市東住吉区杭全4-10-12,,,,1,1,,,,1,34.63426721,135.5372701,
1974,E2710001708201,杭全西公園,大阪府大阪市東住吉区杭全4-3,,,,1,1,,,,,34.63447053,135.5352457,
1975,E2710001709201,育和公園,大阪府大阪市東住吉区杭全8-5,,,,1,1,,,,,34.63360766,135.5415519,
1976,E2710001710201,うるし堤公園,大阪府大阪市東住吉区今川1-1,,,,1,1,,,,,34.63076333,135.534532,
1977,E2710001711202,白鷺中学校（運動場）,大阪府大阪市東住吉区今川1-2-21,,,,1,1,,,,1,34.63103271,135.5356477,
1978,E2710001711201,白鷺中学校,大阪府大阪市東住吉区今川1-2-21,1,,,,,,,,1,34.63134776,135.5362418,
1979,E2710001712201,つくし公園,大阪府大阪市東住吉区今川4-1,,,,1,1,,,,,34.62959313,135.5338805,
1980,E2710001713201,わかば公園,大阪府大阪市東住吉区今川4-12,,,,1,1,,,,,34.62889546,135.5370394,
1981,E2710001714201,今川公園,大阪府大阪市東住吉区今川4-23,,,,1,1,,,,,34.62679845,135.5345792,
1982,E2710001715202,今川小学校（運動場）,大阪府大阪市東住吉区今川4-24-4,,,,1,1,,,,1,34.62681373,135.5355893,
1983,E2710001715201,今川小学校,大阪府大阪市東住吉区今川4-24-4,1,,,,,,,,1,34.62716853,135.5354351,
1984,E2710001716201,平野白鷺公園,大阪府大阪市東住吉区今川6-7,,,,1,1,,,,,34.62707802,135.5428451,
1985,E2710001718201,今林公園,大阪府大阪市東住吉区今林4-4,,,,1,1,,,,,34.63719708,135.5453347,
1986,E2710001719201,山坂公園,大阪府大阪市東住吉区山坂2-19,,,,1,1,,,,,34.62330838,135.5214072,
1987,E2710001720201,矢田公園,大阪府大阪市東住吉区住道矢田1-7,,,,1,1,,,,,34.60127967,135.5329598,
1988,E2710001721201,矢田東公園,大阪府大阪市東住吉区住道矢田2-11,,,,1,1,,,,,34.60322044,135.5390711,
1989,E2710001722202,矢田東小学校（運動場）,大阪府大阪市東住吉区住道矢田2-7-43,,,,1,1,,,,1,34.60258314,135.5377869,
1990,E2710001722201,矢田東小学校,大阪府大阪市東住吉区住道矢田2-7-43,1,,,,,,,,1,34.60273621,135.5382089,
1991,E2710001723201,市営住道矢田住宅１号館,大阪府大阪市東住吉区住道矢田3-1-1,1,,,,,,,,,34.600334,135.53326,
1992,E2710001724201,西浦池グラウンド,大阪府大阪市東住吉区住道矢田3-9,,,,1,1,,,,,34.59944275,135.5364253,
1993,E2710001725201,矢田河原田公園,大阪府大阪市東住吉区住道矢田6-8,,,,1,1,,,,,34.60674498,135.5417169,
1994,E2710001542201,住道南公園,大阪府大阪市東住吉区住道矢田9-1,,,,1,1,,,,,34.60181147,135.5402742,
1995,E2710001726202,矢田中学校（運動場）,大阪府大阪市東住吉区住道矢田9-7-55,,,,1,1,,,,1,34.60119859,135.5414035,
1996,E2710001726201,矢田中学校,大阪府大阪市東住吉区住道矢田9-7-55,1,,,,,,,,1,34.60197959,135.5410696,
1997,E2710001727201,照ヶ丘矢田公園,大阪府大阪市東住吉区照ケ丘矢田1-16,,,,1,1,,,,,34.60819031,135.534644,
1998,E2710001729202,矢田北小学校（運動場）,大阪府大阪市東住吉区照ケ丘矢田2-1-55,,,,1,1,,,,1,34.60874093,135.5371983,
1999,E2710001729201,矢田北小学校,大阪府大阪市東住吉区照ケ丘矢田2-1-55,1,,,,,,,,1,34.60856377,135.5362984,
2000,E2710001728201,城南学園（運動場）,大阪府大阪市東住吉区照ケ丘矢田2-14-19,,,,1,1,,,,1,34.60787055,135.5384353,
2001,E2710001730201,矢田住道公園,大阪府大阪市東住吉区照ケ丘矢田3-11,,,,1,1,,,,,34.60379808,135.5341534,
2002,E2710001731201,針中野わくわく公園,大阪府大阪市東住吉区針中野1-16,,,,1,1,,,,,34.61880102,135.5340616,
2003,E2710001732201,針中野東公園,大阪府大阪市東住吉区針中野4-12,,,,1,1,,,,,34.61775376,135.5376009,
2004,E2710001733201,今五児童遊園地,大阪府大阪市東住吉区西今川3-16,,,,1,1,,,,,34.6246427,135.5329453,
2005,E2710001734201,酒君塚公園,大阪府大阪市東住吉区鷹合2-5,,,,1,1,,,,,34.61485051,135.5314977,
2006,E2710001735202,鷹合小学校（運動場）,大阪府大阪市東住吉区鷹合3-12-38,,,,1,1,,,,1,34.611967,135.5297093,
2007,E2710001735201,鷹合小学校,大阪府大阪市東住吉区鷹合3-12-38,1,,,,,,,,1,34.61195494,135.5291528,
2008,E2710001737201,鷹合公園,大阪府大阪市東住吉区鷹合4-5,,,,1,1,,,,,34.6111743,135.5307675,
2009,E2710001738201,中野町公園,大阪府大阪市東住吉区中野1-8,,,,1,1,,,,,34.62292917,135.5356337,
2010,E2710001739201,南百済公園,大阪府大阪市東住吉区中野3-10,,,,1,1,,,,,34.61860576,135.5375359,
2011,E2710001740202,中野中学校（運動場）,大阪府大阪市東住吉区中野4-4-25,,,,1,1,,,,1,34.62041776,135.5397064,
2012,E2710001740201,中野中学校,大阪府大阪市東住吉区中野4-4-25,1,,,,,,,,1,34.62039422,135.5404019,
2013,E2710001741201,長居公園,大阪府大阪市東住吉区長居公園1-1,,,,1,1,1,,,1,34.61307025,135.5210338,広域避難場所
2014,E2710001742201,田辺小学校,大阪府大阪市東住吉区田辺2-3-34,1,,,,,,,,1,34.62619473,135.525851,
2015,E2710001742202,田辺小学校（運動場）,大阪府大阪市東住吉区田辺2-3-34,,,,1,1,,,,1,34.62638602,135.5263839,
2016,E2710001743201,田辺中公園,大阪府大阪市東住吉区田辺6-9,,,,1,1,,,,,34.62564826,135.5286213,
2017,E2710001744201,東田辺さくら公園,大阪府大阪市東住吉区東田辺1-11,,,,1,1,,,,,34.62234577,135.5288666,
2018,E2710001745201,東田辺公園,大阪府大阪市東住吉区東田辺1-16,,,,1,1,,,,,34.62172697,135.5272126,
2019,E2710001746201,東田辺小学校,大阪府大阪市東住吉区東田辺2-14-6,1,,,,,,,,1,34.61996652,135.5274374,
2020,E2710001746202,東田辺小学校（運動場）,大阪府大阪市東住吉区東田辺2-14-6,,,,1,1,,,,1,34.6198488,135.5279059,
2021,E2710001747201,東田辺中央公園,大阪府大阪市東住吉区東田辺3-4,,,,1,1,,,,,34.61853773,135.528693,
2022,E2710001748202,南百済小学校（運動場）,大阪府大阪市東住吉区湯里1-15-40,,,,1,1,,,,1,34.615037325457,135.5361700885,
2023,E2710001748201,南百済小学校,大阪府大阪市東住吉区湯里1-15-40,1,,,,,,,,1,34.61519479,135.5349398,
2024,E2710001752201,湯里の森公園,大阪府大阪市東住吉区湯里5-7,,,,1,1,,,,,34.61012324,135.5364181,
2025,E2710001753202,湯里小学校（運動場）,大阪府大阪市東住吉区湯里6-8-3,,,,1,1,,,,1,34.61020098,135.5400546,
2026,E2710001753201,湯里小学校,大阪府大阪市東住吉区湯里6-8-3,1,,,,,,,,1,34.61036949,135.539739,
2027,E2710001755202,南田辺小学校（運動場）,大阪府大阪市東住吉区南田辺4-3-4,,,,1,1,,,,1,34.61733611,135.5222451,
2028,E2710001755201,南田辺小学校,大阪府大阪市東住吉区南田辺4-3-4,1,,,,,,,,1,34.6176525,135.522246,
2029,E2710001756202,田辺中学校（運動場）,大阪府大阪市東住吉区南田辺4-7-24,,,,1,1,,,,1,34.616309847973,135.52330486707,
2030,E2710001756201,田辺中学校,大阪府大阪市東住吉区南田辺4-7-24,1,,,,,,,,1,34.61584924,135.5221336,
2031,E2710001757201,北田辺公園,大阪府大阪市東住吉区北田辺1-8,,,,1,1,,,,,34.63663274,135.5239825,
2032,E2710001758201,サービス付き高齢者向け住宅　介護付き有料老人ホーム　北田辺輝きの郷,大阪府大阪市東住吉区北田辺1-9-9,1,,,,,,,,,34.636304,135.525489,
2033,E2710001759201,北田辺小学校,大阪府大阪市東住吉区北田辺3-11-14,1,,,,,,,,1,34.63282976,135.5248312,
2034,E2710001759202,北田辺小学校（運動場）,大阪府大阪市東住吉区北田辺3-11-14,,,,1,1,,,,1,34.63273854,135.524318,
2035,E2710001760201,北田辺中公園,大阪府大阪市東住吉区北田辺3-6,,,,1,1,,,,,34.63399996,135.5253033,
2036,E2710001761201,北田辺４公園,大阪府大阪市東住吉区北田辺4-2,,,,1,1,,,,,34.63461762,135.5262744,
2037,E2710001762201,市営長居東住宅３号館,大阪府大阪市東住吉区矢田1-13,1,,,,,,,,,34.60755763,135.5285651,
2038,E2710001763201,市営長居東住宅２号館,大阪府大阪市東住吉区矢田1-14,1,,,,,,,,,34.60800799,135.5285705,
2039,E2710001764201,市営長居東住宅１号館,大阪府大阪市東住吉区矢田1-15,1,,,,,,,,,34.60844509,135.5285651,
2040,E2710001765201,矢田部公園,大阪府大阪市東住吉区矢田1-22,,,,1,1,,,,,34.60672132,135.5298751,
2041,E2710001766201,大阪芸術大学短期大学部（運動場）,大阪府大阪市東住吉区矢田2-14-19,,,,1,1,,,,1,34.60770678,135.5312561,
2042,E2710001767202,やたなか小中一貫校（矢田小学校・矢田南中学校）（運動場）,大阪府大阪市東住吉区矢田3-4-27,,,,1,1,,,,1,34.60340581,135.5279509,
2043,E2710001767201,やたなか小中一貫校　（矢田小学校、矢田南中学校）,大阪府大阪市東住吉区矢田3-4-27,1,,,,,,,,1,34.6039903,135.5280006,
2044,E2710001768201,矢田中公園,大阪府大阪市東住吉区矢田3-5,,,,1,1,,,,,34.60442023,135.527985,
2045,E2710001769201,矢田中中央公園,大阪府大阪市東住吉区矢田4-10,,,,1,1,,,,,34.60336848,135.5313826,
2046,E2710001770201,東住吉支援学校,大阪府大阪市東住吉区矢田5-1-22,1,,,,,,,,1,34.60188449,135.5280925,
2047,E2710001771201,矢田教育の森公園,大阪府大阪市東住吉区矢田5-2,,,,1,1,,,,,34.59974339,135.5281397,
2048,E2710001772201,大和川東公園,大阪府大阪市東住吉区矢田5-7,,,,1,1,,,,,34.59805424,135.5287998,
2049,E2710001773201,市営矢田中住宅３号館,大阪府大阪市東住吉区矢田6-10-3,1,,,,,,,,,34.6000179,135.5312033,
2050,E2710001774201,市営矢田中住宅１号館,大阪府大阪市東住吉区矢田6-11,1,,,,,,,,,34.60058137,135.5315997,
2051,E2710001775201,市営矢田中住宅２号館,大阪府大阪市東住吉区矢田6-11-2,1,,,,,,,,,34.60032085,135.5317713,
2052,E2710001776201,市営矢田中住宅４号館,大阪府大阪市東住吉区矢田6-12-4,1,,,,,,,,,34.599039,135.531635,
2053,E2710001778201,矢田６公園,大阪府大阪市東住吉区矢田6-9,,,,1,1,,,,,34.60140573,135.531482,
2054,E2710001779201,枯木南公園,大阪府大阪市東住吉区矢田7-6,,,,1,1,,,,,34.59541124,135.528769,
2055,E2710001780201,特別養護老人ホーム　ゆめあまみ,大阪府大阪市東住吉区矢田7-6-10,1,,,,,,,,1,34.59540374,135.530124,
2056,E2710001781201,玉津公園,大阪府大阪市東成区玉津1-11,,,,1,1,,,,,34.67117727,135.5371311,
2057,E2710001782201,玉津中学校,大阪府大阪市東成区玉津1-12-43,1,,,,,,,,1,34.67099865,135.538443,
2058,E2710001782202,玉津中学校（運動場）,大阪府大阪市東成区玉津1-12-43,,,,1,1,,,,1,34.67138983,135.5380747,
2059,E2710001783202,中道小学校（運動場）,大阪府大阪市東成区玉津1-7-39,,,,1,1,,,,1,34.67206001,135.5380556,
2060,E2710001783201,中道小学校,大阪府大阪市東成区玉津1-7-39,1,,,,,,,,1,34.67250671,135.5381159,
2061,E2710001785201,たまつ和ひろば,大阪府大阪市東成区玉津2-3,,,,1,1,,,,,34.669563415065,135.53739215212,
2062,E2710001786201,１２３鶴橋店,大阪府大阪市東成区玉津3-12-3,1,,,,,,,,,34.665749,135.535094,
2063,E2710001787201,玉津南公園,大阪府大阪市東成区玉津3-8,,,,1,1,,,,,34.66631088,135.5382609,
2064,E2710001788201,深江小学校,大阪府大阪市東成区深江南1-4-6,1,,,,,,,,1,34.6722166,135.5559587,
2065,E2710001788202,深江小学校（運動場）,大阪府大阪市東成区深江南1-4-6,,,,1,1,,,,1,34.67206954,135.5555796,
2066,E2710001789201,西深江公園,大阪府大阪市東成区深江南1-7,,,,1,1,,,,,34.6713052,135.555958,
2067,E2710001790201,南深江公園,大阪府大阪市東成区深江南2-9,,,,1,1,,,,,34.67067431,135.5584739,
2068,E2710001792201,阪陽公園,大阪府大阪市東成区深江北1-10,,,,1,1,,,,,34.67589781,135.5565641,
2069,E2710001794201,深江公園,大阪府大阪市東成区深江北2-16,,,,1,1,,,,,34.67383757,135.5593375,
2070,E2710001795202,東陽中学校（運動場）,大阪府大阪市東成区深江北2-5-7,,,,1,1,,,,1,34.67731664,135.5593401,
2071,E2710001795201,東陽中学校,大阪府大阪市東成区深江北2-5-7,1,,,,,,,,1,34.6776225,135.5592793,
2072,E2710001796201,東深江公園,大阪府大阪市東成区深江北3-16,,,,1,1,,,,,34.67552283,135.5622397,
2073,E2710001798201,宝栄小学校,大阪府大阪市東成区神路1-15-48,1,,,,,,,,1,34.67760465,135.5550923,
2074,E2710001798202,宝栄小学校（運動場）,大阪府大阪市東成区神路1-15-48,,,,1,1,,,,1,34.67724585,135.555137,
2075,E2710001799202,相生中学校（運動場）,大阪府大阪市東成区神路2-8-16,,,,1,1,,,,1,34.67445931,135.5533275,
2076,E2710001799201,相生中学校,大阪府大阪市東成区神路2-8-16,1,,,,,,,,1,34.67461077,135.5539104,
2077,E2710001803202,今里小学校（運動場）,大阪府大阪市東成区大今里1-35-29,,,,1,1,,,,1,34.67168193,135.5451314,
2078,E2710001803201,今里小学校,大阪府大阪市東成区大今里1-35-29,1,,,,,,,,1,34.67192164,135.5448507,
2079,E2710001804201,大今里ふれあい公園,大阪府大阪市東成区大今里2-35,,,,1,1,,,,,34.67119509,135.5503657,
2080,E2710001805201,今里西之口公園,大阪府大阪市東成区大今里3-17,,,,1,1,,,,,34.66958162,135.5445964,
2081,E2710001806201,大今里公園,大阪府大阪市東成区大今里4-16,,,,1,1,,,,,34.66873555,135.5488086,
2082,E2710001807202,神路小学校（運動場）,大阪府大阪市東成区大今里4-6-19,,,,1,1,,,,1,34.66926113,135.5505837,
2083,E2710001807201,神路小学校,大阪府大阪市東成区大今里4-6-19,1,,,,,,,,1,34.66966152,135.5505019,
2084,E2710001808201,南中本公園,大阪府大阪市東成区大今里西1-10,,,,1,1,,,,,34.67365209,135.5423997,
2085,E2710001810201,ライフ今里店,大阪府大阪市東成区大今里西2-15-17,1,,,,,,,,,34.66835,135.539793,
2086,E2710001811201,平戸公園,大阪府大阪市東成区大今里西2-6,,,,1,1,,,,,34.67011529,135.5403243,
2087,E2710001813201,大阪市立東成区民センター,大阪府大阪市東成区大今里西3-2-17,1,,,,,,,,,34.668025,135.541429,
2088,E2710001814201,大成小学校（運動場）,大阪府大阪市東成区大今里西3-2-62,,,,1,1,,,,1,34.66706488,135.5402737,
2089,E2710001816201,今里南公園,大阪府大阪市東成区大今里南1-26,,,,1,1,,,,,34.66532289,135.5452678,
2090,E2710001817202,片江小学校（運動場）,大阪府大阪市東成区大今里南2-13-2,,,,1,1,,,,1,34.66616826,135.5468922,
2091,E2710001817201,片江小学校,大阪府大阪市東成区大今里南2-13-2,1,,,,,,,,1,34.66639475,135.5466061,
2092,E2710001819201,大今里南公園,大阪府大阪市東成区大今里南4-15,,,,1,1,,,,,34.66558313,135.5526225,
2093,E2710001821201,北中道幼稚園,大阪府大阪市東成区中道2-2-19,,,,1,1,,,,1,34.68069388,135.5380786,
2094,E2710001822201,北中道公園,大阪府大阪市東成区中道2-28,,,,1,1,,,,,34.67883103,135.5397739,
2095,E2710001824201,北中道小学校,大阪府大阪市東成区中道2-9-20,1,,,,,,,,1,34.67936951,135.5376186,
2096,E2710001824202,北中道小学校（運動場）,大阪府大阪市東成区中道2-9-20,,,,1,1,,,,1,34.67953568,135.5376526,
2097,E2710001826201,中道中央公園,大阪府大阪市東成区中道4-5,,,,1,1,,,,,34.67672009,135.5368945,
2098,E2710001827201,千間川公園,大阪府大阪市東成区中本1-1,,,,1,1,,,,,34.68325443,135.5403556,
2099,E2710001829201,北中本公園,大阪府大阪市東成区中本2-28,,,,1,1,,,,,34.68034546,135.5425174,
2100,E2710001830201,森ノ宮医療学園専門学校アネックス校舎,大阪府大阪市東成区中本2-5-41,1,,,,,,,,,34.679432,135.540892,
2101,E2710001832201,中本小学校,大阪府大阪市東成区中本4-2-32,1,,,,,,,,1,34.67648526,135.5395187,
2102,E2710001832202,中本小学校（運動場）,大阪府大阪市東成区中本4-2-32,,,,1,1,,,,1,34.67683671,135.5397672,
2103,E2710001833201,中本くすのき公園,大阪府大阪市東成区中本5-2,,,,1,1,,,,,34.67719729,135.5414269,
2104,E2710001834201,東小橋小学校,大阪府大阪市東成区鶴橋3-4-50,1,,,,,,,,,34.66689298,135.5331888,
2105,E2710001835201,千間川みどり公園,大阪府大阪市東成区東今里1,,,,1,1,,,,,34.68078157,135.5524367,
2106,E2710001837201,１２３緑橋店,大阪府大阪市東成区東今里2-3-1,1,,,,,,,,,34.679344,135.552263,
2107,E2710001838201,東小橋北公園,大阪府大阪市東成区東小橋1-9,,,,1,1,,,,,34.67331224,135.5336227,
2108,E2710001839201,東小橋公園,大阪府大阪市東成区東小橋2-1,,,,1,1,,,,,34.66991979,135.5327877,
2109,E2710001840201,東小橋小学校（運動場）,大阪府大阪市東成区東小橋3-10-37,,,,1,1,,,,1,34.66715623,135.5332067,
2110,E2710001843201,大阪市立東成スポーツセンター,大阪府大阪市東成区東中本2-11-30,1,,,,,,,,,34.678862,135.54828,
2111,E2710001844201,神路公園,大阪府大阪市東成区東中本2-12,,,,1,1,,,,,34.67798661,135.5484078,
2112,E2710001845201,市営西今里住宅１号館,大阪府大阪市東成区東中本2-7-16,1,,,,,,,,,34.67955713,135.546384,
2113,E2710001846201,ライフ緑橋店,大阪府大阪市東成区東中本2-8-20,1,,,,,,,,,34.678963,135.544741,
2114,E2710001847201,東中本小学校,大阪府大阪市東成区東中本2-9-3,1,,,,,,,,1,34.67912267,135.5452058,
2115,E2710001847202,東中本小学校（運動場）,大阪府大阪市東成区東中本2-9-3,,,,1,1,,,,1,34.67889622,135.5455348,
2116,E2710001848202,本庄中学校（運動場）,大阪府大阪市東成区東中本3-14-2,,,,1,1,,,,1,34.67585651,135.5465639,
2117,E2710001848201,本庄中学校,大阪府大阪市東成区東中本3-14-2,1,,,,,,,,1,34.67629032,135.5465084,
2118,E2710001849201,東中本公園,大阪府大阪市東成区東中本3-15,,,,1,1,,,,,34.67611278,135.5453702,
2119,E2710001850201,大成小学校,大阪府大阪市東成区桃谷5-5-37,1,,,,,,,,,34.66746969,135.540393,
2120,E2710001851201,井高野小学校,大阪府大阪市東淀川区井高野1-28-17,1,,,,,,,,1,34.7623647,135.5447547,
2121,E2710001851202,井高野小学校（運動場）,大阪府大阪市東淀川区井高野1-28-17,,,,1,1,,,,1,34.76200774,135.5441664,
2122,E2710001852201,井高野南公園,大阪府大阪市東淀川区井高野1-3,,,,1,1,,,,,34.76290015,135.5430954,
2123,E2710001853201,市営井高野第６住宅１３号館,大阪府大阪市東淀川区井高野1-30-13,1,,,,,,,,,34.76244247,135.5451945,
2124,E2710001854201,市営井高野第６住宅１４号館,大阪府大阪市東淀川区井高野1-30-14,1,,,,,,,,,34.7622089,135.5453018,
2125,E2710001855201,市営井高野第６住宅１５号館,大阪府大阪市東淀川区井高野1-30-15,1,,,,,,,,,34.76211635,135.545629,
2126,E2710001856201,市営井高野第６住宅１６号館,大阪府大阪市東淀川区井高野1-30-16,1,,,,,,,,,34.76218687,135.5459992,
2127,E2710001857201,市営井高野住宅１号館,大阪府大阪市東淀川区井高野1-4-1,1,,,,,,,,,34.76283235,135.5439527,
2128,E2710001858201,市営井高野住宅２号館,大阪府大阪市東淀川区井高野1-4-2,1,,,,,,,,,34.76314084,135.5432982,
2129,E2710001859201,市営井高野住宅３号館,大阪府大阪市東淀川区井高野1-4-3,1,,,,,,,,,34.76344492,135.5428369,
2130,E2710001860201,市営井高野住宅４号館,大阪府大阪市東淀川区井高野1-4-4,1,,,,,,,,,34.76346695,135.5422253,
2131,E2710001862201,市営井高野住宅６号館,大阪府大阪市東淀川区井高野1-4-6,1,,,,,,,,,34.76390324,135.5430622,
2132,E2710001863201,市営井高野住宅７号館,大阪府大阪市東淀川区井高野1-4-7,1,,,,,,,,,34.76371754,135.5437464,
2133,E2710001864201,市営井高野住宅９号館,大阪府大阪市東淀川区井高野1-4-9,1,,,,,,,,,34.76331712,135.5445696,
2134,E2710001865201,井高野中学校,大阪府大阪市東淀川区井高野2-8-13,1,,,,,,,,1,34.76469479,135.5483492,
2135,E2710001865202,井高野中学校（運動場）,大阪府大阪市東淀川区井高野2-8-13,,,,1,1,,,,1,34.7639963,135.5487909,
2136,E2710001866201,東井高野小学校,大阪府大阪市東淀川区井高野2-8-28,1,,,,,,,,1,34.76520815,135.54915,
2137,E2710001866202,東井高野小学校（運動場）,大阪府大阪市東淀川区井高野2-8-28,,,,1,1,,,,1,34.76488204,135.5488407,
2138,E2710001867201,市営井高野第６住宅１０号館,大阪府大阪市東淀川区井高野3-10-10,1,,,,,,,,,34.76364998,135.5468306,
2139,E2710001868201,市営井高野第６住宅１１号館,大阪府大阪市東淀川区井高野3-10-11,1,,,,,,,,,34.76379981,135.5463371,
2140,E2710001869201,市営井高野第６住宅１８号館,大阪府大阪市東淀川区井高野3-10-18,1,,,,,,,,,34.76424051,135.5466,
2141,E2710001870201,市営井高野第６住宅１９号館,大阪府大阪市東淀川区井高野3-11-19,1,,,,,,,,,34.76473408,135.5468843,
2142,E2710001871201,市営井高野第６住宅２０号館,大阪府大阪市東淀川区井高野3-11-20,1,,,,,,,,,34.76489713,135.5472866,
2143,E2710001872201,市営井高野第６住宅２１号館,大阪府大阪市東淀川区井高野3-11-21,1,,,,,,,,,34.76551409,135.5481878,
2144,E2710001874201,井高野公園,大阪府大阪市東淀川区井高野3-3,,,,1,1,,,,,34.76551105,135.5439941,
2145,E2710001875201,市営井高野第６住宅１２号館,大阪府大阪市東淀川区井高野3-5-12,1,,,,,,,,,34.76401135,135.545849,
2146,E2710001876201,市営井高野第６住宅１７号館,大阪府大阪市東淀川区井高野3-5-17,1,,,,,,,,,34.76444763,135.5460582,
2147,E2710001877201,市営井高野第６住宅７号館,大阪府大阪市東淀川区井高野3-6-7,1,,,,,,,,,34.76357506,135.5455968,
2148,E2710001878201,市営井高野第６住宅２号館,大阪府大阪市東淀川区井高野3-7-2,1,,,,,,,,,34.76273333,135.5459348,
2149,E2710001879201,市営井高野第６住宅３号館,大阪府大阪市東淀川区井高野3-7-3,1,,,,,,,,,34.76256146,135.546482,
2150,E2710001880201,市営井高野第６住宅８号館,大阪府大阪市東淀川区井高野3-9-8,1,,,,,,,,,34.76335471,135.5460904,
2151,E2710001881201,市営井高野第６住宅９号館,大阪府大阪市東淀川区井高野3-9-9,1,,,,,,,,,34.76320488,135.5467019,
2152,E2710001882201,市営井高野第４住宅１号館,大阪府大阪市東淀川区井高野4-4-1,1,,,,,,,,,34.766352,135.54724,
2153,E2710002924201,市営井高野第４住宅２号棟,大阪府大阪市東淀川区井高野4-4-2,1,,,,,,,,,34.766902,135.54768,
2154,E2710001883201,井高野ゴルフセンター,大阪府大阪市東淀川区井高野4-7-85,1,,,,,,,,,34.76566754,135.5505311,
2155,E2710001884201,鳩ヶ瀬公園,大阪府大阪市東淀川区下新庄1-9,,,,1,1,,,,,34.74399865,135.5179291,
2156,E2710001885201,下新庄南公園,大阪府大阪市東淀川区下新庄2,,,,1,1,,,,,34.74290151,135.5198098,
2157,E2710001886201,下新庄北公園,大阪府大阪市東淀川区下新庄4-14,,,,1,1,,,,,34.7465679,135.5179435,
2158,E2710001887201,市営下新庄４丁目住宅１号館,大阪府大阪市東淀川区下新庄4-16-1,1,,,,,,,,,34.74654428,135.5165043,
2159,E2710001888201,市営下新庄４丁目住宅２号館,大阪府大阪市東淀川区下新庄4-16-2,1,,,,,,,,,34.74613435,135.5166921,
2160,E2710001890201,下新庄公園,大阪府大阪市東淀川区下新庄5-17,,,,1,1,,,,,34.74684245,135.5234777,
2161,E2710001891201,下新庄小学校,大阪府大阪市東淀川区下新庄5-2-9,1,,,,,,,,1,34.74626042,135.5213167,
2162,E2710001891202,下新庄小学校（運動場）,大阪府大阪市東淀川区下新庄5-2-9,,,,1,1,,,,1,34.74603561,135.5209644,
2163,E2710001892201,下新庄小公園,大阪府大阪市東淀川区下新庄5-3,,,,1,1,,,,,34.74544965,135.5219805,
2164,E2710001893201,飛鳥町公園,大阪府大阪市東淀川区柴島1-7,,,,1,1,,,,,34.72965372,135.5092627,
2165,E2710001894201,大阪府立柴島高等学校（運動場）,大阪府大阪市東淀川区柴島1-7-106,,,,1,1,,,,1,34.729038,135.509744,
2166,E2710001895201,柴島東公園,大阪府大阪市東淀川区柴島2-18,,,,1,1,,,,,34.72915017,135.5144262,
2167,E2710001896202,柴島中学校（運動場）,大阪府大阪市東淀川区柴島2-8-36,,,,1,1,,,,1,34.72725436,135.5124454,
2168,E2710001896201,柴島中学校,大阪府大阪市東淀川区柴島2-8-36,1,,,,,,,,1,34.72765722,135.5123126,
2169,E2710001897201,柴島西公園,大阪府大阪市東淀川区柴島3-7,,,,1,1,,,,,34.7309323,135.5141477,
2170,E2710001898201,ハウス不動産ビル,大阪府大阪市東淀川区小松1-2-7,1,,,,,,,,,34.75116,135.53335,
2171,E2710001899201,アベニュー小松ビル,大阪府大阪市東淀川区小松1-3-15,1,,,,,,,,,34.75126895,135.5340914,
2172,E2710001900201,小松公園,大阪府大阪市東淀川区小松2-12,,,,1,1,,,,,34.75320163,135.5366192,
2173,E2710001901202,小松小学校（運動場）,大阪府大阪市東淀川区小松3-18-15,,,,1,1,,,,1,34.75452254,135.5393301,
2174,E2710001901201,小松小学校,大阪府大阪市東淀川区小松3-18-15,1,,,,,,,,1,34.75470325,135.5398675,
2175,E2710001902201,松山公園,大阪府大阪市東淀川区小松4-14,,,,1,1,,,,,34.75383867,135.5406056,
2176,E2710001903201,市営小松南住宅１号館,大阪府大阪市東淀川区小松5-6-1,1,,,,,,,,,34.75413063,135.5476711,
2177,E2710001904201,関西大学北陽高等学校（運動場）,大阪府大阪市東淀川区上新庄1-3-26,,,,1,1,,,,1,34.74538077,135.5297719,
2178,E2710001905201,新庄公園,大阪府大阪市東淀川区上新庄2-12,,,,1,1,,,,,34.74796177,135.5310442,
2179,E2710001906202,新庄小学校（運動場）,大阪府大阪市東淀川区上新庄2-20-5,,,,1,1,,,,1,34.74856848,135.5325339,
2180,E2710001906201,新庄小学校,大阪府大阪市東淀川区上新庄2-20-5,1,,,,,,,,1,34.74883295,135.5323658,
2181,E2710002909201,新庄小学校第２グラウンド,大阪府大阪市東淀川区上新庄2-5,,,,1,1,,,,,34.747509,135.529678,
2182,E2710001907201,極東エンジニアリング株式会社,大阪府大阪市東淀川区上新庄3-16-11,1,,,,,,,,,34.7510929,135.5312246,
2183,E2710001908201,瑞光寺公園,大阪府大阪市東淀川区瑞光2-2,,,,1,1,,,,,34.74969577,135.538494,
2184,E2710001910201,株式会社川本製作所　大阪支店,大阪府大阪市東淀川区瑞光3-8-20,1,,,,,,,,,34.7522085,135.5444069,
2185,E2710001911201,瑞光４公園,大阪府大阪市東淀川区瑞光4-4,,,,1,1,,,,,34.75195856,135.5480339,
2186,E2710001912201,大隅東公園,大阪府大阪市東淀川区瑞光4-5,,,,1,1,,,,,34.75273832,135.5492349,
2187,E2710001913202,瑞光中学校（運動場）,大阪府大阪市東淀川区瑞光4-9-37,,,,1,1,,,,1,34.75261282,135.5454418,
2188,E2710001913201,瑞光中学校,大阪府大阪市東淀川区瑞光4-9-37,1,,,,,,,,1,34.75226903,135.5454936,
2189,E2710001914201,市営瑞光住宅１号館,大阪府大阪市東淀川区瑞光5-3-1,1,,,,,,,,,34.75228686,135.5504017,
2190,E2710001915201,市営瑞光住宅２号館,大阪府大阪市東淀川区瑞光5-3-2,1,,,,,,,,,34.75216786,135.5509113,
2191,E2710001916201,市営瑞光住宅３号館,大阪府大阪市東淀川区瑞光5-4-3,1,,,,,,,,,34.75261463,135.5513558,
2192,E2710001917202,大隅東小学校（運動場）,大阪府大阪市東淀川区瑞光5-8-19,,,,1,1,,,,1,34.75308689,135.5519004,
2193,E2710001917201,大隅東小学校,大阪府大阪市東淀川区瑞光5-8-19,1,,,,,,,,1,34.75343949,135.5518021,
2194,E2710001918201,市営菅原第３住宅１号館,大阪府大阪市東淀川区菅原1-6-1,1,,,,,,,,,34.7362883,135.5284998,
2195,E2710001919201,市営菅原第３住宅２号館,大阪府大阪市東淀川区菅原1-6-2,1,,,,,,,,,34.73641174,135.529165,
2196,E2710001920201,市営菅原第３住宅３号館,大阪府大阪市東淀川区菅原2-1-3,1,,,,,,,,,34.73647786,135.5297872,
2197,E2710001921201,菅原天満宮公園,大阪府大阪市東淀川区菅原2-2,,,,1,1,,,,,34.73833573,135.5294645,
2198,E2710001922201,和合公園,大阪府大阪市東淀川区菅原3-2,,,,1,1,,,,,34.73820176,135.5251715,
2199,E2710001923201,菅原公園,大阪府大阪市東淀川区菅原3-6,,,,1,1,,,,,34.7389142,135.5259029,
2200,E2710001924201,菅原東公園,大阪府大阪市東淀川区菅原4-8,,,,1,1,,,,,34.73992724,135.5275856,
2201,E2710001925201,菅原西公園,大阪府大阪市東淀川区菅原5-1,,,,1,1,,,,,34.73918928,135.5213555,
2202,E2710001926201,菅原小学校,大阪府大阪市東淀川区菅原6-3-25,1,,,,,,,,1,34.73918521,135.5232324,
2203,E2710001926202,菅原小学校（運動場）,大阪府大阪市東淀川区菅原6-3-25,,,,1,1,,,,1,34.73854161,135.5225797,
2204,E2710001927201,ラウンドワン東淀川店,大阪府大阪市東淀川区菅原7-14-29,1,,,,,,,,,34.742699,135.525305,
2205,E2710001929201,菅原北公園,大阪府大阪市東淀川区菅原7-9,,,,1,1,,,,,34.7421661,135.5232817,
2206,E2710001930201,市営日之出北住宅１号館,大阪府大阪市東淀川区西淡路1-10-10,1,,,,,,,,,34.73747127,135.5055258,
2207,E2710001931201,日之出北公園,大阪府大阪市東淀川区西淡路1-12,,,,1,1,,,,,34.73814823,135.504781,
2208,E2710001932201,日之出公園,大阪府大阪市東淀川区西淡路1-5,,,,1,1,,,,,34.73672967,135.5037014,
2209,E2710001933201,市営日之出北住宅２号館,大阪府大阪市東淀川区西淡路1-6-4,1,,,,,,,,,34.73710118,135.5041466,
2210,E2710001934201,市営日之出北住宅３号館,大阪府大阪市東淀川区西淡路1-8-3,1,,,,,,,,,34.737133,135.5047,
2211,E2710001935201,日之出南公園,大阪府大阪市東淀川区西淡路2-1,,,,1,1,,,,,34.7348199,135.5054891,
2212,E2710001936201,日之出住宅１０号館,大阪府大阪市東淀川区西淡路2-6,1,,,,,,,,,34.736306,135.506162,
2213,E2710001937201,西淡路公園,大阪府大阪市東淀川区西淡路3-1,,,,1,1,,,,,34.73833871,135.5085991,
2214,E2710001938201,もと西淡路小学校（運動場）,大阪府大阪市東淀川区西淡路3-14-11,,,,1,1,,,,1,34.74277065,135.5111337,
2215,E2710001940201,須賀森公園,大阪府大阪市東淀川区西淡路4-17,,,,1,1,,,,,34.74243493,135.5072883,
2216,E2710001941202,淡路中学校（運動場）,大阪府大阪市東淀川区西淡路4-25-53,,,,1,1,,,,1,34.74311153,135.5092434,
2217,E2710001941201,淡路中学校,大阪府大阪市東淀川区西淡路4-25-53,1,,,,,,,,1,34.74330989,135.5097995,
2218,E2710001942201,西淡路小学校,大阪府大阪市東淀川区西淡路5-5-32,1,,,,,,,,1,34.7429725,135.5112808,
2219,E2710001942202,西淡路小学校（運動場）,大阪府大阪市東淀川区西淡路5-5-32,,,,1,1,,,,1,34.742279,135.5112,
2220,E2710001943201,市営淡路住宅１号館,大阪府大阪市東淀川区西淡路5-9-1,1,,,,,,,,,34.74366656,135.5126023,
2221,E2710001944201,市営北陽住宅１号館,大阪府大阪市東淀川区西淡路6-2-1,1,,,,,,,,,34.74551796,135.5116617,
2222,E2710001945201,市営北陽住宅２号館,大阪府大阪市東淀川区西淡路6-2-2,1,,,,,,,,,34.74455263,135.5107336,
2223,E2710001946201,市営北陽住宅３号館,大阪府大阪市東淀川区西淡路6-2-3,1,,,,,,,,,34.74517855,135.511136,
2224,E2710001947201,ライフ西淡路店,大阪府大阪市東淀川区西淡路6-3-2,1,,,,,,,,,34.744671,135.51261,
2225,E2710001948201,キコーナ西淡路店（立体駐車場）,大阪府大阪市東淀川区西淡路6-4-120,1,,,,,,,,,34.744765,135.515654,
2226,E2710001949201,市営西淡路住宅４号館,大阪府大阪市東淀川区西淡路6-5-4,1,,,,,,,,,34.74626964,135.512523,
2227,E2710001950201,大阪高等学校（運動場）,大阪府大阪市東淀川区相川2-18-51,,,,1,1,,,,1,34.75887358,135.5357483,
2228,E2710001952201,大阪成蹊学園（運動場）,大阪府大阪市東淀川区相川3-5-9,,,,1,1,,,,,34.75917307,135.5380404,
2229,E2710001954201,市営大桐住宅１号館,大阪府大阪市東淀川区大桐1-17-1,1,,,,,,,,,34.74584497,135.5470868,
2230,E2710001956201,三宝寺西公園,大阪府大阪市東淀川区大桐2-10,,,,1,1,,,,,34.74829654,135.5428415,
2231,E2710001957201,今在家公園,大阪府大阪市東淀川区大桐2-2,,,,1,1,,,,,34.74564851,135.5436511,
2232,E2710001958201,市営大桐住宅３号館,大阪府大阪市東淀川区大桐3-1-3,1,,,,,,,,,34.74615352,135.5480309,
2233,E2710001960201,市営大桐住宅５号館,大阪府大阪市東淀川区大桐3-3-5,1,,,,,,,,,34.74688997,135.5475342,
2234,E2710001961201,市営大桐住宅６号館,大阪府大阪市東淀川区大桐3-5-6,1,,,,,,,,,34.74752911,135.5475395,
2235,E2710001962201,大桐公園,大阪府大阪市東淀川区大桐3-8,,,,1,1,,,,,34.747344,135.5458713,
2236,E2710001963202,大桐小学校（運動場）,大阪府大阪市東淀川区大桐4-1-15,,,,1,1,,,,1,34.74776156,135.5487351,
2237,E2710001963201,大桐小学校,大阪府大阪市東淀川区大桐4-1-15,1,,,,,,,,1,34.74757203,135.5483471,
2238,E2710001964201,東大道公園,大阪府大阪市東淀川区大桐4-3,,,,1,1,,,,,34.74625951,135.5516759,
2239,E2710001965202,大桐中学校（運動場）,大阪府大阪市東淀川区大桐4-5-8,,,,1,1,,,,1,34.74874822,135.5493775,
2240,E2710001965201,大桐中学校,大阪府大阪市東淀川区大桐4-5-8,1,,,,,,,,1,34.74894216,135.548732,
2241,E2710001966201,大隅公園,大阪府大阪市東淀川区大桐5-14,,,,1,1,,,,,34.74980555,135.5502414,
2242,E2710001967201,市営北大桐住宅１号館,大阪府大阪市東淀川区大桐5-5-1,1,,,,,,,,,34.75114585,135.5488041,
2243,E2710001968201,市営北大桐住宅３号館,大阪府大阪市東淀川区大桐5-7-3,1,,,,,,,,,34.75082764,135.5493803,
2244,E2710001970201,大門公園,大阪府大阪市東淀川区大隅1-5,,,,1,1,,,,,34.74819836,135.5407892,
2245,E2710001971201,大隅西小学校,大阪府大阪市東淀川区大隅2-3-18,1,,,,,,,,1,34.75108242,135.5464726,
2246,E2710001971202,大隅西小学校（運動場）,大阪府大阪市東淀川区大隅2-3-18,,,,1,1,,,,1,34.75075185,135.546123,
2247,E2710001972201,能条東公園,大阪府大阪市東淀川区大道南1-19,,,,1,1,,,,,34.74279733,135.5492895,
2248,E2710001973202,大道南小学校（運動場）,大阪府大阪市東淀川区大道南1-23-6,,,,1,1,,,,1,34.74306167,135.5497871,
2249,E2710001973201,大道南小学校,大阪府大阪市東淀川区大道南1-23-6,1,,,,,,,,1,34.74292943,135.5502949,
2250,E2710001974201,大道南公園,大阪府大阪市東淀川区大道南1-30,,,,1,1,,,,,34.743162586584,135.55175628752,
2251,E2710001975201,竹間公園,大阪府大阪市東淀川区大道南1-5,,,,1,1,,,,,34.74081788,135.5491784,
2252,E2710001976201,市営大道南住宅１号館,大阪府大阪市東淀川区大道南1-8-1,1,,,,,,,,,34.74293079,135.5483265,
2253,E2710001977201,市営大道南住宅２号館,大阪府大阪市東淀川区大道南1-8-2,1,,,,,,,,,34.74225801,135.548166,
2254,E2710001978201,市営大道南住宅３号館,大阪府大阪市東淀川区大道南1-8-3,1,,,,,,,,,34.74182161,135.5478817,
2255,E2710001979201,大道公園,大阪府大阪市東淀川区大道南2-16,,,,1,1,,,,,34.74453156,135.5501706,
2256,E2710001980201,大道北公園,大阪府大阪市東淀川区大道南2-19,,,,1,1,,,,,34.745714666476,135.54889143195,
2257,E2710001981201,能條公園,大阪府大阪市東淀川区大道南3-2,,,,1,1,,,,,34.74202029,135.5467434,
2258,E2710001983201,市営日之出住宅１１号館,大阪府大阪市東淀川区淡路1-1-11,1,,,,,,,,,34.73551859,135.507048,
2259,E2710001984201,淡路２公園,大阪府大阪市東淀川区淡路2-1,,,,1,1,,,,,34.73596384,135.5118119,
2260,E2710001985201,チャーム新大阪淡路,大阪府大阪市東淀川区淡路2-3-6,1,,,,,,,,,34.73518,135.51253,
2261,E2710001986201,淡路３公園,大阪府大阪市東淀川区淡路3-13,,,,1,1,,,,,34.73788533,135.5133048,
2262,E2710001987201,大阪市北部こども相談センター,大阪府大阪市東淀川区淡路3-13-36,1,,,,,,,,,34.738301,135.513978,
2263,E2710001989201,淡路４公園,大阪府大阪市東淀川区淡路4-14,,,,1,1,,,,,34.74039018,135.5148544,
2264,E2710001991201,淡路公園,大阪府大阪市東淀川区淡路5-14,,,,1,1,,,,,34.7424971,135.5155766,
2265,E2710001992201,市営東淡路第２住宅１号館,大阪府大阪市東淀川区東淡路1-4,1,,,,,,,,,34.734304,135.518728,
2266,E2710001994202,市営東淡路第２住宅３号館,大阪府大阪市東淀川区東淡路2-4,1,,,,,,,,,34.734865,135.517241,
2267,E2710001994201,市営東淡路第２住宅４号館,大阪府大阪市東淀川区東淡路2-4,1,,,,,,,,,34.735564,135.516833,
2268,E2710001995201,市営東淡路第２住宅５号館,大阪府大阪市東淀川区東淡路2-4-5,1,,,,,,,,,34.7356232,135.5165448,
2269,E2710001996201,東淡路南公園,大阪府大阪市東淀川区東淡路2-5,,,,1,1,,,,,34.73578525,135.5174247,
2270,E2710001997201,市営東淡路第２住宅２号館,大阪府大阪市東淀川区東淡路3-3,1,,,,,,,,,34.734972,135.518578,
2271,E2710001998201,東淡路小学校,大阪府大阪市東淀川区東淡路3-3-32,1,,,,,,,,1,34.73605905,135.5186243,
2272,E2710001998202,東淡路小学校（運動場）,大阪府大阪市東淀川区東淡路3-3-32,,,,1,1,,,,1,34.7356138,135.5186744,
2273,E2710001999201,市営東淡路住宅１号館,大阪府大阪市東淀川区東淡路3-5-1,1,,,,,,,,,34.735308,135.520332,
2274,E2710002000201,市営東淡路住宅２号館,大阪府大阪市東淀川区東淡路3-5-2,1,,,,,,,,,34.735685,135.520806,
2275,E2710002001201,市営東淡路第３住宅１号館,大阪府大阪市東淀川区東淡路4-15-1,1,,,,,,,,,34.7381034,135.5166946,
2276,E2710002002201,東淡路町公園,大阪府大阪市東淀川区東淡路4-24,,,,1,1,,,,,34.73857132,135.5204931,
2277,E2710002003201,アカシヤ淡路店,大阪府大阪市東淀川区東淡路4-33-34,1,,,,,,,,,34.739889,135.518212,
2278,E2710002004201,ライフ東淡路店,大阪府大阪市東淀川区東淡路5-8-35,1,,,,,,,,,34.736814,135.522076,
2279,E2710002005201,山口本町公園,大阪府大阪市東淀川区東中島1-14,,,,1,1,,,,,34.73175453,135.5029253,
2280,E2710002006201,新大阪ビル東館,大阪府大阪市東淀川区東中島1-17-18,1,,,,,,,,,34.73246858,135.5032857,
2281,E2710002007201,市営南方住宅４号館,大阪府大阪市東淀川区東中島2-12-4,1,,,,,,,,,34.72942374,135.503767,
2282,E2710002008201,市営南方住宅５号館,大阪府大阪市東淀川区東中島2-13-5,1,,,,,,,,,34.72956615,135.5048713,
2283,E2710002010201,南方北公園,大阪府大阪市東淀川区東中島2-18,,,,1,1,,,,,34.72889328,135.5054251,
2284,E2710002011201,市営南方住宅１号館,大阪府大阪市東淀川区東中島2-21-1,1,,,,,,,,,34.729394,135.506462,
2285,E2710002012201,南方公園,大阪府大阪市東淀川区東中島2-24,,,,1,1,,,,,34.72855381,135.5064121,
2286,E2710002013201,南方南公園,大阪府大阪市東淀川区東中島2-5,,,,1,1,,,,,34.72751773,135.5049208,
2287,E2710002014201,市営南方住宅３号館,大阪府大阪市東淀川区東中島2-6-3,1,,,,,,,,,34.72785887,135.5062662,
2288,E2710002015201,市営飛鳥住宅３号館,大阪府大阪市東淀川区東中島3-11-3,1,,,,,,,,,34.72975866,135.5079617,
2289,E2710002016201,市営飛鳥住宅４号館,大阪府大阪市東淀川区東中島3-11-4,1,,,,,,,,,34.73030093,135.5076506,
2290,E2710002017201,市営飛鳥住宅５号館,大阪府大阪市東淀川区東中島3-11-5,1,,,,,,,,,34.72983801,135.5074628,
2291,E2710002018201,市営飛鳥住宅２号館,大阪府大阪市東淀川区東中島3-13-2,1,,,,,,,,,34.730144,135.508931,
2292,E2710002019202,東淀川支援学校,大阪府大阪市東淀川区東中島3-5-22,1,,,,,,,,1,34.73103871,135.5046197,
2293,E2710002019201,東淀川支援学校（運動場）,大阪府大阪市東淀川区東中島3-5-22,,,,1,1,,,,1,34.73069484,135.504938,
2294,E2710002020201,市営飛鳥西住宅１号館,大阪府大阪市東淀川区東中島3-6,1,,,,,,,,,34.731025,135.506256,
2295,E2710002022201,新駅２号公園,大阪府大阪市東淀川区東中島4-3,,,,1,1,,,,,34.73196615,135.5055056,
2296,E2710002023201,小中一貫校むくのき学園　（啓発小学校・中島中学校）,大阪府大阪市東淀川区東中島4-8-38,1,,,,,,,,1,34.7325653,135.5072833,
2297,E2710002023202,小中一貫校むくのき学園（啓発小学校・中島中学校）（運動場）,大阪府大阪市東淀川区東中島4-8-38,,,,1,1,,,,1,34.73191117,135.5070862,
2298,E2710002024201,日之出東公園,大阪府大阪市東淀川区東中島5-6,,,,1,1,,,,,34.73362818,135.507485,
2299,E2710002025201,市営南江口第２住宅１号館,大阪府大阪市東淀川区南江口1-2-1,1,,,,,,,,,34.75679588,135.5456765,
2300,E2710002026202,市営南江口第２住宅２号館,大阪府大阪市東淀川区南江口1-5-2,1,,,,,,,,,34.7561717,135.5457521,
2301,E2710002027201,市営南江口住宅１号館,大阪府大阪市東淀川区南江口2-2-1,1,,,,,,,,,34.75672712,135.5467117,
2302,E2710002028201,市営南江口住宅２号館,大阪府大阪市東淀川区南江口2-3-2,1,,,,,,,,,34.75674035,135.5477846,
2303,E2710003000202,市営南江口第１住宅２号館,大阪府大阪市東淀川区南江口2-6,1,,,,,,,,,34.755523,135.549665,
2304,E2710003000201,市営南江口第１住宅１号館,大阪府大阪市東淀川区南江口2-6,1,,,,,,,,,34.755426,135.549166,
2305,E2710003001202,市営南江口第１住宅４号館,大阪府大阪市東淀川区南江口2-9,1,,,,,,,,,34.756153,135.549149,
2306,E2710003001201,市営南江口第１住宅３号館,大阪府大阪市東淀川区南江口2-9,1,,,,,,,,,34.755854,135.549992,
2307,E2710002029201,南江口公園,大阪府大阪市東淀川区南江口3-13,,,,1,1,,,,,34.75324622,135.5536951,
2308,E2710002030201,大阪広域環境施設組合　東淀工場,大阪府大阪市東淀川区南江口3-16-6,1,,,,,,,,,34.756062,135.554316,
2309,E2710002031201,南江口北公園,大阪府大阪市東淀川区南江口3-2,,,,1,1,,,,,34.75575041,135.551318,
2310,E2710002032201,豊北公園,大阪府大阪市東淀川区豊新1-12,,,,1,1,,,,,34.74212431,135.5328806,
2311,E2710002034201,多幸公園,大阪府大阪市東淀川区豊新2-8,,,,1,1,,,,,34.74284438,135.5293287,
2312,E2710002035201,六原公園,大阪府大阪市東淀川区豊新3-2,,,,1,1,,,,,34.74356123,135.5319073,
2313,E2710002036201,かぶと公園,大阪府大阪市東淀川区豊新4-10,,,,1,1,,,,,34.74450067,135.5371966,
2314,E2710002037201,豊新小学校,大阪府大阪市東淀川区豊新4-17-26,1,,,,,,,,1,34.74607535,135.5358091,
2315,E2710002037202,豊新小学校（運動場）,大阪府大阪市東淀川区豊新4-17-26,,,,1,1,,,,1,34.745877,135.5354407,
2316,E2710002038201,市営豊新住宅１号館,大阪府大阪市東淀川区豊新5-12-1,1,,,,,,,,,34.74683156,135.5370557,
2317,E2710002039201,市営豊新住宅２号館,大阪府大阪市東淀川区豊新5-12-2,1,,,,,,,,,34.74751477,135.5370181,
2318,E2710002040201,新東淀中学校,大阪府大阪市東淀川区豊里1-10-32,1,,,,,,,,1,34.73985416,135.5341142,
2319,E2710002040202,新東淀中学校（運動場）,大阪府大阪市東淀川区豊里1-10-32,,,,1,1,,,,1,34.73956845,135.5330317,
2320,E2710002041201,北淀公園,大阪府大阪市東淀川区豊里1-8,,,,1,1,,,,,34.73883638,135.5342562,
2321,E2710002042201,淀川清流高等学校（運動場）,大阪府大阪市東淀川区豊里2-11-35,,,,1,1,,,,1,34.73895236,135.5370553,
2322,E2710002043201,豊里三角公園,大阪府大阪市東淀川区豊里2-23,,,,1,1,,,,,34.74172934,135.5355026,
2323,E2710002044201,三番公園,大阪府大阪市東淀川区豊里2-4,,,,1,1,,,,,34.73763015,135.5392168,
2324,E2710002045201,野村公園,大阪府大阪市東淀川区豊里3-4,,,,1,1,,,,,34.73755824,135.5445405,
2325,E2710002046202,豊里南小学校（運動場）,大阪府大阪市東淀川区豊里5-12-41,,,,1,1,,,,1,34.73956791,135.5437175,
2326,E2710002046201,豊里南小学校,大阪府大阪市東淀川区豊里5-12-41,1,,,,,,,,1,34.73942244,135.544161,
2327,E2710002047201,豊里中央公園,大阪府大阪市東淀川区豊里5-14,,,,1,1,,,,,34.74060728,135.5427151,
2328,E2710002048202,豊里小学校（運動場）,大阪府大阪市東淀川区豊里5-14-60,,,,1,1,,,,1,34.74193406,135.5437623,
2329,E2710002048201,豊里小学校,大阪府大阪市東淀川区豊里5-14-60,1,,,,,,,,1,34.74175994,135.5440824,
2330,E2710002049201,市営豊里住宅１号館,大阪府大阪市東淀川区豊里5-15-1,1,,,,,,,,,34.74019582,135.5436225,
2331,E2710002050201,市営豊里住宅２号館,大阪府大阪市東淀川区豊里5-15-2,1,,,,,,,,,34.74123174,135.544175,
2332,E2710002051201,市営豊里住宅３号館,大阪府大阪市東淀川区豊里5-15-3,1,,,,,,,,,34.74061901,135.5441965,
2333,E2710002052201,東淀中学校,大阪府大阪市東淀川区豊里6-25-19,1,,,,,,,,1,34.74409614,135.5376187,
2334,E2710002052202,東淀中学校（運動場）,大阪府大阪市東淀川区豊里6-25-19,,,,1,1,,,,1,34.7436559,135.5377005,
2335,E2710002053201,市営豊里第２住宅１８号館,大阪府大阪市東淀川区豊里7-14-18,1,,,,,,,,,34.74344418,135.5415402,
2336,E2710002054201,市営豊里第２住宅１７号館,大阪府大阪市東淀川区豊里7-17-17,1,,,,,,,,,34.74383288,135.5411921,
2337,E2710002055201,豊里さつき公園,大阪府大阪市東淀川区豊里7-25,,,,1,1,,,,,34.74439232,135.5396606,
2338,E2710002813201,市営豊里第２住宅１９号館,大阪府大阪市東淀川区豊里7-4-19,1,,,,,,,,,34.742713,135.541203,
2339,E2710002056202,大阪北視覚支援学校（運動場）,大阪府大阪市東淀川区豊里7-5-26,,,,1,1,,,,1,34.74246439,135.542769,
2340,E2710002056201,大阪北視覚支援学校,大阪府大阪市東淀川区豊里7-5-26,1,,,,,,,,1,34.74307215,135.5425048,
2341,E2710002057201,市営北江口第２住宅１号館,大阪府大阪市東淀川区北江口1-3-1,1,,,,,,,,,34.75889368,135.5419229,
2342,E2710002058201,市営北江口第２住宅２号館,大阪府大阪市東淀川区北江口1-3-2,1,,,,,,,,,34.75896419,135.5425291,
2343,E2710002059201,市営北江口第２住宅３号館,大阪府大阪市東淀川区北江口1-3-3,1,,,,,,,,,34.75956357,135.5420356,
2344,E2710002060201,市営北江口第２住宅４号館,大阪府大阪市東淀川区北江口1-4-4,1,,,,,,,,,34.76006157,135.5420785,
2345,E2710002061201,市営北江口第２住宅５号館,大阪府大阪市東淀川区北江口1-4-5,1,,,,,,,,,34.76051991,135.5421053,
2346,E2710002062201,市営北江口第３住宅１号館,大阪府大阪市東淀川区北江口1-5-1,1,,,,,,,,,34.75990686,135.5411638,
2347,E2710002814201,北江口中央公園,大阪府大阪市東淀川区北江口2-1,,,,1,1,,,,,34.75847854,135.544125,
2348,E2710002815201,北江口公園,大阪府大阪市東淀川区北江口2-10,,,,1,1,,,,,34.75822107,135.5456045,
2349,E2710002063202,市営北江口第２住宅６号館,大阪府大阪市東淀川区北江口2-2-6,1,,,,,,,,,34.75929914,135.5434786,
2350,E2710002064201,市営北江口第２住宅７号館,大阪府大阪市東淀川区北江口2-2-7,1,,,,,,,,,34.75962086,135.5442832,
2351,E2710002065201,市営北江口第２住宅８号館,大阪府大阪市東淀川区北江口2-3-8,1,,,,,,,,,34.76018938,135.5438487,
2352,E2710002066202,市営北江口第２住宅９号館,大阪府大阪市東淀川区北江口2-3-9,1,,,,,,,,,34.76035244,135.5433606,
2353,E2710002067201,市営北江口住宅１号館,大阪府大阪市東淀川区北江口3-3-1,1,,,,,,,,,34.76076581,135.5471271,
2354,E2710002068201,市営北江口第２住宅１２号館,大阪府大阪市東淀川区北江口3-4-12,1,,,,,,,,,34.76096503,135.5450825,
2355,E2710002069201,市営北江口第２住宅１０号館,大阪府大阪市東淀川区北江口3-5-10,1,,,,,,,,,34.7611986,135.5433659,
2356,E2710002070201,市営北江口第２住宅１１号館,大阪府大阪市東淀川区北江口3-5-11,1,,,,,,,,,34.76099147,135.544589,
2357,E2710002071201,グリーンシティＯＳＡＫＡ１号棟・２号棟,大阪府大阪市福島区海老江1-11,1,,,,1,,,,,34.701179,135.476678,
2358,E2710002072201,海老江東公園,大阪府大阪市福島区海老江1-4,,,,1,,,,,,34.696314,135.475408,
2359,E2710002074201,海老江東小学校,大阪府大阪市福島区海老江1-6-19,1,,,,1,,,,1,34.69917298,135.4752533,
2360,E2710002074202,海老江東小学校（運動場）,大阪府大阪市福島区海老江1-6-19,,,,1,,,,,1,34.69887014,135.4756091,
2361,E2710002077201,海老江上公園,大阪府大阪市福島区海老江3-12,,,,1,,,,,,34.70009748,135.473031,
2362,E2710002078201,アクアビラージュ,大阪府大阪市福島区海老江3-14-12,1,,,,1,,,,,34.700558,135.473121,
2363,E2710002081201,凸版印刷㈱　海老江新聞工場棟,大阪府大阪市福島区海老江3-22-61,1,,,,1,,,,,34.7015603,135.4739059,
2364,E2710002082201,キコーナ海老江店,大阪府大阪市福島区海老江3-23-3,1,,,,1,,,,,34.70204576,135.4750295,
2365,E2710002083201,海老江ひばり保育園,大阪府大阪市福島区海老江5-3-6,1,,,,1,,,,,34.696017,135.473491,
2366,E2710002087201,福島区在宅サービスセンター,大阪府大阪市福島区海老江6-2-22,1,,,,1,,,,,34.69795411,135.4710124,
2367,E2710002088201,トーワユニ㈱,大阪府大阪市福島区海老江6-2-9,1,,,,1,,,,,34.69779263,135.4708202,
2368,E2710002089201,ハイパイル６３８,大阪府大阪市福島区海老江6-3-8,1,,,,1,,,,,34.69836599,135.4709167,
2369,E2710002090201,海老江中公園,大阪府大阪市福島区海老江6-4,,,,1,,,,,,34.69904903,135.4705431,
2370,E2710002091201,海老江公園,大阪府大阪市福島区海老江7-15,,,,1,,,,,,34.6955146,135.4700571,
2371,E2710002092201,ストークマンション野田阪神,大阪府大阪市福島区海老江7-17-14,1,,,,1,,,,,34.69682547,135.4707984,
2372,E2710002093201,海老江西小学校,大阪府大阪市福島区海老江8-1-10,1,,,,1,,,,1,34.69748234,135.4698463,
2373,E2710002093202,海老江西小学校（運動場）,大阪府大阪市福島区海老江8-1-10,,,,1,,,,,1,34.69755879,135.4701807,
2374,E2710002094201,えびえにし防災広場,大阪府大阪市福島区海老江8-13,,,,1,,,,,,34.69594248,135.4683194,
2375,E2710002095201,海老江西公園,大阪府大阪市福島区海老江8-2,,,,1,,,,,,34.69852474,135.4691297,
2376,E2710002096201,中江町公園,大阪府大阪市福島区吉野1-15,,,,1,,,,,,34.69181047,135.4782234,
2377,E2710002097201,プリプリ６００,大阪府大阪市福島区吉野1-20-23,1,,,,1,,,,,34.69370603,135.4770836,
2378,E2710002098201,ロイヤルシティホール野田,大阪府大阪市福島区吉野1-22-8,1,,,,1,,,,,34.69363104,135.4762896,
2379,E2710002099201,ニシムラビル,大阪府大阪市福島区吉野2-2-12,1,,,,1,,,,,34.69045731,135.4759887,
2380,E2710002100201,東横イン大阪ＪＲ野田駅前,大阪府大阪市福島区吉野2-2-2,1,,,,1,,,,,34.69038268,135.4761353,
2381,E2710002101201,㈱オールホンダビル,大阪府大阪市福島区吉野2-6-2,1,,,,1,,,,,34.6916884,135.4769478,
2382,E2710002102201,吉野小学校,大阪府大阪市福島区吉野3-10-5,1,,,,1,,,,1,34.69021877,135.4727408,
2383,E2710002102202,吉野小学校（運動場）,大阪府大阪市福島区吉野3-10-5,,,,1,,,,,1,34.69031728,135.4732093,
2384,E2710002103201,㈱アークビルド　本社ビル,大阪府大阪市福島区吉野3-12-24,1,,,,1,,,,,34.69028253,135.4754259,
2385,E2710002104201,江成公園,大阪府大阪市福島区吉野3-17,,,,1,,,,,,34.69147279,135.4735069,
2386,E2710002105201,福島区民センター,大阪府大阪市福島区吉野3-17-23,1,,,,1,,,,,34.69156719,135.47311,
2387,E2710002106201,吉野町公園,大阪府大阪市福島区吉野4-12,,,,1,,,,,,34.68933774,135.4709865,
2388,E2710002107201,英風女子高等専修学校,大阪府大阪市福島区吉野4-13-4,1,,,,1,,,,,34.68845814,135.471629,
2389,E2710002108201,英風女子高等専修学校（別館）,大阪府大阪市福島区吉野4-2-13,1,,,,1,,,,,34.68820524,135.4725,
2390,E2710002109201,レジデンス福島Ⅱ,大阪府大阪市福島区吉野4-24-20,1,,,,1,,,,,34.68784105,135.4702735,
2391,E2710002111201,福島リバーガーデン,大阪府大阪市福島区吉野4-29-20,1,,,,1,,,,,34.68972105,135.4697623,
2392,E2710002113201,ヴェルドール野田,大阪府大阪市福島区吉野5-8-6,1,,,,1,,,,,34.6859383,135.4692768,
2393,E2710002114201,新家公園,大阪府大阪市福島区吉野5-9,,,,1,,,,,,34.68762792,135.46871,
2394,E2710002115201,野田中学校,大阪府大阪市福島区吉野5-9-4,1,,,,1,,,,1,34.68666018,135.4691179,
2395,E2710002115202,野田中学校（運動場）,大阪府大阪市福島区吉野5-9-4,,,,1,,,,,1,34.68695958,135.4689905,
2396,E2710002116201,下福島中学校,大阪府大阪市福島区玉川1-4-11,1,,,,1,,,,1,34.6882123,135.4823163,
2397,E2710002116202,下福島中学校（運動場）,大阪府大阪市福島区玉川1-4-11,,,,1,,,,,1,34.68807042,135.481559,
2398,E2710002117201,玉川公園,大阪府大阪市福島区玉川2-11,,,,1,,,,,,34.69149899,135.4794466,
2399,E2710002118202,玉川小学校（運動場）,大阪府大阪市福島区玉川2-13-16,,,,1,,,,,1,34.69192335,135.4808407,
2400,E2710002118201,玉川小学校,大阪府大阪市福島区玉川2-13-16,1,,,,1,,,,1,34.69178487,135.4812567,
2401,E2710002119201,玉川南公園,大阪府大阪市福島区玉川2-2,,,,1,,,,,,34.689996,135.4793268,
2402,E2710002120201,ハナミズキ　福島,大阪府大阪市福島区玉川2-6-10,1,,,,1,,,,,34.690466,135.479106,
2403,E2710002121201,玉川西公園,大阪府大阪市福島区玉川4-13,,,,1,,,,,,34.68984127,135.4775565,
2404,E2710002122201,ファミール福島,大阪府大阪市福島区鷺洲2-15-6,1,,,,1,,,,,34.699146,135.482858,
2405,E2710002123201,鷺洲中公園,大阪府大阪市福島区鷺洲2-4,,,,1,,,,,,34.6966506,135.4811325,
2406,E2710002124201,リバーガーデン福島　木漏れ日の丘,大阪府大阪市福島区鷺洲5-12,1,,,,1,,,,,34.699148,135.476811,
2407,E2710002125201,鷺洲上公園,大阪府大阪市福島区鷺洲5-6,,,,1,,,,,,34.69935343,135.477866,
2408,E2710002126201,鷺洲小学校,大阪府大阪市福島区鷺洲5-6-8,1,,,,1,,,,1,34.6988011,135.4791387,
2409,E2710002126202,鷺洲小学校（運動場）,大阪府大阪市福島区鷺洲5-6-8,,,,1,,,,,1,34.69918076,135.4786791,
2410,E2710002127201,鷺洲北公園,大阪府大阪市福島区鷺洲5-7,,,,1,,,,,,34.70064153,135.4794905,
2411,E2710002128202,八阪中学校（運動場）,大阪府大阪市福島区鷺洲6-1-13,,,,1,,,,,1,34.70136436,135.4778822,
2412,E2710002128201,八阪中学校,大阪府大阪市福島区鷺洲6-1-13,1,,,,1,,,,1,34.7009395,135.4777571,
2413,E2710002129201,大開公園,大阪府大阪市福島区大開1-18,,,,1,,,,,,34.69415252,135.4706938,
2414,E2710002130201,新生発条工業㈱内　ヴィクトワール福島,大阪府大阪市福島区大開1-18-8,1,,,,1,,,,,34.69401217,135.4706742,
2415,E2710002132202,大開小学校（運動場）,大阪府大阪市福島区大開2-10-28,,,,1,,,,,1,34.69239659,135.4708544,
2416,E2710002132201,大開小学校,大阪府大阪市福島区大開2-10-28,1,,,,1,,,,1,34.69217458,135.4709063,
2417,E2710002133201,新家西公園,大阪府大阪市福島区大開4-3,,,,1,,,,,,34.6886734,135.4642412,
2418,E2710002134201,大開西公園,大阪府大阪市福島区大開4-4,,,,1,,,,,,34.68947924,135.4644612,
2419,E2710002135201,朝日放送本社　リバーデッキ,大阪府大阪市福島区福島1-1-30,1,,,,1,,,,,34.6937539,135.4887943,
2420,E2710002136201,セントラル７０,大阪府大阪市福島区福島1-4-4,1,,,,1,,,,,34.69579543,135.4897318,
2421,E2710002137201,福田ビル,大阪府大阪市福島区福島2-8-22,1,,,,1,,,,,34.69524329,135.4868542,
2422,E2710002139201,コミュニティプラザ大阪　（コンポ大阪ビル）,大阪府大阪市福島区福島3-1-73,1,,,,1,,,,,34.69214857,135.4864489,
2423,E2710002138201,大阪澤久ビルディング,大阪府大阪市福島区福島3-10-4,1,,,,1,,,,,34.69338117,135.4844107,
2424,E2710002140201,下福島公園,大阪府大阪市福島区福島4-1,,,,1,,,,,,34.69077366,135.4823651,
2425,E2710002142202,福島小学校（運動場）,大阪府大阪市福島区福島4-5-6,,,,1,,,,,1,34.693756389222,135.48362971535,
2426,E2710002142201,福島小学校,大阪府大阪市福島区福島4-5-6,1,,,,1,,,,1,34.69364447,135.4832904,
2427,E2710002143201,福島西公園,大阪府大阪市福島区福島4-6,,,,1,,,,,,34.6948286,135.4834124,
2428,E2710002145201,福島公園,大阪府大阪市福島区福島5-16,,,,1,,,,,,34.69580777,135.4852407,
2429,E2710002146201,大阪トヨタ自動車㈱　本社ビル,大阪府大阪市福島区福島5-17-2,1,,,,1,,,,,34.69520142,135.485147,
2430,E2710003027201,ＴＫＰゲートタワービル,大阪府大阪市福島区福島5-4-21,1,,,,1,,,,,34.698031,135.489535,
2431,E2710002147201,ホテル阪神,大阪府大阪市福島区福島5-6-16,1,,,,1,,,,,34.696945,135.487823,
2432,E2710002148201,トモドール北梅田,大阪府大阪市福島区福島6-23-21,1,,,,1,,,,,34.70190931,135.4899473,
2433,E2710002149201,上福島東公園,大阪府大阪市福島区福島6-7,,,,1,,,,,,34.69944403,135.4888303,
2434,E2710002150201,上福島公園,大阪府大阪市福島区福島7-20,,,,1,,,,,,34.69834842,135.4848505,
2435,E2710002151201,上福島北公園,大阪府大阪市福島区福島7-23,,,,1,,,,,,34.70073552,135.4858907,
2436,E2710002152202,上福島小学校（運動場）,大阪府大阪市福島区福島7-4-33,,,,1,,,,,1,34.6969548,135.4851934,
2437,E2710002152201,上福島小学校,大阪府大阪市福島区福島7-4-33,1,,,,1,,,,1,34.69721998,135.4852806,
2438,E2710002153201,エトワール宮本,大阪府大阪市福島区福島7-5-19,1,,,,1,,,,,34.69726629,135.486141,
2439,E2710002154201,アーバンコート福島,大阪府大阪市福島区福島8-21-2,1,,,,1,,,,,34.69832312,135.4842432,
2440,E2710002155201,大阪市中央卸売市場本場,大阪府大阪市福島区野田1-1-86,1,,,,1,,,,,34.68442584,135.4776483,
2441,E2710002156201,大野東公園,大阪府大阪市福島区野田2-12,,,,1,,,,,,34.68598595,135.4778512,
2442,E2710002157201,大八ビル,大阪府大阪市福島区野田2-16-1,1,,,,1,,,,,34.68513276,135.475888,
2443,E2710002158201,かね清ビル,大阪府大阪市福島区野田2-16-3,1,,,,1,,,,,34.68520333,135.4756252,
2444,E2710002159201,利州㈱,大阪府大阪市福島区野田2-2-16,1,,,,1,,,,,34.68683578,135.4795502,
2445,E2710002160201,野田小学校,大阪府大阪市福島区野田5-13-22,1,,,,1,,,,1,34.68600833,135.4734068,
2446,E2710002160202,野田小学校（運動場）,大阪府大阪市福島区野田5-13-22,,,,1,,,,,1,34.68610684,135.4736983,
2447,E2710002161201,ディクス福島レジデンス,大阪府大阪市福島区野田5-5-16,1,,,,1,,,,,34.68434,135.472726,
2448,E2710002162201,大野町公園,大阪府大阪市福島区野田5-9,,,,1,,,,,,34.68540624,135.4741409,
2449,E2710002163202,瓜破北小学校（運動場）,大阪府大阪市平野区瓜破1-8-33,,,,1,1,,,,1,34.60507322,135.5504901,
2450,E2710002163201,瓜破北小学校,大阪府大阪市平野区瓜破1-8-33,1,,,,,,,,1,34.60490396,135.5512501,
2451,E2710002164201,市営瓜破２丁目住宅１号館,大阪府大阪市平野区瓜破2-4-1,1,,,,,,,,,34.607004,135.55193,
2452,E2710002165201,市営瓜破２丁目住宅２号館,大阪府大阪市平野区瓜破2-4-2,1,,,,,,,,,34.606711,135.552211,
2453,E2710002166201,市営瓜破２丁目住宅３号館,大阪府大阪市平野区瓜破2-4-3,1,,,,,,,,,34.607026,135.55295,
2454,E2710002167201,市営瓜破２丁目住宅４号館,大阪府大阪市平野区瓜破2-4-4,1,,,,,,,,,34.607505,135.553238,
2455,E2710002168201,市営瓜破２丁目住宅５号館,大阪府大阪市平野区瓜破2-4-5,1,,,,,,,,,34.607533,135.552676,
2456,E2710002169202,瓜破中学校（運動場）,大阪府大阪市平野区瓜破2-5-31,,,,1,1,,,,1,34.60623426,135.5528842,
2457,E2710002169201,瓜破中学校,大阪府大阪市平野区瓜破2-5-31,1,,,,,,,,1,34.60682591,135.5533276,
2458,E2710002170201,瓜破北西公園,大阪府大阪市平野区瓜破5-1,,,,1,1,,,,,34.60302537,135.5528226,
2459,E2710002171202,瓜破小学校（運動場）,大阪府大阪市平野区瓜破5-3-11,,,,1,1,,,,1,34.60232027,135.5530842,
2460,E2710002171201,瓜破小学校,大阪府大阪市平野区瓜破5-3-11,1,,,,,,,,1,34.60245568,135.5525138,
2461,E2710002172201,瓜破駒ヶ池公園,大阪府大阪市平野区瓜破6-3,,,,1,1,,,,,34.5995899,135.5493237,
2462,E2710002967201,市営瓜破西住宅１号館,大阪府大阪市平野区瓜破西1-10-1,1,,,,,,,,,34.60748,135.547106,
2463,E2710002970201,市営瓜破西住宅４号館,大阪府大阪市平野区瓜破西1-11-4,1,,,,,,,,,34.606297,135.547165,
2464,E2710002971201,市営瓜破西住宅６号館,大阪府大阪市平野区瓜破西1-12-6,1,,,,,,,,,34.606164,135.548571,
2465,E2710002972201,市営瓜破西住宅７号館,大阪府大阪市平野区瓜破西1-13-7,1,,,,,,,,,34.60533,135.548678,
2466,E2710002969201,市営瓜破西住宅３号館,大阪府大阪市平野区瓜破西1-14-3,1,,,,,,,,,34.605639,135.547391,
2467,E2710002974201,市営瓜破西住宅１１号館,大阪府大阪市平野区瓜破西1-2-11,1,,,,,,,,,34.606508,135.544757,
2468,E2710002975201,市営瓜破西住宅１２号館,大阪府大阪市平野区瓜破西1-2-12,1,,,,,,,,,34.606976,135.544789,
2469,E2710002973201,市営瓜破西住宅１０号館,大阪府大阪市平野区瓜破西1-5-10,1,,,,,,,,,34.606455,135.545942,
2470,E2710002968201,市営瓜破西住宅２号館,大阪府大阪市平野区瓜破西1-5-2,1,,,,,,,,,34.607025,135.54606,
2471,E2710002173201,瓜破西北公園,大阪府大阪市平野区瓜破西1-8,,,,1,1,,,,,34.60838011,135.5477343,
2472,E2710002175201,瓜破西小学校,大阪府大阪市平野区瓜破西2-1-43,1,,,,,,,,1,34.60416829,135.5446675,
2473,E2710002175202,瓜破西小学校（運動場）,大阪府大阪市平野区瓜破西2-1-43,,,,1,1,,,,1,34.60412119,135.5438807,
2474,E2710002174202,瓜破西中学校（運動場）,大阪府大阪市平野区瓜破西2-12-22,,,,1,1,,,,1,34.60252546,135.5467884,
2475,E2710002174201,瓜破西中学校,大阪府大阪市平野区瓜破西2-12-22,1,,,,,,,,1,34.6024239,135.5454991,
2476,E2710002176201,瓜破西ヶ池公園,大阪府大阪市平野区瓜破西2-9,,,,1,1,,,,,34.60267665,135.5449554,
2477,E2710002177201,市営瓜破東第１住宅４号館,大阪府大阪市平野区瓜破東1-11,1,,,,,,,,,34.60661557,135.5562284,
2478,E2710002178201,市営瓜破東第１住宅３号館,大阪府大阪市平野区瓜破東1-12,1,,,,,,,,,34.60667676,135.5571856,
2479,E2710002179201,市営瓜破東１丁目住宅１号館,大阪府大阪市平野区瓜破東1-3-1,1,,,,,,,,,34.60841335,135.557886,
2480,E2710002180201,市営瓜破東１丁目住宅２号館,大阪府大阪市平野区瓜破東1-3-2,1,,,,,,,,,34.60811312,135.5577841,
2481,E2710002181201,市営瓜破東１丁目住宅３号館,大阪府大阪市平野区瓜破東1-4-3,1,,,,,,,,,34.60761632,135.5581385,
2482,E2710002182201,市営瓜破東１丁目住宅４号館,大阪府大阪市平野区瓜破東1-4-4,1,,,,,,,,,34.60744265,135.5579723,
2483,E2710002183201,市営瓜破東１丁目住宅５号館,大阪府大阪市平野区瓜破東1-4-5,1,,,,,,,,,34.60771198,135.5576987,
2484,E2710002184201,市営瓜破東第１住宅５号館,大阪府大阪市平野区瓜破東1-6,1,,,,,,,,,34.60718955,135.5562177,
2485,E2710002184202,市営瓜破東第１住宅２号館,大阪府大阪市平野区瓜破東1-6,1,,,,,,,,,34.60721376,135.557138,
2486,E2710002184203,市営瓜破東第１住宅１号館,大阪府大阪市平野区瓜破東1-6,1,,,,,,,,,34.60765878,135.5567487,
2487,E2710002185201,市営瓜破東住宅３号館,大阪府大阪市平野区瓜破東2-2,1,,,,,,,,,34.607327,135.559294,
2488,E2710002185202,瓜破東中公園,大阪府大阪市平野区瓜破東2-2,,,,1,1,,,,,34.60672481,135.5603211,
2489,E2710002186201,市営瓜破東住宅第２号館,大阪府大阪市平野区瓜破東2-3,1,,,,,,,,,34.60733773,135.5601313,
2490,E2710002187201,市営瓜破東住宅１号館,大阪府大阪市平野区瓜破東2-4-1,1,,,,,,,,,34.608336,135.560301,
2491,E2710002188201,瓜破東北公園,大阪府大阪市平野区瓜破東2-5,,,,1,1,,,,,34.6077534,135.5615681,
2492,E2710002189201,市営瓜破東住宅４号館,大阪府大阪市平野区瓜破東2-5-4,1,,,,,,,,,34.608322,135.560924,
2493,E2710002190201,瓜破東小学校,大阪府大阪市平野区瓜破東2-5-78,1,,,,,,,,1,34.60697958,135.56105,
2494,E2710002190202,瓜破東小学校（運動場）,大阪府大阪市平野区瓜破東2-5-78,,,,1,1,,,,1,34.60775593,135.5607916,
2495,E2710002191201,市営瓜破東第２住宅１号館,大阪府大阪市平野区瓜破東2-6,1,,,,,,,,,34.60641441,135.5629785,
2496,E2710002192201,市営瓜破東第２住宅２６号館,大阪府大阪市平野区瓜破東2-7,1,,,,,,,,,34.60690749,135.5647193,
2497,E2710002192202,市営瓜破東第２住宅５号館,大阪府大阪市平野区瓜破東2-7,1,,,,,,,,,34.60690363,135.5632472,
2498,E2710002193201,瓜破第１公園,大阪府大阪市平野区瓜破東3-1,,,,1,1,,,,,34.60553276,135.5568357,
2499,E2710002194201,瓜破霊園,大阪府大阪市平野区瓜破東4-4-164,,,,1,1,1,,,,34.60271226,135.5612022,
2500,E2710002195203,市営瓜破東第２住宅２号館,大阪府大阪市平野区瓜破東4-5,1,,,,,,,,,34.60588129,135.5634418,
2501,E2710002195202,市営瓜破東第２住宅３号館,大阪府大阪市平野区瓜破東4-5,1,,,,,,,,,34.6057974,135.5641123,
2502,E2710002195201,市営瓜破東第２住宅４号館,大阪府大阪市平野区瓜破東4-5,1,,,,,,,,,34.60531171,135.5639943,
2503,E2710002196201,瓜破下池公園,大阪府大阪市平野区瓜破東6-1,,,,1,1,,,,,34.59979348,135.5572108,
2504,E2710002197201,瓜破新池緑地公園,大阪府大阪市平野区瓜破東8,,,,1,1,,,,,34.59864514,135.5619262,
2505,E2710002198201,瓜破新池緑地南公園,大阪府大阪市平野区瓜破東8-12,,,,1,1,,,,,34.59862748,135.5627899,
2506,E2710002199201,瓜破新池緑地北公園,大阪府大阪市平野区瓜破東8-6,,,,1,1,,,,,34.5997906,135.5622118,
2507,E2710002200201,市営瓜破東８丁目住宅２号館,大阪府大阪市平野区瓜破東8-9-2,1,,,,,,,,,34.59878783,135.5604533,
2508,E2710002201201,市営瓜破東８丁目住宅４号館,大阪府大阪市平野区瓜破東8-9-4,1,,,,,,,,,34.5987216,135.559949,
2509,E2710002204201,瓜破南大和川公園,大阪府大阪市平野区瓜破南1-4,,,,1,1,,,,,34.59757062,135.5493878,
2510,E2710002205201,瓜破南公園,大阪府大阪市平野区瓜破南2-2,,,,1,1,,,,,34.59555229,135.5530048,
2511,E2710002206201,瓜破南地域集会所前広場,大阪府大阪市平野区瓜破南2-4,,,,1,1,,,,,34.59586336,135.5557502,
2512,E2710002207201,加美正覚寺公園,大阪府大阪市平野区加美正覚寺3-1,,,,1,1,,,,,34.633264,135.5617307,
2513,E2710002208201,市営加美正覚寺東住宅３号館,大阪府大阪市平野区加美正覚寺3-11,1,,,,,,,,,34.63126325,135.5628513,
2514,E2710002209201,加美小学校,大阪府大阪市平野区加美正覚寺3-13-35,1,,,,,,,,1,34.63101711,135.5634004,
2515,E2710002209202,加美小学校（運動場）,大阪府大阪市平野区加美正覚寺3-13-35,,,,1,1,,,,1,34.63065621,135.5634067,
2516,E2710002210202,加美中学校（運動場）,大阪府大阪市平野区加美正覚寺3-13-46,,,,1,1,,,,1,34.6306218,135.5623267,
2517,E2710002210201,加美中学校,大阪府大阪市平野区加美正覚寺3-13-46,1,,,,,,,,1,34.63095451,135.5621752,
2518,E2710002211201,市営加美正覚寺東住宅２号館,大阪府大阪市平野区加美正覚寺3-9,1,,,,,,,,,34.63173996,135.5620091,
2519,E2710002212201,正覚寺中公園,大阪府大阪市平野区加美正覚寺4-4,,,,1,1,,,,,34.62974837,135.5624651,
2520,E2710002213201,たちばな公園,大阪府大阪市平野区加美西1-4,,,,1,1,,,,,34.62701092,135.5605761,
2521,E2710002214201,加美西公園,大阪府大阪市平野区加美西2-5,,,,1,1,,,,,34.6251216,135.5639946,
2522,E2710002215201,加美神明公園,大阪府大阪市平野区加美東1-6,,,,1,1,,,,,34.63195337,135.5664332,
2523,E2710002216201,加美東北公園,大阪府大阪市平野区加美東2-9,,,,1,1,,,,,34.63098909,135.5692781,
2524,E2710002217201,市営加美東第１住宅６号館,大阪府大阪市平野区加美東3-10,1,,,,,,,,,34.63165434,135.5730306,
2525,E2710002218201,市営加美東第１住宅２号館,大阪府大阪市平野区加美東3-5,1,,,,,,,,,34.63270486,135.5729984,
2526,E2710002219201,市営加美東第１住宅１号館,大阪府大阪市平野区加美東3-6,1,,,,,,,,,34.63268279,135.5722903,
2527,E2710002220201,市営加美東第１住宅４号館,大阪府大阪市平野区加美東3-8,1,,,,,,,,,34.63216194,135.5731594,
2528,E2710002221201,加美東公園,大阪府大阪市平野区加美東5-7,,,,1,1,,,,,34.62820136,135.5716789,
2529,E2710002222202,加美東小学校（運動場）,大阪府大阪市平野区加美東5-9-25,,,,1,1,,,,1,34.62748404,135.5713505,
2530,E2710002222201,加美東小学校,大阪府大阪市平野区加美東5-9-25,1,,,,,,,,1,34.62719712,135.5716169,
2531,E2710002223201,市営加美東第２住宅２号館,大阪府大阪市平野区加美東6-3,1,,,,,,,,,34.6301545,135.5753798,
2532,E2710002223202,市営加美東第２住宅１号館,大阪府大阪市平野区加美東6-3,1,,,,,,,,,34.63011477,135.574264,
2533,E2710002224201,市営加美東第２住宅３号館,大阪府大阪市平野区加美東6-6,1,,,,,,,,,34.62963805,135.5747039,
2534,E2710002965201,市営加美東第２住宅４号館,大阪府大阪市平野区加美東6-8-4,1,,,,,,,,,34.629178,135.574787,
2535,E2710002225202,加美南中学校（運動場）,大阪府大阪市平野区加美南1-10-15,,,,1,1,,,,1,34.62302278,135.5697374,
2536,E2710002225201,加美南中学校,大阪府大阪市平野区加美南1-10-15,1,,,,,,,,1,34.62342449,135.5701594,
2537,E2710002226201,鞍作公園,大阪府大阪市平野区加美南1-11,,,,1,1,,,,,34.62341,135.5709846,
2538,E2710002227201,市営加美南住宅１号館,大阪府大阪市平野区加美南1-5,1,,,,,,,,,34.62496806,135.570897,
2539,E2710002228202,加美南部小学校（運動場）,大阪府大阪市平野区加美南1-9-17,,,,1,1,,,,1,34.62424318,135.5698755,
2540,E2710002228201,加美南部小学校,大阪府大阪市平野区加美南1-9-17,1,,,,,,,,1,34.62420952,135.5702953,
2541,E2710002229201,加美北公園,大阪府大阪市平野区加美北4-2,,,,1,1,,,,,34.63999295,135.5604328,
2542,E2710002230206,市営加美長沢住宅５号館,大阪府大阪市平野区加美北5-9,1,,,,,,,,,34.636995,135.56232,
2543,E2710002230202,市営加美長沢住宅１号館,大阪府大阪市平野区加美北5-9,1,,,,,,,,,34.637623,135.561523,
2544,E2710002230201,加美長沢西公園,大阪府大阪市平野区加美北5-9,,,,1,1,,,,,34.63790537,135.5625905,
2545,E2710002230204,市営加美長沢住宅３号館,大阪府大阪市平野区加美北5-9,1,,,,,,,,,34.637666,135.563146,
2546,E2710002231201,加美柿花公園,大阪府大阪市平野区加美北6-13,,,,1,1,,,,,34.63463758,135.5565352,
2547,E2710002232201,加美正北ふれあい公園,大阪府大阪市平野区加美北6-14,,,,1,1,,,,,34.63363188,135.5569859,
2548,E2710002234202,加美北小学校（運動場）,大阪府大阪市平野区加美北7-4-10,,,,1,1,,,,1,34.63605347,135.5603472,
2549,E2710002234201,加美北小学校,大阪府大阪市平野区加美北7-4-10,1,,,,,,,,1,34.63648454,135.5602917,
2550,E2710002235201,市営加美北第２住宅２号館,大阪府大阪市平野区加美北8-13,1,,,,,,,,,34.63481037,135.5629707,
2551,E2710002236201,市営加美北住宅１号館,大阪府大阪市平野区加美北8-14,1,,,,,,,,,34.63482662,135.5650053,
2552,E2710002237201,市営加美北住宅２号館,大阪府大阪市平野区加美北8-18,1,,,,,,,,,34.63434993,135.565016,
2553,E2710002238201,市営加美北第２住宅３号館,大阪府大阪市平野区加美北8-19,1,,,,,,,,,34.63428954,135.5629868,
2554,E2710002239201,市営加美北第３住宅１号館,大阪府大阪市平野区加美北8-2,1,,,,,,,,,34.63637642,135.56318,
2555,E2710002240201,加美長沢公園,大阪府大阪市平野区加美北8-3,,,,1,1,,,,,34.636558,135.5652129,
2556,E2710002241201,市営加美北第２住宅１号館,大阪府大阪市平野区加美北8-9,1,,,,,,,,,34.63531795,135.5630941,
2557,E2710002242201,喜連北小学校,大阪府大阪市平野区喜連1-7-4,1,,,,,,,,1,34.6141384,135.5500331,
2558,E2710002242202,喜連北小学校（運動場）,大阪府大阪市平野区喜連1-7-4,,,,1,1,,,,1,34.61402067,135.5506143,
2559,E2710002243201,喜連北第１公園,大阪府大阪市平野区喜連1-8,,,,1,1,,,,,34.6136624,135.551878,
2560,E2710002245201,市営喜連第２住宅１号館,大阪府大阪市平野区喜連4-10,1,,,,,,,,,34.60994032,135.5547302,
2561,E2710002246201,市営喜連第２住宅３号館,大阪府大阪市平野区喜連4-13,1,,,,,,,,,34.60991023,135.5558259,
2562,E2710002247201,大阪教育大学附属特別支援学校（運動場）,大阪府大阪市平野区喜連4-8-71,,,,1,1,,,,1,34.61025353,135.5538328,
2563,E2710002248201,喜連北公園,大阪府大阪市平野区喜連5-9,,,,1,1,,,,,34.61538337,135.5584648,
2564,E2710002249201,喜連中公園,大阪府大阪市平野区喜連6-7,,,,1,1,,,,,34.61325094,135.5581112,
2565,E2710002250201,市営喜連住宅１号館,大阪府大阪市平野区喜連7-3,1,,,,,,,,,34.61144529,135.557164,
2566,E2710002251202,市営喜連住宅２号館,大阪府大阪市平野区喜連7-4,1,,,,,,,,,34.61051849,135.5569161,
2567,E2710002251201,市営喜連住宅３号館,大阪府大阪市平野区喜連7-4,1,,,,,,,,,34.60993128,135.5569215,
2568,E2710002252202,喜連小学校（運動場）,大阪府大阪市平野区喜連7-6-4,,,,1,1,,,,1,34.6112495,135.5563554,
2569,E2710002252201,喜連小学校,大阪府大阪市平野区喜連7-6-4,1,,,,,,,,1,34.61116414,135.5558708,
2570,E2710002253201,市営西喜連第４住宅１号館,大阪府大阪市平野区喜連西1-10,1,,,,,,,,,34.61598494,135.5426472,
2571,E2710002254201,市営西喜連第４住宅４号館,大阪府大阪市平野区喜連西1-3,1,,,,,,,,,34.61472671,135.5413437,
2572,E2710002254202,市営西喜連第４住宅３号館,大阪府大阪市平野区喜連西1-3,1,,,,,,,,,34.61541102,135.541392,
2573,E2710002255201,市営西喜連第４住宅５号館,大阪府大阪市平野区喜連西2-1,1,,,,,,,,,34.61402298,135.5414242,
2574,E2710002255202,喜連西中央公園,大阪府大阪市平野区喜連西2-1,,,,1,1,,,,,34.61340931,135.5413375,
2575,E2710002256201,市営西喜連第４住宅２号館,大阪府大阪市平野区喜連西2-10,1,,,,,,,,,34.61417485,135.5428886,
2576,E2710002257202,市営西喜連第３住宅１号館,大阪府大阪市平野区喜連西2-2,1,,,,,,,,,34.61332449,135.5425622,
2577,E2710002257201,市営西喜連第３住宅２号館,大阪府大阪市平野区喜連西2-2,1,,,,,,,,,34.61301516,135.5425368,
2578,E2710002258201,市営西喜連第５住宅３号館,大阪府大阪市平野区喜連西3-16,1,,,,,,,,,34.61137635,135.5441166,
2579,E2710002259201,喜連西公園,大阪府大阪市平野区喜連西3-17,,,,1,1,,,,,34.61241262,135.5457713,
2580,E2710002260201,喜連西小学校,大阪府大阪市平野区喜連西3-17-61,1,,,,,,,,1,34.61233649,135.5453638,
2581,E2710002260202,喜連西小学校（運動場）,大阪府大阪市平野区喜連西3-17-61,,,,1,1,,,,1,34.61226291,135.5448292,
2582,E2710002261201,市営西喜連第５住宅２号館,大阪府大阪市平野区喜連西3-18,1,,,,,,,,,34.61102756,135.5449535,
2583,E2710002262201,市営西喜連第３住宅６号館,大阪府大阪市平野区喜連西3-2,1,,,,,,,,,34.61134216,135.541366,
2584,E2710002262202,市営西喜連第３住宅５号館,大阪府大阪市平野区喜連西3-2,1,,,,,,,,,34.61109491,135.5413445,
2585,E2710002263202,市営西喜連第３住宅３号館,大阪府大阪市平野区喜連西3-3,1,,,,,,,,,34.61232671,135.5425354,
2586,E2710002263201,市営西喜連第３住宅４号館,大阪府大阪市平野区喜連西3-3,1,,,,,,,,,34.61200882,135.5425193,
2587,E2710002264201,市営西喜連第５住宅４号館,大阪府大阪市平野区喜連西3-8,1,,,,,,,,,34.61119975,135.5428935,
2588,E2710002265201,市営西喜連第５住宅１号館,大阪府大阪市平野区喜連西4-2,1,,,,,,,,,34.60994037,135.54283,
2589,E2710002266201,市営西喜連第５住宅５号館,大阪府大阪市平野区喜連西4-2-5,1,,,,,,,,,34.61019,135.542164,
2590,E2710002267201,市営西喜連第５住宅７号館,大阪府大阪市平野区喜連西4-4-7,1,,,,,,,,,34.61023,135.544209,
2591,E2710002268201,市営西喜連第５住宅６号館,大阪府大阪市平野区喜連西4-5-6,1,,,,,,,,,34.610281,135.544643,
2592,E2710002269201,喜連北第２公園,大阪府大阪市平野区喜連西5-1,,,,1,1,,,,,34.61540819,135.547346,
2593,E2710002270202,喜連中学校（運動場）,大阪府大阪市平野区喜連西6-2-11,,,,1,1,,,,1,34.611276,135.5474616,
2594,E2710002270201,喜連中学校,大阪府大阪市平野区喜連西6-2-11,1,,,,,,,,1,34.61139521,135.5480874,
2595,E2710002271201,ライフ喜連瓜破店,大阪府大阪市平野区喜連西6-2-34,1,,,,,,,,,34.609701,135.548503,
2596,E2710002272201,喜連八坂公園,大阪府大阪市平野区喜連東2-1,,,,1,1,,,,,34.61330455,135.5593051,
2597,E2710002273202,喜連東小学校（運動場）,大阪府大阪市平野区喜連東2-2-17,,,,1,1,,,,1,34.61331764,135.5614291,
2598,E2710002273201,喜連東小学校,大阪府大阪市平野区喜連東2-2-17,1,,,,,,,,1,34.61347952,135.5619423,
2599,E2710002274201,市営東喜連第４住宅６号館,大阪府大阪市平野区喜連東3-10,1,,,,,,,,,34.60957325,135.562776,
2600,E2710002275201,市営東喜連第４住宅８号館,大阪府大阪市平野区喜連東3-5,1,,,,,,,,,34.6097083,135.5608923,
2601,E2710002276201,市営東喜連第４住宅９号館,大阪府大阪市平野区喜連東3-6,1,,,,,,,,,34.61012773,135.561064,
2602,E2710002276202,喜連東公園,大阪府大阪市平野区喜連東3-6,,,,1,1,,,,,34.6104828,135.5602391,
2603,E2710002277201,市営東喜連第２住宅１号館,大阪府大阪市平野区喜連東3-6-1,1,,,,,,,,,34.611328,135.560775,
2604,E2710002278201,市営東喜連第４住宅７号館,大阪府大阪市平野区喜連東3-9,1,,,,,,,,,34.60961988,135.5619074,
2605,E2710002279201,市営東喜連住宅１号館,大阪府大阪市平野区喜連東4-5,1,,,,,,,,,34.61268583,135.5642408,
2606,E2710002280201,市営東喜連第５住宅１号館,大阪府大阪市平野区喜連東4-8,1,,,,,,,,,34.61207672,135.564218,
2607,E2710002281201,市営東喜連第５住宅２号館,大阪府大阪市平野区喜連東5-1,1,,,,,,,,,34.61111425,135.564379,
2608,E2710002282201,市営東喜連第４住宅４号館,大阪府大阪市平野区喜連東5-13,1,,,,,,,,,34.61042096,135.5650345,
2609,E2710002283201,市営東喜連第４住宅２号館,大阪府大阪市平野区喜連東5-2,1,,,,,,,,,34.61010307,135.5628994,
2610,E2710002283202,なかよし広場,大阪府大阪市平野区喜連東5-2,,,,1,1,,,,,34.61036283,135.5638749,
2611,E2710002285201,市営東喜連第４住宅３号館,大阪府大阪市平野区喜連東5-3,1,,,,,,,,,34.60999711,135.5639777,
2612,E2710002286201,市営東喜連第４住宅５号館,大阪府大阪市平野区喜連東5-4,1,,,,,,,,,34.60947171,135.563924,
2613,E2710002287201,西脇公園,大阪府大阪市平野区西脇2-2,,,,1,1,,,,,34.62800855,135.5453057,
2614,E2710002289201,市営長吉第２住宅１号館,大阪府大阪市平野区長吉出戸1-1-1,1,,,,,,,,,34.61641679,135.5623635,
2615,E2710002290201,市営長吉第２住宅２号館,大阪府大阪市平野区長吉出戸1-1-2,1,,,,,,,,,34.61612983,135.5628034,
2616,E2710002291201,市営長吉第２住宅３号館,大阪府大阪市平野区長吉出戸1-1-3,1,,,,,,,,,34.61608568,135.5633988,
2617,E2710002288201,長吉出戸公園,大阪府大阪市平野区長吉出戸1-11,,,,1,1,,,,,34.6139717,135.5653299,
2618,E2710002292201,市営長吉出戸西住宅２３号館,大阪府大阪市平野区長吉出戸2-25,1,,,,,,,,,34.6123651,135.5685264,
2619,E2710002293201,市営長吉出戸西住宅２４号館,大阪府大阪市平野区長吉出戸2-6,1,,,,,,,,,34.6123481,135.5674584,
2620,E2710002294201,長吉出戸小学校,大阪府大阪市平野区長吉出戸3-1-43,1,,,,,,,,1,34.61274116,135.5704074,
2621,E2710002294202,長吉出戸小学校（運動場）,大阪府大阪市平野区長吉出戸3-1-43,,,,1,1,,,,1,34.61317438,135.5706367,
2622,E2710002295201,出戸池公園,大阪府大阪市平野区長吉出戸5-3,,,,1,1,,,,,34.60948016,135.5708304,
2623,E2710002296201,長吉公園,大阪府大阪市平野区長吉出戸5-4,,,,1,1,,,,,34.61007716,135.5708097,
2624,E2710002298202,市営長吉出戸第２住宅１号館,大阪府大阪市平野区長吉出戸7-3,1,,,,,,,,,34.612983,135.575495,
2625,E2710002298201,市営長吉出戸第２住宅２号館,大阪府大阪市平野区長吉出戸7-3,1,,,,,,,,,34.613039,135.576191,
2626,E2710002299201,出戸やすらぎ公園,大阪府大阪市平野区長吉出戸7-7,,,,1,1,,,,,34.61057107,135.5750123,
2627,E2710002300201,市営長吉出戸南第１住宅１号館,大阪府大阪市平野区長吉出戸8-10,1,,,,,,,,,34.60831546,135.5758253,
2628,E2710002301201,市営長吉出戸南第１住宅４号館,大阪府大阪市平野区長吉出戸8-11,1,,,,,,,,,34.60694232,135.577086,
2629,E2710002302201,出戸南公園,大阪府大阪市平野区長吉出戸8-14,,,,1,1,,,,,34.60743638,135.5766278,
2630,E2710002303201,市営長吉出戸南第１住宅２号館,大阪府大阪市平野区長吉出戸8-3-2,1,,,,,,,,,34.60856712,135.5749724,
2631,E2710002304201,市営長吉出戸南第１住宅３号館,大阪府大阪市平野区長吉出戸8-3-3,1,,,,,,,,,34.60815651,135.5744199,
2632,E2710002305203,市営長吉出戸南第１住宅６号館,大阪府大阪市平野区長吉出戸8-7,1,,,,,,,,,34.60717301,135.5753908,
2633,E2710002305202,市営長吉出戸南第１住宅７号館,大阪府大阪市平野区長吉出戸8-7,1,,,,,,,,,34.60740702,135.5756859,
2634,E2710002305201,市営長吉出戸南第１住宅５号館,大阪府大阪市平野区長吉出戸8-7,1,,,,,,,,,34.606965,135.576128,
2635,E2710002306202,長吉東小学校（運動場）,大阪府大阪市平野区長吉出戸8-8-41,,,,1,1,,,,1,34.60807927,135.5768115,
2636,E2710002306201,長吉東小学校,大阪府大阪市平野区長吉出戸8-8-41,1,,,,,,,,1,34.60844426,135.5767078,
2637,E2710002307202,川辺小学校（運動場）,大阪府大阪市平野区長吉川辺1-4-9,,,,1,1,,,,1,34.59629919,135.5693754,
2638,E2710002307201,川辺小学校,大阪府大阪市平野区長吉川辺1-4-9,1,,,,,,,,1,34.59685117,135.5694272,
2639,E2710002308201,川辺中公園,大阪府大阪市平野区長吉川辺2-1,,,,1,1,,,,,34.59745307,135.5726171,
2640,E2710002311201,長吉東部南公園,大阪府大阪市平野区長吉川辺3-11,,,,1,1,,,,,34.59610478,135.5780619,
2641,E2710002312201,川辺東公園,大阪府大阪市平野区長吉川辺3-2,,,,1,1,,,,,34.59892355,135.5762132,
2642,E2710002314201,市営長吉川辺住宅１号館,大阪府大阪市平野区長吉川辺3-21,1,,,,,,,,,34.59408474,135.5794055,
2643,E2710002315202,平野特別支援学校（運動場）,大阪府大阪市平野区長吉川辺3-4-115,,,,1,1,,,,1,34.59859211,135.5780593,
2644,E2710002316201,川辺南公園,大阪府大阪市平野区長吉川辺4-1,,,,1,1,,,,,34.59393246,135.5697144,
2645,E2710002310201,川辺北公園,大阪府大阪市平野区長吉川辺２－北1,,,,1,1,,,,,34.59874115,135.5704208,
2646,E2710002317201,長吉瓜破３号公園,大阪府大阪市平野区長吉長原1-3,,,,1,1,,,,,34.60664922,135.5694757,
2647,E2710002318202,なみはや公園,大阪府大阪市平野区長吉長原2-14,,,,1,1,,,,,34.60403309,135.5719223,
2648,E2710002318201,市営長吉住宅１号館,大阪府大阪市平野区長吉長原2-14,1,,,,,,,,,34.60530087,135.571929,
2649,E2710002319201,長吉小学校,大阪府大阪市平野区長吉長原2-6-55,1,,,,,,,,1,34.60587551,135.5693206,
2650,E2710002319202,長吉小学校（運動場）,大阪府大阪市平野区長吉長原2-6-55,,,,1,1,,,,1,34.60560764,135.5695155,
2651,E2710002320201,市営長吉長原住宅２号館,大阪府大阪市平野区長吉長原4-3,1,,,,,,,,,34.59970874,135.5687677,
2652,E2710002320202,市営長吉長原住宅１号館,大阪府大阪市平野区長吉長原4-3,1,,,,,,,,,34.59997368,135.5683761,
2653,E2710002321201,長原公園,大阪府大阪市平野区長吉長原4-9,,,,1,1,,,,,34.60108289,135.571134,
2654,E2710002322201,長原西公園,大阪府大阪市平野区長吉長原西2-4,,,,1,1,,,,,34.60523033,135.5661906,
2655,E2710002323201,市営長吉長原西住宅６号館,大阪府大阪市平野区長吉長原西3-10,1,,,,,,,,,34.59926841,135.5676499,
2656,E2710002324201,長吉高等学校（運動場）,大阪府大阪市平野区長吉長原西3-11-33,,,,1,1,,,,1,34.59820895,135.5659786,
2657,E2710002325201,市営長吉長原西第２住宅１号館,大阪府大阪市平野区長吉長原西3-6,1,,,,,,,,,34.60118583,135.5661965,
2658,E2710002326201,市営長吉長原西第２住宅２号館,大阪府大阪市平野区長吉長原西3-6-2,1,,,,,,,,,34.601659,135.565799,
2659,E2710002327201,長吉西中学校,大阪府大阪市平野区長吉長原西3-8-21,1,,,,,,,,1,34.60067058,135.566282,
2660,E2710002327202,長吉西中学校（運動場）,大阪府大阪市平野区長吉長原西3-8-21,,,,1,1,,,,1,34.60049837,135.5654738,
2661,E2710002328202,長吉西中学前公園,大阪府大阪市平野区長吉長原西3-9,,,,1,1,,,,,34.60072359,135.5671342,
2662,E2710002328201,市営長吉長原西住宅１号館,大阪府大阪市平野区長吉長原西3-9,1,,,,,,,,,34.60037892,135.5675961,
2663,E2710002329201,市営長吉長原東住宅８号館,大阪府大阪市平野区長吉長原東1-11,1,,,,,,,,,34.60402177,135.5770661,
2664,E2710002330201,市営長吉長原東住宅９号館,大阪府大阪市平野区長吉長原東1-5,1,,,,,,,,,34.60392463,135.5761702,
2665,E2710002331202,長吉中学校（運動場）,大阪府大阪市平野区長吉長原東1-6-15,,,,1,1,,,,1,34.60480732,135.5760195,
2666,E2710002331201,長吉中学校,大阪府大阪市平野区長吉長原東1-6-15,1,,,,,,,,1,34.60535703,135.5758032,
2667,E2710002332201,市営長吉長原東住宅５号館,大阪府大阪市平野区長吉長原東1-8,1,,,,,,,,,34.60603077,135.5771412,
2668,E2710002333202,市営長吉長原東住宅６号館,大阪府大阪市平野区長吉長原東1-9,1,,,,,,,,,34.60540379,135.5770822,
2669,E2710002333201,市営長吉長原東住宅７号館,大阪府大阪市平野区長吉長原東1-9,1,,,,,,,,,34.60475914,135.5770446,
2670,E2710002334202,市営長吉長原東住宅３号館,大阪府大阪市平野区長吉長原東2-1,1,,,,,,,,,34.60310753,135.574281,
2671,E2710002334201,市営長吉長原東住宅４号館,大阪府大阪市平野区長吉長原東2-1,1,,,,,,,,,34.60326649,135.5747262,
2672,E2710002335202,市営長吉長原東住宅１０号館,大阪府大阪市平野区長吉長原東2-5,1,,,,,,,,,34.60342127,135.5759557,
2673,E2710002335201,市営長吉長原東住宅１１号館,大阪府大阪市平野区長吉長原東2-5,1,,,,,,,,,34.60338153,135.5768462,
2674,E2710002336201,市営長吉長原東住宅１２号館,大阪府大阪市平野区長吉長原東2-6,1,,,,,,,,,34.60225558,135.5776454,
2675,E2710002337201,市営長吉長原東住宅１３号館,大阪府大阪市平野区長吉長原東2-7,1,,,,,,,,,34.60256466,135.5794425,
2676,E2710002338201,長吉東部中央公園,大阪府大阪市平野区長吉長原東2-9,,,,1,1,,,,,34.60297239,135.5777155,
2677,E2710002339201,長原小学校,大阪府大阪市平野区長吉長原東3-10-9,1,,,,,,,,1,34.59958168,135.5773242,
2678,E2710002339202,長原小学校（運動場）,大阪府大阪市平野区長吉長原東3-10-9,,,,1,1,,,,1,34.59923119,135.5776367,
2679,E2710002340201,市営長吉長原東第４住宅３８号館,大阪府大阪市平野区長吉長原東3-3,1,,,,,,,,,34.59921757,135.5766691,
2680,E2710002341201,市営長吉長原東第４住宅３７号館,大阪府大阪市平野区長吉長原東3-4,1,,,,,,,,,34.60023764,135.5766954,
2681,E2710002342203,市営長吉六反第１住宅１号館,大阪府大阪市平野区長吉六反1-11,1,,,,,,,,,34.60900538,135.5794906,
2682,E2710002342201,市営長吉六反第１住宅３号館,大阪府大阪市平野区長吉六反1-11,1,,,,,,,,,34.60911135,135.5802148,
2683,E2710002342202,市営長吉六反第１住宅２号館,大阪府大阪市平野区長吉六反1-11,1,,,,,,,,,34.60882436,135.5805903,
2684,E2710002343201,六反赤坂公園,大阪府大阪市平野区長吉六反1-14,,,,1,1,,,,,34.60818998,135.5818183,
2685,E2710002344201,六反さくら公園,大阪府大阪市平野区長吉六反1-5,,,,1,1,,,,,34.60988735,135.5806273,
2686,E2710002345201,市営長吉長原東住宅１６号館,大阪府大阪市平野区長吉六反3-11,1,,,,,,,,,34.60258751,135.5804361,
2687,E2710002346201,六反南公園,大阪府大阪市平野区長吉六反3-17,,,,1,1,,,,,34.6053649,135.5814328,
2688,E2710002347201,長吉南小学校,大阪府大阪市平野区長吉六反3-2-17,1,,,,,,,,1,34.60464534,135.5787319,
2689,E2710002347202,長吉南小学校（運動場）,大阪府大阪市平野区長吉六反3-2-17,,,,1,1,,,,1,34.60454194,135.5782978,
2690,E2710002348201,六反西公園,大阪府大阪市平野区長吉六反3-4,,,,1,1,,,,,34.60477834,135.5790952,
2691,E2710002349202,市営長吉長原東住宅１４号館,大阪府大阪市平野区長吉六反3-8,1,,,,,,,,,34.60315865,135.5804321,
2692,E2710002349201,市営長吉長原東住宅１５号館,大阪府大阪市平野区長吉六反3-8,1,,,,,,,,,34.60313639,135.5812775,
2693,E2710002350201,市営長吉六反北３号館,大阪府大阪市平野区長吉六反4-5-3,1,,,,,,,,,34.608257,135.584115,
2694,E2710002351201,六反東公園,大阪府大阪市平野区長吉六反4-7,,,,1,1,,,,,34.6068295,135.5850611,
2695,E2710002352201,市営長吉六反北住宅１号館,大阪府大阪市平野区長吉六反4-8-1,1,,,,,,,,,34.608757,135.58491,
2696,E2710002353201,市営長吉六反北住宅２号館,大阪府大阪市平野区長吉六反4-8-2,1,,,,,,,,,34.608176,135.585342,
2697,E2710002354201,長吉六反中学校,大阪府大阪市平野区長吉六反4-9-61,1,,,,,,,,1,34.60880357,135.585768,
2698,E2710002354202,長吉六反中学校（運動場）,大阪府大阪市平野区長吉六反4-9-61,,,,1,1,,,,1,34.60865787,135.5865476,
2699,E2710002355202,もと長吉六反小学校（運動場）,大阪府大阪市平野区長吉六反5-3-41,,,,1,1,,,,1,34.60635793,135.5864844,
2700,E2710002355201,長吉六反小学校,大阪府大阪市平野区長吉六反5-3-41,1,,,,,,,,1,34.60648542,135.5860861,
2701,E2710002934201,市営長吉六反東第１住宅１号棟,大阪府大阪市平野区長吉六反5-8-1,1,,,,,,,,,34.604005,135.584389,
2702,E2710002935201,市営長吉六反東第１住宅２号棟,大阪府大阪市平野区長吉六反5-8-2,1,,,,,,,,,34.604464,135.584636,
2703,E2710002356201,平野中学校,大阪府大阪市平野区背戸口1-16-26,1,,,,,,,,1,34.62363875,135.5422718,
2704,E2710002356202,平野中学校（運動場）,大阪府大阪市平野区背戸口1-16-26,,,,1,1,,,,1,34.62327235,135.5429388,
2705,E2710002357202,新平野西小学校（運動場）,大阪府大阪市平野区背戸口1-5-22,,,,1,1,,,,1,34.62438676,135.5410737,
2706,E2710002357201,新平野西小学校,大阪府大阪市平野区背戸口1-5-22,1,,,,,,,,1,34.62436027,135.5419785,
2707,E2710002358202,平野西小学校（運動場）,大阪府大阪市平野区背戸口4-1-31,,,,1,1,,,,1,34.6249897,135.5472531,
2708,E2710002358201,平野西小学校,大阪府大阪市平野区背戸口4-1-31,1,,,,,,,,1,34.62490436,135.5477341,
2709,E2710002359201,背戸口公園,大阪府大阪市平野区背戸口5-2,,,,1,1,,,,,34.62278444,135.5474875,
2710,E2710002360201,元六公園,大阪府大阪市平野区平野宮町1-3,,,,1,1,,,,,34.6283345,135.5517289,
2711,E2710002361201,杭全公園,大阪府大阪市平野区平野宮町1-7,,,,1,1,,,,,34.62731607,135.5553535,
2712,E2710002362202,平野北中学校（運動場）,大阪府大阪市平野区平野宮町1-8-55,,,,1,1,,,,1,34.62844601,135.5534076,
2713,E2710002362201,平野北中学校,大阪府大阪市平野区平野宮町1-8-55,1,,,,,,,,1,34.62804433,135.5533146,
2714,E2710002363202,平野小学校（運動場）,大阪府大阪市平野区平野宮町1-9-29,,,,1,1,,,,1,34.62712813,135.5538411,
2715,E2710002363201,平野小学校,大阪府大阪市平野区平野宮町1-9-29,1,,,,,,,,1,34.62712666,135.5545581,
2716,E2710002364201,坂上公園,大阪府大阪市平野区平野市町1-8,,,,1,1,,,,,34.62808256,135.5573672,
2717,E2710002365201,京町公園,大阪府大阪市平野区平野市町3-10,,,,1,1,,,,,34.6257521,135.5583919,
2718,E2710002366201,東住吉高等学校（運動場）,大阪府大阪市平野区平野西2-3-77,,,,1,1,,,,1,34.61772714,135.5427186,
2719,E2710002367202,摂陽中学校（運動場）,大阪府大阪市平野区平野西3-4-7,,,,1,1,,,,1,34.62047662,135.545948,
2720,E2710002367201,摂陽中学校,大阪府大阪市平野区平野西3-4-7,1,,,,,,,,1,34.62021175,135.5457531,
2721,E2710002368201,平野西公園,大阪府大阪市平野区平野西3-5,,,,1,1,,,,,34.61924109,135.5463083,
2722,E2710002369201,平野公園,大阪府大阪市平野区平野東2-11,,,,1,1,,,,,34.62268592,135.5596605,
2723,E2710002371201,平野野堂公園,大阪府大阪市平野区平野南1-2,,,,1,1,,,,,34.62038051,135.558025,
2724,E2710002372201,平野南小学校,大阪府大阪市平野区平野南2-3-8,1,,,,,,,,1,34.61799393,135.5586299,
2725,E2710002372202,平野南小学校（運動場）,大阪府大阪市平野区平野南2-3-8,,,,1,1,,,,1,34.61789166,135.5581623,
2726,E2710002373201,市営平野東住宅１号館,大阪府大阪市平野区平野南3-10,1,,,,,,,,,34.61949296,135.5604976,
2727,E2710002374201,市営平野東住宅５号館,大阪府大阪市平野区平野南3-11,1,,,,,,,,,34.61870715,135.5607551,
2728,E2710002374202,市営平野東住宅４号館,大阪府大阪市平野区平野南3-11,1,,,,,,,,,34.61879986,135.5615543,
2729,E2710002374203,平野南公園,大阪府大阪市平野区平野南3-11,,,,1,1,,,,,34.61827634,135.5605211,
2730,E2710002375201,市営平野東住宅３号館,大阪府大阪市平野区平野南3-9,1,,,,,,,,,34.61947088,135.5613183,
2731,E2710002376201,平野北公園,大阪府大阪市平野区平野北1-1,,,,1,1,,,,,34.63358489,135.5509444,
2732,E2710002377201,大阪教育大学附属平野中学校・高等学校平野校舎（運動場）,大阪府大阪市平野区流町2-1-24,,,,1,1,,,,1,34.61728376,135.54987,
2733,E2710002378201,国分寺公園,大阪府大阪市北区国分寺1-5,,,,1,1,,,,,34.71025619,135.5148366,
2734,E2710002379201,黒崎町公園,大阪府大阪市北区黒崎町5,,,,1,1,,,,,34.7072435,135.5088153,
2735,E2710002381203,大阪府立桜和高等学校（運動場）,大阪府大阪市北区松ケ枝町1-38,,,,1,1,,,,1,34.698654,135.517975,
2736,E2710002382202,天満中学校（運動場）,大阪府大阪市北区神山町12-9,,,,1,1,,,,1,34.70367797,135.5069831,
2737,E2710002382201,天満中学校,大阪府大阪市北区神山町12-9,1,,,,1,,,,1,34.70319285,135.5069169,
2738,E2710002384201,菅北公園,大阪府大阪市北区菅栄町4,,,,1,1,,,,,34.70879406,135.5145533,
2739,E2710002385202,菅北小学校（運動場）,大阪府大阪市北区菅栄町9-5,,,,1,1,,,,1,34.70867066252,135.51385944233,
2740,E2710002385201,菅北小学校,大阪府大阪市北区菅栄町9-5,1,,,,1,,,,1,34.70882060573,135.51357865767,
2741,E2710002386201,菅南幼稚園（運動場）,大阪府大阪市北区菅原町11-2,,,,1,1,,,,1,34.69383541,135.5101228,
2742,E2710002387202,西天満小学校（運動場）,大阪府大阪市北区西天満3-12-21,,,,1,1,,,,1,34.6964161,135.5067585,
2743,E2710002387201,西天満小学校,大阪府大阪市北区西天満3-12-21,1,,,,1,,,,1,34.69655283,135.5070625,
2744,E2710002388201,西天満どんぐり公園,大阪府大阪市北区西天満3-7,,,,1,1,,,,,34.69591659,135.5079257,
2745,E2710002389201,西天満公園,大阪府大阪市北区西天満5-7,,,,1,1,,,,,34.69855569,135.5080395,
2746,E2710002390201,扇町公園,大阪府大阪市北区扇町1-1,,,,1,1,,,,1,34.70386909,135.5089794,
2747,E2710002392201,市営扇町住宅１号館,大阪府大阪市北区扇町2-3,1,,,,1,,,,,34.70535699,135.5080869,
2748,E2710002954201,パークタワー梅田,大阪府大阪市北区扇町2-6-17,1,,,,1,,,,,34.705251,135.505924,
2749,E2710002393202,扇町小学校（運動場）,大阪府大阪市北区扇町2-7-24,,,,1,1,,,,1,34.70437094,135.5068964,
2750,E2710002393201,扇町小学校,大阪府大阪市北区扇町2-7-24,1,,,,1,,,,1,34.704677689925,135.50647338095,
2751,E2710002866201,梅田ガーデン（２階外部廊下）,大阪府大阪市北区曽根崎2-15-1,,,,1,,,,,1,34.701239,135.501432,
2752,E2710003034201,グラングリーン大阪　南館,大阪府大阪市北区大深町1-39,1,,,,1,,,,,34.7026,135.491665,
2753,E2710003018201,グラングリーン大阪　北館,大阪府大阪市北区大深町1-40,1,,,,1,,,,,34.706093,135.493129,
2754,E2710002395201,平成医療学園専門学校　なにわ歯科衛生専門学校,大阪府大阪市北区大深町2-179,1,,,,1,,,,,34.70887038,135.4947888,
2755,E2710002396201,大淀中公園,大阪府大阪市北区大淀中1-9,,,,1,,,,,,34.70500796,135.4886875,
2756,E2710002397201,大淀中学校,大阪府大阪市北区大淀中2-1-11,1,,,,1,,,,1,34.7037607,135.4865098,
2757,E2710002397202,大淀中学校（運動場）,大阪府大阪市北区大淀中2-1-11,,,,1,,,,,1,34.70400547,135.4868656,
2758,E2710002398202,大淀小学校（運動場）,大阪府大阪市北区大淀中4-10-33,,,,1,,,,,1,34.70363913,135.4823457,
2759,E2710002398201,大淀小学校,大阪府大阪市北区大淀中4-10-33,1,,,,1,,,,1,34.70399194,135.482403,
2760,E2710002868201,セレッソフットサルパ－ク,大阪府大阪市北区大淀中5-12-39,,,,1,,,,,,34.704838,135.480637,
2761,E2710002399201,大淀中５公園,大阪府大阪市北区大淀中5-8,,,,1,,,,,,34.70286019,135.4811624,
2762,E2710002400201,ＪＴ大阪ビル,大阪府大阪市北区大淀南1-5-10,1,,,,1,,,,,34.70322827,135.4895257,
2763,E2710002401201,大淀南公園,大阪府大阪市北区大淀南1-8,,,,1,,,,,,34.70348093,135.487933,
2764,E2710002402201,特別養護老人ホーム　淳風おおさか,大阪府大阪市北区大淀南2-5-20,1,,,,1,,,,1,34.7007994,135.4853586,
2765,E2710002403201,（宗）本門佛立宗清風寺,大阪府大阪市北区大淀南2-5-5,1,,,,1,,,,,34.70070639,135.485096,
2766,E2710002404201,浦江公園,大阪府大阪市北区大淀南3-3,,,,1,,,,,,34.70138625,135.4826538,
2767,E2710002405201,大淀北公園,大阪府大阪市北区大淀北1-4,,,,1,,,,,,34.70795167,135.486645,
2768,E2710002406201,市営大淀北住宅１号館,大阪府大阪市北区大淀北1-5-19,1,,,,1,,,,,34.70849533,135.485512,
2769,E2710002407201,株式会社ヒラカワ本社ビル,大阪府大阪市北区大淀北1-9-5,1,,,,1,,,,,34.707227,135.483013,
2770,E2710002408201,大淀西公園,大阪府大阪市北区大淀北2-1,,,,1,,,,,,34.70476024,135.4785602,
2771,E2710002411201,ヴェルデミキ,大阪府大阪市北区中崎西2-3-28,1,,,,1,,,,,34.70642704,135.5030118,
2772,E2710002412201,シティハイツサルキ,大阪府大阪市北区中崎西2-3-36,1,,,,1,,,,,34.706248,135.503283,
2773,E2710002413201,中津東公園,大阪府大阪市北区中津2-1,,,,1,,,,,,34.71368702,135.498023,
2774,E2710002415201,中津公園,大阪府大阪市北区中津2-8,,,,1,,,,,,34.71491099,135.4963596,
2775,E2710002416201,中津小学校,大阪府大阪市北区中津3-34-18,1,,,,1,,,,1,34.71354765,135.4940067,
2776,E2710002416202,中津小学校（運動場）,大阪府大阪市北区中津3-34-18,,,,1,,,,,1,34.71331835,135.4943142,
2777,E2710002417201,中津中央公園,大阪府大阪市北区中津3-4,,,,1,,,,,,34.71014923,135.4933844,
2778,E2710002418201,大阪市立北スポーツセンター,大阪府大阪市北区中津3-4-27,1,,,,1,,,,,34.71033181,135.4926499,
2779,E2710002419201,中津南公園,大阪府大阪市北区中津5-3,,,,1,,,,,,34.70612239,135.4914174,
2780,E2710002420201,平成医療学園専門学校　中津第１校舎,大阪府大阪市北区中津6-10-15,1,,,,1,,,,,34.70983329,135.4908397,
2781,E2710002421201,市営中津第３住宅１号館,大阪府大阪市北区中津6-2-24,1,,,,1,,,,,34.70910732,135.4916275,
2782,E2710002422201,大阪ＹＭＣＡインターナショナルスクール　（西側校舎、東側校舎、体育館）,大阪府大阪市北区中津6-7-34,1,,,,1,,,,1,34.708546846917,135.48923320675,
2783,E2710002422202,大阪ＹＭＣＡインターナショナルスクール（運動場）,大阪府大阪市北区中津6-7-34,,,,1,,,,,1,34.70830982,135.4887893,
2784,E2710002423201,宝塚医療大学大阪中津キャンパス,大阪府大阪市北区中津6-9-38,1,,,,1,,,,,34.70999305,135.4901281,
2785,E2710002424201,阪急観光バス株式会社　（立体駐車場２階部分）,大阪府大阪市北区中津7-7-19,1,,,,1,,,,,34.70999221,135.4869995,
2786,E2710002425201,大阪市立科学館（南側広場）,大阪府大阪市北区中之島4-2-1,,,,1,1,,,,,34.691196,135.491999,
2787,E2710002426201,国立国際美術館,大阪府大阪市北区中之島4-2-55,1,,,,1,,,,,34.69179392,135.4919635,
2788,E2710002427201,大阪府立国際会議場（グランキューブ大阪）,大阪府大阪市北区中之島5-3-51,1,,,,1,,,,,34.689353,135.486283,
2789,E2710002857201,"大阪市立中之島小中一貫校
（運動場）",大阪府大阪市北区中之島6-1-53,,,,1,1,,,,1,34.688248,135.486771,
2790,E2710002428201,長柄西公園,大阪府大阪市北区長柄西1-7,,,,1,1,,,,,34.71467581,135.5141828,
2791,E2710002429201,豊仁小学校,大阪府大阪市北区長柄西2-6-20,1,,,,1,,,,1,34.717055974745,135.51340290979,
2792,E2710002429202,豊仁小学校（運動場）,大阪府大阪市北区長柄西2-6-20,,,,1,1,,,,1,34.71677378,135.5136408,
2793,E2710002430201,長柄公園,大阪府大阪市北区長柄西2-7,,,,1,1,,,,,34.7174185,135.5137421,
2794,E2710002431201,市営長柄中住宅２号館,大阪府大阪市北区長柄中1-1,1,,,,1,,,,,34.71073637,135.5151373,
2795,E2710002432201,市営長柄中住宅１号館,大阪府大阪市北区長柄中1-2,1,,,,1,,,,,34.71076115,135.514135,
2796,E2710002433201,豊崎東小学校,大阪府大阪市北区長柄中2-3-30,1,,,,1,,,,1,34.7132406,135.5159413,
2797,E2710002433202,豊崎東小学校（運動場）,大阪府大阪市北区長柄中2-3-30,,,,1,1,,,,1,34.71331557,135.5156695,
2798,E2710002434201,鶴満寺公園,大阪府大阪市北区長柄東1-3,,,,1,1,,,,,34.71132936,135.516388,
2799,E2710002435201,長柄東公園,大阪府大阪市北区長柄東1-6,,,,1,1,,,,,34.71209025,135.5190762,
2800,E2710002436201,さざなみプラザ,大阪府大阪市北区長柄東2-1-22,1,,,,1,,,,,34.713549,135.519761,
2801,E2710002437202,新豊崎中学校（運動場）,大阪府大阪市北区長柄東2-2-30,,,,1,1,,,,1,34.71312497,135.5179066,
2802,E2710002437201,新豊崎中学校,大阪府大阪市北区長柄東2-2-30,1,,,,1,,,,1,34.71334545,135.5172558,
2803,E2710002438201,市営長柄東住宅１号館,大阪府大阪市北区長柄東2-4-1,1,,,,1,,,,,34.71501,135.519308,
2804,E2710002439202,市営長柄東住宅２号館,大阪府大阪市北区長柄東2-5,1,,,,1,,,,,34.714458,135.5174563,
2805,E2710002439201,市営長柄東住宅３号館,大阪府大阪市北区長柄東2-5,1,,,,1,,,,,34.71407878,135.5174885,
2806,E2710002440202,市営長柄東住宅５号館,大阪府大阪市北区長柄東2-6,1,,,,1,,,,,34.71433894,135.5166302,
2807,E2710002440203,市営長柄東住宅４号館,大阪府大阪市北区長柄東2-6,1,,,,1,,,,,34.71393767,135.5166677,
2808,E2710002440201,市営長柄東住宅６号館,大阪府大阪市北区長柄東2-6,1,,,,1,,,,,34.7142287,135.5169735,
2809,E2710002441201,市営長柄東第２住宅１号館,大阪府大阪市北区長柄東2-7,1,,,,1,,,,,34.7153368,135.5162157,
2810,E2710002442201,毛馬桜之宮公園（毛馬公園）,大阪府大阪市北区長柄東2-9,,,,1,1,,,,,34.713205,135.5206949,
2811,E2710002443201,南天満公園,大阪府大阪市北区天神橋1-3,,,,1,1,,,,,34.69179421,135.5157121,
2812,E2710002444201,堀川児童遊園,大阪府大阪市北区天神橋3-4,,,,1,1,,,,,34.70045874,135.5121047,
2813,E2710002445201,大阪市立住まい情報センター等　建物,大阪府大阪市北区天神橋6-4-20,1,,,,1,,,,,34.71036716,135.5116217,
2814,E2710002446201,滝川小学校,大阪府大阪市北区天満1-24-15,1,,,,1,,,,1,34.69610135,135.5185889,
2815,E2710002446202,滝川小学校（運動場）,大阪府大阪市北区天満1-24-15,,,,1,1,,,,1,34.69603243,135.519128,
2816,E2710002447201,Ｍ’Ｓ　ＴＥＭＭＡ,大阪府大阪市北区天満3-1-8,1,,,,1,,,,,34.692522,135.515399,
2817,E2710002448201,滝川公園,大阪府大阪市北区天満4-7,,,,1,1,,,,,34.69412596,135.5146168,
2818,E2710002449201,北稜中学校,大阪府大阪市北区天満橋1-1-58,1,,,,1,,,,1,34.69841897,135.5208641,
2819,E2710002449202,北稜中学校（運動場）,大阪府大阪市北区天満橋1-1-58,,,,1,1,,,,1,34.69822491,135.5204582,
2820,E2710002450201,東天満公園,大阪府大阪市北区天満橋1-7,,,,1,1,,,,,34.70086427,135.5185984,
2821,E2710002451201,１２３＋Ｎ大阪本店,大阪府大阪市北区兎我野町16-11,1,,,,1,,,,,34.70065521,135.5023834,
2822,E2710002452201,兎我野町　聚楽マンション,大阪府大阪市北区兎我野町9-2,1,,,,1,,,,,34.70028306,135.5036896,
2823,E2710002453201,堀川小学校,大阪府大阪市北区東天満2-10-7,1,,,,1,,,,1,34.69765105,135.5128948,
2824,E2710002453202,堀川小学校（運動場）,大阪府大阪市北区東天満2-10-7,,,,1,1,,,,1,34.69788756,135.5132502,
2825,E2710002454201,ボートピア梅田（北大阪堂山ビル）,大阪府大阪市北区堂山町18-8,1,,,,1,,,,,34.70472557,135.50195,
2826,E2710002456201,西梅田公園,大阪府大阪市北区梅田2-6,,,,1,,,,,,34.69737882,135.490806,
2827,E2710002457201,毎日新聞大阪本社ビル・毎日インテシオ,大阪府大阪市北区梅田3-4-5,1,,,,1,,,,,34.698498,135.490248,
2828,E2710002458201,ＴＯＹＯＴＯＭｉ　ＳＴＡＹ　Ｐｒｅｍｉｕｍ　梅田Ⅱ,大阪府大阪市北区浮田1-5-13,1,,,,1,,,,,34.708621,135.50795,
2829,E2710002459201,浮田西児童遊園,大阪府大阪市北区浮田2-2,,,,1,1,,,,,34.70943722,135.5080414,
2830,E2710002460201,浮田公園,大阪府大阪市北区浮田2-5,,,,1,1,,,,,34.7096598,135.5075841,
2831,E2710002461201,コープ・ジャペン,大阪府大阪市北区豊崎2-8-11,1,,,,1,,,,,34.7109798,135.5006178,
2832,E2710002462201,豊崎南公園,大阪府大阪市北区豊崎3-7,,,,1,,,,,,34.71046032,135.4993275,
2833,E2710002463201,豊崎小学校,大阪府大阪市北区豊崎4-5-9,1,,,,1,,,,1,34.71260038,135.5005563,
2834,E2710002463202,豊崎小学校（運動場）,大阪府大阪市北区豊崎4-5-9,,,,1,,,,,1,34.71232698,135.5006386,
2835,E2710002464201,豊崎東公園,大阪府大阪市北区豊崎4-7,,,,1,,,,,,34.71256797,135.5017347,
2836,E2710002465201,豊崎西公園,大阪府大阪市北区豊崎5-5,,,,1,,,,,,34.71150504,135.4987947,
2837,E2710002466201,豊崎北公園,大阪府大阪市北区豊崎6-13,,,,1,,,,,,34.71646597,135.5021649,
2838,E2710002976201,能川ビル,大阪府大阪市北区豊崎6-4-5,1,,,,1,,,,,34.714031,135.500479,
2839,E2710002467201,豊崎中公園,大阪府大阪市北区豊崎7-1,,,,1,,,,,,34.71390367,135.4996258,
2840,E2710002956201,市営豊崎第１住宅１号館,大阪府大阪市北区豊崎7-5-1,1,,,,1,,,,,34.715186,135.498864,
2841,E2710002468201,本庄南公園,大阪府大阪市北区本庄西1-4,,,,1,,,,,,34.71183719,135.5065439,
2842,E2710002469201,豊崎本庄小学校,大阪府大阪市北区本庄西2-1-16,1,,,,1,,,,1,34.71276645,135.5059297,
2843,E2710002469202,豊崎本庄小学校（運動場）,大阪府大阪市北区本庄西2-1-16,,,,1,1,,,,1,34.71248423,135.5060388,
2844,E2710002471201,本庄公園,大阪府大阪市北区本庄西3-11,,,,1,,,,,,34.71568368,135.5043044,
2845,E2710002472201,ベルコ大阪法宴会館,大阪府大阪市北区本庄東1-1-50,1,,,,1,,,,,34.711411,135.510331,
2846,E2710002473201,ライフ本庄店,大阪府大阪市北区本庄東2-3-35,1,,,,1,,,,,34.714494,135.507959,
2847,E2710002474201,本庄川崎公園,大阪府大阪市北区本庄東2-6,,,,1,1,,,,,34.71332567,135.5082529,
2848,E2710002475201,本庄小公園,大阪府大阪市北区本庄東3-4,,,,1,1,,,,,34.71666307,135.5091158,
2849,E2710002476202,豊崎中学校（運動場）,大阪府大阪市北区本庄東3-4-8,,,,1,1,,,,1,34.7160385,135.5094061,
2850,E2710002476201,豊崎中学校,大阪府大阪市北区本庄東3-4-8,1,,,,1,,,,1,34.715628412547,135.50910388955,
2851,E2710002477201,市営大淀住宅１号館,大阪府大阪市北区本庄東3-6-6,1,,,,1,,,,,34.717089,135.509134,
2852,E2710002478201,ローレルタワー梅田,大阪府大阪市北区万歳町5-12,1,,,,1,,,,,34.706022,135.504818,
2853,E2710002479201,野崎公園,大阪府大阪市北区野崎町2,,,,1,1,,,,,34.70130032,135.5070733,
2854,E2710002480201,与力町公園,大阪府大阪市北区与力町5,,,,1,1,,,,,34.70101412,135.5143253,
2855,E2710002481201,第１０新興ビル,大阪府大阪市北区浪花町1-23,1,,,,1,,,,,34.70619381,135.5105917,
2856,E2710002485201,市営加島南第２住宅１号館,大阪府大阪市淀川区加島1-2-1,1,,,,1,,,,,34.72308236,135.4613884,
2857,E2710002486201,市営加島南第２住宅２号館,大阪府大阪市淀川区加島1-2-2,1,,,,1,,,,,34.72293112,135.4625939,
2858,E2710002487201,市営加島南第２住宅３号館,大阪府大阪市淀川区加島1-2-3,1,,,,1,,,,,34.72242407,135.4625778,
2859,E2710002483201,市営加島南第３住宅１号館,大阪府大阪市淀川区加島1-20-1,1,,,,1,,,,,34.72339619,135.4603969,
2860,E2710002484201,市営加島南第３住宅２号館,大阪府大阪市淀川区加島1-20-2,1,,,,1,,,,,34.7237886,135.45978,
2861,E2710002488201,市営加島南第４住宅１号館,大阪府大阪市淀川区加島1-30-1,1,,,,1,,,,,34.72447641,135.4603164,
2862,E2710002489201,加島南公園,大阪府大阪市淀川区加島1-31,,,,1,,,,,,34.72473461,135.4593314,
2863,E2710002490201,市営加島中住宅３号館,大阪府大阪市淀川区加島1-31-3,1,,,,1,,,,,34.72511034,135.459963,
2864,E2710002493201,市営加島住宅１４号館,大阪府大阪市淀川区加島1-38-14,1,,,,1,,,,,34.72636409,135.4587802,
2865,E2710002494201,新加島公園,大阪府大阪市淀川区加島1-41,,,,1,,,,,,34.72668334,135.4592967,
2866,E2710002495201,市営加島住宅１０号館,大阪府大阪市淀川区加島1-43,1,,,,1,,,,,34.72629307,135.4595307,
2867,E2710002496201,市営加島住宅１３号館,大阪府大阪市淀川区加島1-45-13,1,,,,1,,,,,34.72594965,135.4595956,
2868,E2710002497201,市営加島住宅１２号館,大阪府大阪市淀川区加島1-46-12,1,,,,1,,,,,34.72583943,135.4602929,
2869,E2710002498201,市営加島住宅１１号館,大阪府大阪市淀川区加島1-47-11,1,,,,1,,,,,34.72629796,135.4603412,
2870,E2710002499201,市営加島住宅８号館,大阪府大阪市淀川区加島1-48-8,1,,,,1,,,,,34.72660941,135.4597363,
2871,E2710002501201,加島中住宅前公園,大阪府大阪市淀川区加島1-51,,,,1,,,,,,34.7260935,135.4609729,
2872,E2710002502201,東淀工業高等学校,大阪府大阪市淀川区加島1-52-81,1,,,,1,,,,1,34.72538768,135.4622634,
2873,E2710002502202,東淀工業高等学校（運動場）,大阪府大阪市淀川区加島1-52-81,,,,1,,,,,1,34.72637234,135.4624422,
2874,E2710002503201,市営加島東住宅１号館,大阪府大阪市淀川区加島1-53-1,1,,,,1,,,,,34.728049,135.463712,
2875,E2710002504202,美津島中学校（運動場）,大阪府大阪市淀川区加島1-54-41,,,,1,,,,,1,34.72768263,135.4625261,
2876,E2710002504201,美津島中学校,大阪府大阪市淀川区加島1-54-41,1,,,,1,,,,1,34.72785972,135.4633477,
2877,E2710002505201,㈱三笑堂　新大阪支店,大阪府大阪市淀川区加島1-56-12,1,,,,1,,,,,34.72751767,135.4609397,
2878,E2710002506201,加島中央公園,大阪府大阪市淀川区加島1-58,,,,1,,,,,,34.72867335,135.4599059,
2879,E2710002507201,加島小学校,大阪府大阪市淀川区加島1-60-28,1,,,,1,,,,1,34.72870655,135.4579125,
2880,E2710002507202,加島小学校（運動場）,大阪府大阪市淀川区加島1-60-28,,,,1,,,,,1,34.72842585,135.4582361,
2881,E2710002509201,加島今之町公園,大阪府大阪市淀川区加島2-7,,,,1,,,,,,34.73072655,135.4584792,
2882,E2710002922201,市営加島北住宅１号棟,大阪府大阪市淀川区加島2-7-1,1,,,,1,,,,,34.730353,135.46038,
2883,E2710002510201,ペルル加島,大阪府大阪市淀川区加島3-11-53,1,,,,1,,,,,34.728707,135.452302,
2884,E2710002511201,ソルティエ加島,大阪府大阪市淀川区加島3-2-3,1,,,,1,,,,,34.72735276,135.4555135,
2885,E2710002512201,日本電測㈱,大阪府大阪市淀川区加島3-3-13,1,,,,1,,,,,34.72766494,135.455977,
2886,E2710002513201,加島中公園,大阪府大阪市淀川区加島3-9,,,,1,,,,,,34.73010868,135.4549198,
2887,E2710002514201,ハイム山本,大阪府大阪市淀川区加島3-9-26,1,,,,1,,,,,34.72968651,135.4547844,
2888,E2710002516201,加島西公園,大阪府大阪市淀川区加島4-16,,,,1,,,,,,34.73198718,135.4524539,
2889,E2710002517201,市営神崎橋住宅１号館,大阪府大阪市淀川区加島4-19-1,1,,,,1,,,,,34.731952,135.450724,
2890,E2710002518201,西松建設㈱　なにわ独身寮,大阪府大阪市淀川区加島4-19-47,1,,,,1,,,,,34.73250933,135.4504424,
2891,E2710002519201,日本化学機械製造㈱　本社,大阪府大阪市淀川区加島4-6-23,1,,,,1,,,,,34.73316557,135.4566262,
2892,E2710002520201,加島北公園,大阪府大阪市淀川区加島4-7,,,,1,,,,,,34.73189851,135.4557132,
2893,E2710002515201,加島駅前公園,大阪府大阪市淀川区加島３－中4,,,,1,,,,,,34.72974874,135.4531402,
2894,E2710002522201,東淀川高等学校,大阪府大阪市淀川区宮原4-4-5,1,,,,1,,,,1,34.73582136,135.4974898,
2895,E2710002522202,東淀川高等学校（運動場）,大阪府大阪市淀川区宮原4-4-5,,,,1,,,,,1,34.73667145,135.4967084,
2896,E2710002523202,北中島小学校（運動場）,大阪府大阪市淀川区宮原5-3-4,,,,1,,,,,1,34.73912339,135.4963678,
2897,E2710002523201,北中島小学校,大阪府大阪市淀川区宮原5-3-4,1,,,,1,,,,1,34.73947899,135.4962587,
2898,E2710002524201,北中島公園,大阪府大阪市淀川区宮原5-7,,,,1,,,,,,34.73781137,135.494683,
2899,E2710002525201,市営木川第５住宅１号館,大阪府大阪市淀川区三国本国1-8,1,,,,1,,,,,34.73108301,135.4889186,
2900,E2710002526201,グラン・コート三国　パークアヴェニュー,大阪府大阪市淀川区三国本町1-11-23,1,,,,1,,,,,34.73019103,135.4858742,
2901,E2710002527201,三国本町公園,大阪府大阪市淀川区三国本町1-12,,,,1,,,,,,34.73155824,135.4867704,
2902,E2710002528201,宮原小学校,大阪府大阪市淀川区三国本町1-16-44,1,,,,1,,,,1,34.73298213,135.4859963,
2903,E2710002528202,宮原小学校（運動場）,大阪府大阪市淀川区三国本町1-16-44,,,,1,,,,,1,34.73255596,135.486041,
2904,E2710002923201,市営三国南住宅１号棟,大阪府大阪市淀川区三国本町2-11-1,1,,,,1,,,,,34.734127,135.487341,
2905,E2710002529201,淀川区在宅サービスセンター,大阪府大阪市淀川区三国本町2-14-3,1,,,,1,,,,,34.7353429,135.4859709,
2906,E2710002530201,日商岩井三国本町マンション,大阪府大阪市淀川区三国本町2-2-16,1,,,,1,,,,,34.73418223,135.4880037,
2907,E2710002531201,三国中公園,大阪府大阪市淀川区三国本町2-3,,,,1,,,,,,34.73529632,135.4883309,
2908,E2710002532201,三国西公園,大阪府大阪市淀川区三国本町3-30,,,,1,,,,,,34.73719023,135.4843254,
2909,E2710002533201,大阪文化服装学院　新館、東館,大阪府大阪市淀川区三国本町3-35-8,1,,,,1,,,,,34.73615337,135.4843374,
2910,E2710002534201,ライトハイツ,大阪府大阪市淀川区三国本町3-8-5,1,,,,1,,,,,34.73691841,135.4886366,
2911,E2710002535202,三国小学校（運動場）,大阪府大阪市淀川区三国本町3-9-18,,,,1,,,,,1,34.73800345,135.4879791,
2912,E2710002535201,三国小学校,大阪府大阪市淀川区三国本町3-9-18,1,,,,1,,,,1,34.73846044,135.4882241,
2913,E2710002536201,三津屋小学校,大阪府大阪市淀川区三津屋中1-4-14,1,,,,1,,,,1,34.72805667,135.472686,
2914,E2710002536202,三津屋小学校（運動場）,大阪府大阪市淀川区三津屋中1-4-14,,,,1,,,,,1,34.72837558,135.4729452,
2915,E2710002537201,グランメールマツダ,大阪府大阪市淀川区三津屋中1-4-7,1,,,,1,,,,,34.72822638,135.4737181,
2916,E2710003024201,新コスモス電機株式会社　淀川工場,大阪府大阪市淀川区三津屋中3-6-25,1,,,,1,,,,,34.726421,135.466779,
2917,E2710002538201,三津屋公園,大阪府大阪市淀川区三津屋南2-20,,,,1,,,,,,34.72589719,135.4698832,
2918,E2710003022201,株式会社ノダＲＦテクノロジーズ本社,大阪府大阪市淀川区三津屋南3-15-37,1,,,,1,,,,,34.72411,135.467064,
2919,E2710003021201,株式会社　つばめ急便,大阪府大阪市淀川区三津屋南3-20-42,1,,,,1,,,,,34.723546,135.46546,
2920,E2710002539201,三津屋中央公園,大阪府大阪市淀川区三津屋南3-21,,,,1,,,,,,34.72413672,135.4639681,
2921,E2710002540201,三津屋東公園,大阪府大阪市淀川区三津屋北1-2,,,,1,,,,,,34.73004387,135.4742045,
2922,E2710002541201,テレーズ神崎川,大阪府大阪市淀川区三津屋北2-15-45,1,,,,1,,,,,34.73017343,135.4694892,
2923,E2710002542201,三津屋グリーンハイツ,大阪府大阪市淀川区三津屋北2-20-19,1,,,,1,,,,,34.72845806,135.4684002,
2924,E2710002543201,十三公園,大阪府大阪市淀川区十三元今里1-1,,,,1,,,,,,34.71703203,135.4774288,
2925,E2710002544201,神津小学校,大阪府大阪市淀川区十三元今里2-3-12,1,,,,1,,,,1,34.72036282,135.4764469,
2926,E2710002544202,神津小学校（運動場）,大阪府大阪市淀川区十三元今里2-3-12,,,,1,,,,,1,34.72056271,135.4767223,
2927,E2710002546201,田川東公園,大阪府大阪市淀川区十三元今里3-4,,,,1,,,,,,34.72305316,135.4756785,
2928,E2710002547201,コンフォート片岡,大阪府大阪市淀川区十三東1-1-14,1,,,,1,,,,,34.71981137,135.488243,
2929,E2710002548201,㈱ベルコ,大阪府大阪市淀川区十三東1-19-12,1,,,,1,,,,,34.7181667,135.4843538,
2930,E2710002549201,ネオハイツ新淀川,大阪府大阪市淀川区十三東1-20-18,1,,,,1,,,,,34.71785399,135.4846114,
2931,E2710002550201,十三東公園,大阪府大阪市淀川区十三東2-6,,,,1,,,,,,34.72039113,135.4843603,
2932,E2710002551202,十三小学校（運動場）,大阪府大阪市淀川区十三東4-3-6,,,,1,,,,,1,34.72371686,135.4858221,
2933,E2710002551201,十三小学校,大阪府大阪市淀川区十三東4-3-6,1,,,,1,,,,1,34.72358753,135.4854609,
2934,E2710002552201,十三中学校,大阪府大阪市淀川区十三東5-1-27,1,,,,1,,,,1,34.72483531,135.484436,
2935,E2710002552202,十三中学校（運動場）,大阪府大阪市淀川区十三東5-1-27,,,,1,,,,,1,34.72494701,135.4851405,
2936,E2710002553202,英真学園高等学校（運動場）,大阪府大阪市淀川区十三東5-4-38,,,,1,,,,,1,34.72362822,135.4838917,
2937,E2710002553201,英真学園高等学校,大阪府大阪市淀川区十三東5-4-38,1,,,,1,,,,1,34.7235665,135.4835037,
2938,E2710002554201,東横ＩＮＮ阪急十三駅西口,大阪府大阪市淀川区十三本町1-13-4,1,,,,1,,,,,34.71917037,135.4794515,
2939,E2710002555201,武田薬品工業㈱　健康管理センター,大阪府大阪市淀川区十三本町2-17-85,1,,,,1,,,,,34.7240559,135.4793585,
2940,E2710002556201,十八条東公園,大阪府大阪市淀川区十八条1-8,,,,1,,,,,,34.74622769,135.4964236,
2941,E2710003023201,十八条下水処理場上部利用施設,大阪府大阪市淀川区十八条1-8-1,1,,,,1,,,,,34.747532,135.496638,
2942,E2710002557201,十八条中央公園,大阪府大阪市淀川区十八条2-10,,,,1,,,,,,34.74790086,135.4897001,
2943,E2710002558201,メゾンアンユイ,大阪府大阪市淀川区十八条2-4-20,1,,,,1,,,,,34.74638777,135.4918017,
2944,E2710002559201,十八条西公園,大阪府大阪市淀川区十八条3-1,,,,1,,,,,,34.74496131,135.4902886,
2945,E2710002560201,三国の川辺の森　リバーガーデン,大阪府大阪市淀川区十八条3-14-15,1,,,,1,,,,,34.74609708,135.4867159,
2946,E2710002561201,ライオンズ三国,大阪府大阪市淀川区新高1-10-13,1,,,,1,,,,,34.730965,135.481897,
2947,E2710002562202,新高小学校（運動場）,大阪府大阪市淀川区新高1-15-53,,,,1,,,,,1,34.73242612,135.4802086,
2948,E2710002562201,新高小学校,大阪府大阪市淀川区新高1-15-53,1,,,,1,,,,1,34.73282584,135.4801049,
2949,E2710002564201,新高東公園,大阪府大阪市淀川区新高3-8,,,,1,,,,,,34.73693042,135.4821749,
2950,E2710002565201,新高中央公園,大阪府大阪市淀川区新高4-15,,,,1,,,,,,34.73508487,135.4785412,
2951,E2710002566201,キングスクエア北大阪　パークフェリス,大阪府大阪市淀川区新高4-15-21,1,,,,1,,,,,34.73541566,135.4801772,
2952,E2710002569201,新高公園,大阪府大阪市淀川区新高4-6,,,,1,,,,,,34.73406232,135.4800569,
2953,E2710002570201,塩野香料㈱大阪工場総合研究所,大阪府大阪市淀川区新高5-17-75,1,,,,1,,,,,34.73502291,135.4781022,
2954,E2710002571201,淀川公園,大阪府大阪市淀川区新北野1,,,,1,,,,,,34.71289818,135.4786389,
2955,E2710002572201,星光十三ビル,大阪府大阪市淀川区新北野1-8-17,1,,,,1,,,,,34.71791288,135.4812925,
2956,E2710002573201,ホテルプラザオーサカ,大阪府大阪市淀川区新北野1-9-15,1,,,,1,,,,,34.7170312,135.4807389,
2957,E2710002574201,新北野中学校,大阪府大阪市淀川区新北野2-13-37,1,,,,1,,,,1,34.71560843,135.4756784,
2958,E2710002574202,新北野中学校（運動場）,大阪府大阪市淀川区新北野2-13-37,,,,1,,,,,1,34.71564738,135.4762274,
2959,E2710002575201,北野高等学校,大阪府大阪市淀川区新北野2-5-13,1,,,,1,,,,1,34.71618234,135.4786139,
2960,E2710002575202,北野高等学校（運動場）,大阪府大阪市淀川区新北野2-5-13,,,,1,,,,,1,34.71519609,135.4781544,
2961,E2710002576201,パークナード新北野,大阪府大阪市淀川区新北野2-6-23,1,,,,1,,,,,34.71460521,135.4789188,
2962,E2710002577201,新北野公園,大阪府大阪市淀川区新北野3-14,,,,1,,,,,,34.71302844,135.4738765,
2963,E2710002578201,日本私立学校振興・共済事業団大阪会館,大阪府大阪市淀川区西宮原1-3-35,1,,,,1,,,,,34.731745,135.490872,
2964,E2710002579201,東京書籍㈱　大阪東書ビル,大阪府大阪市淀川区西宮原1-4-10,1,,,,1,,,,,34.73224929,135.4936395,
2965,E2710002580201,東洋医療専門学校,大阪府大阪市淀川区西宮原1-5-35,1,,,,1,,,,,34.73304931,135.493782,
2966,E2710002581201,宮原公園,大阪府大阪市淀川区西宮原1-6,,,,1,,,,,,34.73213917,135.4901081,
2967,E2710002582201,市営木川第３住宅１号棟,大阪府大阪市淀川区西宮原1-6-7,1,,,,1,,,,,34.73257035,135.4915649,
2968,E2710002583201,市営西宮原住宅１号館,大阪府大阪市淀川区西宮原1-7-1,1,,,,1,,,,,34.733284,135.491118,
2969,E2710002584201,新大阪第３ドイビル,大阪府大阪市淀川区西宮原1-8-24,1,,,,1,,,,,34.73349723,135.4925325,
2970,E2710002585201,ライフセントラルスクエア西宮原店,大阪府大阪市淀川区西宮原2-2-22,1,,,,1,,,,,34.735489,135.493254,
2971,E2710002586201,大学生協大阪会館,大阪府大阪市淀川区西宮原2-7-15,1,,,,1,,,,,34.73416637,135.4906049,
2972,E2710002587201,㈱カワダ　大阪支店,大阪府大阪市淀川区西宮原2-7-49,1,,,,1,,,,,34.73466929,135.4916949,
2973,E2710002588201,市営新三国住宅１号館,大阪府大阪市淀川区西宮原3-3-11,1,,,,1,,,,,34.73834184,135.4925286,
2974,E2710002589201,市営新三国住宅２号館,大阪府大阪市淀川区西宮原3-3-12,1,,,,1,,,,,34.73824926,135.4919224,
2975,E2710002590201,宮原中学校,大阪府大阪市淀川区西宮原3-3-2,1,,,,1,,,,1,34.73776468,135.4926467,
2976,E2710002590202,宮原中学校（運動場）,大阪府大阪市淀川区西宮原3-3-2,,,,1,,,,,1,34.73771766,135.4921764,
2977,E2710003015201,ファミールハイツ北大阪４号棟,大阪府大阪市淀川区西宮原3-3-4,1,,,,1,,,,,34.737429,135.489841,
2978,E2710002591201,西三国小学校,大阪府大阪市淀川区西三国1-21-28,1,,,,1,,,,1,34.74466537,135.491839,
2979,E2710002591202,西三国小学校（運動場）,大阪府大阪市淀川区西三国1-21-28,,,,1,1,,,,1,34.74431861,135.4916799,
2980,E2710002596201,市営西三国住宅１号館,大阪府大阪市淀川区西三国1-7-13,1,,,,1,,,,,34.74113186,135.4920113,
2981,E2710002597202,三国中学校（運動場）,大阪府大阪市淀川区西三国2-5-24,,,,1,1,,,,1,34.74007823,135.4879554,
2982,E2710002597201,三国中学校,大阪府大阪市淀川区西三国2-5-24,1,,,,1,,,,1,34.74079088,135.4879482,
2983,E2710002598201,三国公園,大阪府大阪市淀川区西三国3-18,,,,1,,,,,,34.73966974,135.4866595,
2984,E2710002599201,三国駅前公園,大阪府大阪市淀川区西三国4-10,,,,1,,,,,,34.7391084,135.4832671,
2985,E2710002600201,Ｏｓａｋａ　Ｍｅｔｒｏ　西中島南方駅,大阪府大阪市淀川区西中島1-12-10,1,,,,1,,,,,34.72645173,135.4985218,
2986,E2710002601201,大阪リゾートアンド　スポーツ専門学校３号館,大阪府大阪市淀川区西中島1-4-18,1,,,,1,,,,,34.72484577,135.5020384,
2987,E2710002603201,ホテルクライトン新大阪,大阪府大阪市淀川区西中島2-13-32,1,,,,1,,,,,34.7255211,135.4959351,
2988,E2710002604201,新大阪第２ドイビル,大阪府大阪市淀川区西中島2-14-6,1,,,,1,,,,,34.72513853,135.4969892,
2989,E2710002605201,宝蔵寺　西中島別院,大阪府大阪市淀川区西中島2-6-15,1,,,,1,,,,,34.723999,135.496402,
2990,E2710002606201,市営西中島住宅１号館,大阪府大阪市淀川区西中島3-11-1,1,,,,1,,,,,34.727202,135.50043,
2991,E2710003020201,ＡＭＧ新大阪ビル,大阪府大阪市淀川区西中島3-12-19,1,,,,1,,,,,34.72669,135.500929,
2992,E2710002607201,新大阪南方ビル,大阪府大阪市淀川区西中島3-14-27,1,,,,1,,,,,34.72610911,135.5009391,
2993,E2710002608201,大原簿記専門学校大阪校　本館,大阪府大阪市淀川区西中島3-15-22,1,,,,1,,,,,34.72588085,135.5008711,
2994,E2710002609201,大阪医療秘書福祉専門学校,大阪府大阪市淀川区西中島3-4-10,1,,,,1,,,,,34.72621124,135.5021911,
2995,E2710002610201,西中島東公園,大阪府大阪市淀川区西中島3-8,,,,1,,,,,,34.72768385,135.5016191,
2996,E2710002611201,日清食品ホールディングス大阪　本社ビル,大阪府大阪市淀川区西中島4-1-1,1,,,,1,,,,,34.72597494,135.4979999,
2997,E2710002612201,新大阪サニーストンホテル,大阪府大阪市淀川区西中島4-12-2,1,,,,1,,,,,34.72717098,135.495612,
2998,E2710002613201,新大阪北田ビル,大阪府大阪市淀川区西中島4-13-12,1,,,,1,,,,,34.72728287,135.4944623,
2999,E2710002614201,新大阪シールビルディング,大阪府大阪市淀川区西中島4-6-17,1,,,,1,,,,,34.72683407,135.4963893,
3000,E2710002615201,アンシャンテ新大阪,大阪府大阪市淀川区西中島5-13-24,1,,,,1,,,,,34.72963351,135.4995942,
3001,E2710002616201,Ｏｓａｋａ　Ｍｅｔｒｏ　新大阪駅,大阪府大阪市淀川区西中島5-15-5,1,,,,1,,,,,34.73251424,135.4984567,
3002,E2710002617201,コンフォートホテル新大阪,大阪府大阪市淀川区西中島5-3-7,1,,,,1,,,,,34.729986,135.501186,
3003,E2710002619201,第８新大阪ビル,大阪府大阪市淀川区西中島5-7-11,1,,,,1,,,,,34.72916846,135.499968,
3004,E2710002620201,新大阪花村ビル,大阪府大阪市淀川区西中島5-9-1,1,,,,1,,,,,34.72838612,135.5008182,
3005,E2710002622201,アストロ新大阪第２ビル,大阪府大阪市淀川区西中島6-1-3,1,,,,1,,,,,34.72824623,135.497753,
3006,E2710002621201,第１０新大阪ビル,大阪府大阪市淀川区西中島6-11-25,1,,,,1,,,,,34.72909149,135.4949118,
3007,E2710002623201,第６新大阪ビル,大阪府大阪市淀川区西中島6-7-3,1,,,,1,,,,,34.72808805,135.4968119,
3008,E2710002624201,Ｒｎビル,大阪府大阪市淀川区西中島6-7-9,1,,,,1,,,,,34.72801693,135.4961251,
3009,E2710002627201,辰野新大阪ビル,大阪府大阪市淀川区西中島7-1-5,1,,,,1,,,,,34.729848,135.497454,
3010,E2710002625201,西中島小学校,大阪府大阪市淀川区西中島7-14-25,1,,,,1,,,,1,34.73008478,135.4944067,
3011,E2710002625202,西中島小学校（運動場）,大阪府大阪市淀川区西中島7-14-25,,,,1,,,,,1,34.72983054,135.4945586,
3012,E2710002626201,西町公園,大阪府大阪市淀川区西中島7-15,,,,1,,,,,,34.73048708,135.4943685,
3013,E2710002628201,新大阪ドイビル,大阪府大阪市淀川区西中島7-5-25,1,,,,1,,,,,34.73106512,135.4979428,
3014,E2710002629201,塚本南公園,大阪府大阪市淀川区塚本1-18,,,,1,,,,,,34.71165687,135.4714492,
3015,E2710002630201,ラ・パルフェ・ド・パラツィーナ,大阪府大阪市淀川区塚本1-2-5,1,,,,1,,,,,34.71096397,135.4735746,
3016,E2710002631202,塚本小学校（運動場）,大阪府大阪市淀川区塚本3-5-6,,,,1,,,,,1,34.71587402,135.472326,
3017,E2710002631201,塚本小学校,大阪府大阪市淀川区塚本3-5-6,1,,,,1,,,,1,34.71563701,135.4727672,
3018,E2710002632201,塚本公園,大阪府大阪市淀川区塚本4-15,,,,1,,,,,,34.71571483,135.468489,
3019,E2710002633201,ジェイグランシティ塚本,大阪府大阪市淀川区塚本6-3-33,1,,,,1,,,,,34.716224,135.466584,
3020,E2710002634201,ダイヘン本社ビル,大阪府大阪市淀川区田川2-1-11,1,,,,1,,,,,34.719669,135.474049,
3021,E2710002635201,田川中公園,大阪府大阪市淀川区田川2-2,,,,1,,,,,,34.72129923,135.4739882,
3022,E2710002636201,田川小学校,大阪府大阪市淀川区田川2-9-37,1,,,,1,,,,1,34.72136451,135.4700641,
3023,E2710002636202,田川小学校（運動場）,大阪府大阪市淀川区田川2-9-37,,,,1,,,,,1,34.72113229,135.4702751,
3024,E2710002637201,田川公園,大阪府大阪市淀川区田川3-11,,,,1,,,,,,34.72014321,135.4631872,
3025,E2710002638201,田川西公園,大阪府大阪市淀川区田川3-6,,,,1,,,,,,34.71939805,135.4665899,
3026,E2710002639201,応用地質株式会社,大阪府大阪市淀川区田川北2-4-66,1,,,,1,,,,,34.723483,135.471348,
3027,E2710002640201,田川北公園,大阪府大阪市淀川区田川北2-5,,,,1,,,,,,34.72297841,135.4717474,
3028,E2710003025201,有限会社新光電設工業本社ビル,大阪府大阪市淀川区田川北3-4-53,1,,,,1,,,,,34.723066,135.468689,
3029,E2710003026201,アクロスビル,大阪府大阪市淀川区田川北3-4-58,1,,,,1,,,,,34.722713,135.468684,
3030,E2710002641201,Ｏｓａｋａ　Ｍｅｔｒｏ　東三国駅,大阪府大阪市淀川区東三国1-33-6,1,,,,1,,,,,34.74114548,135.4984425,
3031,E2710002642201,東三国東公園,大阪府大阪市淀川区東三国2-18,,,,1,1,,,,,34.74246006,135.5002883,
3032,E2710002643201,第２サンハイツ中村,大阪府大阪市淀川区東三国2-32-23,1,,,,1,,,,,34.74421352,135.4989109,
3033,E2710002644201,市営東三国住宅１号館,大阪府大阪市淀川区東三国3-1,1,,,,1,,,,,34.74512398,135.503175,
3034,E2710002645201,市営東三国住宅２号館,大阪府大阪市淀川区東三国3-7-2,1,,,,1,,,,,34.74550778,135.5016874,
3035,E2710002646202,新東三国小学校（運動場）,大阪府大阪市淀川区東三国3-9-10,,,,1,1,,,,1,34.74556941,135.5002521,
3036,E2710002646201,新東三国小学校,大阪府大阪市淀川区東三国3-9-10,1,,,,1,,,,1,34.74522412,135.4999982,
3037,E2710002647201,市営東三国住宅３号館,大阪府大阪市淀川区東三国3-9-3,1,,,,1,,,,,34.745636,135.500983,
3038,E2710002648201,東三国西公園,大阪府大阪市淀川区東三国5-13,,,,1,1,,,,,34.74219455,135.4933869,
3039,E2710002649202,東三国小学校（運動場）,大阪府大阪市淀川区東三国6-3-24,,,,1,1,,,,1,34.74488244,135.4955912,
3040,E2710002649201,東三国小学校,大阪府大阪市淀川区東三国6-3-24,1,,,,1,,,,1,34.74469143,135.4951602,
3041,E2710002650202,東三国中学校（運動場）,大阪府大阪市淀川区東三国6-3-68,,,,1,1,,,,1,34.74508691,135.4966367,
3042,E2710002650201,東三国中学校,大阪府大阪市淀川区東三国6-3-68,1,,,,1,,,,1,34.74442866,135.4968602,
3043,E2710002651201,グランメール八洲,大阪府大阪市淀川区木川西1-3-23,1,,,,1,,,,,34.72230345,135.4913247,
3044,E2710002652201,シュロスＫＳＫ,大阪府大阪市淀川区木川西1-5-14,1,,,,1,,,,,34.72185179,135.4894751,
3045,E2710002653201,Ｇｒａｎｄ　Ｊｅｔｅ（グランジュテ）,大阪府大阪市淀川区木川西1-8-23,1,,,,1,,,,,34.720981,135.490824,
3046,E2710002654201,ジィーベント旭,大阪府大阪市淀川区木川西1-9-25,1,,,,1,,,,,34.72047073,135.489831,
3047,E2710002655201,木川西公園,大阪府大阪市淀川区木川西2-17,,,,1,,,,,,34.72454282,135.4888373,
3048,E2710002657201,三和ビル,大阪府大阪市淀川区木川西2-2-5,1,,,,1,,,,,34.7227036,135.4898473,
3049,E2710002656201,ハイツ中村,大阪府大阪市淀川区木川西2-20-6,1,,,,1,,,,,34.72432732,135.4879218,
3050,E2710002658201,木川公園,大阪府大阪市淀川区木川西3-7,,,,1,,,,,,34.72695515,135.4892467,
3051,E2710002660201,新大阪ファミール西館,大阪府大阪市淀川区木川東1-10-23,1,,,,1,,,,,34.72281285,135.4918976,
3052,E2710002661201,メゾン　コウロ,大阪府大阪市淀川区木川東1-11-10,1,,,,1,,,,,34.7227697,135.4913325,
3053,E2710002662201,長島ビル,大阪府大阪市淀川区木川東1-11-15,1,,,,1,,,,,34.72285095,135.4914792,
3054,E2710002663202,木川南小学校（運動場）,大阪府大阪市淀川区木川東1-2-36,,,,1,,,,,1,34.72304678,135.4943658,
3055,E2710002663201,木川南小学校,大阪府大阪市淀川区木川東1-2-36,1,,,,1,,,,1,34.72281604,135.494643,
3056,E2710002664201,ヒシヒラリバーハイツ,大阪府大阪市淀川区木川東1-3-4,1,,,,1,,,,,34.72391795,135.4941481,
3057,E2710002665201,木川南公園,大阪府大阪市淀川区木川東1-4,,,,1,,,,,,34.72366775,135.4932699,
3058,E2710002667201,エステムコート新大阪Ⅳ　パークフロント,大阪府大阪市淀川区木川東2-2-6,1,,,,1,,,,,34.72404867,135.4930131,
3059,E2710002668201,木川小学校,大阪府大阪市淀川区木川東3-7-32,1,,,,1,,,,1,34.72647106,135.4926675,
3060,E2710002668202,木川小学校（運動場）,大阪府大阪市淀川区木川東3-7-32,,,,1,,,,,1,34.72619036,135.492283,
3061,E2710002669201,木川北公園,大阪府大阪市淀川区木川東4-16,,,,1,,,,,,34.72833234,135.4906865,
3062,E2710002670201,ライオンズマンション新大阪第６,大阪府大阪市淀川区木川東4-17-9,1,,,,1,,,,,34.72848538,135.4895047,
3063,E2710002671201,野中南公園,大阪府大阪市淀川区野中南2-1,,,,1,,,,,,34.725978,135.4829013,
3064,E2710002673201,淀川区民センター,大阪府大阪市淀川区野中南2-1-5,1,,,,1,,,,,34.72533712,135.4826197,
3065,E2710002672201,アービング野中南公園,大阪府大阪市淀川区野中南2-10-40,1,,,,1,,,,,34.72578592,135.4805283,
3066,E2710002675202,野中小学校（運動場）,大阪府大阪市淀川区野中北1-11-26,,,,1,,,,,1,34.72771413,135.4806874,
3067,E2710002675201,野中小学校,大阪府大阪市淀川区野中北1-11-26,1,,,,1,,,,1,34.72800805,135.4808251,
3068,E2710002676201,㈱エイト日本技術開発,大阪府大阪市淀川区野中北1-12-39,1,,,,1,,,,,34.72877464,135.4815603,
3069,E2710002677201,デュクラス大阪,大阪府大阪市淀川区野中北1-5-34,1,,,,1,,,,,34.73071858,135.4824261,
3070,E2710002678201,野中北１公園,大阪府大阪市淀川区野中北1-6,,,,1,,,,,,34.72944706,135.4824414,
3071,E2710002679201,㈱米谷,大阪府大阪市淀川区野中北2-1-22,1,,,,1,,,,,34.72717,135.4793107,
3072,E2710002680201,野中北公園,大阪府大阪市淀川区野中北2-4,,,,1,,,,,,34.72838852,135.4788358,
3073,E2710002681201,市営野中北住宅１号館,大阪府大阪市淀川区野中北2-4-1,1,,,,1,,,,,34.72870742,135.4802234,
3074,E2710002682201,株式会社フェイスグループ,大阪府大阪市淀川区野中北2-5-33,1,,,,1,,,,,34.72930449,135.4795301,
3075,E2710002683201,市営稲荷住宅１号館,大阪府大阪市浪速区稲荷1-5-20,1,,,,1,,,,,34.66409387,135.4922391,
3076,E2710002684201,関西金網株式会社,大阪府大阪市浪速区稲荷2-7-8,1,,,,1,,,,,34.66369173,135.4901733,
3077,E2710002685202,浪速公園,大阪府大阪市浪速区塩草1-1,,,,1,,,,,,34.66234443,135.4935394,
3078,E2710002685201,浪速公園一帯,大阪府大阪市浪速区塩草1-1,,,,1,,1,,,,34.66192717,135.4933598,
3079,E2710002686201,市営塩草住宅１号館,大阪府大阪市浪速区塩草1-1-1,1,,,,1,,,,,34.66300199,135.4910095,
3080,E2710003010201,市営塩草第２住宅１号館,大阪府大阪市浪速区塩草1-1-26,1,,,,1,,,,,34.661611,135.492314,
3081,E2710002687202,難波中学校（運動場）,大阪府大阪市浪速区塩草1-1-59,,,,1,,,,,1,34.66214979,135.4908412,
3082,E2710002687201,難波中学校,大阪府大阪市浪速区塩草1-1-59,1,,,,1,,,,1,34.66244321,135.4916038,
3083,E2710002688201,塩草立葉小学校,大阪府大阪市浪速区塩草1-4-31,1,,,,1,,,,1,34.66126263,135.4904566,
3084,E2710002688202,塩草立葉小学校（運動場）,大阪府大阪市浪速区塩草1-4-31,,,,1,,,,,1,34.66103759,135.4907373,
3085,E2710002689201,市営塩草第３住宅１号館,大阪府大阪市浪速区塩草2-1-25,1,,,,1,,,,,34.6600283,135.4928539,
3086,E2710002690201,塩草公園,大阪府大阪市浪速区塩草2-8,,,,1,,,,,,34.65914879,135.4921586,
3087,E2710002691201,日本ハム西販売㈱,大阪府大阪市浪速区塩草2-8-3,1,,,,1,,,,,34.65936913,135.4926296,
3088,E2710002692201,ライフ塩草店,大阪府大阪市浪速区塩草3-1-1,1,,,,1,,,,,34.662888,135.489902,
3089,E2710002872201,逢下会館グラウンド,大阪府大阪市浪速区下寺3-17,,,,1,1,,,,,34.654771,135.509247,
3090,E2710002694201,愛染公園,大阪府大阪市浪速区下寺3-5,,,,1,1,,,,,34.65667062,135.5094128,
3091,E2710002695201,市営浪速第８住宅２号館,大阪府大阪市浪速区久保吉1-6,1,,,,1,,,,,34.66079108,135.4854961,
3092,E2710002696201,芦原公園,大阪府大阪市浪速区久保吉2-1,,,,1,,,,,,34.66144929,135.4837573,
3093,E2710002697201,久保吉公園,大阪府大阪市浪速区久保吉2-2,,,,1,,,,,,34.66038933,135.4845567,
3094,E2710002952201,株式会社タツノ関西支店,大阪府大阪市浪速区久保吉2-2-14,1,,,,1,,,,,34.660049,135.484949,
3095,E2710002698201,恵美公園,大阪府大阪市浪速区恵美須西2-13,,,,1,1,,,,,34.6530895,135.5014037,
3096,E2710002699201,大阪市清掃連合協同組合,大阪府大阪市浪速区恵美須西2-14-27,1,,,,1,,,,,34.65427462,135.5019599,
3097,E2710002703201,東横ＩＮＮ大阪通天閣前,大阪府大阪市浪速区恵美須東2-3-4,1,,,,1,,,,,34.6515828,135.5065053,
3098,E2710002941201,スパワールド　ホテル＆リゾート,大阪府大阪市浪速区恵美須東3-4-24,1,,,,1,,,,,34.649719,135.505548,
3099,E2710002704201,マルハン新世界店,大阪府大阪市浪速区恵美須東3-4-36,1,,,,1,,,,,34.649736,135.504594,
3100,E2710002705201,代々木ゼミナール大阪南校,大阪府大阪市浪速区元町1-2-3,1,,,,1,,,,,34.66649945,135.4971223,
3101,E2710002706202,難波元町小学校（運動場）,大阪府大阪市浪速区元町1-5-30,,,,1,,,,,1,34.664781547017,135.49719711838,
3102,E2710002706201,難波元町小学校,大阪府大阪市浪速区元町1-5-30,1,,,,1,,,,1,34.66485214,135.4968306,
3103,E2710002707201,元町中公園,大阪府大阪市浪速区元町1-6,,,,1,,,,,,34.66489235,135.4961914,
3104,E2710002708201,東横イン大阪なんば,大阪府大阪市浪速区元町2-8-7,1,,,,1,,,,,34.66146834,135.4975673,
3105,E2710002709201,ニッシン・ナンバ・イン,大阪府大阪市浪速区元町3-10-18,1,,,,1,,,,,34.65958031,135.4970608,
3106,E2710002710201,㈱イワセ・エスタ,大阪府大阪市浪速区元町3-12-20,1,,,,1,,,,,34.65974589,135.4948188,
3107,E2710002711201,株式会社関西マツダ,大阪府大阪市浪速区桜川1-3-25,1,,,,1,,,,,34.66694796,135.493154,
3108,E2710002712201,東洋テック㈱,大阪府大阪市浪速区桜川1-7-18,1,,,,1,,,,,34.66765538,135.4920869,
3109,E2710002713201,ベルコシティホール桜川,大阪府大阪市浪速区桜川2-2-28,1,,,,1,,,,,34.66797172,135.4904602,
3110,E2710002714201,稲荷町公園,大阪府大阪市浪速区桜川2-5,,,,1,,,,,,34.66720882,135.4897333,
3111,E2710002715201,桜川公園,大阪府大阪市浪速区桜川4-13,,,,1,,,,,,34.66574468,135.48356,
3112,E2710002716201,株式会社５５１蓬莱,大阪府大阪市浪速区桜川4-2-5,1,,,,1,,,,,34.66754116,135.4845955,
3113,E2710002717201,ニッタビル,大阪府大阪市浪速区桜川4-4-26,1,,,,1,,,,,34.66766944,135.4831177,
3114,E2710002718201,戎公園,大阪府大阪市浪速区戎本町1-3,,,,1,,,,,,34.65295533,135.4995604,
3115,E2710002719202,木津中学校（運動場）,大阪府大阪市浪速区戎本町1-3-46,,,,1,,,,,1,34.65335345,135.5002579,
3116,E2710002719201,木津中学校,大阪府大阪市浪速区戎本町1-3-46,1,,,,1,,,,1,34.653822856709,135.5000313135,
3117,E2710002720201,㈱レクスト関西　本社ビル,大阪府大阪市浪速区戎本町1-7-23,1,,,,1,,,,,34.65472779,135.4986514,
3118,E2710002721201,㈱レクスト関西　総合会館,大阪府大阪市浪速区戎本町2-3-7,1,,,,1,,,,,34.65083526,135.4998108,
3119,E2710002722201,戎南公園,大阪府大阪市浪速区戎本町2-5,,,,1,,,,,,34.65213757,135.5002715,
3120,E2710002723201,今宮高等学校（運動場）,大阪府大阪市浪速区戎本町2-7-39,,,,1,,,,,1,34.65280384,135.4986455,
3121,E2710002723202,今宮高等学校,大阪府大阪市浪速区戎本町2-7-39,1,,,,1,,,,1,34.65220165,135.4990128,
3122,E2710002724201,大国小学校,大阪府大阪市浪速区大国1-9-3,1,,,,1,,,,1,34.65355453,135.4969879,
3123,E2710002724202,大国小学校（運動場）,大阪府大阪市浪速区大国1-9-3,,,,1,,,,,1,34.653280942511,135.49670536442,
3124,E2710002725201,大国町南公園,大阪府大阪市浪速区大国2-14,,,,1,,,,,,34.65299704,135.4950404,
3125,E2710002726201,市営大国南住宅１号館,大阪府大阪市浪速区大国2-18,1,,,,1,,,,,34.6520725,135.496168,
3126,E2710002727201,大国町北公園,大阪府大阪市浪速区大国2-3,,,,1,,,,,,34.65539088,135.4946202,
3127,E2710002728201,市営大国住宅２号館,大阪府大阪市浪速区大国3-3-23,1,,,,1,,,,,34.65693189,135.492873,
3128,E2710002729201,市営大国住宅１号館,大阪府大阪市浪速区大国3-5-14,1,,,,1,,,,,34.65625352,135.492834,
3129,E2710002985201,Ｏｓａｋａ　Ｍｅｔｒｏ　なんばビル,大阪府大阪市浪速区難波中1-6-8,1,,,,1,,,,,34.66473,135.499411,
3130,E2710002730201,㈱ヤマダ電機ＬＡＢＩ１なんば駐車場,大阪府大阪市浪速区難波中2-11-35,1,,,,1,,,,,34.65992727,135.5021502,
3131,E2710002731201,日本郵便㈱浪速郵便局,大阪府大阪市浪速区難波中3-10-1,1,,,,1,,,,,34.66077584,135.5000905,
3132,E2710002732201,難波中公園,大阪府大阪市浪速区難波中3-11,,,,1,,,,,,34.66067475,135.4993344,
3133,E2710002733201,（学）エール学園３号館,大阪府大阪市浪速区難波中3-13-1,1,,,,1,,,,,34.66037321,135.5001711,
3134,E2710002735201,日本橋公園,大阪府大阪市浪速区日本橋3-2,,,,1,1,,,,,34.66155099,135.5073507,
3135,E2710002737201,正電社・Ｓｈｏｄｅｎ　１ばん店,大阪府大阪市浪速区日本橋3-8-9,1,,,,1,,,,,34.66151732,135.5052769,
3136,E2710002738201,永和信用金庫,大阪府大阪市浪速区日本橋4-7-20,1,,,,1,,,,,34.65914784,135.5063695,
3137,E2710002739201,岡本無線電機㈱　本社ビル,大阪府大阪市浪速区日本橋4-8-4,1,,,,1,,,,,34.65975222,135.5063735,
3138,E2710003029201,ジョーシン　日本橋ビル,大阪府大阪市浪速区日本橋5-1-11,1,,,,1,,,,,34.658187,135.506916,
3139,E2710002740201,市営日本橋住宅２号館,大阪府大阪市浪速区日本橋5-15,1,,,,1,,,,,34.65680025,135.5049979,
3140,E2710002741202,市営日本橋住宅４号館,大阪府大阪市浪速区日本橋5-16,1,,,,1,,,,,34.65777028,135.5043524,
3141,E2710002741201,市営日本橋住宅５号館,大阪府大阪市浪速区日本橋5-16,1,,,,1,,,,,34.65837039,135.5044436,
3142,E2710002743201,市営日東住宅３号館,大阪府大阪市浪速区日本橋5-2-18,1,,,,1,,,,,34.65764839,135.506736,
3143,E2710002742202,市営日本橋住宅１号館,大阪府大阪市浪速区日本橋5-20,1,,,,1,,,,,34.65649137,135.5045312,
3144,E2710002742201,市営日本橋住宅３号館,大阪府大阪市浪速区日本橋5-20,1,,,,1,,,,,34.65710472,135.5045312,
3145,E2710003030201,ジョーシン　日本橋店,大阪府大阪市浪速区日本橋5-9-5,1,,,,1,,,,,34.658399,135.506229,
3146,E2710002745201,ジョーシン本社ビル,大阪府大阪市浪速区日本橋西1-6-5,1,,,,1,,,,,34.65939471,135.5037127,
3147,E2710002746202,日本橋中学校（運動場）,大阪府大阪市浪速区日本橋西1-7-6,,,,1,1,,,,1,34.65793241,135.5035868,
3148,E2710002746201,日本橋小中一貫校,大阪府大阪市浪速区日本橋西1-7-6,1,,,,1,,,,1,34.65856385,135.5040035,
3149,E2710002747201,市営日本橋西住宅１号館,大阪府大阪市浪速区日本橋西2-2,1,,,,1,,,,,34.65725742,135.5028632,
3150,E2710002748201,市営広田住宅１号館,大阪府大阪市浪速区日本橋西2-7-30,1,,,,1,,,,,34.65610975,135.5036008,
3151,E2710002749201,日東小学校,大阪府大阪市浪速区日本橋東3-1-23,1,,,,1,,,,1,34.65818794,135.508521,
3152,E2710002749202,心和中学校（運動場）,大阪府大阪市浪速区日本橋東3-1-23,,,,1,1,,,,1,34.65779523,135.5085711,
3153,E2710002750201,日東公園,大阪府大阪市浪速区日本橋東3-2,,,,1,1,,,,,34.65813167,135.5075084,
3154,E2710002751201,市営日東住宅１号館,大阪府大阪市浪速区日本橋東3-3,1,,,,1,,,,,34.65738647,135.5074661,
3155,E2710002752201,市営日東住宅２号館,大阪府大阪市浪速区日本橋東3-6-2,1,,,,1,,,,,34.65697099,135.5081509,
3156,E2710002753201,トヨタカローラ浪速㈱,大阪府大阪市浪速区敷津西1-1-2,1,,,,1,,,,,34.65884296,135.4973972,
3157,E2710002754201,㈱スズキ自販近畿　本社ビル,大阪府大阪市浪速区敷津西1-1-5,1,,,,1,,,,,34.65868269,135.4973997,
3158,E2710002755201,鴎町公園,大阪府大阪市浪速区敷津西1-7,,,,1,,,,,,34.65919933,135.4951034,
3159,E2710002756201,ホテルソビアルなんば大国町,大阪府大阪市浪速区敷津西2-2-5,1,,,,1,,,,,34.655671,135.497412,
3160,E2710002757201,㈱クボタ　本社ビル、第二ビル、体育館,大阪府大阪市浪速区敷津東1-2-47,1,,,,1,,,,,34.65854027,135.5009092,
3161,E2710002758201,学校法人大阪中華學校,大阪府大阪市浪速区敷津東1-8-13,1,,,,1,,,,1,34.658124,135.498617,
3162,E2710002759201,大阪木津地方卸売市場,大阪府大阪市浪速区敷津東2-2-8,1,,,,1,,,,,34.65727664,135.5000144,
3163,E2710002760201,市営敷津東住宅１号館,大阪府大阪市浪速区敷津東3-5,1,,,,1,,,,,34.65599277,135.5001826,
3164,E2710002761201,高岸公園,大阪府大阪市浪速区敷津東3-9,,,,1,,,,,,34.6561052,135.4997443,
3165,E2710002762201,敷津小学校,大阪府大阪市浪速区敷津東3-9-32,1,,,,1,,,,1,34.65600535,135.4991023,
3166,E2710002762202,敷津小学校（運動場）,大阪府大阪市浪速区敷津東3-9-32,,,,1,,,,,1,34.65571411,135.499324,
3167,E2710002763201,湊町リバープレイス,大阪府大阪市浪速区湊町1-3-1,1,,,,1,,,,,34.66839934,135.4958721,
3168,E2710002764201,ＯＣＡＴ　（大阪シティエアターミナルビル）,大阪府大阪市浪速区湊町1-4-1,1,,,,1,,,,,34.66645495,135.4950837,
3169,E2710002765201,なんばセントラルプラザ　リバーガーデン,大阪府大阪市浪速区湊町2-2-5,1,,,,1,,,,,34.66496625,135.4943114,
3170,E2710002766201,木津川公園,大阪府大阪市浪速区木津川2-3,,,,1,,,,,,34.65762127,135.4829642,
3171,E2710002767201,大阪府立難波支援学校　大阪府立なにわ高等支援学校（運動場）,大阪府大阪市浪速区木津川2-3-30,,,,1,,,,,1,34.658827911991,135.48366252513,
3172,E2710002768201,市営浪速西第３住宅２号館,大阪府大阪市浪速区木津川2-4,1,,,,1,,,,,34.65729746,135.4850613,
3173,E2710002769201,もと立葉小学校,大阪府大阪市浪速区立葉2-1-15,1,,,,1,,,,1,34.66481796,135.485628,
3174,E2710002769202,もと立葉小学校（運動場）,大阪府大阪市浪速区立葉2-1-15,,,,1,,,,,1,34.6646707,135.4860022,
3175,E2710002770201,市営立葉住宅１号館,大阪府大阪市浪速区立葉2-2-7,1,,,,1,,,,,34.66456062,135.4853087,
3176,E2710002771201,立葉町公園,大阪府大阪市浪速区立葉2-4,,,,1,,,,,,34.66408831,135.484949,
3177,E2710002772201,浪速第１公園,大阪府大阪市浪速区浪速西1-1,,,,1,,,,,,34.65938303,135.487971,
3178,E2710002773201,浪速北公園,大阪府大阪市浪速区浪速西1-10,,,,1,,,,,,34.65757592,135.4862028,
3179,E2710002774201,市営浪速西第３住宅１号館,大阪府大阪市浪速区浪速西1-11,1,,,,1,,,,,34.65828947,135.4857715,
3180,E2710002775201,株式会社芦原自動車教習所,大阪府大阪市浪速区浪速西1-12-23,1,,,,1,,,,,34.65875583,135.4858741,
3181,E2710002776203,市営新浪速第２住宅１号館,大阪府大阪市浪速区浪速西1-2,1,,,,1,,,,,34.65898909,135.4872195,
3182,E2710002776202,市営新浪速第２住宅２号館,大阪府大阪市浪速区浪速西1-2,1,,,,1,,,,,34.65925825,135.4875468,
3183,E2710002776201,市営新浪速第２住宅３号館,大阪府大阪市浪速区浪速西1-2,1,,,,1,,,,,34.65977451,135.4874448,
3184,E2710002777201,市営にしはま住宅１号館,大阪府大阪市浪速区浪速西1-4,1,,,,1,,,,,34.65771506,135.4878286,
3185,E2710002779201,大阪府病院協会看護専門学校,大阪府大阪市浪速区浪速西2-13-9,1,,,,1,,,,,34.656305,135.485872,
3186,E2710002780201,浪速第６住宅１号館,大阪府大阪市浪速区浪速西2-2,1,,,,1,,,,,34.656818,135.487962,
3187,E2710002781201,市営浪速第６住宅２号館,大阪府大阪市浪速区浪速西2-3,1,,,,1,,,,,34.6564078,135.4880397,
3188,E2710002782201,市営新浪速第１住宅２号館,大阪府大阪市浪速区浪速西2-5,1,,,,1,,,,,34.65666819,135.4868771,
3189,E2710002782202,市営新浪速第１住宅１号館,大阪府大阪市浪速区浪速西2-5,1,,,,1,,,,,34.6560107,135.4869092,
3190,E2710002783201,市営西栄住宅２号館,大阪府大阪市浪速区浪速西3-1,1,,,,1,,,,,34.65566358,135.4878413,
3191,E2710002784201,浪速西公園,大阪府大阪市浪速区浪速西3-10,,,,1,,,,,,34.65532129,135.4857528,
3192,E2710002785201,市営西栄住宅３号館,大阪府大阪市浪速区浪速西3-7,1,,,,1,,,,,34.65486326,135.4861562,
3193,E2710002786201,市営新浪速第１住宅３号館,大阪府大阪市浪速区浪速西3-8,1,,,,1,,,,,34.65549006,135.4869406,
3194,E2710002786202,市営西栄住宅１号館,大阪府大阪市浪速区浪速西3-8,1,,,,1,,,,,34.65506313,135.4872191,
3195,E2710002787201,市営浪速第９住宅２号館,大阪府大阪市浪速区浪速西4-1-40,1,,,,1,,,,,34.65380949,135.4859427,
3196,E2710002788201,浪速第９住宅１号館,大阪府大阪市浪速区浪速西4-1-50,1,,,,1,,,,,34.653922,135.487663,
3197,E2710002789201,市営浪速第９住宅３号館,大阪府大阪市浪速区浪速西4-2,1,,,,1,,,,,34.65271103,135.4867164,
3198,E2710002789202,新浪速公園,大阪府大阪市浪速区浪速西4-2,,,,1,,,,,,34.65282135,135.4863266,
3199,E2710002818201,市営浪速第１０住宅１号館,大阪府大阪市浪速区浪速東2-10-11,1,,,,1,,,,,34.65612545,135.4892166,
3200,E2710002793201,市営浪速東第２住宅１号館,大阪府大阪市浪速区浪速東2-2,1,,,,1,,,,,34.65592327,135.4910698,
3201,E2710002793202,浪速東公園,大阪府大阪市浪速区浪速東2-2,,,,1,,,,,,34.65660779,135.4909638,
3202,E2710002822201,市営浪速東第２住宅２号館,大阪府大阪市浪速区浪速東2-4,1,,,,1,,,,,34.65646217,135.490549,
3203,E2710002823201,市営浪速第１０住宅３号館,大阪府大阪市浪速区浪速東2-5,1,,,,1,,,,,34.65641251,135.4898575,
3204,E2710002826201,浪速中公園,大阪府大阪市浪速区浪速東2-8,,,,1,,,,,,34.65709202,135.4893986,
3205,E2710002797201,市営浪速第１０住宅２号館,大阪府大阪市浪速区浪速東2-9,1,,,,1,,,,,34.65654412,135.4892195,
3206,E2710002828201,ホームセンターコーナン　ＪＲ今宮駅前店,大阪府大阪市浪速区浪速東3-1-20,1,,,,1,,,,,34.6540376,135.4924665,
3207,E2710002830201,浪速玉姫公園,大阪府大阪市浪速区浪速東3-13,,,,1,,,,,,34.65578792,135.4889567,
3208,E2710002800201,浪速第７住宅１号館,大阪府大阪市浪速区浪速東3-2-14,1,,,,1,,,,,34.65398,135.491938,
3209,E2710002832201,浪速東３公園,大阪府大阪市浪速区浪速東3-3,,,,1,,,,,,34.65494786,135.4914474,
3210,E2710002802201,市営浪速第７住宅３号館,大阪府大阪市浪速区浪速東3-4,1,,,,1,,,,,34.6555663,135.4912499,
3211,E2710002803201,浪速南公園,大阪府大阪市浪速区浪速東3-8,,,,1,,,,,,34.65471682,135.4896941,
